x	y	group	clickSelects
48091.6	0	1	48092-48092
48092	0.400000000001455	1	48092-48092
48092.4	0	1	48092-48092
48092	-0.400000000001455	1	48092-48092
48091.6	0	1	48092-48092
48092.1	0.5	2	48092-48093
48092.5	0.900000000001455	2	48092-48093
48092.9	0.5	2	48092-48093
48092.5	0.0999999999985448	2	48092-48093
48092.1	0.5	2	48092-48093
48092.6	1	3	48092-48094
48093	1.40000000000146	3	48092-48094
48093.4	1	3	48092-48094
48093	0.599999999998545	3	48092-48094
48092.6	1	3	48092-48094
48093.1	1.5	4	48092-48095
48093.5	1.90000000000146	4	48092-48095
48093.9	1.5	4	48092-48095
48093.5	1.09999999999854	4	48092-48095
48093.1	1.5	4	48092-48095
48093.6	2	5	48092-48096
48094	2.40000000000146	5	48092-48096
48094.4	2	5	48092-48096
48094	1.59999999999854	5	48092-48096
48093.6	2	5	48092-48096
48094.1	2.5	6	48092-48097
48094.5	2.90000000000146	6	48092-48097
48094.9	2.5	6	48092-48097
48094.5	2.09999999999854	6	48092-48097
48094.1	2.5	6	48092-48097
48094.6	3	7	48092-48098
48095	3.40000000000146	7	48092-48098
48095.4	3	7	48092-48098
48095	2.59999999999855	7	48092-48098
48094.6	3	7	48092-48098
48095.1	3.5	8	48092-48099
48095.5	3.90000000000146	8	48092-48099
48095.9	3.5	8	48092-48099
48095.5	3.09999999999855	8	48092-48099
48095.1	3.5	8	48092-48099
48095.6	4	9	48092-48100
48096	4.40000000000146	9	48092-48100
48096.4	4	9	48092-48100
48096	3.59999999999855	9	48092-48100
48095.6	4	9	48092-48100
48096.1	4.5	10	48092-48101
48096.5	4.90000000000146	10	48092-48101
48096.9	4.5	10	48092-48101
48096.5	4.09999999999855	10	48092-48101
48096.1	4.5	10	48092-48101
48096.6	5	11	48092-48102
48097	5.40000000000146	11	48092-48102
48097.4	5	11	48092-48102
48097	4.59999999999855	11	48092-48102
48096.6	5	11	48092-48102
48097.1	5.5	12	48092-48103
48097.5	5.90000000000146	12	48092-48103
48097.9	5.5	12	48092-48103
48097.5	5.09999999999855	12	48092-48103
48097.1	5.5	12	48092-48103
48097.6	6	13	48092-48104
48098	6.40000000000146	13	48092-48104
48098.4	6	13	48092-48104
48098	5.59999999999855	13	48092-48104
48097.6	6	13	48092-48104
48098.1	6.5	14	48092-48105
48098.5	6.90000000000146	14	48092-48105
48098.9	6.5	14	48092-48105
48098.5	6.09999999999855	14	48092-48105
48098.1	6.5	14	48092-48105
48098.6	7	15	48092-48106
48099	7.40000000000146	15	48092-48106
48099.4	7	15	48092-48106
48099	6.59999999999855	15	48092-48106
48098.6	7	15	48092-48106
48099.1	7.5	16	48092-48107
48099.5	7.90000000000146	16	48092-48107
48099.9	7.5	16	48092-48107
48099.5	7.09999999999855	16	48092-48107
48099.1	7.5	16	48092-48107
48099.6	8	17	48092-48108
48100	8.40000000000146	17	48092-48108
48100.4	8	17	48092-48108
48100	7.59999999999855	17	48092-48108
48099.6	8	17	48092-48108
48100.1	8.5	18	48092-48109
48100.5	8.90000000000146	18	48092-48109
48100.9	8.5	18	48092-48109
48100.5	8.09999999999855	18	48092-48109
48100.1	8.5	18	48092-48109
48100.6	9	19	48092-48110
48101	9.40000000000146	19	48092-48110
48101.4	9	19	48092-48110
48101	8.59999999999855	19	48092-48110
48100.6	9	19	48092-48110
48101.1	9.5	20	48092-48111
48101.5	9.90000000000146	20	48092-48111
48101.9	9.5	20	48092-48111
48101.5	9.09999999999854	20	48092-48111
48101.1	9.5	20	48092-48111
48101.6	10	21	48092-48112
48102	10.4000000000015	21	48092-48112
48102.4	10	21	48092-48112
48102	9.59999999999854	21	48092-48112
48101.6	10	21	48092-48112
48102.1	10.5	22	48092-48113
48102.5	10.9000000000015	22	48092-48113
48102.9	10.5	22	48092-48113
48102.5	10.0999999999985	22	48092-48113
48102.1	10.5	22	48092-48113
48102.6	11	23	48092-48114
48103	11.4000000000015	23	48092-48114
48103.4	11	23	48092-48114
48103	10.5999999999985	23	48092-48114
48102.6	11	23	48092-48114
48103.1	11.5	24	48092-48115
48103.5	11.9000000000015	24	48092-48115
48103.9	11.5	24	48092-48115
48103.5	11.0999999999985	24	48092-48115
48103.1	11.5	24	48092-48115
48103.6	12	25	48092-48116
48104	12.4000000000015	25	48092-48116
48104.4	12	25	48092-48116
48104	11.5999999999985	25	48092-48116
48103.6	12	25	48092-48116
48104.1	12.5	26	48092-48117
48104.5	12.9000000000015	26	48092-48117
48104.9	12.5	26	48092-48117
48104.5	12.0999999999985	26	48092-48117
48104.1	12.5	26	48092-48117
48104.6	13	27	48092-48118
48105	13.4000000000015	27	48092-48118
48105.4	13	27	48092-48118
48105	12.5999999999985	27	48092-48118
48104.6	13	27	48092-48118
48105.1	13.5	28	48092-48119
48105.5	13.9000000000015	28	48092-48119
48105.9	13.5	28	48092-48119
48105.5	13.0999999999985	28	48092-48119
48105.1	13.5	28	48092-48119
48105.6	14	29	48092-48120
48106	14.4000000000015	29	48092-48120
48106.4	14	29	48092-48120
48106	13.5999999999985	29	48092-48120
48105.6	14	29	48092-48120
48106.1	14.5	30	48092-48121
48106.5	14.9000000000015	30	48092-48121
48106.9	14.5	30	48092-48121
48106.5	14.0999999999985	30	48092-48121
48106.1	14.5	30	48092-48121
48106.6	15	31	48092-48122
48107	15.4000000000015	31	48092-48122
48107.4	15	31	48092-48122
48107	14.5999999999985	31	48092-48122
48106.6	15	31	48092-48122
48107.1	15.5	32	48092-48123
48107.5	15.9000000000015	32	48092-48123
48107.9	15.5	32	48092-48123
48107.5	15.0999999999985	32	48092-48123
48107.1	15.5	32	48092-48123
48107.6	16	33	48092-48124
48108	16.4000000000015	33	48092-48124
48108.4	16	33	48092-48124
48108	15.5999999999985	33	48092-48124
48107.6	16	33	48092-48124
48108.6	17	34	48092-48126
48109	17.4000000000015	34	48092-48126
48109.4	17	34	48092-48126
48109	16.5999999999985	34	48092-48126
48108.6	17	34	48092-48126
48109.1	17.5	35	48092-48127
48109.5	17.9000000000015	35	48092-48127
48109.9	17.5	35	48092-48127
48109.5	17.0999999999985	35	48092-48127
48109.1	17.5	35	48092-48127
48109.6	18	36	48092-48128
48110	18.4000000000015	36	48092-48128
48110.4	18	36	48092-48128
48110	17.5999999999985	36	48092-48128
48109.6	18	36	48092-48128
48110.1	18.5	37	48092-48129
48110.5	18.9000000000015	37	48092-48129
48110.9	18.5	37	48092-48129
48110.5	18.0999999999985	37	48092-48129
48110.1	18.5	37	48092-48129
48110.6	19	38	48092-48130
48111	19.4000000000015	38	48092-48130
48111.4	19	38	48092-48130
48111	18.5999999999985	38	48092-48130
48110.6	19	38	48092-48130
48111.1	19.5	39	48092-48131
48111.5	19.9000000000015	39	48092-48131
48111.9	19.5	39	48092-48131
48111.5	19.0999999999985	39	48092-48131
48111.1	19.5	39	48092-48131
48111.6	20	40	48092-48132
48112	20.4000000000015	40	48092-48132
48112.4	20	40	48092-48132
48112	19.5999999999985	40	48092-48132
48111.6	20	40	48092-48132
48112.1	20.5	41	48092-48133
48112.5	20.9000000000015	41	48092-48133
48112.9	20.5	41	48092-48133
48112.5	20.0999999999985	41	48092-48133
48112.1	20.5	41	48092-48133
48112.6	21	42	48092-48134
48113	21.4000000000015	42	48092-48134
48113.4	21	42	48092-48134
48113	20.5999999999985	42	48092-48134
48112.6	21	42	48092-48134
48113.1	21.5	43	48092-48135
48113.5	21.9000000000015	43	48092-48135
48113.9	21.5	43	48092-48135
48113.5	21.0999999999985	43	48092-48135
48113.1	21.5	43	48092-48135
48113.6	22	44	48092-48136
48114	22.4000000000015	44	48092-48136
48114.4	22	44	48092-48136
48114	21.5999999999985	44	48092-48136
48113.6	22	44	48092-48136
48114.1	22.5	45	48092-48137
48114.5	22.9000000000015	45	48092-48137
48114.9	22.5	45	48092-48137
48114.5	22.0999999999985	45	48092-48137
48114.1	22.5	45	48092-48137
48114.6	23	46	48092-48138
48115	23.4000000000015	46	48092-48138
48115.4	23	46	48092-48138
48115	22.5999999999985	46	48092-48138
48114.6	23	46	48092-48138
48115.1	23.5	47	48092-48139
48115.5	23.9000000000015	47	48092-48139
48115.9	23.5	47	48092-48139
48115.5	23.0999999999985	47	48092-48139
48115.1	23.5	47	48092-48139
48115.6	24	48	48092-48140
48116	24.4000000000015	48	48092-48140
48116.4	24	48	48092-48140
48116	23.5999999999985	48	48092-48140
48115.6	24	48	48092-48140
48116.1	24.5	49	48092-48141
48116.5	24.9000000000015	49	48092-48141
48116.9	24.5	49	48092-48141
48116.5	24.0999999999985	49	48092-48141
48116.1	24.5	49	48092-48141
48092.6	0	50	48093-48093
48093	0.400000000001455	50	48093-48093
48093.4	0	50	48093-48093
48093	-0.400000000001455	50	48093-48093
48092.6	0	50	48093-48093
48093.1	0.5	51	48093-48094
48093.5	0.900000000001455	51	48093-48094
48093.9	0.5	51	48093-48094
48093.5	0.0999999999985448	51	48093-48094
48093.1	0.5	51	48093-48094
48093.6	1	52	48093-48095
48094	1.40000000000146	52	48093-48095
48094.4	1	52	48093-48095
48094	0.599999999998545	52	48093-48095
48093.6	1	52	48093-48095
48094.1	1.5	53	48093-48096
48094.5	1.90000000000146	53	48093-48096
48094.9	1.5	53	48093-48096
48094.5	1.09999999999854	53	48093-48096
48094.1	1.5	53	48093-48096
48094.6	2	54	48093-48097
48095	2.40000000000146	54	48093-48097
48095.4	2	54	48093-48097
48095	1.59999999999854	54	48093-48097
48094.6	2	54	48093-48097
48095.1	2.5	55	48093-48098
48095.5	2.90000000000146	55	48093-48098
48095.9	2.5	55	48093-48098
48095.5	2.09999999999854	55	48093-48098
48095.1	2.5	55	48093-48098
48095.6	3	56	48093-48099
48096	3.40000000000146	56	48093-48099
48096.4	3	56	48093-48099
48096	2.59999999999855	56	48093-48099
48095.6	3	56	48093-48099
48096.1	3.5	57	48093-48100
48096.5	3.90000000000146	57	48093-48100
48096.9	3.5	57	48093-48100
48096.5	3.09999999999855	57	48093-48100
48096.1	3.5	57	48093-48100
48096.6	4	58	48093-48101
48097	4.40000000000146	58	48093-48101
48097.4	4	58	48093-48101
48097	3.59999999999855	58	48093-48101
48096.6	4	58	48093-48101
48097.1	4.5	59	48093-48102
48097.5	4.90000000000146	59	48093-48102
48097.9	4.5	59	48093-48102
48097.5	4.09999999999855	59	48093-48102
48097.1	4.5	59	48093-48102
48097.6	5	60	48093-48103
48098	5.40000000000146	60	48093-48103
48098.4	5	60	48093-48103
48098	4.59999999999855	60	48093-48103
48097.6	5	60	48093-48103
48098.1	5.5	61	48093-48104
48098.5	5.90000000000146	61	48093-48104
48098.9	5.5	61	48093-48104
48098.5	5.09999999999855	61	48093-48104
48098.1	5.5	61	48093-48104
48098.6	6	62	48093-48105
48099	6.40000000000146	62	48093-48105
48099.4	6	62	48093-48105
48099	5.59999999999855	62	48093-48105
48098.6	6	62	48093-48105
48099.1	6.5	63	48093-48106
48099.5	6.90000000000146	63	48093-48106
48099.9	6.5	63	48093-48106
48099.5	6.09999999999855	63	48093-48106
48099.1	6.5	63	48093-48106
48099.6	7	64	48093-48107
48100	7.40000000000146	64	48093-48107
48100.4	7	64	48093-48107
48100	6.59999999999855	64	48093-48107
48099.6	7	64	48093-48107
48100.1	7.5	65	48093-48108
48100.5	7.90000000000146	65	48093-48108
48100.9	7.5	65	48093-48108
48100.5	7.09999999999855	65	48093-48108
48100.1	7.5	65	48093-48108
48100.6	8	66	48093-48109
48101	8.40000000000146	66	48093-48109
48101.4	8	66	48093-48109
48101	7.59999999999855	66	48093-48109
48100.6	8	66	48093-48109
48101.1	8.5	67	48093-48110
48101.5	8.90000000000146	67	48093-48110
48101.9	8.5	67	48093-48110
48101.5	8.09999999999855	67	48093-48110
48101.1	8.5	67	48093-48110
48101.6	9	68	48093-48111
48102	9.40000000000146	68	48093-48111
48102.4	9	68	48093-48111
48102	8.59999999999855	68	48093-48111
48101.6	9	68	48093-48111
48102.1	9.5	69	48093-48112
48102.5	9.90000000000146	69	48093-48112
48102.9	9.5	69	48093-48112
48102.5	9.09999999999854	69	48093-48112
48102.1	9.5	69	48093-48112
48102.6	10	70	48093-48113
48103	10.4000000000015	70	48093-48113
48103.4	10	70	48093-48113
48103	9.59999999999854	70	48093-48113
48102.6	10	70	48093-48113
48103.1	10.5	71	48093-48114
48103.5	10.9000000000015	71	48093-48114
48103.9	10.5	71	48093-48114
48103.5	10.0999999999985	71	48093-48114
48103.1	10.5	71	48093-48114
48103.6	11	72	48093-48115
48104	11.4000000000015	72	48093-48115
48104.4	11	72	48093-48115
48104	10.5999999999985	72	48093-48115
48103.6	11	72	48093-48115
48104.1	11.5	73	48093-48116
48104.5	11.9000000000015	73	48093-48116
48104.9	11.5	73	48093-48116
48104.5	11.0999999999985	73	48093-48116
48104.1	11.5	73	48093-48116
48104.6	12	74	48093-48117
48105	12.4000000000015	74	48093-48117
48105.4	12	74	48093-48117
48105	11.5999999999985	74	48093-48117
48104.6	12	74	48093-48117
48105.6	13	75	48093-48119
48106	13.4000000000015	75	48093-48119
48106.4	13	75	48093-48119
48106	12.5999999999985	75	48093-48119
48105.6	13	75	48093-48119
48106.1	13.5	76	48093-48120
48106.5	13.9000000000015	76	48093-48120
48106.9	13.5	76	48093-48120
48106.5	13.0999999999985	76	48093-48120
48106.1	13.5	76	48093-48120
48106.6	14	77	48093-48121
48107	14.4000000000015	77	48093-48121
48107.4	14	77	48093-48121
48107	13.5999999999985	77	48093-48121
48106.6	14	77	48093-48121
48107.1	14.5	78	48093-48122
48107.5	14.9000000000015	78	48093-48122
48107.9	14.5	78	48093-48122
48107.5	14.0999999999985	78	48093-48122
48107.1	14.5	78	48093-48122
48107.6	15	79	48093-48123
48108	15.4000000000015	79	48093-48123
48108.4	15	79	48093-48123
48108	14.5999999999985	79	48093-48123
48107.6	15	79	48093-48123
48108.1	15.5	80	48093-48124
48108.5	15.9000000000015	80	48093-48124
48108.9	15.5	80	48093-48124
48108.5	15.0999999999985	80	48093-48124
48108.1	15.5	80	48093-48124
48108.6	16	81	48093-48125
48109	16.4000000000015	81	48093-48125
48109.4	16	81	48093-48125
48109	15.5999999999985	81	48093-48125
48108.6	16	81	48093-48125
48109.1	16.5	82	48093-48126
48109.5	16.9000000000015	82	48093-48126
48109.9	16.5	82	48093-48126
48109.5	16.0999999999985	82	48093-48126
48109.1	16.5	82	48093-48126
48109.6	17	83	48093-48127
48110	17.4000000000015	83	48093-48127
48110.4	17	83	48093-48127
48110	16.5999999999985	83	48093-48127
48109.6	17	83	48093-48127
48110.1	17.5	84	48093-48128
48110.5	17.9000000000015	84	48093-48128
48110.9	17.5	84	48093-48128
48110.5	17.0999999999985	84	48093-48128
48110.1	17.5	84	48093-48128
48110.6	18	85	48093-48129
48111	18.4000000000015	85	48093-48129
48111.4	18	85	48093-48129
48111	17.5999999999985	85	48093-48129
48110.6	18	85	48093-48129
48111.1	18.5	86	48093-48130
48111.5	18.9000000000015	86	48093-48130
48111.9	18.5	86	48093-48130
48111.5	18.0999999999985	86	48093-48130
48111.1	18.5	86	48093-48130
48111.6	19	87	48093-48131
48112	19.4000000000015	87	48093-48131
48112.4	19	87	48093-48131
48112	18.5999999999985	87	48093-48131
48111.6	19	87	48093-48131
48112.1	19.5	88	48093-48132
48112.5	19.9000000000015	88	48093-48132
48112.9	19.5	88	48093-48132
48112.5	19.0999999999985	88	48093-48132
48112.1	19.5	88	48093-48132
48112.6	20	89	48093-48133
48113	20.4000000000015	89	48093-48133
48113.4	20	89	48093-48133
48113	19.5999999999985	89	48093-48133
48112.6	20	89	48093-48133
48113.1	20.5	90	48093-48134
48113.5	20.9000000000015	90	48093-48134
48113.9	20.5	90	48093-48134
48113.5	20.0999999999985	90	48093-48134
48113.1	20.5	90	48093-48134
48113.6	21	91	48093-48135
48114	21.4000000000015	91	48093-48135
48114.4	21	91	48093-48135
48114	20.5999999999985	91	48093-48135
48113.6	21	91	48093-48135
48114.1	21.5	92	48093-48136
48114.5	21.9000000000015	92	48093-48136
48114.9	21.5	92	48093-48136
48114.5	21.0999999999985	92	48093-48136
48114.1	21.5	92	48093-48136
48114.6	22	93	48093-48137
48115	22.4000000000015	93	48093-48137
48115.4	22	93	48093-48137
48115	21.5999999999985	93	48093-48137
48114.6	22	93	48093-48137
48115.1	22.5	94	48093-48138
48115.5	22.9000000000015	94	48093-48138
48115.9	22.5	94	48093-48138
48115.5	22.0999999999985	94	48093-48138
48115.1	22.5	94	48093-48138
48115.6	23	95	48093-48139
48116	23.4000000000015	95	48093-48139
48116.4	23	95	48093-48139
48116	22.5999999999985	95	48093-48139
48115.6	23	95	48093-48139
48116.1	23.5	96	48093-48140
48116.5	23.9000000000015	96	48093-48140
48116.9	23.5	96	48093-48140
48116.5	23.0999999999985	96	48093-48140
48116.1	23.5	96	48093-48140
48116.6	24	97	48093-48141
48117	24.4000000000015	97	48093-48141
48117.4	24	97	48093-48141
48117	23.5999999999985	97	48093-48141
48116.6	24	97	48093-48141
48117.1	24.5	98	48093-48142
48117.5	24.9000000000015	98	48093-48142
48117.9	24.5	98	48093-48142
48117.5	24.0999999999985	98	48093-48142
48117.1	24.5	98	48093-48142
48093.6	0	99	48094-48094
48094	0.400000000001455	99	48094-48094
48094.4	0	99	48094-48094
48094	-0.400000000001455	99	48094-48094
48093.6	0	99	48094-48094
48094.1	0.5	100	48094-48095
48094.5	0.900000000001455	100	48094-48095
48094.9	0.5	100	48094-48095
48094.5	0.0999999999985448	100	48094-48095
48094.1	0.5	100	48094-48095
48094.6	1	101	48094-48096
48095	1.40000000000146	101	48094-48096
48095.4	1	101	48094-48096
48095	0.599999999998545	101	48094-48096
48094.6	1	101	48094-48096
48095.1	1.5	102	48094-48097
48095.5	1.90000000000146	102	48094-48097
48095.9	1.5	102	48094-48097
48095.5	1.09999999999854	102	48094-48097
48095.1	1.5	102	48094-48097
48095.6	2	103	48094-48098
48096	2.40000000000146	103	48094-48098
48096.4	2	103	48094-48098
48096	1.59999999999854	103	48094-48098
48095.6	2	103	48094-48098
48096.1	2.5	104	48094-48099
48096.5	2.90000000000146	104	48094-48099
48096.9	2.5	104	48094-48099
48096.5	2.09999999999854	104	48094-48099
48096.1	2.5	104	48094-48099
48096.6	3	105	48094-48100
48097	3.40000000000146	105	48094-48100
48097.4	3	105	48094-48100
48097	2.59999999999855	105	48094-48100
48096.6	3	105	48094-48100
48097.1	3.5	106	48094-48101
48097.5	3.90000000000146	106	48094-48101
48097.9	3.5	106	48094-48101
48097.5	3.09999999999855	106	48094-48101
48097.1	3.5	106	48094-48101
48097.6	4	107	48094-48102
48098	4.40000000000146	107	48094-48102
48098.4	4	107	48094-48102
48098	3.59999999999855	107	48094-48102
48097.6	4	107	48094-48102
48098.1	4.5	108	48094-48103
48098.5	4.90000000000146	108	48094-48103
48098.9	4.5	108	48094-48103
48098.5	4.09999999999855	108	48094-48103
48098.1	4.5	108	48094-48103
48098.6	5	109	48094-48104
48099	5.40000000000146	109	48094-48104
48099.4	5	109	48094-48104
48099	4.59999999999855	109	48094-48104
48098.6	5	109	48094-48104
48099.1	5.5	110	48094-48105
48099.5	5.90000000000146	110	48094-48105
48099.9	5.5	110	48094-48105
48099.5	5.09999999999855	110	48094-48105
48099.1	5.5	110	48094-48105
48099.6	6	111	48094-48106
48100	6.40000000000146	111	48094-48106
48100.4	6	111	48094-48106
48100	5.59999999999855	111	48094-48106
48099.6	6	111	48094-48106
48100.1	6.5	112	48094-48107
48100.5	6.90000000000146	112	48094-48107
48100.9	6.5	112	48094-48107
48100.5	6.09999999999855	112	48094-48107
48100.1	6.5	112	48094-48107
48100.6	7	113	48094-48108
48101	7.40000000000146	113	48094-48108
48101.4	7	113	48094-48108
48101	6.59999999999855	113	48094-48108
48100.6	7	113	48094-48108
48101.1	7.5	114	48094-48109
48101.5	7.90000000000146	114	48094-48109
48101.9	7.5	114	48094-48109
48101.5	7.09999999999855	114	48094-48109
48101.1	7.5	114	48094-48109
48101.6	8	115	48094-48110
48102	8.40000000000146	115	48094-48110
48102.4	8	115	48094-48110
48102	7.59999999999855	115	48094-48110
48101.6	8	115	48094-48110
48102.1	8.5	116	48094-48111
48102.5	8.90000000000146	116	48094-48111
48102.9	8.5	116	48094-48111
48102.5	8.09999999999855	116	48094-48111
48102.1	8.5	116	48094-48111
48102.6	9	117	48094-48112
48103	9.40000000000146	117	48094-48112
48103.4	9	117	48094-48112
48103	8.59999999999855	117	48094-48112
48102.6	9	117	48094-48112
48103.1	9.5	118	48094-48113
48103.5	9.90000000000146	118	48094-48113
48103.9	9.5	118	48094-48113
48103.5	9.09999999999854	118	48094-48113
48103.1	9.5	118	48094-48113
48103.6	10	119	48094-48114
48104	10.4000000000015	119	48094-48114
48104.4	10	119	48094-48114
48104	9.59999999999854	119	48094-48114
48103.6	10	119	48094-48114
48104.1	10.5	120	48094-48115
48104.5	10.9000000000015	120	48094-48115
48104.9	10.5	120	48094-48115
48104.5	10.0999999999985	120	48094-48115
48104.1	10.5	120	48094-48115
48104.6	11	121	48094-48116
48105	11.4000000000015	121	48094-48116
48105.4	11	121	48094-48116
48105	10.5999999999985	121	48094-48116
48104.6	11	121	48094-48116
48105.1	11.5	122	48094-48117
48105.5	11.9000000000015	122	48094-48117
48105.9	11.5	122	48094-48117
48105.5	11.0999999999985	122	48094-48117
48105.1	11.5	122	48094-48117
48105.6	12	123	48094-48118
48106	12.4000000000015	123	48094-48118
48106.4	12	123	48094-48118
48106	11.5999999999985	123	48094-48118
48105.6	12	123	48094-48118
48106.1	12.5	124	48094-48119
48106.5	12.9000000000015	124	48094-48119
48106.9	12.5	124	48094-48119
48106.5	12.0999999999985	124	48094-48119
48106.1	12.5	124	48094-48119
48106.6	13	125	48094-48120
48107	13.4000000000015	125	48094-48120
48107.4	13	125	48094-48120
48107	12.5999999999985	125	48094-48120
48106.6	13	125	48094-48120
48107.1	13.5	126	48094-48121
48107.5	13.9000000000015	126	48094-48121
48107.9	13.5	126	48094-48121
48107.5	13.0999999999985	126	48094-48121
48107.1	13.5	126	48094-48121
48107.6	14	127	48094-48122
48108	14.4000000000015	127	48094-48122
48108.4	14	127	48094-48122
48108	13.5999999999985	127	48094-48122
48107.6	14	127	48094-48122
48108.1	14.5	128	48094-48123
48108.5	14.9000000000015	128	48094-48123
48108.9	14.5	128	48094-48123
48108.5	14.0999999999985	128	48094-48123
48108.1	14.5	128	48094-48123
48108.6	15	129	48094-48124
48109	15.4000000000015	129	48094-48124
48109.4	15	129	48094-48124
48109	14.5999999999985	129	48094-48124
48108.6	15	129	48094-48124
48109.1	15.5	130	48094-48125
48109.5	15.9000000000015	130	48094-48125
48109.9	15.5	130	48094-48125
48109.5	15.0999999999985	130	48094-48125
48109.1	15.5	130	48094-48125
48109.6	16	131	48094-48126
48110	16.4000000000015	131	48094-48126
48110.4	16	131	48094-48126
48110	15.5999999999985	131	48094-48126
48109.6	16	131	48094-48126
48110.1	16.5	132	48094-48127
48110.5	16.9000000000015	132	48094-48127
48110.9	16.5	132	48094-48127
48110.5	16.0999999999985	132	48094-48127
48110.1	16.5	132	48094-48127
48110.6	17	133	48094-48128
48111	17.4000000000015	133	48094-48128
48111.4	17	133	48094-48128
48111	16.5999999999985	133	48094-48128
48110.6	17	133	48094-48128
48111.1	17.5	134	48094-48129
48111.5	17.9000000000015	134	48094-48129
48111.9	17.5	134	48094-48129
48111.5	17.0999999999985	134	48094-48129
48111.1	17.5	134	48094-48129
48111.6	18	135	48094-48130
48112	18.4000000000015	135	48094-48130
48112.4	18	135	48094-48130
48112	17.5999999999985	135	48094-48130
48111.6	18	135	48094-48130
48112.1	18.5	136	48094-48131
48112.5	18.9000000000015	136	48094-48131
48112.9	18.5	136	48094-48131
48112.5	18.0999999999985	136	48094-48131
48112.1	18.5	136	48094-48131
48112.6	19	137	48094-48132
48113	19.4000000000015	137	48094-48132
48113.4	19	137	48094-48132
48113	18.5999999999985	137	48094-48132
48112.6	19	137	48094-48132
48113.1	19.5	138	48094-48133
48113.5	19.9000000000015	138	48094-48133
48113.9	19.5	138	48094-48133
48113.5	19.0999999999985	138	48094-48133
48113.1	19.5	138	48094-48133
48113.6	20	139	48094-48134
48114	20.4000000000015	139	48094-48134
48114.4	20	139	48094-48134
48114	19.5999999999985	139	48094-48134
48113.6	20	139	48094-48134
48114.1	20.5	140	48094-48135
48114.5	20.9000000000015	140	48094-48135
48114.9	20.5	140	48094-48135
48114.5	20.0999999999985	140	48094-48135
48114.1	20.5	140	48094-48135
48114.6	21	141	48094-48136
48115	21.4000000000015	141	48094-48136
48115.4	21	141	48094-48136
48115	20.5999999999985	141	48094-48136
48114.6	21	141	48094-48136
48115.1	21.5	142	48094-48137
48115.5	21.9000000000015	142	48094-48137
48115.9	21.5	142	48094-48137
48115.5	21.0999999999985	142	48094-48137
48115.1	21.5	142	48094-48137
48115.6	22	143	48094-48138
48116	22.4000000000015	143	48094-48138
48116.4	22	143	48094-48138
48116	21.5999999999985	143	48094-48138
48115.6	22	143	48094-48138
48116.1	22.5	144	48094-48139
48116.5	22.9000000000015	144	48094-48139
48116.9	22.5	144	48094-48139
48116.5	22.0999999999985	144	48094-48139
48116.1	22.5	144	48094-48139
48116.6	23	145	48094-48140
48117	23.4000000000015	145	48094-48140
48117.4	23	145	48094-48140
48117	22.5999999999985	145	48094-48140
48116.6	23	145	48094-48140
48117.1	23.5	146	48094-48141
48117.5	23.9000000000015	146	48094-48141
48117.9	23.5	146	48094-48141
48117.5	23.0999999999985	146	48094-48141
48117.1	23.5	146	48094-48141
48117.6	24	147	48094-48142
48118	24.4000000000015	147	48094-48142
48118.4	24	147	48094-48142
48118	23.5999999999985	147	48094-48142
48117.6	24	147	48094-48142
48118.1	24.5	148	48094-48143
48118.5	24.9000000000015	148	48094-48143
48118.9	24.5	148	48094-48143
48118.5	24.0999999999985	148	48094-48143
48118.1	24.5	148	48094-48143
48094.6	0	149	48095-48095
48095	0.400000000001455	149	48095-48095
48095.4	0	149	48095-48095
48095	-0.400000000001455	149	48095-48095
48094.6	0	149	48095-48095
48095.1	0.5	150	48095-48096
48095.5	0.900000000001455	150	48095-48096
48095.9	0.5	150	48095-48096
48095.5	0.0999999999985448	150	48095-48096
48095.1	0.5	150	48095-48096
48095.6	1	151	48095-48097
48096	1.40000000000146	151	48095-48097
48096.4	1	151	48095-48097
48096	0.599999999998545	151	48095-48097
48095.6	1	151	48095-48097
48096.1	1.5	152	48095-48098
48096.5	1.90000000000146	152	48095-48098
48096.9	1.5	152	48095-48098
48096.5	1.09999999999854	152	48095-48098
48096.1	1.5	152	48095-48098
48096.6	2	153	48095-48099
48097	2.40000000000146	153	48095-48099
48097.4	2	153	48095-48099
48097	1.59999999999854	153	48095-48099
48096.6	2	153	48095-48099
48097.1	2.5	154	48095-48100
48097.5	2.90000000000146	154	48095-48100
48097.9	2.5	154	48095-48100
48097.5	2.09999999999854	154	48095-48100
48097.1	2.5	154	48095-48100
48097.6	3	155	48095-48101
48098	3.40000000000146	155	48095-48101
48098.4	3	155	48095-48101
48098	2.59999999999855	155	48095-48101
48097.6	3	155	48095-48101
48098.1	3.5	156	48095-48102
48098.5	3.90000000000146	156	48095-48102
48098.9	3.5	156	48095-48102
48098.5	3.09999999999855	156	48095-48102
48098.1	3.5	156	48095-48102
48098.6	4	157	48095-48103
48099	4.40000000000146	157	48095-48103
48099.4	4	157	48095-48103
48099	3.59999999999855	157	48095-48103
48098.6	4	157	48095-48103
48099.1	4.5	158	48095-48104
48099.5	4.90000000000146	158	48095-48104
48099.9	4.5	158	48095-48104
48099.5	4.09999999999855	158	48095-48104
48099.1	4.5	158	48095-48104
48099.6	5	159	48095-48105
48100	5.40000000000146	159	48095-48105
48100.4	5	159	48095-48105
48100	4.59999999999855	159	48095-48105
48099.6	5	159	48095-48105
48100.1	5.5	160	48095-48106
48100.5	5.90000000000146	160	48095-48106
48100.9	5.5	160	48095-48106
48100.5	5.09999999999855	160	48095-48106
48100.1	5.5	160	48095-48106
48100.6	6	161	48095-48107
48101	6.40000000000146	161	48095-48107
48101.4	6	161	48095-48107
48101	5.59999999999855	161	48095-48107
48100.6	6	161	48095-48107
48101.1	6.5	162	48095-48108
48101.5	6.90000000000146	162	48095-48108
48101.9	6.5	162	48095-48108
48101.5	6.09999999999855	162	48095-48108
48101.1	6.5	162	48095-48108
48101.6	7	163	48095-48109
48102	7.40000000000146	163	48095-48109
48102.4	7	163	48095-48109
48102	6.59999999999855	163	48095-48109
48101.6	7	163	48095-48109
48102.1	7.5	164	48095-48110
48102.5	7.90000000000146	164	48095-48110
48102.9	7.5	164	48095-48110
48102.5	7.09999999999855	164	48095-48110
48102.1	7.5	164	48095-48110
48102.6	8	165	48095-48111
48103	8.40000000000146	165	48095-48111
48103.4	8	165	48095-48111
48103	7.59999999999855	165	48095-48111
48102.6	8	165	48095-48111
48103.1	8.5	166	48095-48112
48103.5	8.90000000000146	166	48095-48112
48103.9	8.5	166	48095-48112
48103.5	8.09999999999855	166	48095-48112
48103.1	8.5	166	48095-48112
48103.6	9	167	48095-48113
48104	9.40000000000146	167	48095-48113
48104.4	9	167	48095-48113
48104	8.59999999999855	167	48095-48113
48103.6	9	167	48095-48113
48104.1	9.5	168	48095-48114
48104.5	9.90000000000146	168	48095-48114
48104.9	9.5	168	48095-48114
48104.5	9.09999999999854	168	48095-48114
48104.1	9.5	168	48095-48114
48104.6	10	169	48095-48115
48105	10.4000000000015	169	48095-48115
48105.4	10	169	48095-48115
48105	9.59999999999854	169	48095-48115
48104.6	10	169	48095-48115
48105.1	10.5	170	48095-48116
48105.5	10.9000000000015	170	48095-48116
48105.9	10.5	170	48095-48116
48105.5	10.0999999999985	170	48095-48116
48105.1	10.5	170	48095-48116
48105.6	11	171	48095-48117
48106	11.4000000000015	171	48095-48117
48106.4	11	171	48095-48117
48106	10.5999999999985	171	48095-48117
48105.6	11	171	48095-48117
48106.1	11.5	172	48095-48118
48106.5	11.9000000000015	172	48095-48118
48106.9	11.5	172	48095-48118
48106.5	11.0999999999985	172	48095-48118
48106.1	11.5	172	48095-48118
48106.6	12	173	48095-48119
48107	12.4000000000015	173	48095-48119
48107.4	12	173	48095-48119
48107	11.5999999999985	173	48095-48119
48106.6	12	173	48095-48119
48107.1	12.5	174	48095-48120
48107.5	12.9000000000015	174	48095-48120
48107.9	12.5	174	48095-48120
48107.5	12.0999999999985	174	48095-48120
48107.1	12.5	174	48095-48120
48107.6	13	175	48095-48121
48108	13.4000000000015	175	48095-48121
48108.4	13	175	48095-48121
48108	12.5999999999985	175	48095-48121
48107.6	13	175	48095-48121
48108.1	13.5	176	48095-48122
48108.5	13.9000000000015	176	48095-48122
48108.9	13.5	176	48095-48122
48108.5	13.0999999999985	176	48095-48122
48108.1	13.5	176	48095-48122
48108.6	14	177	48095-48123
48109	14.4000000000015	177	48095-48123
48109.4	14	177	48095-48123
48109	13.5999999999985	177	48095-48123
48108.6	14	177	48095-48123
48109.1	14.5	178	48095-48124
48109.5	14.9000000000015	178	48095-48124
48109.9	14.5	178	48095-48124
48109.5	14.0999999999985	178	48095-48124
48109.1	14.5	178	48095-48124
48109.6	15	179	48095-48125
48110	15.4000000000015	179	48095-48125
48110.4	15	179	48095-48125
48110	14.5999999999985	179	48095-48125
48109.6	15	179	48095-48125
48110.1	15.5	180	48095-48126
48110.5	15.9000000000015	180	48095-48126
48110.9	15.5	180	48095-48126
48110.5	15.0999999999985	180	48095-48126
48110.1	15.5	180	48095-48126
48110.6	16	181	48095-48127
48111	16.4000000000015	181	48095-48127
48111.4	16	181	48095-48127
48111	15.5999999999985	181	48095-48127
48110.6	16	181	48095-48127
48111.1	16.5	182	48095-48128
48111.5	16.9000000000015	182	48095-48128
48111.9	16.5	182	48095-48128
48111.5	16.0999999999985	182	48095-48128
48111.1	16.5	182	48095-48128
48111.6	17	183	48095-48129
48112	17.4000000000015	183	48095-48129
48112.4	17	183	48095-48129
48112	16.5999999999985	183	48095-48129
48111.6	17	183	48095-48129
48112.1	17.5	184	48095-48130
48112.5	17.9000000000015	184	48095-48130
48112.9	17.5	184	48095-48130
48112.5	17.0999999999985	184	48095-48130
48112.1	17.5	184	48095-48130
48112.6	18	185	48095-48131
48113	18.4000000000015	185	48095-48131
48113.4	18	185	48095-48131
48113	17.5999999999985	185	48095-48131
48112.6	18	185	48095-48131
48113.1	18.5	186	48095-48132
48113.5	18.9000000000015	186	48095-48132
48113.9	18.5	186	48095-48132
48113.5	18.0999999999985	186	48095-48132
48113.1	18.5	186	48095-48132
48113.6	19	187	48095-48133
48114	19.4000000000015	187	48095-48133
48114.4	19	187	48095-48133
48114	18.5999999999985	187	48095-48133
48113.6	19	187	48095-48133
48114.1	19.5	188	48095-48134
48114.5	19.9000000000015	188	48095-48134
48114.9	19.5	188	48095-48134
48114.5	19.0999999999985	188	48095-48134
48114.1	19.5	188	48095-48134
48114.6	20	189	48095-48135
48115	20.4000000000015	189	48095-48135
48115.4	20	189	48095-48135
48115	19.5999999999985	189	48095-48135
48114.6	20	189	48095-48135
48115.1	20.5	190	48095-48136
48115.5	20.9000000000015	190	48095-48136
48115.9	20.5	190	48095-48136
48115.5	20.0999999999985	190	48095-48136
48115.1	20.5	190	48095-48136
48115.6	21	191	48095-48137
48116	21.4000000000015	191	48095-48137
48116.4	21	191	48095-48137
48116	20.5999999999985	191	48095-48137
48115.6	21	191	48095-48137
48116.1	21.5	192	48095-48138
48116.5	21.9000000000015	192	48095-48138
48116.9	21.5	192	48095-48138
48116.5	21.0999999999985	192	48095-48138
48116.1	21.5	192	48095-48138
48116.6	22	193	48095-48139
48117	22.4000000000015	193	48095-48139
48117.4	22	193	48095-48139
48117	21.5999999999985	193	48095-48139
48116.6	22	193	48095-48139
48117.1	22.5	194	48095-48140
48117.5	22.9000000000015	194	48095-48140
48117.9	22.5	194	48095-48140
48117.5	22.0999999999985	194	48095-48140
48117.1	22.5	194	48095-48140
48117.6	23	195	48095-48141
48118	23.4000000000015	195	48095-48141
48118.4	23	195	48095-48141
48118	22.5999999999985	195	48095-48141
48117.6	23	195	48095-48141
48118.1	23.5	196	48095-48142
48118.5	23.9000000000015	196	48095-48142
48118.9	23.5	196	48095-48142
48118.5	23.0999999999985	196	48095-48142
48118.1	23.5	196	48095-48142
48118.6	24	197	48095-48143
48119	24.4000000000015	197	48095-48143
48119.4	24	197	48095-48143
48119	23.5999999999985	197	48095-48143
48118.6	24	197	48095-48143
48119.1	24.5	198	48095-48144
48119.5	24.9000000000015	198	48095-48144
48119.9	24.5	198	48095-48144
48119.5	24.0999999999985	198	48095-48144
48119.1	24.5	198	48095-48144
48095.6	0	199	48096-48096
48096	0.400000000001455	199	48096-48096
48096.4	0	199	48096-48096
48096	-0.400000000001455	199	48096-48096
48095.6	0	199	48096-48096
48096.1	0.5	200	48096-48097
48096.5	0.900000000001455	200	48096-48097
48096.9	0.5	200	48096-48097
48096.5	0.0999999999985448	200	48096-48097
48096.1	0.5	200	48096-48097
48096.6	1	201	48096-48098
48097	1.40000000000146	201	48096-48098
48097.4	1	201	48096-48098
48097	0.599999999998545	201	48096-48098
48096.6	1	201	48096-48098
48097.1	1.5	202	48096-48099
48097.5	1.90000000000146	202	48096-48099
48097.9	1.5	202	48096-48099
48097.5	1.09999999999854	202	48096-48099
48097.1	1.5	202	48096-48099
48097.6	2	203	48096-48100
48098	2.40000000000146	203	48096-48100
48098.4	2	203	48096-48100
48098	1.59999999999854	203	48096-48100
48097.6	2	203	48096-48100
48098.1	2.5	204	48096-48101
48098.5	2.90000000000146	204	48096-48101
48098.9	2.5	204	48096-48101
48098.5	2.09999999999854	204	48096-48101
48098.1	2.5	204	48096-48101
48098.6	3	205	48096-48102
48099	3.40000000000146	205	48096-48102
48099.4	3	205	48096-48102
48099	2.59999999999855	205	48096-48102
48098.6	3	205	48096-48102
48099.1	3.5	206	48096-48103
48099.5	3.90000000000146	206	48096-48103
48099.9	3.5	206	48096-48103
48099.5	3.09999999999855	206	48096-48103
48099.1	3.5	206	48096-48103
48099.6	4	207	48096-48104
48100	4.40000000000146	207	48096-48104
48100.4	4	207	48096-48104
48100	3.59999999999855	207	48096-48104
48099.6	4	207	48096-48104
48100.1	4.5	208	48096-48105
48100.5	4.90000000000146	208	48096-48105
48100.9	4.5	208	48096-48105
48100.5	4.09999999999855	208	48096-48105
48100.1	4.5	208	48096-48105
48100.6	5	209	48096-48106
48101	5.40000000000146	209	48096-48106
48101.4	5	209	48096-48106
48101	4.59999999999855	209	48096-48106
48100.6	5	209	48096-48106
48101.1	5.5	210	48096-48107
48101.5	5.90000000000146	210	48096-48107
48101.9	5.5	210	48096-48107
48101.5	5.09999999999855	210	48096-48107
48101.1	5.5	210	48096-48107
48101.6	6	211	48096-48108
48102	6.40000000000146	211	48096-48108
48102.4	6	211	48096-48108
48102	5.59999999999855	211	48096-48108
48101.6	6	211	48096-48108
48102.1	6.5	212	48096-48109
48102.5	6.90000000000146	212	48096-48109
48102.9	6.5	212	48096-48109
48102.5	6.09999999999855	212	48096-48109
48102.1	6.5	212	48096-48109
48102.6	7	213	48096-48110
48103	7.40000000000146	213	48096-48110
48103.4	7	213	48096-48110
48103	6.59999999999855	213	48096-48110
48102.6	7	213	48096-48110
48103.1	7.5	214	48096-48111
48103.5	7.90000000000146	214	48096-48111
48103.9	7.5	214	48096-48111
48103.5	7.09999999999855	214	48096-48111
48103.1	7.5	214	48096-48111
48103.6	8	215	48096-48112
48104	8.40000000000146	215	48096-48112
48104.4	8	215	48096-48112
48104	7.59999999999855	215	48096-48112
48103.6	8	215	48096-48112
48104.1	8.5	216	48096-48113
48104.5	8.90000000000146	216	48096-48113
48104.9	8.5	216	48096-48113
48104.5	8.09999999999855	216	48096-48113
48104.1	8.5	216	48096-48113
48104.6	9	217	48096-48114
48105	9.40000000000146	217	48096-48114
48105.4	9	217	48096-48114
48105	8.59999999999855	217	48096-48114
48104.6	9	217	48096-48114
48105.1	9.5	218	48096-48115
48105.5	9.90000000000146	218	48096-48115
48105.9	9.5	218	48096-48115
48105.5	9.09999999999854	218	48096-48115
48105.1	9.5	218	48096-48115
48105.6	10	219	48096-48116
48106	10.4000000000015	219	48096-48116
48106.4	10	219	48096-48116
48106	9.59999999999854	219	48096-48116
48105.6	10	219	48096-48116
48106.1	10.5	220	48096-48117
48106.5	10.9000000000015	220	48096-48117
48106.9	10.5	220	48096-48117
48106.5	10.0999999999985	220	48096-48117
48106.1	10.5	220	48096-48117
48106.6	11	221	48096-48118
48107	11.4000000000015	221	48096-48118
48107.4	11	221	48096-48118
48107	10.5999999999985	221	48096-48118
48106.6	11	221	48096-48118
48107.1	11.5	222	48096-48119
48107.5	11.9000000000015	222	48096-48119
48107.9	11.5	222	48096-48119
48107.5	11.0999999999985	222	48096-48119
48107.1	11.5	222	48096-48119
48107.6	12	223	48096-48120
48108	12.4000000000015	223	48096-48120
48108.4	12	223	48096-48120
48108	11.5999999999985	223	48096-48120
48107.6	12	223	48096-48120
48108.1	12.5	224	48096-48121
48108.5	12.9000000000015	224	48096-48121
48108.9	12.5	224	48096-48121
48108.5	12.0999999999985	224	48096-48121
48108.1	12.5	224	48096-48121
48108.6	13	225	48096-48122
48109	13.4000000000015	225	48096-48122
48109.4	13	225	48096-48122
48109	12.5999999999985	225	48096-48122
48108.6	13	225	48096-48122
48109.1	13.5	226	48096-48123
48109.5	13.9000000000015	226	48096-48123
48109.9	13.5	226	48096-48123
48109.5	13.0999999999985	226	48096-48123
48109.1	13.5	226	48096-48123
48109.6	14	227	48096-48124
48110	14.4000000000015	227	48096-48124
48110.4	14	227	48096-48124
48110	13.5999999999985	227	48096-48124
48109.6	14	227	48096-48124
48110.1	14.5	228	48096-48125
48110.5	14.9000000000015	228	48096-48125
48110.9	14.5	228	48096-48125
48110.5	14.0999999999985	228	48096-48125
48110.1	14.5	228	48096-48125
48110.6	15	229	48096-48126
48111	15.4000000000015	229	48096-48126
48111.4	15	229	48096-48126
48111	14.5999999999985	229	48096-48126
48110.6	15	229	48096-48126
48111.1	15.5	230	48096-48127
48111.5	15.9000000000015	230	48096-48127
48111.9	15.5	230	48096-48127
48111.5	15.0999999999985	230	48096-48127
48111.1	15.5	230	48096-48127
48111.6	16	231	48096-48128
48112	16.4000000000015	231	48096-48128
48112.4	16	231	48096-48128
48112	15.5999999999985	231	48096-48128
48111.6	16	231	48096-48128
48112.1	16.5	232	48096-48129
48112.5	16.9000000000015	232	48096-48129
48112.9	16.5	232	48096-48129
48112.5	16.0999999999985	232	48096-48129
48112.1	16.5	232	48096-48129
48112.6	17	233	48096-48130
48113	17.4000000000015	233	48096-48130
48113.4	17	233	48096-48130
48113	16.5999999999985	233	48096-48130
48112.6	17	233	48096-48130
48113.1	17.5	234	48096-48131
48113.5	17.9000000000015	234	48096-48131
48113.9	17.5	234	48096-48131
48113.5	17.0999999999985	234	48096-48131
48113.1	17.5	234	48096-48131
48113.6	18	235	48096-48132
48114	18.4000000000015	235	48096-48132
48114.4	18	235	48096-48132
48114	17.5999999999985	235	48096-48132
48113.6	18	235	48096-48132
48114.1	18.5	236	48096-48133
48114.5	18.9000000000015	236	48096-48133
48114.9	18.5	236	48096-48133
48114.5	18.0999999999985	236	48096-48133
48114.1	18.5	236	48096-48133
48114.6	19	237	48096-48134
48115	19.4000000000015	237	48096-48134
48115.4	19	237	48096-48134
48115	18.5999999999985	237	48096-48134
48114.6	19	237	48096-48134
48115.1	19.5	238	48096-48135
48115.5	19.9000000000015	238	48096-48135
48115.9	19.5	238	48096-48135
48115.5	19.0999999999985	238	48096-48135
48115.1	19.5	238	48096-48135
48115.6	20	239	48096-48136
48116	20.4000000000015	239	48096-48136
48116.4	20	239	48096-48136
48116	19.5999999999985	239	48096-48136
48115.6	20	239	48096-48136
48116.1	20.5	240	48096-48137
48116.5	20.9000000000015	240	48096-48137
48116.9	20.5	240	48096-48137
48116.5	20.0999999999985	240	48096-48137
48116.1	20.5	240	48096-48137
48116.6	21	241	48096-48138
48117	21.4000000000015	241	48096-48138
48117.4	21	241	48096-48138
48117	20.5999999999985	241	48096-48138
48116.6	21	241	48096-48138
48117.1	21.5	242	48096-48139
48117.5	21.9000000000015	242	48096-48139
48117.9	21.5	242	48096-48139
48117.5	21.0999999999985	242	48096-48139
48117.1	21.5	242	48096-48139
48117.6	22	243	48096-48140
48118	22.4000000000015	243	48096-48140
48118.4	22	243	48096-48140
48118	21.5999999999985	243	48096-48140
48117.6	22	243	48096-48140
48118.1	22.5	244	48096-48141
48118.5	22.9000000000015	244	48096-48141
48118.9	22.5	244	48096-48141
48118.5	22.0999999999985	244	48096-48141
48118.1	22.5	244	48096-48141
48118.6	23	245	48096-48142
48119	23.4000000000015	245	48096-48142
48119.4	23	245	48096-48142
48119	22.5999999999985	245	48096-48142
48118.6	23	245	48096-48142
48119.1	23.5	246	48096-48143
48119.5	23.9000000000015	246	48096-48143
48119.9	23.5	246	48096-48143
48119.5	23.0999999999985	246	48096-48143
48119.1	23.5	246	48096-48143
48119.6	24	247	48096-48144
48120	24.4000000000015	247	48096-48144
48120.4	24	247	48096-48144
48120	23.5999999999985	247	48096-48144
48119.6	24	247	48096-48144
48120.1	24.5	248	48096-48145
48120.5	24.9000000000015	248	48096-48145
48120.9	24.5	248	48096-48145
48120.5	24.0999999999985	248	48096-48145
48120.1	24.5	248	48096-48145
48096.6	0	249	48097-48097
48097	0.400000000001455	249	48097-48097
48097.4	0	249	48097-48097
48097	-0.400000000001455	249	48097-48097
48096.6	0	249	48097-48097
48097.1	0.5	250	48097-48098
48097.5	0.900000000001455	250	48097-48098
48097.9	0.5	250	48097-48098
48097.5	0.0999999999985448	250	48097-48098
48097.1	0.5	250	48097-48098
48097.6	1	251	48097-48099
48098	1.40000000000146	251	48097-48099
48098.4	1	251	48097-48099
48098	0.599999999998545	251	48097-48099
48097.6	1	251	48097-48099
48098.1	1.5	252	48097-48100
48098.5	1.90000000000146	252	48097-48100
48098.9	1.5	252	48097-48100
48098.5	1.09999999999854	252	48097-48100
48098.1	1.5	252	48097-48100
48098.6	2	253	48097-48101
48099	2.40000000000146	253	48097-48101
48099.4	2	253	48097-48101
48099	1.59999999999854	253	48097-48101
48098.6	2	253	48097-48101
48099.1	2.5	254	48097-48102
48099.5	2.90000000000146	254	48097-48102
48099.9	2.5	254	48097-48102
48099.5	2.09999999999854	254	48097-48102
48099.1	2.5	254	48097-48102
48099.6	3	255	48097-48103
48100	3.40000000000146	255	48097-48103
48100.4	3	255	48097-48103
48100	2.59999999999855	255	48097-48103
48099.6	3	255	48097-48103
48100.1	3.5	256	48097-48104
48100.5	3.90000000000146	256	48097-48104
48100.9	3.5	256	48097-48104
48100.5	3.09999999999855	256	48097-48104
48100.1	3.5	256	48097-48104
48100.6	4	257	48097-48105
48101	4.40000000000146	257	48097-48105
48101.4	4	257	48097-48105
48101	3.59999999999855	257	48097-48105
48100.6	4	257	48097-48105
48101.1	4.5	258	48097-48106
48101.5	4.90000000000146	258	48097-48106
48101.9	4.5	258	48097-48106
48101.5	4.09999999999855	258	48097-48106
48101.1	4.5	258	48097-48106
48101.6	5	259	48097-48107
48102	5.40000000000146	259	48097-48107
48102.4	5	259	48097-48107
48102	4.59999999999855	259	48097-48107
48101.6	5	259	48097-48107
48102.1	5.5	260	48097-48108
48102.5	5.90000000000146	260	48097-48108
48102.9	5.5	260	48097-48108
48102.5	5.09999999999855	260	48097-48108
48102.1	5.5	260	48097-48108
48102.6	6	261	48097-48109
48103	6.40000000000146	261	48097-48109
48103.4	6	261	48097-48109
48103	5.59999999999855	261	48097-48109
48102.6	6	261	48097-48109
48103.1	6.5	262	48097-48110
48103.5	6.90000000000146	262	48097-48110
48103.9	6.5	262	48097-48110
48103.5	6.09999999999855	262	48097-48110
48103.1	6.5	262	48097-48110
48103.6	7	263	48097-48111
48104	7.40000000000146	263	48097-48111
48104.4	7	263	48097-48111
48104	6.59999999999855	263	48097-48111
48103.6	7	263	48097-48111
48104.1	7.5	264	48097-48112
48104.5	7.90000000000146	264	48097-48112
48104.9	7.5	264	48097-48112
48104.5	7.09999999999855	264	48097-48112
48104.1	7.5	264	48097-48112
48104.6	8	265	48097-48113
48105	8.40000000000146	265	48097-48113
48105.4	8	265	48097-48113
48105	7.59999999999855	265	48097-48113
48104.6	8	265	48097-48113
48105.1	8.5	266	48097-48114
48105.5	8.90000000000146	266	48097-48114
48105.9	8.5	266	48097-48114
48105.5	8.09999999999855	266	48097-48114
48105.1	8.5	266	48097-48114
48105.6	9	267	48097-48115
48106	9.40000000000146	267	48097-48115
48106.4	9	267	48097-48115
48106	8.59999999999855	267	48097-48115
48105.6	9	267	48097-48115
48106.1	9.5	268	48097-48116
48106.5	9.90000000000146	268	48097-48116
48106.9	9.5	268	48097-48116
48106.5	9.09999999999854	268	48097-48116
48106.1	9.5	268	48097-48116
48106.6	10	269	48097-48117
48107	10.4000000000015	269	48097-48117
48107.4	10	269	48097-48117
48107	9.59999999999854	269	48097-48117
48106.6	10	269	48097-48117
48107.1	10.5	270	48097-48118
48107.5	10.9000000000015	270	48097-48118
48107.9	10.5	270	48097-48118
48107.5	10.0999999999985	270	48097-48118
48107.1	10.5	270	48097-48118
48107.6	11	271	48097-48119
48108	11.4000000000015	271	48097-48119
48108.4	11	271	48097-48119
48108	10.5999999999985	271	48097-48119
48107.6	11	271	48097-48119
48108.1	11.5	272	48097-48120
48108.5	11.9000000000015	272	48097-48120
48108.9	11.5	272	48097-48120
48108.5	11.0999999999985	272	48097-48120
48108.1	11.5	272	48097-48120
48108.6	12	273	48097-48121
48109	12.4000000000015	273	48097-48121
48109.4	12	273	48097-48121
48109	11.5999999999985	273	48097-48121
48108.6	12	273	48097-48121
48109.1	12.5	274	48097-48122
48109.5	12.9000000000015	274	48097-48122
48109.9	12.5	274	48097-48122
48109.5	12.0999999999985	274	48097-48122
48109.1	12.5	274	48097-48122
48109.6	13	275	48097-48123
48110	13.4000000000015	275	48097-48123
48110.4	13	275	48097-48123
48110	12.5999999999985	275	48097-48123
48109.6	13	275	48097-48123
48110.1	13.5	276	48097-48124
48110.5	13.9000000000015	276	48097-48124
48110.9	13.5	276	48097-48124
48110.5	13.0999999999985	276	48097-48124
48110.1	13.5	276	48097-48124
48110.6	14	277	48097-48125
48111	14.4000000000015	277	48097-48125
48111.4	14	277	48097-48125
48111	13.5999999999985	277	48097-48125
48110.6	14	277	48097-48125
48111.1	14.5	278	48097-48126
48111.5	14.9000000000015	278	48097-48126
48111.9	14.5	278	48097-48126
48111.5	14.0999999999985	278	48097-48126
48111.1	14.5	278	48097-48126
48111.6	15	279	48097-48127
48112	15.4000000000015	279	48097-48127
48112.4	15	279	48097-48127
48112	14.5999999999985	279	48097-48127
48111.6	15	279	48097-48127
48112.1	15.5	280	48097-48128
48112.5	15.9000000000015	280	48097-48128
48112.9	15.5	280	48097-48128
48112.5	15.0999999999985	280	48097-48128
48112.1	15.5	280	48097-48128
48112.6	16	281	48097-48129
48113	16.4000000000015	281	48097-48129
48113.4	16	281	48097-48129
48113	15.5999999999985	281	48097-48129
48112.6	16	281	48097-48129
48113.1	16.5	282	48097-48130
48113.5	16.9000000000015	282	48097-48130
48113.9	16.5	282	48097-48130
48113.5	16.0999999999985	282	48097-48130
48113.1	16.5	282	48097-48130
48113.6	17	283	48097-48131
48114	17.4000000000015	283	48097-48131
48114.4	17	283	48097-48131
48114	16.5999999999985	283	48097-48131
48113.6	17	283	48097-48131
48114.1	17.5	284	48097-48132
48114.5	17.9000000000015	284	48097-48132
48114.9	17.5	284	48097-48132
48114.5	17.0999999999985	284	48097-48132
48114.1	17.5	284	48097-48132
48114.6	18	285	48097-48133
48115	18.4000000000015	285	48097-48133
48115.4	18	285	48097-48133
48115	17.5999999999985	285	48097-48133
48114.6	18	285	48097-48133
48115.1	18.5	286	48097-48134
48115.5	18.9000000000015	286	48097-48134
48115.9	18.5	286	48097-48134
48115.5	18.0999999999985	286	48097-48134
48115.1	18.5	286	48097-48134
48115.6	19	287	48097-48135
48116	19.4000000000015	287	48097-48135
48116.4	19	287	48097-48135
48116	18.5999999999985	287	48097-48135
48115.6	19	287	48097-48135
48116.1	19.5	288	48097-48136
48116.5	19.9000000000015	288	48097-48136
48116.9	19.5	288	48097-48136
48116.5	19.0999999999985	288	48097-48136
48116.1	19.5	288	48097-48136
48116.6	20	289	48097-48137
48117	20.4000000000015	289	48097-48137
48117.4	20	289	48097-48137
48117	19.5999999999985	289	48097-48137
48116.6	20	289	48097-48137
48117.1	20.5	290	48097-48138
48117.5	20.9000000000015	290	48097-48138
48117.9	20.5	290	48097-48138
48117.5	20.0999999999985	290	48097-48138
48117.1	20.5	290	48097-48138
48117.6	21	291	48097-48139
48118	21.4000000000015	291	48097-48139
48118.4	21	291	48097-48139
48118	20.5999999999985	291	48097-48139
48117.6	21	291	48097-48139
48118.1	21.5	292	48097-48140
48118.5	21.9000000000015	292	48097-48140
48118.9	21.5	292	48097-48140
48118.5	21.0999999999985	292	48097-48140
48118.1	21.5	292	48097-48140
48118.6	22	293	48097-48141
48119	22.4000000000015	293	48097-48141
48119.4	22	293	48097-48141
48119	21.5999999999985	293	48097-48141
48118.6	22	293	48097-48141
48119.1	22.5	294	48097-48142
48119.5	22.9000000000015	294	48097-48142
48119.9	22.5	294	48097-48142
48119.5	22.0999999999985	294	48097-48142
48119.1	22.5	294	48097-48142
48119.6	23	295	48097-48143
48120	23.4000000000015	295	48097-48143
48120.4	23	295	48097-48143
48120	22.5999999999985	295	48097-48143
48119.6	23	295	48097-48143
48120.1	23.5	296	48097-48144
48120.5	23.9000000000015	296	48097-48144
48120.9	23.5	296	48097-48144
48120.5	23.0999999999985	296	48097-48144
48120.1	23.5	296	48097-48144
48120.6	24	297	48097-48145
48121	24.4000000000015	297	48097-48145
48121.4	24	297	48097-48145
48121	23.5999999999985	297	48097-48145
48120.6	24	297	48097-48145
48121.1	24.5	298	48097-48146
48121.5	24.9000000000015	298	48097-48146
48121.9	24.5	298	48097-48146
48121.5	24.0999999999985	298	48097-48146
48121.1	24.5	298	48097-48146
48097.6	0	299	48098-48098
48098	0.400000000001455	299	48098-48098
48098.4	0	299	48098-48098
48098	-0.400000000001455	299	48098-48098
48097.6	0	299	48098-48098
48098.1	0.5	300	48098-48099
48098.5	0.900000000001455	300	48098-48099
48098.9	0.5	300	48098-48099
48098.5	0.0999999999985448	300	48098-48099
48098.1	0.5	300	48098-48099
48098.6	1	301	48098-48100
48099	1.40000000000146	301	48098-48100
48099.4	1	301	48098-48100
48099	0.599999999998545	301	48098-48100
48098.6	1	301	48098-48100
48099.1	1.5	302	48098-48101
48099.5	1.90000000000146	302	48098-48101
48099.9	1.5	302	48098-48101
48099.5	1.09999999999854	302	48098-48101
48099.1	1.5	302	48098-48101
48099.6	2	303	48098-48102
48100	2.40000000000146	303	48098-48102
48100.4	2	303	48098-48102
48100	1.59999999999854	303	48098-48102
48099.6	2	303	48098-48102
48100.1	2.5	304	48098-48103
48100.5	2.90000000000146	304	48098-48103
48100.9	2.5	304	48098-48103
48100.5	2.09999999999854	304	48098-48103
48100.1	2.5	304	48098-48103
48100.6	3	305	48098-48104
48101	3.40000000000146	305	48098-48104
48101.4	3	305	48098-48104
48101	2.59999999999855	305	48098-48104
48100.6	3	305	48098-48104
48101.1	3.5	306	48098-48105
48101.5	3.90000000000146	306	48098-48105
48101.9	3.5	306	48098-48105
48101.5	3.09999999999855	306	48098-48105
48101.1	3.5	306	48098-48105
48101.6	4	307	48098-48106
48102	4.40000000000146	307	48098-48106
48102.4	4	307	48098-48106
48102	3.59999999999855	307	48098-48106
48101.6	4	307	48098-48106
48102.1	4.5	308	48098-48107
48102.5	4.90000000000146	308	48098-48107
48102.9	4.5	308	48098-48107
48102.5	4.09999999999855	308	48098-48107
48102.1	4.5	308	48098-48107
48102.6	5	309	48098-48108
48103	5.40000000000146	309	48098-48108
48103.4	5	309	48098-48108
48103	4.59999999999855	309	48098-48108
48102.6	5	309	48098-48108
48103.1	5.5	310	48098-48109
48103.5	5.90000000000146	310	48098-48109
48103.9	5.5	310	48098-48109
48103.5	5.09999999999855	310	48098-48109
48103.1	5.5	310	48098-48109
48103.6	6	311	48098-48110
48104	6.40000000000146	311	48098-48110
48104.4	6	311	48098-48110
48104	5.59999999999855	311	48098-48110
48103.6	6	311	48098-48110
48104.1	6.5	312	48098-48111
48104.5	6.90000000000146	312	48098-48111
48104.9	6.5	312	48098-48111
48104.5	6.09999999999855	312	48098-48111
48104.1	6.5	312	48098-48111
48104.6	7	313	48098-48112
48105	7.40000000000146	313	48098-48112
48105.4	7	313	48098-48112
48105	6.59999999999855	313	48098-48112
48104.6	7	313	48098-48112
48105.1	7.5	314	48098-48113
48105.5	7.90000000000146	314	48098-48113
48105.9	7.5	314	48098-48113
48105.5	7.09999999999855	314	48098-48113
48105.1	7.5	314	48098-48113
48105.6	8	315	48098-48114
48106	8.40000000000146	315	48098-48114
48106.4	8	315	48098-48114
48106	7.59999999999855	315	48098-48114
48105.6	8	315	48098-48114
48106.1	8.5	316	48098-48115
48106.5	8.90000000000146	316	48098-48115
48106.9	8.5	316	48098-48115
48106.5	8.09999999999855	316	48098-48115
48106.1	8.5	316	48098-48115
48106.6	9	317	48098-48116
48107	9.40000000000146	317	48098-48116
48107.4	9	317	48098-48116
48107	8.59999999999855	317	48098-48116
48106.6	9	317	48098-48116
48107.1	9.5	318	48098-48117
48107.5	9.90000000000146	318	48098-48117
48107.9	9.5	318	48098-48117
48107.5	9.09999999999854	318	48098-48117
48107.1	9.5	318	48098-48117
48107.6	10	319	48098-48118
48108	10.4000000000015	319	48098-48118
48108.4	10	319	48098-48118
48108	9.59999999999854	319	48098-48118
48107.6	10	319	48098-48118
48108.1	10.5	320	48098-48119
48108.5	10.9000000000015	320	48098-48119
48108.9	10.5	320	48098-48119
48108.5	10.0999999999985	320	48098-48119
48108.1	10.5	320	48098-48119
48108.6	11	321	48098-48120
48109	11.4000000000015	321	48098-48120
48109.4	11	321	48098-48120
48109	10.5999999999985	321	48098-48120
48108.6	11	321	48098-48120
48109.1	11.5	322	48098-48121
48109.5	11.9000000000015	322	48098-48121
48109.9	11.5	322	48098-48121
48109.5	11.0999999999985	322	48098-48121
48109.1	11.5	322	48098-48121
48109.6	12	323	48098-48122
48110	12.4000000000015	323	48098-48122
48110.4	12	323	48098-48122
48110	11.5999999999985	323	48098-48122
48109.6	12	323	48098-48122
48110.1	12.5	324	48098-48123
48110.5	12.9000000000015	324	48098-48123
48110.9	12.5	324	48098-48123
48110.5	12.0999999999985	324	48098-48123
48110.1	12.5	324	48098-48123
48110.6	13	325	48098-48124
48111	13.4000000000015	325	48098-48124
48111.4	13	325	48098-48124
48111	12.5999999999985	325	48098-48124
48110.6	13	325	48098-48124
48111.1	13.5	326	48098-48125
48111.5	13.9000000000015	326	48098-48125
48111.9	13.5	326	48098-48125
48111.5	13.0999999999985	326	48098-48125
48111.1	13.5	326	48098-48125
48111.6	14	327	48098-48126
48112	14.4000000000015	327	48098-48126
48112.4	14	327	48098-48126
48112	13.5999999999985	327	48098-48126
48111.6	14	327	48098-48126
48112.1	14.5	328	48098-48127
48112.5	14.9000000000015	328	48098-48127
48112.9	14.5	328	48098-48127
48112.5	14.0999999999985	328	48098-48127
48112.1	14.5	328	48098-48127
48112.6	15	329	48098-48128
48113	15.4000000000015	329	48098-48128
48113.4	15	329	48098-48128
48113	14.5999999999985	329	48098-48128
48112.6	15	329	48098-48128
48113.1	15.5	330	48098-48129
48113.5	15.9000000000015	330	48098-48129
48113.9	15.5	330	48098-48129
48113.5	15.0999999999985	330	48098-48129
48113.1	15.5	330	48098-48129
48113.6	16	331	48098-48130
48114	16.4000000000015	331	48098-48130
48114.4	16	331	48098-48130
48114	15.5999999999985	331	48098-48130
48113.6	16	331	48098-48130
48114.1	16.5	332	48098-48131
48114.5	16.9000000000015	332	48098-48131
48114.9	16.5	332	48098-48131
48114.5	16.0999999999985	332	48098-48131
48114.1	16.5	332	48098-48131
48114.6	17	333	48098-48132
48115	17.4000000000015	333	48098-48132
48115.4	17	333	48098-48132
48115	16.5999999999985	333	48098-48132
48114.6	17	333	48098-48132
48115.1	17.5	334	48098-48133
48115.5	17.9000000000015	334	48098-48133
48115.9	17.5	334	48098-48133
48115.5	17.0999999999985	334	48098-48133
48115.1	17.5	334	48098-48133
48115.6	18	335	48098-48134
48116	18.4000000000015	335	48098-48134
48116.4	18	335	48098-48134
48116	17.5999999999985	335	48098-48134
48115.6	18	335	48098-48134
48116.1	18.5	336	48098-48135
48116.5	18.9000000000015	336	48098-48135
48116.9	18.5	336	48098-48135
48116.5	18.0999999999985	336	48098-48135
48116.1	18.5	336	48098-48135
48116.6	19	337	48098-48136
48117	19.4000000000015	337	48098-48136
48117.4	19	337	48098-48136
48117	18.5999999999985	337	48098-48136
48116.6	19	337	48098-48136
48117.1	19.5	338	48098-48137
48117.5	19.9000000000015	338	48098-48137
48117.9	19.5	338	48098-48137
48117.5	19.0999999999985	338	48098-48137
48117.1	19.5	338	48098-48137
48117.6	20	339	48098-48138
48118	20.4000000000015	339	48098-48138
48118.4	20	339	48098-48138
48118	19.5999999999985	339	48098-48138
48117.6	20	339	48098-48138
48118.1	20.5	340	48098-48139
48118.5	20.9000000000015	340	48098-48139
48118.9	20.5	340	48098-48139
48118.5	20.0999999999985	340	48098-48139
48118.1	20.5	340	48098-48139
48118.6	21	341	48098-48140
48119	21.4000000000015	341	48098-48140
48119.4	21	341	48098-48140
48119	20.5999999999985	341	48098-48140
48118.6	21	341	48098-48140
48119.1	21.5	342	48098-48141
48119.5	21.9000000000015	342	48098-48141
48119.9	21.5	342	48098-48141
48119.5	21.0999999999985	342	48098-48141
48119.1	21.5	342	48098-48141
48119.6	22	343	48098-48142
48120	22.4000000000015	343	48098-48142
48120.4	22	343	48098-48142
48120	21.5999999999985	343	48098-48142
48119.6	22	343	48098-48142
48120.1	22.5	344	48098-48143
48120.5	22.9000000000015	344	48098-48143
48120.9	22.5	344	48098-48143
48120.5	22.0999999999985	344	48098-48143
48120.1	22.5	344	48098-48143
48120.6	23	345	48098-48144
48121	23.4000000000015	345	48098-48144
48121.4	23	345	48098-48144
48121	22.5999999999985	345	48098-48144
48120.6	23	345	48098-48144
48121.1	23.5	346	48098-48145
48121.5	23.9000000000015	346	48098-48145
48121.9	23.5	346	48098-48145
48121.5	23.0999999999985	346	48098-48145
48121.1	23.5	346	48098-48145
48121.6	24	347	48098-48146
48122	24.4000000000015	347	48098-48146
48122.4	24	347	48098-48146
48122	23.5999999999985	347	48098-48146
48121.6	24	347	48098-48146
48122.1	24.5	348	48098-48147
48122.5	24.9000000000015	348	48098-48147
48122.9	24.5	348	48098-48147
48122.5	24.0999999999985	348	48098-48147
48122.1	24.5	348	48098-48147
48098.6	0	349	48099-48099
48099	0.400000000001455	349	48099-48099
48099.4	0	349	48099-48099
48099	-0.400000000001455	349	48099-48099
48098.6	0	349	48099-48099
48099.1	0.5	350	48099-48100
48099.5	0.900000000001455	350	48099-48100
48099.9	0.5	350	48099-48100
48099.5	0.0999999999985448	350	48099-48100
48099.1	0.5	350	48099-48100
48099.6	1	351	48099-48101
48100	1.40000000000146	351	48099-48101
48100.4	1	351	48099-48101
48100	0.599999999998545	351	48099-48101
48099.6	1	351	48099-48101
48100.1	1.5	352	48099-48102
48100.5	1.90000000000146	352	48099-48102
48100.9	1.5	352	48099-48102
48100.5	1.09999999999854	352	48099-48102
48100.1	1.5	352	48099-48102
48100.6	2	353	48099-48103
48101	2.40000000000146	353	48099-48103
48101.4	2	353	48099-48103
48101	1.59999999999854	353	48099-48103
48100.6	2	353	48099-48103
48101.1	2.5	354	48099-48104
48101.5	2.90000000000146	354	48099-48104
48101.9	2.5	354	48099-48104
48101.5	2.09999999999854	354	48099-48104
48101.1	2.5	354	48099-48104
48101.6	3	355	48099-48105
48102	3.40000000000146	355	48099-48105
48102.4	3	355	48099-48105
48102	2.59999999999855	355	48099-48105
48101.6	3	355	48099-48105
48102.1	3.5	356	48099-48106
48102.5	3.90000000000146	356	48099-48106
48102.9	3.5	356	48099-48106
48102.5	3.09999999999855	356	48099-48106
48102.1	3.5	356	48099-48106
48102.6	4	357	48099-48107
48103	4.40000000000146	357	48099-48107
48103.4	4	357	48099-48107
48103	3.59999999999855	357	48099-48107
48102.6	4	357	48099-48107
48103.1	4.5	358	48099-48108
48103.5	4.90000000000146	358	48099-48108
48103.9	4.5	358	48099-48108
48103.5	4.09999999999855	358	48099-48108
48103.1	4.5	358	48099-48108
48103.6	5	359	48099-48109
48104	5.40000000000146	359	48099-48109
48104.4	5	359	48099-48109
48104	4.59999999999855	359	48099-48109
48103.6	5	359	48099-48109
48104.1	5.5	360	48099-48110
48104.5	5.90000000000146	360	48099-48110
48104.9	5.5	360	48099-48110
48104.5	5.09999999999855	360	48099-48110
48104.1	5.5	360	48099-48110
48104.6	6	361	48099-48111
48105	6.40000000000146	361	48099-48111
48105.4	6	361	48099-48111
48105	5.59999999999855	361	48099-48111
48104.6	6	361	48099-48111
48105.1	6.5	362	48099-48112
48105.5	6.90000000000146	362	48099-48112
48105.9	6.5	362	48099-48112
48105.5	6.09999999999855	362	48099-48112
48105.1	6.5	362	48099-48112
48105.6	7	363	48099-48113
48106	7.40000000000146	363	48099-48113
48106.4	7	363	48099-48113
48106	6.59999999999855	363	48099-48113
48105.6	7	363	48099-48113
48106.1	7.5	364	48099-48114
48106.5	7.90000000000146	364	48099-48114
48106.9	7.5	364	48099-48114
48106.5	7.09999999999855	364	48099-48114
48106.1	7.5	364	48099-48114
48106.6	8	365	48099-48115
48107	8.40000000000146	365	48099-48115
48107.4	8	365	48099-48115
48107	7.59999999999855	365	48099-48115
48106.6	8	365	48099-48115
48107.1	8.5	366	48099-48116
48107.5	8.90000000000146	366	48099-48116
48107.9	8.5	366	48099-48116
48107.5	8.09999999999855	366	48099-48116
48107.1	8.5	366	48099-48116
48107.6	9	367	48099-48117
48108	9.40000000000146	367	48099-48117
48108.4	9	367	48099-48117
48108	8.59999999999855	367	48099-48117
48107.6	9	367	48099-48117
48108.1	9.5	368	48099-48118
48108.5	9.90000000000146	368	48099-48118
48108.9	9.5	368	48099-48118
48108.5	9.09999999999854	368	48099-48118
48108.1	9.5	368	48099-48118
48108.6	10	369	48099-48119
48109	10.4000000000015	369	48099-48119
48109.4	10	369	48099-48119
48109	9.59999999999854	369	48099-48119
48108.6	10	369	48099-48119
48109.1	10.5	370	48099-48120
48109.5	10.9000000000015	370	48099-48120
48109.9	10.5	370	48099-48120
48109.5	10.0999999999985	370	48099-48120
48109.1	10.5	370	48099-48120
48109.6	11	371	48099-48121
48110	11.4000000000015	371	48099-48121
48110.4	11	371	48099-48121
48110	10.5999999999985	371	48099-48121
48109.6	11	371	48099-48121
48110.1	11.5	372	48099-48122
48110.5	11.9000000000015	372	48099-48122
48110.9	11.5	372	48099-48122
48110.5	11.0999999999985	372	48099-48122
48110.1	11.5	372	48099-48122
48110.6	12	373	48099-48123
48111	12.4000000000015	373	48099-48123
48111.4	12	373	48099-48123
48111	11.5999999999985	373	48099-48123
48110.6	12	373	48099-48123
48111.1	12.5	374	48099-48124
48111.5	12.9000000000015	374	48099-48124
48111.9	12.5	374	48099-48124
48111.5	12.0999999999985	374	48099-48124
48111.1	12.5	374	48099-48124
48111.6	13	375	48099-48125
48112	13.4000000000015	375	48099-48125
48112.4	13	375	48099-48125
48112	12.5999999999985	375	48099-48125
48111.6	13	375	48099-48125
48112.1	13.5	376	48099-48126
48112.5	13.9000000000015	376	48099-48126
48112.9	13.5	376	48099-48126
48112.5	13.0999999999985	376	48099-48126
48112.1	13.5	376	48099-48126
48112.6	14	377	48099-48127
48113	14.4000000000015	377	48099-48127
48113.4	14	377	48099-48127
48113	13.5999999999985	377	48099-48127
48112.6	14	377	48099-48127
48113.1	14.5	378	48099-48128
48113.5	14.9000000000015	378	48099-48128
48113.9	14.5	378	48099-48128
48113.5	14.0999999999985	378	48099-48128
48113.1	14.5	378	48099-48128
48113.6	15	379	48099-48129
48114	15.4000000000015	379	48099-48129
48114.4	15	379	48099-48129
48114	14.5999999999985	379	48099-48129
48113.6	15	379	48099-48129
48114.1	15.5	380	48099-48130
48114.5	15.9000000000015	380	48099-48130
48114.9	15.5	380	48099-48130
48114.5	15.0999999999985	380	48099-48130
48114.1	15.5	380	48099-48130
48114.6	16	381	48099-48131
48115	16.4000000000015	381	48099-48131
48115.4	16	381	48099-48131
48115	15.5999999999985	381	48099-48131
48114.6	16	381	48099-48131
48115.1	16.5	382	48099-48132
48115.5	16.9000000000015	382	48099-48132
48115.9	16.5	382	48099-48132
48115.5	16.0999999999985	382	48099-48132
48115.1	16.5	382	48099-48132
48115.6	17	383	48099-48133
48116	17.4000000000015	383	48099-48133
48116.4	17	383	48099-48133
48116	16.5999999999985	383	48099-48133
48115.6	17	383	48099-48133
48116.1	17.5	384	48099-48134
48116.5	17.9000000000015	384	48099-48134
48116.9	17.5	384	48099-48134
48116.5	17.0999999999985	384	48099-48134
48116.1	17.5	384	48099-48134
48116.6	18	385	48099-48135
48117	18.4000000000015	385	48099-48135
48117.4	18	385	48099-48135
48117	17.5999999999985	385	48099-48135
48116.6	18	385	48099-48135
48117.1	18.5	386	48099-48136
48117.5	18.9000000000015	386	48099-48136
48117.9	18.5	386	48099-48136
48117.5	18.0999999999985	386	48099-48136
48117.1	18.5	386	48099-48136
48117.6	19	387	48099-48137
48118	19.4000000000015	387	48099-48137
48118.4	19	387	48099-48137
48118	18.5999999999985	387	48099-48137
48117.6	19	387	48099-48137
48118.1	19.5	388	48099-48138
48118.5	19.9000000000015	388	48099-48138
48118.9	19.5	388	48099-48138
48118.5	19.0999999999985	388	48099-48138
48118.1	19.5	388	48099-48138
48118.6	20	389	48099-48139
48119	20.4000000000015	389	48099-48139
48119.4	20	389	48099-48139
48119	19.5999999999985	389	48099-48139
48118.6	20	389	48099-48139
48119.1	20.5	390	48099-48140
48119.5	20.9000000000015	390	48099-48140
48119.9	20.5	390	48099-48140
48119.5	20.0999999999985	390	48099-48140
48119.1	20.5	390	48099-48140
48119.6	21	391	48099-48141
48120	21.4000000000015	391	48099-48141
48120.4	21	391	48099-48141
48120	20.5999999999985	391	48099-48141
48119.6	21	391	48099-48141
48120.1	21.5	392	48099-48142
48120.5	21.9000000000015	392	48099-48142
48120.9	21.5	392	48099-48142
48120.5	21.0999999999985	392	48099-48142
48120.1	21.5	392	48099-48142
48120.6	22	393	48099-48143
48121	22.4000000000015	393	48099-48143
48121.4	22	393	48099-48143
48121	21.5999999999985	393	48099-48143
48120.6	22	393	48099-48143
48121.1	22.5	394	48099-48144
48121.5	22.9000000000015	394	48099-48144
48121.9	22.5	394	48099-48144
48121.5	22.0999999999985	394	48099-48144
48121.1	22.5	394	48099-48144
48121.6	23	395	48099-48145
48122	23.4000000000015	395	48099-48145
48122.4	23	395	48099-48145
48122	22.5999999999985	395	48099-48145
48121.6	23	395	48099-48145
48122.1	23.5	396	48099-48146
48122.5	23.9000000000015	396	48099-48146
48122.9	23.5	396	48099-48146
48122.5	23.0999999999985	396	48099-48146
48122.1	23.5	396	48099-48146
48122.6	24	397	48099-48147
48123	24.4000000000015	397	48099-48147
48123.4	24	397	48099-48147
48123	23.5999999999985	397	48099-48147
48122.6	24	397	48099-48147
48123.1	24.5	398	48099-48148
48123.5	24.9000000000015	398	48099-48148
48123.9	24.5	398	48099-48148
48123.5	24.0999999999985	398	48099-48148
48123.1	24.5	398	48099-48148
48099.6	0	399	48100-48100
48100	0.400000000001455	399	48100-48100
48100.4	0	399	48100-48100
48100	-0.400000000001455	399	48100-48100
48099.6	0	399	48100-48100
48100.1	0.5	400	48100-48101
48100.5	0.900000000001455	400	48100-48101
48100.9	0.5	400	48100-48101
48100.5	0.0999999999985448	400	48100-48101
48100.1	0.5	400	48100-48101
48100.6	1	401	48100-48102
48101	1.40000000000146	401	48100-48102
48101.4	1	401	48100-48102
48101	0.599999999998545	401	48100-48102
48100.6	1	401	48100-48102
48101.1	1.5	402	48100-48103
48101.5	1.90000000000146	402	48100-48103
48101.9	1.5	402	48100-48103
48101.5	1.09999999999854	402	48100-48103
48101.1	1.5	402	48100-48103
48101.6	2	403	48100-48104
48102	2.40000000000146	403	48100-48104
48102.4	2	403	48100-48104
48102	1.59999999999854	403	48100-48104
48101.6	2	403	48100-48104
48102.1	2.5	404	48100-48105
48102.5	2.90000000000146	404	48100-48105
48102.9	2.5	404	48100-48105
48102.5	2.09999999999854	404	48100-48105
48102.1	2.5	404	48100-48105
48102.6	3	405	48100-48106
48103	3.40000000000146	405	48100-48106
48103.4	3	405	48100-48106
48103	2.59999999999855	405	48100-48106
48102.6	3	405	48100-48106
48103.1	3.5	406	48100-48107
48103.5	3.90000000000146	406	48100-48107
48103.9	3.5	406	48100-48107
48103.5	3.09999999999855	406	48100-48107
48103.1	3.5	406	48100-48107
48103.6	4	407	48100-48108
48104	4.40000000000146	407	48100-48108
48104.4	4	407	48100-48108
48104	3.59999999999855	407	48100-48108
48103.6	4	407	48100-48108
48104.1	4.5	408	48100-48109
48104.5	4.90000000000146	408	48100-48109
48104.9	4.5	408	48100-48109
48104.5	4.09999999999855	408	48100-48109
48104.1	4.5	408	48100-48109
48104.6	5	409	48100-48110
48105	5.40000000000146	409	48100-48110
48105.4	5	409	48100-48110
48105	4.59999999999855	409	48100-48110
48104.6	5	409	48100-48110
48105.1	5.5	410	48100-48111
48105.5	5.90000000000146	410	48100-48111
48105.9	5.5	410	48100-48111
48105.5	5.09999999999855	410	48100-48111
48105.1	5.5	410	48100-48111
48105.6	6	411	48100-48112
48106	6.40000000000146	411	48100-48112
48106.4	6	411	48100-48112
48106	5.59999999999855	411	48100-48112
48105.6	6	411	48100-48112
48106.1	6.5	412	48100-48113
48106.5	6.90000000000146	412	48100-48113
48106.9	6.5	412	48100-48113
48106.5	6.09999999999855	412	48100-48113
48106.1	6.5	412	48100-48113
48106.6	7	413	48100-48114
48107	7.40000000000146	413	48100-48114
48107.4	7	413	48100-48114
48107	6.59999999999855	413	48100-48114
48106.6	7	413	48100-48114
48107.1	7.5	414	48100-48115
48107.5	7.90000000000146	414	48100-48115
48107.9	7.5	414	48100-48115
48107.5	7.09999999999855	414	48100-48115
48107.1	7.5	414	48100-48115
48107.6	8	415	48100-48116
48108	8.40000000000146	415	48100-48116
48108.4	8	415	48100-48116
48108	7.59999999999855	415	48100-48116
48107.6	8	415	48100-48116
48108.1	8.5	416	48100-48117
48108.5	8.90000000000146	416	48100-48117
48108.9	8.5	416	48100-48117
48108.5	8.09999999999855	416	48100-48117
48108.1	8.5	416	48100-48117
48108.6	9	417	48100-48118
48109	9.40000000000146	417	48100-48118
48109.4	9	417	48100-48118
48109	8.59999999999855	417	48100-48118
48108.6	9	417	48100-48118
48109.1	9.5	418	48100-48119
48109.5	9.90000000000146	418	48100-48119
48109.9	9.5	418	48100-48119
48109.5	9.09999999999854	418	48100-48119
48109.1	9.5	418	48100-48119
48109.6	10	419	48100-48120
48110	10.4000000000015	419	48100-48120
48110.4	10	419	48100-48120
48110	9.59999999999854	419	48100-48120
48109.6	10	419	48100-48120
48110.1	10.5	420	48100-48121
48110.5	10.9000000000015	420	48100-48121
48110.9	10.5	420	48100-48121
48110.5	10.0999999999985	420	48100-48121
48110.1	10.5	420	48100-48121
48110.6	11	421	48100-48122
48111	11.4000000000015	421	48100-48122
48111.4	11	421	48100-48122
48111	10.5999999999985	421	48100-48122
48110.6	11	421	48100-48122
48111.1	11.5	422	48100-48123
48111.5	11.9000000000015	422	48100-48123
48111.9	11.5	422	48100-48123
48111.5	11.0999999999985	422	48100-48123
48111.1	11.5	422	48100-48123
48111.6	12	423	48100-48124
48112	12.4000000000015	423	48100-48124
48112.4	12	423	48100-48124
48112	11.5999999999985	423	48100-48124
48111.6	12	423	48100-48124
48112.1	12.5	424	48100-48125
48112.5	12.9000000000015	424	48100-48125
48112.9	12.5	424	48100-48125
48112.5	12.0999999999985	424	48100-48125
48112.1	12.5	424	48100-48125
48112.6	13	425	48100-48126
48113	13.4000000000015	425	48100-48126
48113.4	13	425	48100-48126
48113	12.5999999999985	425	48100-48126
48112.6	13	425	48100-48126
48113.1	13.5	426	48100-48127
48113.5	13.9000000000015	426	48100-48127
48113.9	13.5	426	48100-48127
48113.5	13.0999999999985	426	48100-48127
48113.1	13.5	426	48100-48127
48113.6	14	427	48100-48128
48114	14.4000000000015	427	48100-48128
48114.4	14	427	48100-48128
48114	13.5999999999985	427	48100-48128
48113.6	14	427	48100-48128
48114.1	14.5	428	48100-48129
48114.5	14.9000000000015	428	48100-48129
48114.9	14.5	428	48100-48129
48114.5	14.0999999999985	428	48100-48129
48114.1	14.5	428	48100-48129
48114.6	15	429	48100-48130
48115	15.4000000000015	429	48100-48130
48115.4	15	429	48100-48130
48115	14.5999999999985	429	48100-48130
48114.6	15	429	48100-48130
48115.1	15.5	430	48100-48131
48115.5	15.9000000000015	430	48100-48131
48115.9	15.5	430	48100-48131
48115.5	15.0999999999985	430	48100-48131
48115.1	15.5	430	48100-48131
48115.6	16	431	48100-48132
48116	16.4000000000015	431	48100-48132
48116.4	16	431	48100-48132
48116	15.5999999999985	431	48100-48132
48115.6	16	431	48100-48132
48116.1	16.5	432	48100-48133
48116.5	16.9000000000015	432	48100-48133
48116.9	16.5	432	48100-48133
48116.5	16.0999999999985	432	48100-48133
48116.1	16.5	432	48100-48133
48116.6	17	433	48100-48134
48117	17.4000000000015	433	48100-48134
48117.4	17	433	48100-48134
48117	16.5999999999985	433	48100-48134
48116.6	17	433	48100-48134
48117.1	17.5	434	48100-48135
48117.5	17.9000000000015	434	48100-48135
48117.9	17.5	434	48100-48135
48117.5	17.0999999999985	434	48100-48135
48117.1	17.5	434	48100-48135
48117.6	18	435	48100-48136
48118	18.4000000000015	435	48100-48136
48118.4	18	435	48100-48136
48118	17.5999999999985	435	48100-48136
48117.6	18	435	48100-48136
48118.1	18.5	436	48100-48137
48118.5	18.9000000000015	436	48100-48137
48118.9	18.5	436	48100-48137
48118.5	18.0999999999985	436	48100-48137
48118.1	18.5	436	48100-48137
48118.6	19	437	48100-48138
48119	19.4000000000015	437	48100-48138
48119.4	19	437	48100-48138
48119	18.5999999999985	437	48100-48138
48118.6	19	437	48100-48138
48119.1	19.5	438	48100-48139
48119.5	19.9000000000015	438	48100-48139
48119.9	19.5	438	48100-48139
48119.5	19.0999999999985	438	48100-48139
48119.1	19.5	438	48100-48139
48119.6	20	439	48100-48140
48120	20.4000000000015	439	48100-48140
48120.4	20	439	48100-48140
48120	19.5999999999985	439	48100-48140
48119.6	20	439	48100-48140
48120.1	20.5	440	48100-48141
48120.5	20.9000000000015	440	48100-48141
48120.9	20.5	440	48100-48141
48120.5	20.0999999999985	440	48100-48141
48120.1	20.5	440	48100-48141
48120.6	21	441	48100-48142
48121	21.4000000000015	441	48100-48142
48121.4	21	441	48100-48142
48121	20.5999999999985	441	48100-48142
48120.6	21	441	48100-48142
48121.1	21.5	442	48100-48143
48121.5	21.9000000000015	442	48100-48143
48121.9	21.5	442	48100-48143
48121.5	21.0999999999985	442	48100-48143
48121.1	21.5	442	48100-48143
48121.6	22	443	48100-48144
48122	22.4000000000015	443	48100-48144
48122.4	22	443	48100-48144
48122	21.5999999999985	443	48100-48144
48121.6	22	443	48100-48144
48122.1	22.5	444	48100-48145
48122.5	22.9000000000015	444	48100-48145
48122.9	22.5	444	48100-48145
48122.5	22.0999999999985	444	48100-48145
48122.1	22.5	444	48100-48145
48122.6	23	445	48100-48146
48123	23.4000000000015	445	48100-48146
48123.4	23	445	48100-48146
48123	22.5999999999985	445	48100-48146
48122.6	23	445	48100-48146
48123.1	23.5	446	48100-48147
48123.5	23.9000000000015	446	48100-48147
48123.9	23.5	446	48100-48147
48123.5	23.0999999999985	446	48100-48147
48123.1	23.5	446	48100-48147
48123.6	24	447	48100-48148
48124	24.4000000000015	447	48100-48148
48124.4	24	447	48100-48148
48124	23.5999999999985	447	48100-48148
48123.6	24	447	48100-48148
48124.1	24.5	448	48100-48149
48124.5	24.9000000000015	448	48100-48149
48124.9	24.5	448	48100-48149
48124.5	24.0999999999985	448	48100-48149
48124.1	24.5	448	48100-48149
48100.6	0	449	48101-48101
48101	0.400000000001455	449	48101-48101
48101.4	0	449	48101-48101
48101	-0.400000000001455	449	48101-48101
48100.6	0	449	48101-48101
48101.1	0.5	450	48101-48102
48101.5	0.900000000001455	450	48101-48102
48101.9	0.5	450	48101-48102
48101.5	0.0999999999985448	450	48101-48102
48101.1	0.5	450	48101-48102
48101.6	1	451	48101-48103
48102	1.40000000000146	451	48101-48103
48102.4	1	451	48101-48103
48102	0.599999999998545	451	48101-48103
48101.6	1	451	48101-48103
48102.1	1.5	452	48101-48104
48102.5	1.90000000000146	452	48101-48104
48102.9	1.5	452	48101-48104
48102.5	1.09999999999854	452	48101-48104
48102.1	1.5	452	48101-48104
48102.6	2	453	48101-48105
48103	2.40000000000146	453	48101-48105
48103.4	2	453	48101-48105
48103	1.59999999999854	453	48101-48105
48102.6	2	453	48101-48105
48103.1	2.5	454	48101-48106
48103.5	2.90000000000146	454	48101-48106
48103.9	2.5	454	48101-48106
48103.5	2.09999999999854	454	48101-48106
48103.1	2.5	454	48101-48106
48103.6	3	455	48101-48107
48104	3.40000000000146	455	48101-48107
48104.4	3	455	48101-48107
48104	2.59999999999855	455	48101-48107
48103.6	3	455	48101-48107
48104.1	3.5	456	48101-48108
48104.5	3.90000000000146	456	48101-48108
48104.9	3.5	456	48101-48108
48104.5	3.09999999999855	456	48101-48108
48104.1	3.5	456	48101-48108
48104.6	4	457	48101-48109
48105	4.40000000000146	457	48101-48109
48105.4	4	457	48101-48109
48105	3.59999999999855	457	48101-48109
48104.6	4	457	48101-48109
48105.1	4.5	458	48101-48110
48105.5	4.90000000000146	458	48101-48110
48105.9	4.5	458	48101-48110
48105.5	4.09999999999855	458	48101-48110
48105.1	4.5	458	48101-48110
48105.6	5	459	48101-48111
48106	5.40000000000146	459	48101-48111
48106.4	5	459	48101-48111
48106	4.59999999999855	459	48101-48111
48105.6	5	459	48101-48111
48106.1	5.5	460	48101-48112
48106.5	5.90000000000146	460	48101-48112
48106.9	5.5	460	48101-48112
48106.5	5.09999999999855	460	48101-48112
48106.1	5.5	460	48101-48112
48106.6	6	461	48101-48113
48107	6.40000000000146	461	48101-48113
48107.4	6	461	48101-48113
48107	5.59999999999855	461	48101-48113
48106.6	6	461	48101-48113
48107.1	6.5	462	48101-48114
48107.5	6.90000000000146	462	48101-48114
48107.9	6.5	462	48101-48114
48107.5	6.09999999999855	462	48101-48114
48107.1	6.5	462	48101-48114
48107.6	7	463	48101-48115
48108	7.40000000000146	463	48101-48115
48108.4	7	463	48101-48115
48108	6.59999999999855	463	48101-48115
48107.6	7	463	48101-48115
48108.1	7.5	464	48101-48116
48108.5	7.90000000000146	464	48101-48116
48108.9	7.5	464	48101-48116
48108.5	7.09999999999855	464	48101-48116
48108.1	7.5	464	48101-48116
48108.6	8	465	48101-48117
48109	8.40000000000146	465	48101-48117
48109.4	8	465	48101-48117
48109	7.59999999999855	465	48101-48117
48108.6	8	465	48101-48117
48109.1	8.5	466	48101-48118
48109.5	8.90000000000146	466	48101-48118
48109.9	8.5	466	48101-48118
48109.5	8.09999999999855	466	48101-48118
48109.1	8.5	466	48101-48118
48109.6	9	467	48101-48119
48110	9.40000000000146	467	48101-48119
48110.4	9	467	48101-48119
48110	8.59999999999855	467	48101-48119
48109.6	9	467	48101-48119
48110.1	9.5	468	48101-48120
48110.5	9.90000000000146	468	48101-48120
48110.9	9.5	468	48101-48120
48110.5	9.09999999999854	468	48101-48120
48110.1	9.5	468	48101-48120
48110.6	10	469	48101-48121
48111	10.4000000000015	469	48101-48121
48111.4	10	469	48101-48121
48111	9.59999999999854	469	48101-48121
48110.6	10	469	48101-48121
48111.1	10.5	470	48101-48122
48111.5	10.9000000000015	470	48101-48122
48111.9	10.5	470	48101-48122
48111.5	10.0999999999985	470	48101-48122
48111.1	10.5	470	48101-48122
48111.6	11	471	48101-48123
48112	11.4000000000015	471	48101-48123
48112.4	11	471	48101-48123
48112	10.5999999999985	471	48101-48123
48111.6	11	471	48101-48123
48112.1	11.5	472	48101-48124
48112.5	11.9000000000015	472	48101-48124
48112.9	11.5	472	48101-48124
48112.5	11.0999999999985	472	48101-48124
48112.1	11.5	472	48101-48124
48112.6	12	473	48101-48125
48113	12.4000000000015	473	48101-48125
48113.4	12	473	48101-48125
48113	11.5999999999985	473	48101-48125
48112.6	12	473	48101-48125
48113.1	12.5	474	48101-48126
48113.5	12.9000000000015	474	48101-48126
48113.9	12.5	474	48101-48126
48113.5	12.0999999999985	474	48101-48126
48113.1	12.5	474	48101-48126
48113.6	13	475	48101-48127
48114	13.4000000000015	475	48101-48127
48114.4	13	475	48101-48127
48114	12.5999999999985	475	48101-48127
48113.6	13	475	48101-48127
48114.1	13.5	476	48101-48128
48114.5	13.9000000000015	476	48101-48128
48114.9	13.5	476	48101-48128
48114.5	13.0999999999985	476	48101-48128
48114.1	13.5	476	48101-48128
48114.6	14	477	48101-48129
48115	14.4000000000015	477	48101-48129
48115.4	14	477	48101-48129
48115	13.5999999999985	477	48101-48129
48114.6	14	477	48101-48129
48115.1	14.5	478	48101-48130
48115.5	14.9000000000015	478	48101-48130
48115.9	14.5	478	48101-48130
48115.5	14.0999999999985	478	48101-48130
48115.1	14.5	478	48101-48130
48115.6	15	479	48101-48131
48116	15.4000000000015	479	48101-48131
48116.4	15	479	48101-48131
48116	14.5999999999985	479	48101-48131
48115.6	15	479	48101-48131
48116.1	15.5	480	48101-48132
48116.5	15.9000000000015	480	48101-48132
48116.9	15.5	480	48101-48132
48116.5	15.0999999999985	480	48101-48132
48116.1	15.5	480	48101-48132
48116.6	16	481	48101-48133
48117	16.4000000000015	481	48101-48133
48117.4	16	481	48101-48133
48117	15.5999999999985	481	48101-48133
48116.6	16	481	48101-48133
48117.1	16.5	482	48101-48134
48117.5	16.9000000000015	482	48101-48134
48117.9	16.5	482	48101-48134
48117.5	16.0999999999985	482	48101-48134
48117.1	16.5	482	48101-48134
48117.6	17	483	48101-48135
48118	17.4000000000015	483	48101-48135
48118.4	17	483	48101-48135
48118	16.5999999999985	483	48101-48135
48117.6	17	483	48101-48135
48118.1	17.5	484	48101-48136
48118.5	17.9000000000015	484	48101-48136
48118.9	17.5	484	48101-48136
48118.5	17.0999999999985	484	48101-48136
48118.1	17.5	484	48101-48136
48118.6	18	485	48101-48137
48119	18.4000000000015	485	48101-48137
48119.4	18	485	48101-48137
48119	17.5999999999985	485	48101-48137
48118.6	18	485	48101-48137
48119.1	18.5	486	48101-48138
48119.5	18.9000000000015	486	48101-48138
48119.9	18.5	486	48101-48138
48119.5	18.0999999999985	486	48101-48138
48119.1	18.5	486	48101-48138
48119.6	19	487	48101-48139
48120	19.4000000000015	487	48101-48139
48120.4	19	487	48101-48139
48120	18.5999999999985	487	48101-48139
48119.6	19	487	48101-48139
48120.1	19.5	488	48101-48140
48120.5	19.9000000000015	488	48101-48140
48120.9	19.5	488	48101-48140
48120.5	19.0999999999985	488	48101-48140
48120.1	19.5	488	48101-48140
48120.6	20	489	48101-48141
48121	20.4000000000015	489	48101-48141
48121.4	20	489	48101-48141
48121	19.5999999999985	489	48101-48141
48120.6	20	489	48101-48141
48121.1	20.5	490	48101-48142
48121.5	20.9000000000015	490	48101-48142
48121.9	20.5	490	48101-48142
48121.5	20.0999999999985	490	48101-48142
48121.1	20.5	490	48101-48142
48121.6	21	491	48101-48143
48122	21.4000000000015	491	48101-48143
48122.4	21	491	48101-48143
48122	20.5999999999985	491	48101-48143
48121.6	21	491	48101-48143
48122.1	21.5	492	48101-48144
48122.5	21.9000000000015	492	48101-48144
48122.9	21.5	492	48101-48144
48122.5	21.0999999999985	492	48101-48144
48122.1	21.5	492	48101-48144
48122.6	22	493	48101-48145
48123	22.4000000000015	493	48101-48145
48123.4	22	493	48101-48145
48123	21.5999999999985	493	48101-48145
48122.6	22	493	48101-48145
48123.1	22.5	494	48101-48146
48123.5	22.9000000000015	494	48101-48146
48123.9	22.5	494	48101-48146
48123.5	22.0999999999985	494	48101-48146
48123.1	22.5	494	48101-48146
48123.6	23	495	48101-48147
48124	23.4000000000015	495	48101-48147
48124.4	23	495	48101-48147
48124	22.5999999999985	495	48101-48147
48123.6	23	495	48101-48147
48124.1	23.5	496	48101-48148
48124.5	23.9000000000015	496	48101-48148
48124.9	23.5	496	48101-48148
48124.5	23.0999999999985	496	48101-48148
48124.1	23.5	496	48101-48148
48124.6	24	497	48101-48149
48125	24.4000000000015	497	48101-48149
48125.4	24	497	48101-48149
48125	23.5999999999985	497	48101-48149
48124.6	24	497	48101-48149
48125.1	24.5	498	48101-48150
48125.5	24.9000000000015	498	48101-48150
48125.9	24.5	498	48101-48150
48125.5	24.0999999999985	498	48101-48150
48125.1	24.5	498	48101-48150
48101.6	0	499	48102-48102
48102	0.400000000001455	499	48102-48102
48102.4	0	499	48102-48102
48102	-0.400000000001455	499	48102-48102
48101.6	0	499	48102-48102
48102.1	0.5	500	48102-48103
48102.5	0.900000000001455	500	48102-48103
48102.9	0.5	500	48102-48103
48102.5	0.0999999999985448	500	48102-48103
48102.1	0.5	500	48102-48103
48102.6	1	501	48102-48104
48103	1.40000000000146	501	48102-48104
48103.4	1	501	48102-48104
48103	0.599999999998545	501	48102-48104
48102.6	1	501	48102-48104
48103.1	1.5	502	48102-48105
48103.5	1.90000000000146	502	48102-48105
48103.9	1.5	502	48102-48105
48103.5	1.09999999999854	502	48102-48105
48103.1	1.5	502	48102-48105
48103.6	2	503	48102-48106
48104	2.40000000000146	503	48102-48106
48104.4	2	503	48102-48106
48104	1.59999999999854	503	48102-48106
48103.6	2	503	48102-48106
48104.1	2.5	504	48102-48107
48104.5	2.90000000000146	504	48102-48107
48104.9	2.5	504	48102-48107
48104.5	2.09999999999854	504	48102-48107
48104.1	2.5	504	48102-48107
48104.6	3	505	48102-48108
48105	3.40000000000146	505	48102-48108
48105.4	3	505	48102-48108
48105	2.59999999999855	505	48102-48108
48104.6	3	505	48102-48108
48105.1	3.5	506	48102-48109
48105.5	3.90000000000146	506	48102-48109
48105.9	3.5	506	48102-48109
48105.5	3.09999999999855	506	48102-48109
48105.1	3.5	506	48102-48109
48105.6	4	507	48102-48110
48106	4.40000000000146	507	48102-48110
48106.4	4	507	48102-48110
48106	3.59999999999855	507	48102-48110
48105.6	4	507	48102-48110
48106.1	4.5	508	48102-48111
48106.5	4.90000000000146	508	48102-48111
48106.9	4.5	508	48102-48111
48106.5	4.09999999999855	508	48102-48111
48106.1	4.5	508	48102-48111
48106.6	5	509	48102-48112
48107	5.40000000000146	509	48102-48112
48107.4	5	509	48102-48112
48107	4.59999999999855	509	48102-48112
48106.6	5	509	48102-48112
48107.1	5.5	510	48102-48113
48107.5	5.90000000000146	510	48102-48113
48107.9	5.5	510	48102-48113
48107.5	5.09999999999855	510	48102-48113
48107.1	5.5	510	48102-48113
48107.6	6	511	48102-48114
48108	6.40000000000146	511	48102-48114
48108.4	6	511	48102-48114
48108	5.59999999999855	511	48102-48114
48107.6	6	511	48102-48114
48108.1	6.5	512	48102-48115
48108.5	6.90000000000146	512	48102-48115
48108.9	6.5	512	48102-48115
48108.5	6.09999999999855	512	48102-48115
48108.1	6.5	512	48102-48115
48108.6	7	513	48102-48116
48109	7.40000000000146	513	48102-48116
48109.4	7	513	48102-48116
48109	6.59999999999855	513	48102-48116
48108.6	7	513	48102-48116
48109.1	7.5	514	48102-48117
48109.5	7.90000000000146	514	48102-48117
48109.9	7.5	514	48102-48117
48109.5	7.09999999999855	514	48102-48117
48109.1	7.5	514	48102-48117
48109.6	8	515	48102-48118
48110	8.40000000000146	515	48102-48118
48110.4	8	515	48102-48118
48110	7.59999999999855	515	48102-48118
48109.6	8	515	48102-48118
48110.1	8.5	516	48102-48119
48110.5	8.90000000000146	516	48102-48119
48110.9	8.5	516	48102-48119
48110.5	8.09999999999855	516	48102-48119
48110.1	8.5	516	48102-48119
48110.6	9	517	48102-48120
48111	9.40000000000146	517	48102-48120
48111.4	9	517	48102-48120
48111	8.59999999999855	517	48102-48120
48110.6	9	517	48102-48120
48111.1	9.5	518	48102-48121
48111.5	9.90000000000146	518	48102-48121
48111.9	9.5	518	48102-48121
48111.5	9.09999999999854	518	48102-48121
48111.1	9.5	518	48102-48121
48111.6	10	519	48102-48122
48112	10.4000000000015	519	48102-48122
48112.4	10	519	48102-48122
48112	9.59999999999854	519	48102-48122
48111.6	10	519	48102-48122
48112.1	10.5	520	48102-48123
48112.5	10.9000000000015	520	48102-48123
48112.9	10.5	520	48102-48123
48112.5	10.0999999999985	520	48102-48123
48112.1	10.5	520	48102-48123
48112.6	11	521	48102-48124
48113	11.4000000000015	521	48102-48124
48113.4	11	521	48102-48124
48113	10.5999999999985	521	48102-48124
48112.6	11	521	48102-48124
48113.1	11.5	522	48102-48125
48113.5	11.9000000000015	522	48102-48125
48113.9	11.5	522	48102-48125
48113.5	11.0999999999985	522	48102-48125
48113.1	11.5	522	48102-48125
48113.6	12	523	48102-48126
48114	12.4000000000015	523	48102-48126
48114.4	12	523	48102-48126
48114	11.5999999999985	523	48102-48126
48113.6	12	523	48102-48126
48114.1	12.5	524	48102-48127
48114.5	12.9000000000015	524	48102-48127
48114.9	12.5	524	48102-48127
48114.5	12.0999999999985	524	48102-48127
48114.1	12.5	524	48102-48127
48114.6	13	525	48102-48128
48115	13.4000000000015	525	48102-48128
48115.4	13	525	48102-48128
48115	12.5999999999985	525	48102-48128
48114.6	13	525	48102-48128
48115.1	13.5	526	48102-48129
48115.5	13.9000000000015	526	48102-48129
48115.9	13.5	526	48102-48129
48115.5	13.0999999999985	526	48102-48129
48115.1	13.5	526	48102-48129
48115.6	14	527	48102-48130
48116	14.4000000000015	527	48102-48130
48116.4	14	527	48102-48130
48116	13.5999999999985	527	48102-48130
48115.6	14	527	48102-48130
48116.1	14.5	528	48102-48131
48116.5	14.9000000000015	528	48102-48131
48116.9	14.5	528	48102-48131
48116.5	14.0999999999985	528	48102-48131
48116.1	14.5	528	48102-48131
48116.6	15	529	48102-48132
48117	15.4000000000015	529	48102-48132
48117.4	15	529	48102-48132
48117	14.5999999999985	529	48102-48132
48116.6	15	529	48102-48132
48117.1	15.5	530	48102-48133
48117.5	15.9000000000015	530	48102-48133
48117.9	15.5	530	48102-48133
48117.5	15.0999999999985	530	48102-48133
48117.1	15.5	530	48102-48133
48117.6	16	531	48102-48134
48118	16.4000000000015	531	48102-48134
48118.4	16	531	48102-48134
48118	15.5999999999985	531	48102-48134
48117.6	16	531	48102-48134
48118.1	16.5	532	48102-48135
48118.5	16.9000000000015	532	48102-48135
48118.9	16.5	532	48102-48135
48118.5	16.0999999999985	532	48102-48135
48118.1	16.5	532	48102-48135
48118.6	17	533	48102-48136
48119	17.4000000000015	533	48102-48136
48119.4	17	533	48102-48136
48119	16.5999999999985	533	48102-48136
48118.6	17	533	48102-48136
48119.1	17.5	534	48102-48137
48119.5	17.9000000000015	534	48102-48137
48119.9	17.5	534	48102-48137
48119.5	17.0999999999985	534	48102-48137
48119.1	17.5	534	48102-48137
48119.6	18	535	48102-48138
48120	18.4000000000015	535	48102-48138
48120.4	18	535	48102-48138
48120	17.5999999999985	535	48102-48138
48119.6	18	535	48102-48138
48120.1	18.5	536	48102-48139
48120.5	18.9000000000015	536	48102-48139
48120.9	18.5	536	48102-48139
48120.5	18.0999999999985	536	48102-48139
48120.1	18.5	536	48102-48139
48120.6	19	537	48102-48140
48121	19.4000000000015	537	48102-48140
48121.4	19	537	48102-48140
48121	18.5999999999985	537	48102-48140
48120.6	19	537	48102-48140
48121.1	19.5	538	48102-48141
48121.5	19.9000000000015	538	48102-48141
48121.9	19.5	538	48102-48141
48121.5	19.0999999999985	538	48102-48141
48121.1	19.5	538	48102-48141
48121.6	20	539	48102-48142
48122	20.4000000000015	539	48102-48142
48122.4	20	539	48102-48142
48122	19.5999999999985	539	48102-48142
48121.6	20	539	48102-48142
48122.1	20.5	540	48102-48143
48122.5	20.9000000000015	540	48102-48143
48122.9	20.5	540	48102-48143
48122.5	20.0999999999985	540	48102-48143
48122.1	20.5	540	48102-48143
48122.6	21	541	48102-48144
48123	21.4000000000015	541	48102-48144
48123.4	21	541	48102-48144
48123	20.5999999999985	541	48102-48144
48122.6	21	541	48102-48144
48123.1	21.5	542	48102-48145
48123.5	21.9000000000015	542	48102-48145
48123.9	21.5	542	48102-48145
48123.5	21.0999999999985	542	48102-48145
48123.1	21.5	542	48102-48145
48123.6	22	543	48102-48146
48124	22.4000000000015	543	48102-48146
48124.4	22	543	48102-48146
48124	21.5999999999985	543	48102-48146
48123.6	22	543	48102-48146
48124.1	22.5	544	48102-48147
48124.5	22.9000000000015	544	48102-48147
48124.9	22.5	544	48102-48147
48124.5	22.0999999999985	544	48102-48147
48124.1	22.5	544	48102-48147
48124.6	23	545	48102-48148
48125	23.4000000000015	545	48102-48148
48125.4	23	545	48102-48148
48125	22.5999999999985	545	48102-48148
48124.6	23	545	48102-48148
48125.1	23.5	546	48102-48149
48125.5	23.9000000000015	546	48102-48149
48125.9	23.5	546	48102-48149
48125.5	23.0999999999985	546	48102-48149
48125.1	23.5	546	48102-48149
48125.6	24	547	48102-48150
48126	24.4000000000015	547	48102-48150
48126.4	24	547	48102-48150
48126	23.5999999999985	547	48102-48150
48125.6	24	547	48102-48150
48126.1	24.5	548	48102-48151
48126.5	24.9000000000015	548	48102-48151
48126.9	24.5	548	48102-48151
48126.5	24.0999999999985	548	48102-48151
48126.1	24.5	548	48102-48151
48102.6	0	549	48103-48103
48103	0.400000000001455	549	48103-48103
48103.4	0	549	48103-48103
48103	-0.400000000001455	549	48103-48103
48102.6	0	549	48103-48103
48103.1	0.5	550	48103-48104
48103.5	0.900000000001455	550	48103-48104
48103.9	0.5	550	48103-48104
48103.5	0.0999999999985448	550	48103-48104
48103.1	0.5	550	48103-48104
48103.6	1	551	48103-48105
48104	1.40000000000146	551	48103-48105
48104.4	1	551	48103-48105
48104	0.599999999998545	551	48103-48105
48103.6	1	551	48103-48105
48104.1	1.5	552	48103-48106
48104.5	1.90000000000146	552	48103-48106
48104.9	1.5	552	48103-48106
48104.5	1.09999999999854	552	48103-48106
48104.1	1.5	552	48103-48106
48104.6	2	553	48103-48107
48105	2.40000000000146	553	48103-48107
48105.4	2	553	48103-48107
48105	1.59999999999854	553	48103-48107
48104.6	2	553	48103-48107
48105.1	2.5	554	48103-48108
48105.5	2.90000000000146	554	48103-48108
48105.9	2.5	554	48103-48108
48105.5	2.09999999999854	554	48103-48108
48105.1	2.5	554	48103-48108
48105.6	3	555	48103-48109
48106	3.40000000000146	555	48103-48109
48106.4	3	555	48103-48109
48106	2.59999999999855	555	48103-48109
48105.6	3	555	48103-48109
48106.1	3.5	556	48103-48110
48106.5	3.90000000000146	556	48103-48110
48106.9	3.5	556	48103-48110
48106.5	3.09999999999855	556	48103-48110
48106.1	3.5	556	48103-48110
48106.6	4	557	48103-48111
48107	4.40000000000146	557	48103-48111
48107.4	4	557	48103-48111
48107	3.59999999999855	557	48103-48111
48106.6	4	557	48103-48111
48107.1	4.5	558	48103-48112
48107.5	4.90000000000146	558	48103-48112
48107.9	4.5	558	48103-48112
48107.5	4.09999999999855	558	48103-48112
48107.1	4.5	558	48103-48112
48107.6	5	559	48103-48113
48108	5.40000000000146	559	48103-48113
48108.4	5	559	48103-48113
48108	4.59999999999855	559	48103-48113
48107.6	5	559	48103-48113
48108.1	5.5	560	48103-48114
48108.5	5.90000000000146	560	48103-48114
48108.9	5.5	560	48103-48114
48108.5	5.09999999999855	560	48103-48114
48108.1	5.5	560	48103-48114
48108.6	6	561	48103-48115
48109	6.40000000000146	561	48103-48115
48109.4	6	561	48103-48115
48109	5.59999999999855	561	48103-48115
48108.6	6	561	48103-48115
48109.1	6.5	562	48103-48116
48109.5	6.90000000000146	562	48103-48116
48109.9	6.5	562	48103-48116
48109.5	6.09999999999855	562	48103-48116
48109.1	6.5	562	48103-48116
48109.6	7	563	48103-48117
48110	7.40000000000146	563	48103-48117
48110.4	7	563	48103-48117
48110	6.59999999999855	563	48103-48117
48109.6	7	563	48103-48117
48110.1	7.5	564	48103-48118
48110.5	7.90000000000146	564	48103-48118
48110.9	7.5	564	48103-48118
48110.5	7.09999999999855	564	48103-48118
48110.1	7.5	564	48103-48118
48110.6	8	565	48103-48119
48111	8.40000000000146	565	48103-48119
48111.4	8	565	48103-48119
48111	7.59999999999855	565	48103-48119
48110.6	8	565	48103-48119
48111.1	8.5	566	48103-48120
48111.5	8.90000000000146	566	48103-48120
48111.9	8.5	566	48103-48120
48111.5	8.09999999999855	566	48103-48120
48111.1	8.5	566	48103-48120
48111.6	9	567	48103-48121
48112	9.40000000000146	567	48103-48121
48112.4	9	567	48103-48121
48112	8.59999999999855	567	48103-48121
48111.6	9	567	48103-48121
48112.1	9.5	568	48103-48122
48112.5	9.90000000000146	568	48103-48122
48112.9	9.5	568	48103-48122
48112.5	9.09999999999854	568	48103-48122
48112.1	9.5	568	48103-48122
48112.6	10	569	48103-48123
48113	10.4000000000015	569	48103-48123
48113.4	10	569	48103-48123
48113	9.59999999999854	569	48103-48123
48112.6	10	569	48103-48123
48113.1	10.5	570	48103-48124
48113.5	10.9000000000015	570	48103-48124
48113.9	10.5	570	48103-48124
48113.5	10.0999999999985	570	48103-48124
48113.1	10.5	570	48103-48124
48113.6	11	571	48103-48125
48114	11.4000000000015	571	48103-48125
48114.4	11	571	48103-48125
48114	10.5999999999985	571	48103-48125
48113.6	11	571	48103-48125
48114.1	11.5	572	48103-48126
48114.5	11.9000000000015	572	48103-48126
48114.9	11.5	572	48103-48126
48114.5	11.0999999999985	572	48103-48126
48114.1	11.5	572	48103-48126
48114.6	12	573	48103-48127
48115	12.4000000000015	573	48103-48127
48115.4	12	573	48103-48127
48115	11.5999999999985	573	48103-48127
48114.6	12	573	48103-48127
48115.1	12.5	574	48103-48128
48115.5	12.9000000000015	574	48103-48128
48115.9	12.5	574	48103-48128
48115.5	12.0999999999985	574	48103-48128
48115.1	12.5	574	48103-48128
48115.6	13	575	48103-48129
48116	13.4000000000015	575	48103-48129
48116.4	13	575	48103-48129
48116	12.5999999999985	575	48103-48129
48115.6	13	575	48103-48129
48116.1	13.5	576	48103-48130
48116.5	13.9000000000015	576	48103-48130
48116.9	13.5	576	48103-48130
48116.5	13.0999999999985	576	48103-48130
48116.1	13.5	576	48103-48130
48116.6	14	577	48103-48131
48117	14.4000000000015	577	48103-48131
48117.4	14	577	48103-48131
48117	13.5999999999985	577	48103-48131
48116.6	14	577	48103-48131
48117.1	14.5	578	48103-48132
48117.5	14.9000000000015	578	48103-48132
48117.9	14.5	578	48103-48132
48117.5	14.0999999999985	578	48103-48132
48117.1	14.5	578	48103-48132
48117.6	15	579	48103-48133
48118	15.4000000000015	579	48103-48133
48118.4	15	579	48103-48133
48118	14.5999999999985	579	48103-48133
48117.6	15	579	48103-48133
48118.1	15.5	580	48103-48134
48118.5	15.9000000000015	580	48103-48134
48118.9	15.5	580	48103-48134
48118.5	15.0999999999985	580	48103-48134
48118.1	15.5	580	48103-48134
48118.6	16	581	48103-48135
48119	16.4000000000015	581	48103-48135
48119.4	16	581	48103-48135
48119	15.5999999999985	581	48103-48135
48118.6	16	581	48103-48135
48119.1	16.5	582	48103-48136
48119.5	16.9000000000015	582	48103-48136
48119.9	16.5	582	48103-48136
48119.5	16.0999999999985	582	48103-48136
48119.1	16.5	582	48103-48136
48119.6	17	583	48103-48137
48120	17.4000000000015	583	48103-48137
48120.4	17	583	48103-48137
48120	16.5999999999985	583	48103-48137
48119.6	17	583	48103-48137
48120.1	17.5	584	48103-48138
48120.5	17.9000000000015	584	48103-48138
48120.9	17.5	584	48103-48138
48120.5	17.0999999999985	584	48103-48138
48120.1	17.5	584	48103-48138
48120.6	18	585	48103-48139
48121	18.4000000000015	585	48103-48139
48121.4	18	585	48103-48139
48121	17.5999999999985	585	48103-48139
48120.6	18	585	48103-48139
48121.1	18.5	586	48103-48140
48121.5	18.9000000000015	586	48103-48140
48121.9	18.5	586	48103-48140
48121.5	18.0999999999985	586	48103-48140
48121.1	18.5	586	48103-48140
48121.6	19	587	48103-48141
48122	19.4000000000015	587	48103-48141
48122.4	19	587	48103-48141
48122	18.5999999999985	587	48103-48141
48121.6	19	587	48103-48141
48122.1	19.5	588	48103-48142
48122.5	19.9000000000015	588	48103-48142
48122.9	19.5	588	48103-48142
48122.5	19.0999999999985	588	48103-48142
48122.1	19.5	588	48103-48142
48122.6	20	589	48103-48143
48123	20.4000000000015	589	48103-48143
48123.4	20	589	48103-48143
48123	19.5999999999985	589	48103-48143
48122.6	20	589	48103-48143
48123.1	20.5	590	48103-48144
48123.5	20.9000000000015	590	48103-48144
48123.9	20.5	590	48103-48144
48123.5	20.0999999999985	590	48103-48144
48123.1	20.5	590	48103-48144
48123.6	21	591	48103-48145
48124	21.4000000000015	591	48103-48145
48124.4	21	591	48103-48145
48124	20.5999999999985	591	48103-48145
48123.6	21	591	48103-48145
48124.1	21.5	592	48103-48146
48124.5	21.9000000000015	592	48103-48146
48124.9	21.5	592	48103-48146
48124.5	21.0999999999985	592	48103-48146
48124.1	21.5	592	48103-48146
48124.6	22	593	48103-48147
48125	22.4000000000015	593	48103-48147
48125.4	22	593	48103-48147
48125	21.5999999999985	593	48103-48147
48124.6	22	593	48103-48147
48125.1	22.5	594	48103-48148
48125.5	22.9000000000015	594	48103-48148
48125.9	22.5	594	48103-48148
48125.5	22.0999999999985	594	48103-48148
48125.1	22.5	594	48103-48148
48125.6	23	595	48103-48149
48126	23.4000000000015	595	48103-48149
48126.4	23	595	48103-48149
48126	22.5999999999985	595	48103-48149
48125.6	23	595	48103-48149
48126.1	23.5	596	48103-48150
48126.5	23.9000000000015	596	48103-48150
48126.9	23.5	596	48103-48150
48126.5	23.0999999999985	596	48103-48150
48126.1	23.5	596	48103-48150
48126.6	24	597	48103-48151
48127	24.4000000000015	597	48103-48151
48127.4	24	597	48103-48151
48127	23.5999999999985	597	48103-48151
48126.6	24	597	48103-48151
48127.1	24.5	598	48103-48152
48127.5	24.9000000000015	598	48103-48152
48127.9	24.5	598	48103-48152
48127.5	24.0999999999985	598	48103-48152
48127.1	24.5	598	48103-48152
48103.6	0	599	48104-48104
48104	0.400000000001455	599	48104-48104
48104.4	0	599	48104-48104
48104	-0.400000000001455	599	48104-48104
48103.6	0	599	48104-48104
48104.1	0.5	600	48104-48105
48104.5	0.900000000001455	600	48104-48105
48104.9	0.5	600	48104-48105
48104.5	0.0999999999985448	600	48104-48105
48104.1	0.5	600	48104-48105
48104.6	1	601	48104-48106
48105	1.40000000000146	601	48104-48106
48105.4	1	601	48104-48106
48105	0.599999999998545	601	48104-48106
48104.6	1	601	48104-48106
48105.1	1.5	602	48104-48107
48105.5	1.90000000000146	602	48104-48107
48105.9	1.5	602	48104-48107
48105.5	1.09999999999854	602	48104-48107
48105.1	1.5	602	48104-48107
48105.6	2	603	48104-48108
48106	2.40000000000146	603	48104-48108
48106.4	2	603	48104-48108
48106	1.59999999999854	603	48104-48108
48105.6	2	603	48104-48108
48106.1	2.5	604	48104-48109
48106.5	2.90000000000146	604	48104-48109
48106.9	2.5	604	48104-48109
48106.5	2.09999999999854	604	48104-48109
48106.1	2.5	604	48104-48109
48106.6	3	605	48104-48110
48107	3.40000000000146	605	48104-48110
48107.4	3	605	48104-48110
48107	2.59999999999855	605	48104-48110
48106.6	3	605	48104-48110
48107.1	3.5	606	48104-48111
48107.5	3.90000000000146	606	48104-48111
48107.9	3.5	606	48104-48111
48107.5	3.09999999999855	606	48104-48111
48107.1	3.5	606	48104-48111
48107.6	4	607	48104-48112
48108	4.40000000000146	607	48104-48112
48108.4	4	607	48104-48112
48108	3.59999999999855	607	48104-48112
48107.6	4	607	48104-48112
48108.1	4.5	608	48104-48113
48108.5	4.90000000000146	608	48104-48113
48108.9	4.5	608	48104-48113
48108.5	4.09999999999855	608	48104-48113
48108.1	4.5	608	48104-48113
48108.6	5	609	48104-48114
48109	5.40000000000146	609	48104-48114
48109.4	5	609	48104-48114
48109	4.59999999999855	609	48104-48114
48108.6	5	609	48104-48114
48109.1	5.5	610	48104-48115
48109.5	5.90000000000146	610	48104-48115
48109.9	5.5	610	48104-48115
48109.5	5.09999999999855	610	48104-48115
48109.1	5.5	610	48104-48115
48109.6	6	611	48104-48116
48110	6.40000000000146	611	48104-48116
48110.4	6	611	48104-48116
48110	5.59999999999855	611	48104-48116
48109.6	6	611	48104-48116
48110.1	6.5	612	48104-48117
48110.5	6.90000000000146	612	48104-48117
48110.9	6.5	612	48104-48117
48110.5	6.09999999999855	612	48104-48117
48110.1	6.5	612	48104-48117
48110.6	7	613	48104-48118
48111	7.40000000000146	613	48104-48118
48111.4	7	613	48104-48118
48111	6.59999999999855	613	48104-48118
48110.6	7	613	48104-48118
48111.1	7.5	614	48104-48119
48111.5	7.90000000000146	614	48104-48119
48111.9	7.5	614	48104-48119
48111.5	7.09999999999855	614	48104-48119
48111.1	7.5	614	48104-48119
48111.6	8	615	48104-48120
48112	8.40000000000146	615	48104-48120
48112.4	8	615	48104-48120
48112	7.59999999999855	615	48104-48120
48111.6	8	615	48104-48120
48112.1	8.5	616	48104-48121
48112.5	8.90000000000146	616	48104-48121
48112.9	8.5	616	48104-48121
48112.5	8.09999999999855	616	48104-48121
48112.1	8.5	616	48104-48121
48112.6	9	617	48104-48122
48113	9.40000000000146	617	48104-48122
48113.4	9	617	48104-48122
48113	8.59999999999855	617	48104-48122
48112.6	9	617	48104-48122
48113.1	9.5	618	48104-48123
48113.5	9.90000000000146	618	48104-48123
48113.9	9.5	618	48104-48123
48113.5	9.09999999999854	618	48104-48123
48113.1	9.5	618	48104-48123
48113.6	10	619	48104-48124
48114	10.4000000000015	619	48104-48124
48114.4	10	619	48104-48124
48114	9.59999999999854	619	48104-48124
48113.6	10	619	48104-48124
48114.1	10.5	620	48104-48125
48114.5	10.9000000000015	620	48104-48125
48114.9	10.5	620	48104-48125
48114.5	10.0999999999985	620	48104-48125
48114.1	10.5	620	48104-48125
48114.6	11	621	48104-48126
48115	11.4000000000015	621	48104-48126
48115.4	11	621	48104-48126
48115	10.5999999999985	621	48104-48126
48114.6	11	621	48104-48126
48115.1	11.5	622	48104-48127
48115.5	11.9000000000015	622	48104-48127
48115.9	11.5	622	48104-48127
48115.5	11.0999999999985	622	48104-48127
48115.1	11.5	622	48104-48127
48115.6	12	623	48104-48128
48116	12.4000000000015	623	48104-48128
48116.4	12	623	48104-48128
48116	11.5999999999985	623	48104-48128
48115.6	12	623	48104-48128
48116.1	12.5	624	48104-48129
48116.5	12.9000000000015	624	48104-48129
48116.9	12.5	624	48104-48129
48116.5	12.0999999999985	624	48104-48129
48116.1	12.5	624	48104-48129
48116.6	13	625	48104-48130
48117	13.4000000000015	625	48104-48130
48117.4	13	625	48104-48130
48117	12.5999999999985	625	48104-48130
48116.6	13	625	48104-48130
48117.1	13.5	626	48104-48131
48117.5	13.9000000000015	626	48104-48131
48117.9	13.5	626	48104-48131
48117.5	13.0999999999985	626	48104-48131
48117.1	13.5	626	48104-48131
48117.6	14	627	48104-48132
48118	14.4000000000015	627	48104-48132
48118.4	14	627	48104-48132
48118	13.5999999999985	627	48104-48132
48117.6	14	627	48104-48132
48118.1	14.5	628	48104-48133
48118.5	14.9000000000015	628	48104-48133
48118.9	14.5	628	48104-48133
48118.5	14.0999999999985	628	48104-48133
48118.1	14.5	628	48104-48133
48118.6	15	629	48104-48134
48119	15.4000000000015	629	48104-48134
48119.4	15	629	48104-48134
48119	14.5999999999985	629	48104-48134
48118.6	15	629	48104-48134
48119.1	15.5	630	48104-48135
48119.5	15.9000000000015	630	48104-48135
48119.9	15.5	630	48104-48135
48119.5	15.0999999999985	630	48104-48135
48119.1	15.5	630	48104-48135
48119.6	16	631	48104-48136
48120	16.4000000000015	631	48104-48136
48120.4	16	631	48104-48136
48120	15.5999999999985	631	48104-48136
48119.6	16	631	48104-48136
48120.1	16.5	632	48104-48137
48120.5	16.9000000000015	632	48104-48137
48120.9	16.5	632	48104-48137
48120.5	16.0999999999985	632	48104-48137
48120.1	16.5	632	48104-48137
48120.6	17	633	48104-48138
48121	17.4000000000015	633	48104-48138
48121.4	17	633	48104-48138
48121	16.5999999999985	633	48104-48138
48120.6	17	633	48104-48138
48121.1	17.5	634	48104-48139
48121.5	17.9000000000015	634	48104-48139
48121.9	17.5	634	48104-48139
48121.5	17.0999999999985	634	48104-48139
48121.1	17.5	634	48104-48139
48121.6	18	635	48104-48140
48122	18.4000000000015	635	48104-48140
48122.4	18	635	48104-48140
48122	17.5999999999985	635	48104-48140
48121.6	18	635	48104-48140
48122.1	18.5	636	48104-48141
48122.5	18.9000000000015	636	48104-48141
48122.9	18.5	636	48104-48141
48122.5	18.0999999999985	636	48104-48141
48122.1	18.5	636	48104-48141
48122.6	19	637	48104-48142
48123	19.4000000000015	637	48104-48142
48123.4	19	637	48104-48142
48123	18.5999999999985	637	48104-48142
48122.6	19	637	48104-48142
48123.1	19.5	638	48104-48143
48123.5	19.9000000000015	638	48104-48143
48123.9	19.5	638	48104-48143
48123.5	19.0999999999985	638	48104-48143
48123.1	19.5	638	48104-48143
48123.6	20	639	48104-48144
48124	20.4000000000015	639	48104-48144
48124.4	20	639	48104-48144
48124	19.5999999999985	639	48104-48144
48123.6	20	639	48104-48144
48124.1	20.5	640	48104-48145
48124.5	20.9000000000015	640	48104-48145
48124.9	20.5	640	48104-48145
48124.5	20.0999999999985	640	48104-48145
48124.1	20.5	640	48104-48145
48124.6	21	641	48104-48146
48125	21.4000000000015	641	48104-48146
48125.4	21	641	48104-48146
48125	20.5999999999985	641	48104-48146
48124.6	21	641	48104-48146
48125.1	21.5	642	48104-48147
48125.5	21.9000000000015	642	48104-48147
48125.9	21.5	642	48104-48147
48125.5	21.0999999999985	642	48104-48147
48125.1	21.5	642	48104-48147
48125.6	22	643	48104-48148
48126	22.4000000000015	643	48104-48148
48126.4	22	643	48104-48148
48126	21.5999999999985	643	48104-48148
48125.6	22	643	48104-48148
48126.1	22.5	644	48104-48149
48126.5	22.9000000000015	644	48104-48149
48126.9	22.5	644	48104-48149
48126.5	22.0999999999985	644	48104-48149
48126.1	22.5	644	48104-48149
48126.6	23	645	48104-48150
48127	23.4000000000015	645	48104-48150
48127.4	23	645	48104-48150
48127	22.5999999999985	645	48104-48150
48126.6	23	645	48104-48150
48127.1	23.5	646	48104-48151
48127.5	23.9000000000015	646	48104-48151
48127.9	23.5	646	48104-48151
48127.5	23.0999999999985	646	48104-48151
48127.1	23.5	646	48104-48151
48127.6	24	647	48104-48152
48128	24.4000000000015	647	48104-48152
48128.4	24	647	48104-48152
48128	23.5999999999985	647	48104-48152
48127.6	24	647	48104-48152
48128.1	24.5	648	48104-48153
48128.5	24.9000000000015	648	48104-48153
48128.9	24.5	648	48104-48153
48128.5	24.0999999999985	648	48104-48153
48128.1	24.5	648	48104-48153
48104.6	0	649	48105-48105
48105	0.400000000001455	649	48105-48105
48105.4	0	649	48105-48105
48105	-0.400000000001455	649	48105-48105
48104.6	0	649	48105-48105
48105.1	0.5	650	48105-48106
48105.5	0.900000000001455	650	48105-48106
48105.9	0.5	650	48105-48106
48105.5	0.0999999999985448	650	48105-48106
48105.1	0.5	650	48105-48106
48105.6	1	651	48105-48107
48106	1.40000000000146	651	48105-48107
48106.4	1	651	48105-48107
48106	0.599999999998545	651	48105-48107
48105.6	1	651	48105-48107
48106.1	1.5	652	48105-48108
48106.5	1.90000000000146	652	48105-48108
48106.9	1.5	652	48105-48108
48106.5	1.09999999999854	652	48105-48108
48106.1	1.5	652	48105-48108
48106.6	2	653	48105-48109
48107	2.40000000000146	653	48105-48109
48107.4	2	653	48105-48109
48107	1.59999999999854	653	48105-48109
48106.6	2	653	48105-48109
48107.1	2.5	654	48105-48110
48107.5	2.90000000000146	654	48105-48110
48107.9	2.5	654	48105-48110
48107.5	2.09999999999854	654	48105-48110
48107.1	2.5	654	48105-48110
48107.6	3	655	48105-48111
48108	3.40000000000146	655	48105-48111
48108.4	3	655	48105-48111
48108	2.59999999999855	655	48105-48111
48107.6	3	655	48105-48111
48108.1	3.5	656	48105-48112
48108.5	3.90000000000146	656	48105-48112
48108.9	3.5	656	48105-48112
48108.5	3.09999999999855	656	48105-48112
48108.1	3.5	656	48105-48112
48108.6	4	657	48105-48113
48109	4.40000000000146	657	48105-48113
48109.4	4	657	48105-48113
48109	3.59999999999855	657	48105-48113
48108.6	4	657	48105-48113
48109.1	4.5	658	48105-48114
48109.5	4.90000000000146	658	48105-48114
48109.9	4.5	658	48105-48114
48109.5	4.09999999999855	658	48105-48114
48109.1	4.5	658	48105-48114
48109.6	5	659	48105-48115
48110	5.40000000000146	659	48105-48115
48110.4	5	659	48105-48115
48110	4.59999999999855	659	48105-48115
48109.6	5	659	48105-48115
48110.1	5.5	660	48105-48116
48110.5	5.90000000000146	660	48105-48116
48110.9	5.5	660	48105-48116
48110.5	5.09999999999855	660	48105-48116
48110.1	5.5	660	48105-48116
48110.6	6	661	48105-48117
48111	6.40000000000146	661	48105-48117
48111.4	6	661	48105-48117
48111	5.59999999999855	661	48105-48117
48110.6	6	661	48105-48117
48111.1	6.5	662	48105-48118
48111.5	6.90000000000146	662	48105-48118
48111.9	6.5	662	48105-48118
48111.5	6.09999999999855	662	48105-48118
48111.1	6.5	662	48105-48118
48111.6	7	663	48105-48119
48112	7.40000000000146	663	48105-48119
48112.4	7	663	48105-48119
48112	6.59999999999855	663	48105-48119
48111.6	7	663	48105-48119
48112.1	7.5	664	48105-48120
48112.5	7.90000000000146	664	48105-48120
48112.9	7.5	664	48105-48120
48112.5	7.09999999999855	664	48105-48120
48112.1	7.5	664	48105-48120
48112.6	8	665	48105-48121
48113	8.40000000000146	665	48105-48121
48113.4	8	665	48105-48121
48113	7.59999999999855	665	48105-48121
48112.6	8	665	48105-48121
48113.1	8.5	666	48105-48122
48113.5	8.90000000000146	666	48105-48122
48113.9	8.5	666	48105-48122
48113.5	8.09999999999855	666	48105-48122
48113.1	8.5	666	48105-48122
48113.6	9	667	48105-48123
48114	9.40000000000146	667	48105-48123
48114.4	9	667	48105-48123
48114	8.59999999999855	667	48105-48123
48113.6	9	667	48105-48123
48114.1	9.5	668	48105-48124
48114.5	9.90000000000146	668	48105-48124
48114.9	9.5	668	48105-48124
48114.5	9.09999999999854	668	48105-48124
48114.1	9.5	668	48105-48124
48114.6	10	669	48105-48125
48115	10.4000000000015	669	48105-48125
48115.4	10	669	48105-48125
48115	9.59999999999854	669	48105-48125
48114.6	10	669	48105-48125
48115.1	10.5	670	48105-48126
48115.5	10.9000000000015	670	48105-48126
48115.9	10.5	670	48105-48126
48115.5	10.0999999999985	670	48105-48126
48115.1	10.5	670	48105-48126
48115.6	11	671	48105-48127
48116	11.4000000000015	671	48105-48127
48116.4	11	671	48105-48127
48116	10.5999999999985	671	48105-48127
48115.6	11	671	48105-48127
48116.1	11.5	672	48105-48128
48116.5	11.9000000000015	672	48105-48128
48116.9	11.5	672	48105-48128
48116.5	11.0999999999985	672	48105-48128
48116.1	11.5	672	48105-48128
48116.6	12	673	48105-48129
48117	12.4000000000015	673	48105-48129
48117.4	12	673	48105-48129
48117	11.5999999999985	673	48105-48129
48116.6	12	673	48105-48129
48117.1	12.5	674	48105-48130
48117.5	12.9000000000015	674	48105-48130
48117.9	12.5	674	48105-48130
48117.5	12.0999999999985	674	48105-48130
48117.1	12.5	674	48105-48130
48117.6	13	675	48105-48131
48118	13.4000000000015	675	48105-48131
48118.4	13	675	48105-48131
48118	12.5999999999985	675	48105-48131
48117.6	13	675	48105-48131
48118.1	13.5	676	48105-48132
48118.5	13.9000000000015	676	48105-48132
48118.9	13.5	676	48105-48132
48118.5	13.0999999999985	676	48105-48132
48118.1	13.5	676	48105-48132
48118.6	14	677	48105-48133
48119	14.4000000000015	677	48105-48133
48119.4	14	677	48105-48133
48119	13.5999999999985	677	48105-48133
48118.6	14	677	48105-48133
48119.1	14.5	678	48105-48134
48119.5	14.9000000000015	678	48105-48134
48119.9	14.5	678	48105-48134
48119.5	14.0999999999985	678	48105-48134
48119.1	14.5	678	48105-48134
48119.6	15	679	48105-48135
48120	15.4000000000015	679	48105-48135
48120.4	15	679	48105-48135
48120	14.5999999999985	679	48105-48135
48119.6	15	679	48105-48135
48120.1	15.5	680	48105-48136
48120.5	15.9000000000015	680	48105-48136
48120.9	15.5	680	48105-48136
48120.5	15.0999999999985	680	48105-48136
48120.1	15.5	680	48105-48136
48120.6	16	681	48105-48137
48121	16.4000000000015	681	48105-48137
48121.4	16	681	48105-48137
48121	15.5999999999985	681	48105-48137
48120.6	16	681	48105-48137
48121.1	16.5	682	48105-48138
48121.5	16.9000000000015	682	48105-48138
48121.9	16.5	682	48105-48138
48121.5	16.0999999999985	682	48105-48138
48121.1	16.5	682	48105-48138
48121.6	17	683	48105-48139
48122	17.4000000000015	683	48105-48139
48122.4	17	683	48105-48139
48122	16.5999999999985	683	48105-48139
48121.6	17	683	48105-48139
48122.1	17.5	684	48105-48140
48122.5	17.9000000000015	684	48105-48140
48122.9	17.5	684	48105-48140
48122.5	17.0999999999985	684	48105-48140
48122.1	17.5	684	48105-48140
48122.6	18	685	48105-48141
48123	18.4000000000015	685	48105-48141
48123.4	18	685	48105-48141
48123	17.5999999999985	685	48105-48141
48122.6	18	685	48105-48141
48123.1	18.5	686	48105-48142
48123.5	18.9000000000015	686	48105-48142
48123.9	18.5	686	48105-48142
48123.5	18.0999999999985	686	48105-48142
48123.1	18.5	686	48105-48142
48123.6	19	687	48105-48143
48124	19.4000000000015	687	48105-48143
48124.4	19	687	48105-48143
48124	18.5999999999985	687	48105-48143
48123.6	19	687	48105-48143
48124.1	19.5	688	48105-48144
48124.5	19.9000000000015	688	48105-48144
48124.9	19.5	688	48105-48144
48124.5	19.0999999999985	688	48105-48144
48124.1	19.5	688	48105-48144
48124.6	20	689	48105-48145
48125	20.4000000000015	689	48105-48145
48125.4	20	689	48105-48145
48125	19.5999999999985	689	48105-48145
48124.6	20	689	48105-48145
48125.1	20.5	690	48105-48146
48125.5	20.9000000000015	690	48105-48146
48125.9	20.5	690	48105-48146
48125.5	20.0999999999985	690	48105-48146
48125.1	20.5	690	48105-48146
48125.6	21	691	48105-48147
48126	21.4000000000015	691	48105-48147
48126.4	21	691	48105-48147
48126	20.5999999999985	691	48105-48147
48125.6	21	691	48105-48147
48126.1	21.5	692	48105-48148
48126.5	21.9000000000015	692	48105-48148
48126.9	21.5	692	48105-48148
48126.5	21.0999999999985	692	48105-48148
48126.1	21.5	692	48105-48148
48126.6	22	693	48105-48149
48127	22.4000000000015	693	48105-48149
48127.4	22	693	48105-48149
48127	21.5999999999985	693	48105-48149
48126.6	22	693	48105-48149
48127.1	22.5	694	48105-48150
48127.5	22.9000000000015	694	48105-48150
48127.9	22.5	694	48105-48150
48127.5	22.0999999999985	694	48105-48150
48127.1	22.5	694	48105-48150
48127.6	23	695	48105-48151
48128	23.4000000000015	695	48105-48151
48128.4	23	695	48105-48151
48128	22.5999999999985	695	48105-48151
48127.6	23	695	48105-48151
48128.1	23.5	696	48105-48152
48128.5	23.9000000000015	696	48105-48152
48128.9	23.5	696	48105-48152
48128.5	23.0999999999985	696	48105-48152
48128.1	23.5	696	48105-48152
48128.6	24	697	48105-48153
48129	24.4000000000015	697	48105-48153
48129.4	24	697	48105-48153
48129	23.5999999999985	697	48105-48153
48128.6	24	697	48105-48153
48129.1	24.5	698	48105-48154
48129.5	24.9000000000015	698	48105-48154
48129.9	24.5	698	48105-48154
48129.5	24.0999999999985	698	48105-48154
48129.1	24.5	698	48105-48154
48105.6	0	699	48106-48106
48106	0.400000000001455	699	48106-48106
48106.4	0	699	48106-48106
48106	-0.400000000001455	699	48106-48106
48105.6	0	699	48106-48106
48106.1	0.5	700	48106-48107
48106.5	0.900000000001455	700	48106-48107
48106.9	0.5	700	48106-48107
48106.5	0.0999999999985448	700	48106-48107
48106.1	0.5	700	48106-48107
48106.6	1	701	48106-48108
48107	1.40000000000146	701	48106-48108
48107.4	1	701	48106-48108
48107	0.599999999998545	701	48106-48108
48106.6	1	701	48106-48108
48107.1	1.5	702	48106-48109
48107.5	1.90000000000146	702	48106-48109
48107.9	1.5	702	48106-48109
48107.5	1.09999999999854	702	48106-48109
48107.1	1.5	702	48106-48109
48107.6	2	703	48106-48110
48108	2.40000000000146	703	48106-48110
48108.4	2	703	48106-48110
48108	1.59999999999854	703	48106-48110
48107.6	2	703	48106-48110
48108.1	2.5	704	48106-48111
48108.5	2.90000000000146	704	48106-48111
48108.9	2.5	704	48106-48111
48108.5	2.09999999999854	704	48106-48111
48108.1	2.5	704	48106-48111
48108.6	3	705	48106-48112
48109	3.40000000000146	705	48106-48112
48109.4	3	705	48106-48112
48109	2.59999999999855	705	48106-48112
48108.6	3	705	48106-48112
48109.1	3.5	706	48106-48113
48109.5	3.90000000000146	706	48106-48113
48109.9	3.5	706	48106-48113
48109.5	3.09999999999855	706	48106-48113
48109.1	3.5	706	48106-48113
48109.6	4	707	48106-48114
48110	4.40000000000146	707	48106-48114
48110.4	4	707	48106-48114
48110	3.59999999999855	707	48106-48114
48109.6	4	707	48106-48114
48110.1	4.5	708	48106-48115
48110.5	4.90000000000146	708	48106-48115
48110.9	4.5	708	48106-48115
48110.5	4.09999999999855	708	48106-48115
48110.1	4.5	708	48106-48115
48110.6	5	709	48106-48116
48111	5.40000000000146	709	48106-48116
48111.4	5	709	48106-48116
48111	4.59999999999855	709	48106-48116
48110.6	5	709	48106-48116
48111.1	5.5	710	48106-48117
48111.5	5.90000000000146	710	48106-48117
48111.9	5.5	710	48106-48117
48111.5	5.09999999999855	710	48106-48117
48111.1	5.5	710	48106-48117
48111.6	6	711	48106-48118
48112	6.40000000000146	711	48106-48118
48112.4	6	711	48106-48118
48112	5.59999999999855	711	48106-48118
48111.6	6	711	48106-48118
48112.1	6.5	712	48106-48119
48112.5	6.90000000000146	712	48106-48119
48112.9	6.5	712	48106-48119
48112.5	6.09999999999855	712	48106-48119
48112.1	6.5	712	48106-48119
48112.6	7	713	48106-48120
48113	7.40000000000146	713	48106-48120
48113.4	7	713	48106-48120
48113	6.59999999999855	713	48106-48120
48112.6	7	713	48106-48120
48113.1	7.5	714	48106-48121
48113.5	7.90000000000146	714	48106-48121
48113.9	7.5	714	48106-48121
48113.5	7.09999999999855	714	48106-48121
48113.1	7.5	714	48106-48121
48113.6	8	715	48106-48122
48114	8.40000000000146	715	48106-48122
48114.4	8	715	48106-48122
48114	7.59999999999855	715	48106-48122
48113.6	8	715	48106-48122
48114.1	8.5	716	48106-48123
48114.5	8.90000000000146	716	48106-48123
48114.9	8.5	716	48106-48123
48114.5	8.09999999999855	716	48106-48123
48114.1	8.5	716	48106-48123
48114.6	9	717	48106-48124
48115	9.40000000000146	717	48106-48124
48115.4	9	717	48106-48124
48115	8.59999999999855	717	48106-48124
48114.6	9	717	48106-48124
48115.1	9.5	718	48106-48125
48115.5	9.90000000000146	718	48106-48125
48115.9	9.5	718	48106-48125
48115.5	9.09999999999854	718	48106-48125
48115.1	9.5	718	48106-48125
48115.6	10	719	48106-48126
48116	10.4000000000015	719	48106-48126
48116.4	10	719	48106-48126
48116	9.59999999999854	719	48106-48126
48115.6	10	719	48106-48126
48116.1	10.5	720	48106-48127
48116.5	10.9000000000015	720	48106-48127
48116.9	10.5	720	48106-48127
48116.5	10.0999999999985	720	48106-48127
48116.1	10.5	720	48106-48127
48116.6	11	721	48106-48128
48117	11.4000000000015	721	48106-48128
48117.4	11	721	48106-48128
48117	10.5999999999985	721	48106-48128
48116.6	11	721	48106-48128
48117.1	11.5	722	48106-48129
48117.5	11.9000000000015	722	48106-48129
48117.9	11.5	722	48106-48129
48117.5	11.0999999999985	722	48106-48129
48117.1	11.5	722	48106-48129
48117.6	12	723	48106-48130
48118	12.4000000000015	723	48106-48130
48118.4	12	723	48106-48130
48118	11.5999999999985	723	48106-48130
48117.6	12	723	48106-48130
48118.1	12.5	724	48106-48131
48118.5	12.9000000000015	724	48106-48131
48118.9	12.5	724	48106-48131
48118.5	12.0999999999985	724	48106-48131
48118.1	12.5	724	48106-48131
48118.6	13	725	48106-48132
48119	13.4000000000015	725	48106-48132
48119.4	13	725	48106-48132
48119	12.5999999999985	725	48106-48132
48118.6	13	725	48106-48132
48119.1	13.5	726	48106-48133
48119.5	13.9000000000015	726	48106-48133
48119.9	13.5	726	48106-48133
48119.5	13.0999999999985	726	48106-48133
48119.1	13.5	726	48106-48133
48119.6	14	727	48106-48134
48120	14.4000000000015	727	48106-48134
48120.4	14	727	48106-48134
48120	13.5999999999985	727	48106-48134
48119.6	14	727	48106-48134
48120.1	14.5	728	48106-48135
48120.5	14.9000000000015	728	48106-48135
48120.9	14.5	728	48106-48135
48120.5	14.0999999999985	728	48106-48135
48120.1	14.5	728	48106-48135
48120.6	15	729	48106-48136
48121	15.4000000000015	729	48106-48136
48121.4	15	729	48106-48136
48121	14.5999999999985	729	48106-48136
48120.6	15	729	48106-48136
48121.1	15.5	730	48106-48137
48121.5	15.9000000000015	730	48106-48137
48121.9	15.5	730	48106-48137
48121.5	15.0999999999985	730	48106-48137
48121.1	15.5	730	48106-48137
48121.6	16	731	48106-48138
48122	16.4000000000015	731	48106-48138
48122.4	16	731	48106-48138
48122	15.5999999999985	731	48106-48138
48121.6	16	731	48106-48138
48122.1	16.5	732	48106-48139
48122.5	16.9000000000015	732	48106-48139
48122.9	16.5	732	48106-48139
48122.5	16.0999999999985	732	48106-48139
48122.1	16.5	732	48106-48139
48122.6	17	733	48106-48140
48123	17.4000000000015	733	48106-48140
48123.4	17	733	48106-48140
48123	16.5999999999985	733	48106-48140
48122.6	17	733	48106-48140
48123.1	17.5	734	48106-48141
48123.5	17.9000000000015	734	48106-48141
48123.9	17.5	734	48106-48141
48123.5	17.0999999999985	734	48106-48141
48123.1	17.5	734	48106-48141
48123.6	18	735	48106-48142
48124	18.4000000000015	735	48106-48142
48124.4	18	735	48106-48142
48124	17.5999999999985	735	48106-48142
48123.6	18	735	48106-48142
48124.1	18.5	736	48106-48143
48124.5	18.9000000000015	736	48106-48143
48124.9	18.5	736	48106-48143
48124.5	18.0999999999985	736	48106-48143
48124.1	18.5	736	48106-48143
48124.6	19	737	48106-48144
48125	19.4000000000015	737	48106-48144
48125.4	19	737	48106-48144
48125	18.5999999999985	737	48106-48144
48124.6	19	737	48106-48144
48125.1	19.5	738	48106-48145
48125.5	19.9000000000015	738	48106-48145
48125.9	19.5	738	48106-48145
48125.5	19.0999999999985	738	48106-48145
48125.1	19.5	738	48106-48145
48125.6	20	739	48106-48146
48126	20.4000000000015	739	48106-48146
48126.4	20	739	48106-48146
48126	19.5999999999985	739	48106-48146
48125.6	20	739	48106-48146
48126.1	20.5	740	48106-48147
48126.5	20.9000000000015	740	48106-48147
48126.9	20.5	740	48106-48147
48126.5	20.0999999999985	740	48106-48147
48126.1	20.5	740	48106-48147
48126.6	21	741	48106-48148
48127	21.4000000000015	741	48106-48148
48127.4	21	741	48106-48148
48127	20.5999999999985	741	48106-48148
48126.6	21	741	48106-48148
48127.1	21.5	742	48106-48149
48127.5	21.9000000000015	742	48106-48149
48127.9	21.5	742	48106-48149
48127.5	21.0999999999985	742	48106-48149
48127.1	21.5	742	48106-48149
48127.6	22	743	48106-48150
48128	22.4000000000015	743	48106-48150
48128.4	22	743	48106-48150
48128	21.5999999999985	743	48106-48150
48127.6	22	743	48106-48150
48128.1	22.5	744	48106-48151
48128.5	22.9000000000015	744	48106-48151
48128.9	22.5	744	48106-48151
48128.5	22.0999999999985	744	48106-48151
48128.1	22.5	744	48106-48151
48128.6	23	745	48106-48152
48129	23.4000000000015	745	48106-48152
48129.4	23	745	48106-48152
48129	22.5999999999985	745	48106-48152
48128.6	23	745	48106-48152
48129.1	23.5	746	48106-48153
48129.5	23.9000000000015	746	48106-48153
48129.9	23.5	746	48106-48153
48129.5	23.0999999999985	746	48106-48153
48129.1	23.5	746	48106-48153
48129.6	24	747	48106-48154
48130	24.4000000000015	747	48106-48154
48130.4	24	747	48106-48154
48130	23.5999999999985	747	48106-48154
48129.6	24	747	48106-48154
48130.1	24.5	748	48106-48155
48130.5	24.9000000000015	748	48106-48155
48130.9	24.5	748	48106-48155
48130.5	24.0999999999985	748	48106-48155
48130.1	24.5	748	48106-48155
48106.6	0	749	48107-48107
48107	0.400000000001455	749	48107-48107
48107.4	0	749	48107-48107
48107	-0.400000000001455	749	48107-48107
48106.6	0	749	48107-48107
48107.1	0.5	750	48107-48108
48107.5	0.900000000001455	750	48107-48108
48107.9	0.5	750	48107-48108
48107.5	0.0999999999985448	750	48107-48108
48107.1	0.5	750	48107-48108
48107.6	1	751	48107-48109
48108	1.40000000000146	751	48107-48109
48108.4	1	751	48107-48109
48108	0.599999999998545	751	48107-48109
48107.6	1	751	48107-48109
48108.1	1.5	752	48107-48110
48108.5	1.90000000000146	752	48107-48110
48108.9	1.5	752	48107-48110
48108.5	1.09999999999854	752	48107-48110
48108.1	1.5	752	48107-48110
48108.6	2	753	48107-48111
48109	2.40000000000146	753	48107-48111
48109.4	2	753	48107-48111
48109	1.59999999999854	753	48107-48111
48108.6	2	753	48107-48111
48109.1	2.5	754	48107-48112
48109.5	2.90000000000146	754	48107-48112
48109.9	2.5	754	48107-48112
48109.5	2.09999999999854	754	48107-48112
48109.1	2.5	754	48107-48112
48109.6	3	755	48107-48113
48110	3.40000000000146	755	48107-48113
48110.4	3	755	48107-48113
48110	2.59999999999855	755	48107-48113
48109.6	3	755	48107-48113
48110.1	3.5	756	48107-48114
48110.5	3.90000000000146	756	48107-48114
48110.9	3.5	756	48107-48114
48110.5	3.09999999999855	756	48107-48114
48110.1	3.5	756	48107-48114
48110.6	4	757	48107-48115
48111	4.40000000000146	757	48107-48115
48111.4	4	757	48107-48115
48111	3.59999999999855	757	48107-48115
48110.6	4	757	48107-48115
48111.1	4.5	758	48107-48116
48111.5	4.90000000000146	758	48107-48116
48111.9	4.5	758	48107-48116
48111.5	4.09999999999855	758	48107-48116
48111.1	4.5	758	48107-48116
48111.6	5	759	48107-48117
48112	5.40000000000146	759	48107-48117
48112.4	5	759	48107-48117
48112	4.59999999999855	759	48107-48117
48111.6	5	759	48107-48117
48112.1	5.5	760	48107-48118
48112.5	5.90000000000146	760	48107-48118
48112.9	5.5	760	48107-48118
48112.5	5.09999999999855	760	48107-48118
48112.1	5.5	760	48107-48118
48112.6	6	761	48107-48119
48113	6.40000000000146	761	48107-48119
48113.4	6	761	48107-48119
48113	5.59999999999855	761	48107-48119
48112.6	6	761	48107-48119
48113.1	6.5	762	48107-48120
48113.5	6.90000000000146	762	48107-48120
48113.9	6.5	762	48107-48120
48113.5	6.09999999999855	762	48107-48120
48113.1	6.5	762	48107-48120
48113.6	7	763	48107-48121
48114	7.40000000000146	763	48107-48121
48114.4	7	763	48107-48121
48114	6.59999999999855	763	48107-48121
48113.6	7	763	48107-48121
48114.1	7.5	764	48107-48122
48114.5	7.90000000000146	764	48107-48122
48114.9	7.5	764	48107-48122
48114.5	7.09999999999855	764	48107-48122
48114.1	7.5	764	48107-48122
48114.6	8	765	48107-48123
48115	8.40000000000146	765	48107-48123
48115.4	8	765	48107-48123
48115	7.59999999999855	765	48107-48123
48114.6	8	765	48107-48123
48115.1	8.5	766	48107-48124
48115.5	8.90000000000146	766	48107-48124
48115.9	8.5	766	48107-48124
48115.5	8.09999999999855	766	48107-48124
48115.1	8.5	766	48107-48124
48115.6	9	767	48107-48125
48116	9.40000000000146	767	48107-48125
48116.4	9	767	48107-48125
48116	8.59999999999855	767	48107-48125
48115.6	9	767	48107-48125
48116.1	9.5	768	48107-48126
48116.5	9.90000000000146	768	48107-48126
48116.9	9.5	768	48107-48126
48116.5	9.09999999999854	768	48107-48126
48116.1	9.5	768	48107-48126
48116.6	10	769	48107-48127
48117	10.4000000000015	769	48107-48127
48117.4	10	769	48107-48127
48117	9.59999999999854	769	48107-48127
48116.6	10	769	48107-48127
48117.1	10.5	770	48107-48128
48117.5	10.9000000000015	770	48107-48128
48117.9	10.5	770	48107-48128
48117.5	10.0999999999985	770	48107-48128
48117.1	10.5	770	48107-48128
48117.6	11	771	48107-48129
48118	11.4000000000015	771	48107-48129
48118.4	11	771	48107-48129
48118	10.5999999999985	771	48107-48129
48117.6	11	771	48107-48129
48118.1	11.5	772	48107-48130
48118.5	11.9000000000015	772	48107-48130
48118.9	11.5	772	48107-48130
48118.5	11.0999999999985	772	48107-48130
48118.1	11.5	772	48107-48130
48118.6	12	773	48107-48131
48119	12.4000000000015	773	48107-48131
48119.4	12	773	48107-48131
48119	11.5999999999985	773	48107-48131
48118.6	12	773	48107-48131
48119.1	12.5	774	48107-48132
48119.5	12.9000000000015	774	48107-48132
48119.9	12.5	774	48107-48132
48119.5	12.0999999999985	774	48107-48132
48119.1	12.5	774	48107-48132
48119.6	13	775	48107-48133
48120	13.4000000000015	775	48107-48133
48120.4	13	775	48107-48133
48120	12.5999999999985	775	48107-48133
48119.6	13	775	48107-48133
48120.1	13.5	776	48107-48134
48120.5	13.9000000000015	776	48107-48134
48120.9	13.5	776	48107-48134
48120.5	13.0999999999985	776	48107-48134
48120.1	13.5	776	48107-48134
48120.6	14	777	48107-48135
48121	14.4000000000015	777	48107-48135
48121.4	14	777	48107-48135
48121	13.5999999999985	777	48107-48135
48120.6	14	777	48107-48135
48121.1	14.5	778	48107-48136
48121.5	14.9000000000015	778	48107-48136
48121.9	14.5	778	48107-48136
48121.5	14.0999999999985	778	48107-48136
48121.1	14.5	778	48107-48136
48121.6	15	779	48107-48137
48122	15.4000000000015	779	48107-48137
48122.4	15	779	48107-48137
48122	14.5999999999985	779	48107-48137
48121.6	15	779	48107-48137
48122.1	15.5	780	48107-48138
48122.5	15.9000000000015	780	48107-48138
48122.9	15.5	780	48107-48138
48122.5	15.0999999999985	780	48107-48138
48122.1	15.5	780	48107-48138
48122.6	16	781	48107-48139
48123	16.4000000000015	781	48107-48139
48123.4	16	781	48107-48139
48123	15.5999999999985	781	48107-48139
48122.6	16	781	48107-48139
48123.1	16.5	782	48107-48140
48123.5	16.9000000000015	782	48107-48140
48123.9	16.5	782	48107-48140
48123.5	16.0999999999985	782	48107-48140
48123.1	16.5	782	48107-48140
48123.6	17	783	48107-48141
48124	17.4000000000015	783	48107-48141
48124.4	17	783	48107-48141
48124	16.5999999999985	783	48107-48141
48123.6	17	783	48107-48141
48124.1	17.5	784	48107-48142
48124.5	17.9000000000015	784	48107-48142
48124.9	17.5	784	48107-48142
48124.5	17.0999999999985	784	48107-48142
48124.1	17.5	784	48107-48142
48124.6	18	785	48107-48143
48125	18.4000000000015	785	48107-48143
48125.4	18	785	48107-48143
48125	17.5999999999985	785	48107-48143
48124.6	18	785	48107-48143
48125.1	18.5	786	48107-48144
48125.5	18.9000000000015	786	48107-48144
48125.9	18.5	786	48107-48144
48125.5	18.0999999999985	786	48107-48144
48125.1	18.5	786	48107-48144
48125.6	19	787	48107-48145
48126	19.4000000000015	787	48107-48145
48126.4	19	787	48107-48145
48126	18.5999999999985	787	48107-48145
48125.6	19	787	48107-48145
48126.1	19.5	788	48107-48146
48126.5	19.9000000000015	788	48107-48146
48126.9	19.5	788	48107-48146
48126.5	19.0999999999985	788	48107-48146
48126.1	19.5	788	48107-48146
48126.6	20	789	48107-48147
48127	20.4000000000015	789	48107-48147
48127.4	20	789	48107-48147
48127	19.5999999999985	789	48107-48147
48126.6	20	789	48107-48147
48127.1	20.5	790	48107-48148
48127.5	20.9000000000015	790	48107-48148
48127.9	20.5	790	48107-48148
48127.5	20.0999999999985	790	48107-48148
48127.1	20.5	790	48107-48148
48127.6	21	791	48107-48149
48128	21.4000000000015	791	48107-48149
48128.4	21	791	48107-48149
48128	20.5999999999985	791	48107-48149
48127.6	21	791	48107-48149
48128.1	21.5	792	48107-48150
48128.5	21.9000000000015	792	48107-48150
48128.9	21.5	792	48107-48150
48128.5	21.0999999999985	792	48107-48150
48128.1	21.5	792	48107-48150
48128.6	22	793	48107-48151
48129	22.4000000000015	793	48107-48151
48129.4	22	793	48107-48151
48129	21.5999999999985	793	48107-48151
48128.6	22	793	48107-48151
48129.1	22.5	794	48107-48152
48129.5	22.9000000000015	794	48107-48152
48129.9	22.5	794	48107-48152
48129.5	22.0999999999985	794	48107-48152
48129.1	22.5	794	48107-48152
48129.6	23	795	48107-48153
48130	23.4000000000015	795	48107-48153
48130.4	23	795	48107-48153
48130	22.5999999999985	795	48107-48153
48129.6	23	795	48107-48153
48130.1	23.5	796	48107-48154
48130.5	23.9000000000015	796	48107-48154
48130.9	23.5	796	48107-48154
48130.5	23.0999999999985	796	48107-48154
48130.1	23.5	796	48107-48154
48130.6	24	797	48107-48155
48131	24.4000000000015	797	48107-48155
48131.4	24	797	48107-48155
48131	23.5999999999985	797	48107-48155
48130.6	24	797	48107-48155
48131.1	24.5	798	48107-48156
48131.5	24.9000000000015	798	48107-48156
48131.9	24.5	798	48107-48156
48131.5	24.0999999999985	798	48107-48156
48131.1	24.5	798	48107-48156
48107.6	0	799	48108-48108
48108	0.400000000001455	799	48108-48108
48108.4	0	799	48108-48108
48108	-0.400000000001455	799	48108-48108
48107.6	0	799	48108-48108
48108.1	0.5	800	48108-48109
48108.5	0.900000000001455	800	48108-48109
48108.9	0.5	800	48108-48109
48108.5	0.0999999999985448	800	48108-48109
48108.1	0.5	800	48108-48109
48108.6	1	801	48108-48110
48109	1.40000000000146	801	48108-48110
48109.4	1	801	48108-48110
48109	0.599999999998545	801	48108-48110
48108.6	1	801	48108-48110
48109.1	1.5	802	48108-48111
48109.5	1.90000000000146	802	48108-48111
48109.9	1.5	802	48108-48111
48109.5	1.09999999999854	802	48108-48111
48109.1	1.5	802	48108-48111
48109.6	2	803	48108-48112
48110	2.40000000000146	803	48108-48112
48110.4	2	803	48108-48112
48110	1.59999999999854	803	48108-48112
48109.6	2	803	48108-48112
48110.1	2.5	804	48108-48113
48110.5	2.90000000000146	804	48108-48113
48110.9	2.5	804	48108-48113
48110.5	2.09999999999854	804	48108-48113
48110.1	2.5	804	48108-48113
48110.6	3	805	48108-48114
48111	3.40000000000146	805	48108-48114
48111.4	3	805	48108-48114
48111	2.59999999999855	805	48108-48114
48110.6	3	805	48108-48114
48111.1	3.5	806	48108-48115
48111.5	3.90000000000146	806	48108-48115
48111.9	3.5	806	48108-48115
48111.5	3.09999999999855	806	48108-48115
48111.1	3.5	806	48108-48115
48111.6	4	807	48108-48116
48112	4.40000000000146	807	48108-48116
48112.4	4	807	48108-48116
48112	3.59999999999855	807	48108-48116
48111.6	4	807	48108-48116
48112.1	4.5	808	48108-48117
48112.5	4.90000000000146	808	48108-48117
48112.9	4.5	808	48108-48117
48112.5	4.09999999999855	808	48108-48117
48112.1	4.5	808	48108-48117
48112.6	5	809	48108-48118
48113	5.40000000000146	809	48108-48118
48113.4	5	809	48108-48118
48113	4.59999999999855	809	48108-48118
48112.6	5	809	48108-48118
48113.1	5.5	810	48108-48119
48113.5	5.90000000000146	810	48108-48119
48113.9	5.5	810	48108-48119
48113.5	5.09999999999855	810	48108-48119
48113.1	5.5	810	48108-48119
48113.6	6	811	48108-48120
48114	6.40000000000146	811	48108-48120
48114.4	6	811	48108-48120
48114	5.59999999999855	811	48108-48120
48113.6	6	811	48108-48120
48114.1	6.5	812	48108-48121
48114.5	6.90000000000146	812	48108-48121
48114.9	6.5	812	48108-48121
48114.5	6.09999999999855	812	48108-48121
48114.1	6.5	812	48108-48121
48114.6	7	813	48108-48122
48115	7.40000000000146	813	48108-48122
48115.4	7	813	48108-48122
48115	6.59999999999855	813	48108-48122
48114.6	7	813	48108-48122
48115.1	7.5	814	48108-48123
48115.5	7.90000000000146	814	48108-48123
48115.9	7.5	814	48108-48123
48115.5	7.09999999999855	814	48108-48123
48115.1	7.5	814	48108-48123
48115.6	8	815	48108-48124
48116	8.40000000000146	815	48108-48124
48116.4	8	815	48108-48124
48116	7.59999999999855	815	48108-48124
48115.6	8	815	48108-48124
48116.1	8.5	816	48108-48125
48116.5	8.90000000000146	816	48108-48125
48116.9	8.5	816	48108-48125
48116.5	8.09999999999855	816	48108-48125
48116.1	8.5	816	48108-48125
48116.6	9	817	48108-48126
48117	9.40000000000146	817	48108-48126
48117.4	9	817	48108-48126
48117	8.59999999999855	817	48108-48126
48116.6	9	817	48108-48126
48117.1	9.5	818	48108-48127
48117.5	9.90000000000146	818	48108-48127
48117.9	9.5	818	48108-48127
48117.5	9.09999999999854	818	48108-48127
48117.1	9.5	818	48108-48127
48117.6	10	819	48108-48128
48118	10.4000000000015	819	48108-48128
48118.4	10	819	48108-48128
48118	9.59999999999854	819	48108-48128
48117.6	10	819	48108-48128
48118.1	10.5	820	48108-48129
48118.5	10.9000000000015	820	48108-48129
48118.9	10.5	820	48108-48129
48118.5	10.0999999999985	820	48108-48129
48118.1	10.5	820	48108-48129
48118.6	11	821	48108-48130
48119	11.4000000000015	821	48108-48130
48119.4	11	821	48108-48130
48119	10.5999999999985	821	48108-48130
48118.6	11	821	48108-48130
48119.1	11.5	822	48108-48131
48119.5	11.9000000000015	822	48108-48131
48119.9	11.5	822	48108-48131
48119.5	11.0999999999985	822	48108-48131
48119.1	11.5	822	48108-48131
48119.6	12	823	48108-48132
48120	12.4000000000015	823	48108-48132
48120.4	12	823	48108-48132
48120	11.5999999999985	823	48108-48132
48119.6	12	823	48108-48132
48120.1	12.5	824	48108-48133
48120.5	12.9000000000015	824	48108-48133
48120.9	12.5	824	48108-48133
48120.5	12.0999999999985	824	48108-48133
48120.1	12.5	824	48108-48133
48120.6	13	825	48108-48134
48121	13.4000000000015	825	48108-48134
48121.4	13	825	48108-48134
48121	12.5999999999985	825	48108-48134
48120.6	13	825	48108-48134
48121.1	13.5	826	48108-48135
48121.5	13.9000000000015	826	48108-48135
48121.9	13.5	826	48108-48135
48121.5	13.0999999999985	826	48108-48135
48121.1	13.5	826	48108-48135
48121.6	14	827	48108-48136
48122	14.4000000000015	827	48108-48136
48122.4	14	827	48108-48136
48122	13.5999999999985	827	48108-48136
48121.6	14	827	48108-48136
48122.1	14.5	828	48108-48137
48122.5	14.9000000000015	828	48108-48137
48122.9	14.5	828	48108-48137
48122.5	14.0999999999985	828	48108-48137
48122.1	14.5	828	48108-48137
48122.6	15	829	48108-48138
48123	15.4000000000015	829	48108-48138
48123.4	15	829	48108-48138
48123	14.5999999999985	829	48108-48138
48122.6	15	829	48108-48138
48123.1	15.5	830	48108-48139
48123.5	15.9000000000015	830	48108-48139
48123.9	15.5	830	48108-48139
48123.5	15.0999999999985	830	48108-48139
48123.1	15.5	830	48108-48139
48123.6	16	831	48108-48140
48124	16.4000000000015	831	48108-48140
48124.4	16	831	48108-48140
48124	15.5999999999985	831	48108-48140
48123.6	16	831	48108-48140
48124.1	16.5	832	48108-48141
48124.5	16.9000000000015	832	48108-48141
48124.9	16.5	832	48108-48141
48124.5	16.0999999999985	832	48108-48141
48124.1	16.5	832	48108-48141
48124.6	17	833	48108-48142
48125	17.4000000000015	833	48108-48142
48125.4	17	833	48108-48142
48125	16.5999999999985	833	48108-48142
48124.6	17	833	48108-48142
48125.1	17.5	834	48108-48143
48125.5	17.9000000000015	834	48108-48143
48125.9	17.5	834	48108-48143
48125.5	17.0999999999985	834	48108-48143
48125.1	17.5	834	48108-48143
48125.6	18	835	48108-48144
48126	18.4000000000015	835	48108-48144
48126.4	18	835	48108-48144
48126	17.5999999999985	835	48108-48144
48125.6	18	835	48108-48144
48126.1	18.5	836	48108-48145
48126.5	18.9000000000015	836	48108-48145
48126.9	18.5	836	48108-48145
48126.5	18.0999999999985	836	48108-48145
48126.1	18.5	836	48108-48145
48126.6	19	837	48108-48146
48127	19.4000000000015	837	48108-48146
48127.4	19	837	48108-48146
48127	18.5999999999985	837	48108-48146
48126.6	19	837	48108-48146
48127.1	19.5	838	48108-48147
48127.5	19.9000000000015	838	48108-48147
48127.9	19.5	838	48108-48147
48127.5	19.0999999999985	838	48108-48147
48127.1	19.5	838	48108-48147
48127.6	20	839	48108-48148
48128	20.4000000000015	839	48108-48148
48128.4	20	839	48108-48148
48128	19.5999999999985	839	48108-48148
48127.6	20	839	48108-48148
48128.1	20.5	840	48108-48149
48128.5	20.9000000000015	840	48108-48149
48128.9	20.5	840	48108-48149
48128.5	20.0999999999985	840	48108-48149
48128.1	20.5	840	48108-48149
48128.6	21	841	48108-48150
48129	21.4000000000015	841	48108-48150
48129.4	21	841	48108-48150
48129	20.5999999999985	841	48108-48150
48128.6	21	841	48108-48150
48129.1	21.5	842	48108-48151
48129.5	21.9000000000015	842	48108-48151
48129.9	21.5	842	48108-48151
48129.5	21.0999999999985	842	48108-48151
48129.1	21.5	842	48108-48151
48129.6	22	843	48108-48152
48130	22.4000000000015	843	48108-48152
48130.4	22	843	48108-48152
48130	21.5999999999985	843	48108-48152
48129.6	22	843	48108-48152
48130.1	22.5	844	48108-48153
48130.5	22.9000000000015	844	48108-48153
48130.9	22.5	844	48108-48153
48130.5	22.0999999999985	844	48108-48153
48130.1	22.5	844	48108-48153
48130.6	23	845	48108-48154
48131	23.4000000000015	845	48108-48154
48131.4	23	845	48108-48154
48131	22.5999999999985	845	48108-48154
48130.6	23	845	48108-48154
48131.1	23.5	846	48108-48155
48131.5	23.9000000000015	846	48108-48155
48131.9	23.5	846	48108-48155
48131.5	23.0999999999985	846	48108-48155
48131.1	23.5	846	48108-48155
48131.6	24	847	48108-48156
48132	24.4000000000015	847	48108-48156
48132.4	24	847	48108-48156
48132	23.5999999999985	847	48108-48156
48131.6	24	847	48108-48156
48132.1	24.5	848	48108-48157
48132.5	24.9000000000015	848	48108-48157
48132.9	24.5	848	48108-48157
48132.5	24.0999999999985	848	48108-48157
48132.1	24.5	848	48108-48157
48108.6	0	849	48109-48109
48109	0.400000000001455	849	48109-48109
48109.4	0	849	48109-48109
48109	-0.400000000001455	849	48109-48109
48108.6	0	849	48109-48109
48109.1	0.5	850	48109-48110
48109.5	0.900000000001455	850	48109-48110
48109.9	0.5	850	48109-48110
48109.5	0.0999999999985448	850	48109-48110
48109.1	0.5	850	48109-48110
48109.6	1	851	48109-48111
48110	1.40000000000146	851	48109-48111
48110.4	1	851	48109-48111
48110	0.599999999998545	851	48109-48111
48109.6	1	851	48109-48111
48110.1	1.5	852	48109-48112
48110.5	1.90000000000146	852	48109-48112
48110.9	1.5	852	48109-48112
48110.5	1.09999999999854	852	48109-48112
48110.1	1.5	852	48109-48112
48110.6	2	853	48109-48113
48111	2.40000000000146	853	48109-48113
48111.4	2	853	48109-48113
48111	1.59999999999854	853	48109-48113
48110.6	2	853	48109-48113
48111.1	2.5	854	48109-48114
48111.5	2.90000000000146	854	48109-48114
48111.9	2.5	854	48109-48114
48111.5	2.09999999999854	854	48109-48114
48111.1	2.5	854	48109-48114
48111.6	3	855	48109-48115
48112	3.40000000000146	855	48109-48115
48112.4	3	855	48109-48115
48112	2.59999999999855	855	48109-48115
48111.6	3	855	48109-48115
48112.1	3.5	856	48109-48116
48112.5	3.90000000000146	856	48109-48116
48112.9	3.5	856	48109-48116
48112.5	3.09999999999855	856	48109-48116
48112.1	3.5	856	48109-48116
48112.6	4	857	48109-48117
48113	4.40000000000146	857	48109-48117
48113.4	4	857	48109-48117
48113	3.59999999999855	857	48109-48117
48112.6	4	857	48109-48117
48113.1	4.5	858	48109-48118
48113.5	4.90000000000146	858	48109-48118
48113.9	4.5	858	48109-48118
48113.5	4.09999999999855	858	48109-48118
48113.1	4.5	858	48109-48118
48113.6	5	859	48109-48119
48114	5.40000000000146	859	48109-48119
48114.4	5	859	48109-48119
48114	4.59999999999855	859	48109-48119
48113.6	5	859	48109-48119
48114.1	5.5	860	48109-48120
48114.5	5.90000000000146	860	48109-48120
48114.9	5.5	860	48109-48120
48114.5	5.09999999999855	860	48109-48120
48114.1	5.5	860	48109-48120
48114.6	6	861	48109-48121
48115	6.40000000000146	861	48109-48121
48115.4	6	861	48109-48121
48115	5.59999999999855	861	48109-48121
48114.6	6	861	48109-48121
48115.1	6.5	862	48109-48122
48115.5	6.90000000000146	862	48109-48122
48115.9	6.5	862	48109-48122
48115.5	6.09999999999855	862	48109-48122
48115.1	6.5	862	48109-48122
48115.6	7	863	48109-48123
48116	7.40000000000146	863	48109-48123
48116.4	7	863	48109-48123
48116	6.59999999999855	863	48109-48123
48115.6	7	863	48109-48123
48116.1	7.5	864	48109-48124
48116.5	7.90000000000146	864	48109-48124
48116.9	7.5	864	48109-48124
48116.5	7.09999999999855	864	48109-48124
48116.1	7.5	864	48109-48124
48116.6	8	865	48109-48125
48117	8.40000000000146	865	48109-48125
48117.4	8	865	48109-48125
48117	7.59999999999855	865	48109-48125
48116.6	8	865	48109-48125
48117.1	8.5	866	48109-48126
48117.5	8.90000000000146	866	48109-48126
48117.9	8.5	866	48109-48126
48117.5	8.09999999999855	866	48109-48126
48117.1	8.5	866	48109-48126
48117.6	9	867	48109-48127
48118	9.40000000000146	867	48109-48127
48118.4	9	867	48109-48127
48118	8.59999999999855	867	48109-48127
48117.6	9	867	48109-48127
48118.1	9.5	868	48109-48128
48118.5	9.90000000000146	868	48109-48128
48118.9	9.5	868	48109-48128
48118.5	9.09999999999854	868	48109-48128
48118.1	9.5	868	48109-48128
48118.6	10	869	48109-48129
48119	10.4000000000015	869	48109-48129
48119.4	10	869	48109-48129
48119	9.59999999999854	869	48109-48129
48118.6	10	869	48109-48129
48119.1	10.5	870	48109-48130
48119.5	10.9000000000015	870	48109-48130
48119.9	10.5	870	48109-48130
48119.5	10.0999999999985	870	48109-48130
48119.1	10.5	870	48109-48130
48119.6	11	871	48109-48131
48120	11.4000000000015	871	48109-48131
48120.4	11	871	48109-48131
48120	10.5999999999985	871	48109-48131
48119.6	11	871	48109-48131
48120.1	11.5	872	48109-48132
48120.5	11.9000000000015	872	48109-48132
48120.9	11.5	872	48109-48132
48120.5	11.0999999999985	872	48109-48132
48120.1	11.5	872	48109-48132
48120.6	12	873	48109-48133
48121	12.4000000000015	873	48109-48133
48121.4	12	873	48109-48133
48121	11.5999999999985	873	48109-48133
48120.6	12	873	48109-48133
48121.1	12.5	874	48109-48134
48121.5	12.9000000000015	874	48109-48134
48121.9	12.5	874	48109-48134
48121.5	12.0999999999985	874	48109-48134
48121.1	12.5	874	48109-48134
48121.6	13	875	48109-48135
48122	13.4000000000015	875	48109-48135
48122.4	13	875	48109-48135
48122	12.5999999999985	875	48109-48135
48121.6	13	875	48109-48135
48122.1	13.5	876	48109-48136
48122.5	13.9000000000015	876	48109-48136
48122.9	13.5	876	48109-48136
48122.5	13.0999999999985	876	48109-48136
48122.1	13.5	876	48109-48136
48122.6	14	877	48109-48137
48123	14.4000000000015	877	48109-48137
48123.4	14	877	48109-48137
48123	13.5999999999985	877	48109-48137
48122.6	14	877	48109-48137
48123.1	14.5	878	48109-48138
48123.5	14.9000000000015	878	48109-48138
48123.9	14.5	878	48109-48138
48123.5	14.0999999999985	878	48109-48138
48123.1	14.5	878	48109-48138
48123.6	15	879	48109-48139
48124	15.4000000000015	879	48109-48139
48124.4	15	879	48109-48139
48124	14.5999999999985	879	48109-48139
48123.6	15	879	48109-48139
48124.1	15.5	880	48109-48140
48124.5	15.9000000000015	880	48109-48140
48124.9	15.5	880	48109-48140
48124.5	15.0999999999985	880	48109-48140
48124.1	15.5	880	48109-48140
48124.6	16	881	48109-48141
48125	16.4000000000015	881	48109-48141
48125.4	16	881	48109-48141
48125	15.5999999999985	881	48109-48141
48124.6	16	881	48109-48141
48125.1	16.5	882	48109-48142
48125.5	16.9000000000015	882	48109-48142
48125.9	16.5	882	48109-48142
48125.5	16.0999999999985	882	48109-48142
48125.1	16.5	882	48109-48142
48125.6	17	883	48109-48143
48126	17.4000000000015	883	48109-48143
48126.4	17	883	48109-48143
48126	16.5999999999985	883	48109-48143
48125.6	17	883	48109-48143
48126.1	17.5	884	48109-48144
48126.5	17.9000000000015	884	48109-48144
48126.9	17.5	884	48109-48144
48126.5	17.0999999999985	884	48109-48144
48126.1	17.5	884	48109-48144
48126.6	18	885	48109-48145
48127	18.4000000000015	885	48109-48145
48127.4	18	885	48109-48145
48127	17.5999999999985	885	48109-48145
48126.6	18	885	48109-48145
48127.1	18.5	886	48109-48146
48127.5	18.9000000000015	886	48109-48146
48127.9	18.5	886	48109-48146
48127.5	18.0999999999985	886	48109-48146
48127.1	18.5	886	48109-48146
48127.6	19	887	48109-48147
48128	19.4000000000015	887	48109-48147
48128.4	19	887	48109-48147
48128	18.5999999999985	887	48109-48147
48127.6	19	887	48109-48147
48128.1	19.5	888	48109-48148
48128.5	19.9000000000015	888	48109-48148
48128.9	19.5	888	48109-48148
48128.5	19.0999999999985	888	48109-48148
48128.1	19.5	888	48109-48148
48128.6	20	889	48109-48149
48129	20.4000000000015	889	48109-48149
48129.4	20	889	48109-48149
48129	19.5999999999985	889	48109-48149
48128.6	20	889	48109-48149
48129.1	20.5	890	48109-48150
48129.5	20.9000000000015	890	48109-48150
48129.9	20.5	890	48109-48150
48129.5	20.0999999999985	890	48109-48150
48129.1	20.5	890	48109-48150
48129.6	21	891	48109-48151
48130	21.4000000000015	891	48109-48151
48130.4	21	891	48109-48151
48130	20.5999999999985	891	48109-48151
48129.6	21	891	48109-48151
48130.1	21.5	892	48109-48152
48130.5	21.9000000000015	892	48109-48152
48130.9	21.5	892	48109-48152
48130.5	21.0999999999985	892	48109-48152
48130.1	21.5	892	48109-48152
48130.6	22	893	48109-48153
48131	22.4000000000015	893	48109-48153
48131.4	22	893	48109-48153
48131	21.5999999999985	893	48109-48153
48130.6	22	893	48109-48153
48131.1	22.5	894	48109-48154
48131.5	22.9000000000015	894	48109-48154
48131.9	22.5	894	48109-48154
48131.5	22.0999999999985	894	48109-48154
48131.1	22.5	894	48109-48154
48131.6	23	895	48109-48155
48132	23.4000000000015	895	48109-48155
48132.4	23	895	48109-48155
48132	22.5999999999985	895	48109-48155
48131.6	23	895	48109-48155
48132.1	23.5	896	48109-48156
48132.5	23.9000000000015	896	48109-48156
48132.9	23.5	896	48109-48156
48132.5	23.0999999999985	896	48109-48156
48132.1	23.5	896	48109-48156
48132.6	24	897	48109-48157
48133	24.4000000000015	897	48109-48157
48133.4	24	897	48109-48157
48133	23.5999999999985	897	48109-48157
48132.6	24	897	48109-48157
48133.1	24.5	898	48109-48158
48133.5	24.9000000000015	898	48109-48158
48133.9	24.5	898	48109-48158
48133.5	24.0999999999985	898	48109-48158
48133.1	24.5	898	48109-48158
48109.6	0	899	48110-48110
48110	0.400000000001455	899	48110-48110
48110.4	0	899	48110-48110
48110	-0.400000000001455	899	48110-48110
48109.6	0	899	48110-48110
48110.1	0.5	900	48110-48111
48110.5	0.900000000001455	900	48110-48111
48110.9	0.5	900	48110-48111
48110.5	0.0999999999985448	900	48110-48111
48110.1	0.5	900	48110-48111
48110.6	1	901	48110-48112
48111	1.40000000000146	901	48110-48112
48111.4	1	901	48110-48112
48111	0.599999999998545	901	48110-48112
48110.6	1	901	48110-48112
48111.1	1.5	902	48110-48113
48111.5	1.90000000000146	902	48110-48113
48111.9	1.5	902	48110-48113
48111.5	1.09999999999854	902	48110-48113
48111.1	1.5	902	48110-48113
48111.6	2	903	48110-48114
48112	2.40000000000146	903	48110-48114
48112.4	2	903	48110-48114
48112	1.59999999999854	903	48110-48114
48111.6	2	903	48110-48114
48112.1	2.5	904	48110-48115
48112.5	2.90000000000146	904	48110-48115
48112.9	2.5	904	48110-48115
48112.5	2.09999999999854	904	48110-48115
48112.1	2.5	904	48110-48115
48112.6	3	905	48110-48116
48113	3.40000000000146	905	48110-48116
48113.4	3	905	48110-48116
48113	2.59999999999855	905	48110-48116
48112.6	3	905	48110-48116
48113.1	3.5	906	48110-48117
48113.5	3.90000000000146	906	48110-48117
48113.9	3.5	906	48110-48117
48113.5	3.09999999999855	906	48110-48117
48113.1	3.5	906	48110-48117
48113.6	4	907	48110-48118
48114	4.40000000000146	907	48110-48118
48114.4	4	907	48110-48118
48114	3.59999999999855	907	48110-48118
48113.6	4	907	48110-48118
48114.1	4.5	908	48110-48119
48114.5	4.90000000000146	908	48110-48119
48114.9	4.5	908	48110-48119
48114.5	4.09999999999855	908	48110-48119
48114.1	4.5	908	48110-48119
48114.6	5	909	48110-48120
48115	5.40000000000146	909	48110-48120
48115.4	5	909	48110-48120
48115	4.59999999999855	909	48110-48120
48114.6	5	909	48110-48120
48115.1	5.5	910	48110-48121
48115.5	5.90000000000146	910	48110-48121
48115.9	5.5	910	48110-48121
48115.5	5.09999999999855	910	48110-48121
48115.1	5.5	910	48110-48121
48115.6	6	911	48110-48122
48116	6.40000000000146	911	48110-48122
48116.4	6	911	48110-48122
48116	5.59999999999855	911	48110-48122
48115.6	6	911	48110-48122
48116.1	6.5	912	48110-48123
48116.5	6.90000000000146	912	48110-48123
48116.9	6.5	912	48110-48123
48116.5	6.09999999999855	912	48110-48123
48116.1	6.5	912	48110-48123
48116.6	7	913	48110-48124
48117	7.40000000000146	913	48110-48124
48117.4	7	913	48110-48124
48117	6.59999999999855	913	48110-48124
48116.6	7	913	48110-48124
48117.1	7.5	914	48110-48125
48117.5	7.90000000000146	914	48110-48125
48117.9	7.5	914	48110-48125
48117.5	7.09999999999855	914	48110-48125
48117.1	7.5	914	48110-48125
48117.6	8	915	48110-48126
48118	8.40000000000146	915	48110-48126
48118.4	8	915	48110-48126
48118	7.59999999999855	915	48110-48126
48117.6	8	915	48110-48126
48118.1	8.5	916	48110-48127
48118.5	8.90000000000146	916	48110-48127
48118.9	8.5	916	48110-48127
48118.5	8.09999999999855	916	48110-48127
48118.1	8.5	916	48110-48127
48118.6	9	917	48110-48128
48119	9.40000000000146	917	48110-48128
48119.4	9	917	48110-48128
48119	8.59999999999855	917	48110-48128
48118.6	9	917	48110-48128
48119.1	9.5	918	48110-48129
48119.5	9.90000000000146	918	48110-48129
48119.9	9.5	918	48110-48129
48119.5	9.09999999999854	918	48110-48129
48119.1	9.5	918	48110-48129
48119.6	10	919	48110-48130
48120	10.4000000000015	919	48110-48130
48120.4	10	919	48110-48130
48120	9.59999999999854	919	48110-48130
48119.6	10	919	48110-48130
48120.1	10.5	920	48110-48131
48120.5	10.9000000000015	920	48110-48131
48120.9	10.5	920	48110-48131
48120.5	10.0999999999985	920	48110-48131
48120.1	10.5	920	48110-48131
48120.6	11	921	48110-48132
48121	11.4000000000015	921	48110-48132
48121.4	11	921	48110-48132
48121	10.5999999999985	921	48110-48132
48120.6	11	921	48110-48132
48121.1	11.5	922	48110-48133
48121.5	11.9000000000015	922	48110-48133
48121.9	11.5	922	48110-48133
48121.5	11.0999999999985	922	48110-48133
48121.1	11.5	922	48110-48133
48121.6	12	923	48110-48134
48122	12.4000000000015	923	48110-48134
48122.4	12	923	48110-48134
48122	11.5999999999985	923	48110-48134
48121.6	12	923	48110-48134
48122.1	12.5	924	48110-48135
48122.5	12.9000000000015	924	48110-48135
48122.9	12.5	924	48110-48135
48122.5	12.0999999999985	924	48110-48135
48122.1	12.5	924	48110-48135
48122.6	13	925	48110-48136
48123	13.4000000000015	925	48110-48136
48123.4	13	925	48110-48136
48123	12.5999999999985	925	48110-48136
48122.6	13	925	48110-48136
48123.1	13.5	926	48110-48137
48123.5	13.9000000000015	926	48110-48137
48123.9	13.5	926	48110-48137
48123.5	13.0999999999985	926	48110-48137
48123.1	13.5	926	48110-48137
48123.6	14	927	48110-48138
48124	14.4000000000015	927	48110-48138
48124.4	14	927	48110-48138
48124	13.5999999999985	927	48110-48138
48123.6	14	927	48110-48138
48124.1	14.5	928	48110-48139
48124.5	14.9000000000015	928	48110-48139
48124.9	14.5	928	48110-48139
48124.5	14.0999999999985	928	48110-48139
48124.1	14.5	928	48110-48139
48124.6	15	929	48110-48140
48125	15.4000000000015	929	48110-48140
48125.4	15	929	48110-48140
48125	14.5999999999985	929	48110-48140
48124.6	15	929	48110-48140
48125.1	15.5	930	48110-48141
48125.5	15.9000000000015	930	48110-48141
48125.9	15.5	930	48110-48141
48125.5	15.0999999999985	930	48110-48141
48125.1	15.5	930	48110-48141
48125.6	16	931	48110-48142
48126	16.4000000000015	931	48110-48142
48126.4	16	931	48110-48142
48126	15.5999999999985	931	48110-48142
48125.6	16	931	48110-48142
48126.1	16.5	932	48110-48143
48126.5	16.9000000000015	932	48110-48143
48126.9	16.5	932	48110-48143
48126.5	16.0999999999985	932	48110-48143
48126.1	16.5	932	48110-48143
48126.6	17	933	48110-48144
48127	17.4000000000015	933	48110-48144
48127.4	17	933	48110-48144
48127	16.5999999999985	933	48110-48144
48126.6	17	933	48110-48144
48127.1	17.5	934	48110-48145
48127.5	17.9000000000015	934	48110-48145
48127.9	17.5	934	48110-48145
48127.5	17.0999999999985	934	48110-48145
48127.1	17.5	934	48110-48145
48127.6	18	935	48110-48146
48128	18.4000000000015	935	48110-48146
48128.4	18	935	48110-48146
48128	17.5999999999985	935	48110-48146
48127.6	18	935	48110-48146
48128.1	18.5	936	48110-48147
48128.5	18.9000000000015	936	48110-48147
48128.9	18.5	936	48110-48147
48128.5	18.0999999999985	936	48110-48147
48128.1	18.5	936	48110-48147
48128.6	19	937	48110-48148
48129	19.4000000000015	937	48110-48148
48129.4	19	937	48110-48148
48129	18.5999999999985	937	48110-48148
48128.6	19	937	48110-48148
48129.1	19.5	938	48110-48149
48129.5	19.9000000000015	938	48110-48149
48129.9	19.5	938	48110-48149
48129.5	19.0999999999985	938	48110-48149
48129.1	19.5	938	48110-48149
48129.6	20	939	48110-48150
48130	20.4000000000015	939	48110-48150
48130.4	20	939	48110-48150
48130	19.5999999999985	939	48110-48150
48129.6	20	939	48110-48150
48130.1	20.5	940	48110-48151
48130.5	20.9000000000015	940	48110-48151
48130.9	20.5	940	48110-48151
48130.5	20.0999999999985	940	48110-48151
48130.1	20.5	940	48110-48151
48130.6	21	941	48110-48152
48131	21.4000000000015	941	48110-48152
48131.4	21	941	48110-48152
48131	20.5999999999985	941	48110-48152
48130.6	21	941	48110-48152
48131.1	21.5	942	48110-48153
48131.5	21.9000000000015	942	48110-48153
48131.9	21.5	942	48110-48153
48131.5	21.0999999999985	942	48110-48153
48131.1	21.5	942	48110-48153
48131.6	22	943	48110-48154
48132	22.4000000000015	943	48110-48154
48132.4	22	943	48110-48154
48132	21.5999999999985	943	48110-48154
48131.6	22	943	48110-48154
48132.1	22.5	944	48110-48155
48132.5	22.9000000000015	944	48110-48155
48132.9	22.5	944	48110-48155
48132.5	22.0999999999985	944	48110-48155
48132.1	22.5	944	48110-48155
48132.6	23	945	48110-48156
48133	23.4000000000015	945	48110-48156
48133.4	23	945	48110-48156
48133	22.5999999999985	945	48110-48156
48132.6	23	945	48110-48156
48133.1	23.5	946	48110-48157
48133.5	23.9000000000015	946	48110-48157
48133.9	23.5	946	48110-48157
48133.5	23.0999999999985	946	48110-48157
48133.1	23.5	946	48110-48157
48133.6	24	947	48110-48158
48134	24.4000000000015	947	48110-48158
48134.4	24	947	48110-48158
48134	23.5999999999985	947	48110-48158
48133.6	24	947	48110-48158
48134.1	24.5	948	48110-48159
48134.5	24.9000000000015	948	48110-48159
48134.9	24.5	948	48110-48159
48134.5	24.0999999999985	948	48110-48159
48134.1	24.5	948	48110-48159
48110.6	0	949	48111-48111
48111	0.400000000001455	949	48111-48111
48111.4	0	949	48111-48111
48111	-0.400000000001455	949	48111-48111
48110.6	0	949	48111-48111
48111.1	0.5	950	48111-48112
48111.5	0.900000000001455	950	48111-48112
48111.9	0.5	950	48111-48112
48111.5	0.0999999999985448	950	48111-48112
48111.1	0.5	950	48111-48112
48111.6	1	951	48111-48113
48112	1.40000000000146	951	48111-48113
48112.4	1	951	48111-48113
48112	0.599999999998545	951	48111-48113
48111.6	1	951	48111-48113
48112.1	1.5	952	48111-48114
48112.5	1.90000000000146	952	48111-48114
48112.9	1.5	952	48111-48114
48112.5	1.09999999999854	952	48111-48114
48112.1	1.5	952	48111-48114
48112.6	2	953	48111-48115
48113	2.40000000000146	953	48111-48115
48113.4	2	953	48111-48115
48113	1.59999999999854	953	48111-48115
48112.6	2	953	48111-48115
48113.1	2.5	954	48111-48116
48113.5	2.90000000000146	954	48111-48116
48113.9	2.5	954	48111-48116
48113.5	2.09999999999854	954	48111-48116
48113.1	2.5	954	48111-48116
48113.6	3	955	48111-48117
48114	3.40000000000146	955	48111-48117
48114.4	3	955	48111-48117
48114	2.59999999999855	955	48111-48117
48113.6	3	955	48111-48117
48114.1	3.5	956	48111-48118
48114.5	3.90000000000146	956	48111-48118
48114.9	3.5	956	48111-48118
48114.5	3.09999999999855	956	48111-48118
48114.1	3.5	956	48111-48118
48114.6	4	957	48111-48119
48115	4.40000000000146	957	48111-48119
48115.4	4	957	48111-48119
48115	3.59999999999855	957	48111-48119
48114.6	4	957	48111-48119
48115.1	4.5	958	48111-48120
48115.5	4.90000000000146	958	48111-48120
48115.9	4.5	958	48111-48120
48115.5	4.09999999999855	958	48111-48120
48115.1	4.5	958	48111-48120
48115.6	5	959	48111-48121
48116	5.40000000000146	959	48111-48121
48116.4	5	959	48111-48121
48116	4.59999999999855	959	48111-48121
48115.6	5	959	48111-48121
48116.1	5.5	960	48111-48122
48116.5	5.90000000000146	960	48111-48122
48116.9	5.5	960	48111-48122
48116.5	5.09999999999855	960	48111-48122
48116.1	5.5	960	48111-48122
48116.6	6	961	48111-48123
48117	6.40000000000146	961	48111-48123
48117.4	6	961	48111-48123
48117	5.59999999999855	961	48111-48123
48116.6	6	961	48111-48123
48117.1	6.5	962	48111-48124
48117.5	6.90000000000146	962	48111-48124
48117.9	6.5	962	48111-48124
48117.5	6.09999999999855	962	48111-48124
48117.1	6.5	962	48111-48124
48117.6	7	963	48111-48125
48118	7.40000000000146	963	48111-48125
48118.4	7	963	48111-48125
48118	6.59999999999855	963	48111-48125
48117.6	7	963	48111-48125
48118.1	7.5	964	48111-48126
48118.5	7.90000000000146	964	48111-48126
48118.9	7.5	964	48111-48126
48118.5	7.09999999999855	964	48111-48126
48118.1	7.5	964	48111-48126
48118.6	8	965	48111-48127
48119	8.40000000000146	965	48111-48127
48119.4	8	965	48111-48127
48119	7.59999999999855	965	48111-48127
48118.6	8	965	48111-48127
48119.1	8.5	966	48111-48128
48119.5	8.90000000000146	966	48111-48128
48119.9	8.5	966	48111-48128
48119.5	8.09999999999855	966	48111-48128
48119.1	8.5	966	48111-48128
48119.6	9	967	48111-48129
48120	9.40000000000146	967	48111-48129
48120.4	9	967	48111-48129
48120	8.59999999999855	967	48111-48129
48119.6	9	967	48111-48129
48120.1	9.5	968	48111-48130
48120.5	9.90000000000146	968	48111-48130
48120.9	9.5	968	48111-48130
48120.5	9.09999999999854	968	48111-48130
48120.1	9.5	968	48111-48130
48120.6	10	969	48111-48131
48121	10.4000000000015	969	48111-48131
48121.4	10	969	48111-48131
48121	9.59999999999854	969	48111-48131
48120.6	10	969	48111-48131
48121.1	10.5	970	48111-48132
48121.5	10.9000000000015	970	48111-48132
48121.9	10.5	970	48111-48132
48121.5	10.0999999999985	970	48111-48132
48121.1	10.5	970	48111-48132
48121.6	11	971	48111-48133
48122	11.4000000000015	971	48111-48133
48122.4	11	971	48111-48133
48122	10.5999999999985	971	48111-48133
48121.6	11	971	48111-48133
48122.1	11.5	972	48111-48134
48122.5	11.9000000000015	972	48111-48134
48122.9	11.5	972	48111-48134
48122.5	11.0999999999985	972	48111-48134
48122.1	11.5	972	48111-48134
48122.6	12	973	48111-48135
48123	12.4000000000015	973	48111-48135
48123.4	12	973	48111-48135
48123	11.5999999999985	973	48111-48135
48122.6	12	973	48111-48135
48123.1	12.5	974	48111-48136
48123.5	12.9000000000015	974	48111-48136
48123.9	12.5	974	48111-48136
48123.5	12.0999999999985	974	48111-48136
48123.1	12.5	974	48111-48136
48123.6	13	975	48111-48137
48124	13.4000000000015	975	48111-48137
48124.4	13	975	48111-48137
48124	12.5999999999985	975	48111-48137
48123.6	13	975	48111-48137
48124.1	13.5	976	48111-48138
48124.5	13.9000000000015	976	48111-48138
48124.9	13.5	976	48111-48138
48124.5	13.0999999999985	976	48111-48138
48124.1	13.5	976	48111-48138
48124.6	14	977	48111-48139
48125	14.4000000000015	977	48111-48139
48125.4	14	977	48111-48139
48125	13.5999999999985	977	48111-48139
48124.6	14	977	48111-48139
48125.1	14.5	978	48111-48140
48125.5	14.9000000000015	978	48111-48140
48125.9	14.5	978	48111-48140
48125.5	14.0999999999985	978	48111-48140
48125.1	14.5	978	48111-48140
48125.6	15	979	48111-48141
48126	15.4000000000015	979	48111-48141
48126.4	15	979	48111-48141
48126	14.5999999999985	979	48111-48141
48125.6	15	979	48111-48141
48126.1	15.5	980	48111-48142
48126.5	15.9000000000015	980	48111-48142
48126.9	15.5	980	48111-48142
48126.5	15.0999999999985	980	48111-48142
48126.1	15.5	980	48111-48142
48126.6	16	981	48111-48143
48127	16.4000000000015	981	48111-48143
48127.4	16	981	48111-48143
48127	15.5999999999985	981	48111-48143
48126.6	16	981	48111-48143
48127.1	16.5	982	48111-48144
48127.5	16.9000000000015	982	48111-48144
48127.9	16.5	982	48111-48144
48127.5	16.0999999999985	982	48111-48144
48127.1	16.5	982	48111-48144
48127.6	17	983	48111-48145
48128	17.4000000000015	983	48111-48145
48128.4	17	983	48111-48145
48128	16.5999999999985	983	48111-48145
48127.6	17	983	48111-48145
48128.1	17.5	984	48111-48146
48128.5	17.9000000000015	984	48111-48146
48128.9	17.5	984	48111-48146
48128.5	17.0999999999985	984	48111-48146
48128.1	17.5	984	48111-48146
48128.6	18	985	48111-48147
48129	18.4000000000015	985	48111-48147
48129.4	18	985	48111-48147
48129	17.5999999999985	985	48111-48147
48128.6	18	985	48111-48147
48129.1	18.5	986	48111-48148
48129.5	18.9000000000015	986	48111-48148
48129.9	18.5	986	48111-48148
48129.5	18.0999999999985	986	48111-48148
48129.1	18.5	986	48111-48148
48129.6	19	987	48111-48149
48130	19.4000000000015	987	48111-48149
48130.4	19	987	48111-48149
48130	18.5999999999985	987	48111-48149
48129.6	19	987	48111-48149
48130.1	19.5	988	48111-48150
48130.5	19.9000000000015	988	48111-48150
48130.9	19.5	988	48111-48150
48130.5	19.0999999999985	988	48111-48150
48130.1	19.5	988	48111-48150
48130.6	20	989	48111-48151
48131	20.4000000000015	989	48111-48151
48131.4	20	989	48111-48151
48131	19.5999999999985	989	48111-48151
48130.6	20	989	48111-48151
48131.1	20.5	990	48111-48152
48131.5	20.9000000000015	990	48111-48152
48131.9	20.5	990	48111-48152
48131.5	20.0999999999985	990	48111-48152
48131.1	20.5	990	48111-48152
48131.6	21	991	48111-48153
48132	21.4000000000015	991	48111-48153
48132.4	21	991	48111-48153
48132	20.5999999999985	991	48111-48153
48131.6	21	991	48111-48153
48132.1	21.5	992	48111-48154
48132.5	21.9000000000015	992	48111-48154
48132.9	21.5	992	48111-48154
48132.5	21.0999999999985	992	48111-48154
48132.1	21.5	992	48111-48154
48132.6	22	993	48111-48155
48133	22.4000000000015	993	48111-48155
48133.4	22	993	48111-48155
48133	21.5999999999985	993	48111-48155
48132.6	22	993	48111-48155
48133.1	22.5	994	48111-48156
48133.5	22.9000000000015	994	48111-48156
48133.9	22.5	994	48111-48156
48133.5	22.0999999999985	994	48111-48156
48133.1	22.5	994	48111-48156
48133.6	23	995	48111-48157
48134	23.4000000000015	995	48111-48157
48134.4	23	995	48111-48157
48134	22.5999999999985	995	48111-48157
48133.6	23	995	48111-48157
48134.1	23.5	996	48111-48158
48134.5	23.9000000000015	996	48111-48158
48134.9	23.5	996	48111-48158
48134.5	23.0999999999985	996	48111-48158
48134.1	23.5	996	48111-48158
48134.6	24	997	48111-48159
48135	24.4000000000015	997	48111-48159
48135.4	24	997	48111-48159
48135	23.5999999999985	997	48111-48159
48134.6	24	997	48111-48159
48135.1	24.5	998	48111-48160
48135.5	24.9000000000015	998	48111-48160
48135.9	24.5	998	48111-48160
48135.5	24.0999999999985	998	48111-48160
48135.1	24.5	998	48111-48160
48111.6	0	999	48112-48112
48112	0.400000000001455	999	48112-48112
48112.4	0	999	48112-48112
48112	-0.400000000001455	999	48112-48112
48111.6	0	999	48112-48112
48112.1	0.5	1000	48112-48113
48112.5	0.900000000001455	1000	48112-48113
48112.9	0.5	1000	48112-48113
48112.5	0.0999999999985448	1000	48112-48113
48112.1	0.5	1000	48112-48113
48112.6	1	1001	48112-48114
48113	1.40000000000146	1001	48112-48114
48113.4	1	1001	48112-48114
48113	0.599999999998545	1001	48112-48114
48112.6	1	1001	48112-48114
48113.1	1.5	1002	48112-48115
48113.5	1.90000000000146	1002	48112-48115
48113.9	1.5	1002	48112-48115
48113.5	1.09999999999854	1002	48112-48115
48113.1	1.5	1002	48112-48115
48113.6	2	1003	48112-48116
48114	2.40000000000146	1003	48112-48116
48114.4	2	1003	48112-48116
48114	1.59999999999854	1003	48112-48116
48113.6	2	1003	48112-48116
48114.1	2.5	1004	48112-48117
48114.5	2.90000000000146	1004	48112-48117
48114.9	2.5	1004	48112-48117
48114.5	2.09999999999854	1004	48112-48117
48114.1	2.5	1004	48112-48117
48114.6	3	1005	48112-48118
48115	3.40000000000146	1005	48112-48118
48115.4	3	1005	48112-48118
48115	2.59999999999855	1005	48112-48118
48114.6	3	1005	48112-48118
48115.1	3.5	1006	48112-48119
48115.5	3.90000000000146	1006	48112-48119
48115.9	3.5	1006	48112-48119
48115.5	3.09999999999855	1006	48112-48119
48115.1	3.5	1006	48112-48119
48115.6	4	1007	48112-48120
48116	4.40000000000146	1007	48112-48120
48116.4	4	1007	48112-48120
48116	3.59999999999855	1007	48112-48120
48115.6	4	1007	48112-48120
48116.1	4.5	1008	48112-48121
48116.5	4.90000000000146	1008	48112-48121
48116.9	4.5	1008	48112-48121
48116.5	4.09999999999855	1008	48112-48121
48116.1	4.5	1008	48112-48121
48116.6	5	1009	48112-48122
48117	5.40000000000146	1009	48112-48122
48117.4	5	1009	48112-48122
48117	4.59999999999855	1009	48112-48122
48116.6	5	1009	48112-48122
48117.1	5.5	1010	48112-48123
48117.5	5.90000000000146	1010	48112-48123
48117.9	5.5	1010	48112-48123
48117.5	5.09999999999855	1010	48112-48123
48117.1	5.5	1010	48112-48123
48117.6	6	1011	48112-48124
48118	6.40000000000146	1011	48112-48124
48118.4	6	1011	48112-48124
48118	5.59999999999855	1011	48112-48124
48117.6	6	1011	48112-48124
48118.1	6.5	1012	48112-48125
48118.5	6.90000000000146	1012	48112-48125
48118.9	6.5	1012	48112-48125
48118.5	6.09999999999855	1012	48112-48125
48118.1	6.5	1012	48112-48125
48118.6	7	1013	48112-48126
48119	7.40000000000146	1013	48112-48126
48119.4	7	1013	48112-48126
48119	6.59999999999855	1013	48112-48126
48118.6	7	1013	48112-48126
48119.1	7.5	1014	48112-48127
48119.5	7.90000000000146	1014	48112-48127
48119.9	7.5	1014	48112-48127
48119.5	7.09999999999855	1014	48112-48127
48119.1	7.5	1014	48112-48127
48119.6	8	1015	48112-48128
48120	8.40000000000146	1015	48112-48128
48120.4	8	1015	48112-48128
48120	7.59999999999855	1015	48112-48128
48119.6	8	1015	48112-48128
48120.1	8.5	1016	48112-48129
48120.5	8.90000000000146	1016	48112-48129
48120.9	8.5	1016	48112-48129
48120.5	8.09999999999855	1016	48112-48129
48120.1	8.5	1016	48112-48129
48120.6	9	1017	48112-48130
48121	9.40000000000146	1017	48112-48130
48121.4	9	1017	48112-48130
48121	8.59999999999855	1017	48112-48130
48120.6	9	1017	48112-48130
48121.1	9.5	1018	48112-48131
48121.5	9.90000000000146	1018	48112-48131
48121.9	9.5	1018	48112-48131
48121.5	9.09999999999854	1018	48112-48131
48121.1	9.5	1018	48112-48131
48121.6	10	1019	48112-48132
48122	10.4000000000015	1019	48112-48132
48122.4	10	1019	48112-48132
48122	9.59999999999854	1019	48112-48132
48121.6	10	1019	48112-48132
48122.1	10.5	1020	48112-48133
48122.5	10.9000000000015	1020	48112-48133
48122.9	10.5	1020	48112-48133
48122.5	10.0999999999985	1020	48112-48133
48122.1	10.5	1020	48112-48133
48122.6	11	1021	48112-48134
48123	11.4000000000015	1021	48112-48134
48123.4	11	1021	48112-48134
48123	10.5999999999985	1021	48112-48134
48122.6	11	1021	48112-48134
48123.1	11.5	1022	48112-48135
48123.5	11.9000000000015	1022	48112-48135
48123.9	11.5	1022	48112-48135
48123.5	11.0999999999985	1022	48112-48135
48123.1	11.5	1022	48112-48135
48123.6	12	1023	48112-48136
48124	12.4000000000015	1023	48112-48136
48124.4	12	1023	48112-48136
48124	11.5999999999985	1023	48112-48136
48123.6	12	1023	48112-48136
48124.1	12.5	1024	48112-48137
48124.5	12.9000000000015	1024	48112-48137
48124.9	12.5	1024	48112-48137
48124.5	12.0999999999985	1024	48112-48137
48124.1	12.5	1024	48112-48137
48124.6	13	1025	48112-48138
48125	13.4000000000015	1025	48112-48138
48125.4	13	1025	48112-48138
48125	12.5999999999985	1025	48112-48138
48124.6	13	1025	48112-48138
48125.1	13.5	1026	48112-48139
48125.5	13.9000000000015	1026	48112-48139
48125.9	13.5	1026	48112-48139
48125.5	13.0999999999985	1026	48112-48139
48125.1	13.5	1026	48112-48139
48125.6	14	1027	48112-48140
48126	14.4000000000015	1027	48112-48140
48126.4	14	1027	48112-48140
48126	13.5999999999985	1027	48112-48140
48125.6	14	1027	48112-48140
48126.1	14.5	1028	48112-48141
48126.5	14.9000000000015	1028	48112-48141
48126.9	14.5	1028	48112-48141
48126.5	14.0999999999985	1028	48112-48141
48126.1	14.5	1028	48112-48141
48126.6	15	1029	48112-48142
48127	15.4000000000015	1029	48112-48142
48127.4	15	1029	48112-48142
48127	14.5999999999985	1029	48112-48142
48126.6	15	1029	48112-48142
48127.1	15.5	1030	48112-48143
48127.5	15.9000000000015	1030	48112-48143
48127.9	15.5	1030	48112-48143
48127.5	15.0999999999985	1030	48112-48143
48127.1	15.5	1030	48112-48143
48127.6	16	1031	48112-48144
48128	16.4000000000015	1031	48112-48144
48128.4	16	1031	48112-48144
48128	15.5999999999985	1031	48112-48144
48127.6	16	1031	48112-48144
48128.1	16.5	1032	48112-48145
48128.5	16.9000000000015	1032	48112-48145
48128.9	16.5	1032	48112-48145
48128.5	16.0999999999985	1032	48112-48145
48128.1	16.5	1032	48112-48145
48128.6	17	1033	48112-48146
48129	17.4000000000015	1033	48112-48146
48129.4	17	1033	48112-48146
48129	16.5999999999985	1033	48112-48146
48128.6	17	1033	48112-48146
48129.1	17.5	1034	48112-48147
48129.5	17.9000000000015	1034	48112-48147
48129.9	17.5	1034	48112-48147
48129.5	17.0999999999985	1034	48112-48147
48129.1	17.5	1034	48112-48147
48129.6	18	1035	48112-48148
48130	18.4000000000015	1035	48112-48148
48130.4	18	1035	48112-48148
48130	17.5999999999985	1035	48112-48148
48129.6	18	1035	48112-48148
48130.1	18.5	1036	48112-48149
48130.5	18.9000000000015	1036	48112-48149
48130.9	18.5	1036	48112-48149
48130.5	18.0999999999985	1036	48112-48149
48130.1	18.5	1036	48112-48149
48130.6	19	1037	48112-48150
48131	19.4000000000015	1037	48112-48150
48131.4	19	1037	48112-48150
48131	18.5999999999985	1037	48112-48150
48130.6	19	1037	48112-48150
48131.1	19.5	1038	48112-48151
48131.5	19.9000000000015	1038	48112-48151
48131.9	19.5	1038	48112-48151
48131.5	19.0999999999985	1038	48112-48151
48131.1	19.5	1038	48112-48151
48131.6	20	1039	48112-48152
48132	20.4000000000015	1039	48112-48152
48132.4	20	1039	48112-48152
48132	19.5999999999985	1039	48112-48152
48131.6	20	1039	48112-48152
48132.1	20.5	1040	48112-48153
48132.5	20.9000000000015	1040	48112-48153
48132.9	20.5	1040	48112-48153
48132.5	20.0999999999985	1040	48112-48153
48132.1	20.5	1040	48112-48153
48132.6	21	1041	48112-48154
48133	21.4000000000015	1041	48112-48154
48133.4	21	1041	48112-48154
48133	20.5999999999985	1041	48112-48154
48132.6	21	1041	48112-48154
48133.1	21.5	1042	48112-48155
48133.5	21.9000000000015	1042	48112-48155
48133.9	21.5	1042	48112-48155
48133.5	21.0999999999985	1042	48112-48155
48133.1	21.5	1042	48112-48155
48133.6	22	1043	48112-48156
48134	22.4000000000015	1043	48112-48156
48134.4	22	1043	48112-48156
48134	21.5999999999985	1043	48112-48156
48133.6	22	1043	48112-48156
48134.1	22.5	1044	48112-48157
48134.5	22.9000000000015	1044	48112-48157
48134.9	22.5	1044	48112-48157
48134.5	22.0999999999985	1044	48112-48157
48134.1	22.5	1044	48112-48157
48134.6	23	1045	48112-48158
48135	23.4000000000015	1045	48112-48158
48135.4	23	1045	48112-48158
48135	22.5999999999985	1045	48112-48158
48134.6	23	1045	48112-48158
48135.1	23.5	1046	48112-48159
48135.5	23.9000000000015	1046	48112-48159
48135.9	23.5	1046	48112-48159
48135.5	23.0999999999985	1046	48112-48159
48135.1	23.5	1046	48112-48159
48135.6	24	1047	48112-48160
48136	24.4000000000015	1047	48112-48160
48136.4	24	1047	48112-48160
48136	23.5999999999985	1047	48112-48160
48135.6	24	1047	48112-48160
48136.1	24.5	1048	48112-48161
48136.5	24.9000000000015	1048	48112-48161
48136.9	24.5	1048	48112-48161
48136.5	24.0999999999985	1048	48112-48161
48136.1	24.5	1048	48112-48161
48112.6	0	1049	48113-48113
48113	0.400000000001455	1049	48113-48113
48113.4	0	1049	48113-48113
48113	-0.400000000001455	1049	48113-48113
48112.6	0	1049	48113-48113
48113.1	0.5	1050	48113-48114
48113.5	0.900000000001455	1050	48113-48114
48113.9	0.5	1050	48113-48114
48113.5	0.0999999999985448	1050	48113-48114
48113.1	0.5	1050	48113-48114
48113.6	1	1051	48113-48115
48114	1.40000000000146	1051	48113-48115
48114.4	1	1051	48113-48115
48114	0.599999999998545	1051	48113-48115
48113.6	1	1051	48113-48115
48114.1	1.5	1052	48113-48116
48114.5	1.90000000000146	1052	48113-48116
48114.9	1.5	1052	48113-48116
48114.5	1.09999999999854	1052	48113-48116
48114.1	1.5	1052	48113-48116
48114.6	2	1053	48113-48117
48115	2.40000000000146	1053	48113-48117
48115.4	2	1053	48113-48117
48115	1.59999999999854	1053	48113-48117
48114.6	2	1053	48113-48117
48115.1	2.5	1054	48113-48118
48115.5	2.90000000000146	1054	48113-48118
48115.9	2.5	1054	48113-48118
48115.5	2.09999999999854	1054	48113-48118
48115.1	2.5	1054	48113-48118
48115.6	3	1055	48113-48119
48116	3.40000000000146	1055	48113-48119
48116.4	3	1055	48113-48119
48116	2.59999999999855	1055	48113-48119
48115.6	3	1055	48113-48119
48116.1	3.5	1056	48113-48120
48116.5	3.90000000000146	1056	48113-48120
48116.9	3.5	1056	48113-48120
48116.5	3.09999999999855	1056	48113-48120
48116.1	3.5	1056	48113-48120
48116.6	4	1057	48113-48121
48117	4.40000000000146	1057	48113-48121
48117.4	4	1057	48113-48121
48117	3.59999999999855	1057	48113-48121
48116.6	4	1057	48113-48121
48117.1	4.5	1058	48113-48122
48117.5	4.90000000000146	1058	48113-48122
48117.9	4.5	1058	48113-48122
48117.5	4.09999999999855	1058	48113-48122
48117.1	4.5	1058	48113-48122
48117.6	5	1059	48113-48123
48118	5.40000000000146	1059	48113-48123
48118.4	5	1059	48113-48123
48118	4.59999999999855	1059	48113-48123
48117.6	5	1059	48113-48123
48118.1	5.5	1060	48113-48124
48118.5	5.90000000000146	1060	48113-48124
48118.9	5.5	1060	48113-48124
48118.5	5.09999999999855	1060	48113-48124
48118.1	5.5	1060	48113-48124
48118.6	6	1061	48113-48125
48119	6.40000000000146	1061	48113-48125
48119.4	6	1061	48113-48125
48119	5.59999999999855	1061	48113-48125
48118.6	6	1061	48113-48125
48119.1	6.5	1062	48113-48126
48119.5	6.90000000000146	1062	48113-48126
48119.9	6.5	1062	48113-48126
48119.5	6.09999999999855	1062	48113-48126
48119.1	6.5	1062	48113-48126
48119.6	7	1063	48113-48127
48120	7.40000000000146	1063	48113-48127
48120.4	7	1063	48113-48127
48120	6.59999999999855	1063	48113-48127
48119.6	7	1063	48113-48127
48120.1	7.5	1064	48113-48128
48120.5	7.90000000000146	1064	48113-48128
48120.9	7.5	1064	48113-48128
48120.5	7.09999999999855	1064	48113-48128
48120.1	7.5	1064	48113-48128
48120.6	8	1065	48113-48129
48121	8.40000000000146	1065	48113-48129
48121.4	8	1065	48113-48129
48121	7.59999999999855	1065	48113-48129
48120.6	8	1065	48113-48129
48121.1	8.5	1066	48113-48130
48121.5	8.90000000000146	1066	48113-48130
48121.9	8.5	1066	48113-48130
48121.5	8.09999999999855	1066	48113-48130
48121.1	8.5	1066	48113-48130
48121.6	9	1067	48113-48131
48122	9.40000000000146	1067	48113-48131
48122.4	9	1067	48113-48131
48122	8.59999999999855	1067	48113-48131
48121.6	9	1067	48113-48131
48122.1	9.5	1068	48113-48132
48122.5	9.90000000000146	1068	48113-48132
48122.9	9.5	1068	48113-48132
48122.5	9.09999999999854	1068	48113-48132
48122.1	9.5	1068	48113-48132
48122.6	10	1069	48113-48133
48123	10.4000000000015	1069	48113-48133
48123.4	10	1069	48113-48133
48123	9.59999999999854	1069	48113-48133
48122.6	10	1069	48113-48133
48123.1	10.5	1070	48113-48134
48123.5	10.9000000000015	1070	48113-48134
48123.9	10.5	1070	48113-48134
48123.5	10.0999999999985	1070	48113-48134
48123.1	10.5	1070	48113-48134
48123.6	11	1071	48113-48135
48124	11.4000000000015	1071	48113-48135
48124.4	11	1071	48113-48135
48124	10.5999999999985	1071	48113-48135
48123.6	11	1071	48113-48135
48124.1	11.5	1072	48113-48136
48124.5	11.9000000000015	1072	48113-48136
48124.9	11.5	1072	48113-48136
48124.5	11.0999999999985	1072	48113-48136
48124.1	11.5	1072	48113-48136
48124.6	12	1073	48113-48137
48125	12.4000000000015	1073	48113-48137
48125.4	12	1073	48113-48137
48125	11.5999999999985	1073	48113-48137
48124.6	12	1073	48113-48137
48125.1	12.5	1074	48113-48138
48125.5	12.9000000000015	1074	48113-48138
48125.9	12.5	1074	48113-48138
48125.5	12.0999999999985	1074	48113-48138
48125.1	12.5	1074	48113-48138
48125.6	13	1075	48113-48139
48126	13.4000000000015	1075	48113-48139
48126.4	13	1075	48113-48139
48126	12.5999999999985	1075	48113-48139
48125.6	13	1075	48113-48139
48126.1	13.5	1076	48113-48140
48126.5	13.9000000000015	1076	48113-48140
48126.9	13.5	1076	48113-48140
48126.5	13.0999999999985	1076	48113-48140
48126.1	13.5	1076	48113-48140
48126.6	14	1077	48113-48141
48127	14.4000000000015	1077	48113-48141
48127.4	14	1077	48113-48141
48127	13.5999999999985	1077	48113-48141
48126.6	14	1077	48113-48141
48127.1	14.5	1078	48113-48142
48127.5	14.9000000000015	1078	48113-48142
48127.9	14.5	1078	48113-48142
48127.5	14.0999999999985	1078	48113-48142
48127.1	14.5	1078	48113-48142
48127.6	15	1079	48113-48143
48128	15.4000000000015	1079	48113-48143
48128.4	15	1079	48113-48143
48128	14.5999999999985	1079	48113-48143
48127.6	15	1079	48113-48143
48128.1	15.5	1080	48113-48144
48128.5	15.9000000000015	1080	48113-48144
48128.9	15.5	1080	48113-48144
48128.5	15.0999999999985	1080	48113-48144
48128.1	15.5	1080	48113-48144
48128.6	16	1081	48113-48145
48129	16.4000000000015	1081	48113-48145
48129.4	16	1081	48113-48145
48129	15.5999999999985	1081	48113-48145
48128.6	16	1081	48113-48145
48129.1	16.5	1082	48113-48146
48129.5	16.9000000000015	1082	48113-48146
48129.9	16.5	1082	48113-48146
48129.5	16.0999999999985	1082	48113-48146
48129.1	16.5	1082	48113-48146
48129.6	17	1083	48113-48147
48130	17.4000000000015	1083	48113-48147
48130.4	17	1083	48113-48147
48130	16.5999999999985	1083	48113-48147
48129.6	17	1083	48113-48147
48130.1	17.5	1084	48113-48148
48130.5	17.9000000000015	1084	48113-48148
48130.9	17.5	1084	48113-48148
48130.5	17.0999999999985	1084	48113-48148
48130.1	17.5	1084	48113-48148
48130.6	18	1085	48113-48149
48131	18.4000000000015	1085	48113-48149
48131.4	18	1085	48113-48149
48131	17.5999999999985	1085	48113-48149
48130.6	18	1085	48113-48149
48131.1	18.5	1086	48113-48150
48131.5	18.9000000000015	1086	48113-48150
48131.9	18.5	1086	48113-48150
48131.5	18.0999999999985	1086	48113-48150
48131.1	18.5	1086	48113-48150
48131.6	19	1087	48113-48151
48132	19.4000000000015	1087	48113-48151
48132.4	19	1087	48113-48151
48132	18.5999999999985	1087	48113-48151
48131.6	19	1087	48113-48151
48132.1	19.5	1088	48113-48152
48132.5	19.9000000000015	1088	48113-48152
48132.9	19.5	1088	48113-48152
48132.5	19.0999999999985	1088	48113-48152
48132.1	19.5	1088	48113-48152
48132.6	20	1089	48113-48153
48133	20.4000000000015	1089	48113-48153
48133.4	20	1089	48113-48153
48133	19.5999999999985	1089	48113-48153
48132.6	20	1089	48113-48153
48133.1	20.5	1090	48113-48154
48133.5	20.9000000000015	1090	48113-48154
48133.9	20.5	1090	48113-48154
48133.5	20.0999999999985	1090	48113-48154
48133.1	20.5	1090	48113-48154
48133.6	21	1091	48113-48155
48134	21.4000000000015	1091	48113-48155
48134.4	21	1091	48113-48155
48134	20.5999999999985	1091	48113-48155
48133.6	21	1091	48113-48155
48134.1	21.5	1092	48113-48156
48134.5	21.9000000000015	1092	48113-48156
48134.9	21.5	1092	48113-48156
48134.5	21.0999999999985	1092	48113-48156
48134.1	21.5	1092	48113-48156
48134.6	22	1093	48113-48157
48135	22.4000000000015	1093	48113-48157
48135.4	22	1093	48113-48157
48135	21.5999999999985	1093	48113-48157
48134.6	22	1093	48113-48157
48135.1	22.5	1094	48113-48158
48135.5	22.9000000000015	1094	48113-48158
48135.9	22.5	1094	48113-48158
48135.5	22.0999999999985	1094	48113-48158
48135.1	22.5	1094	48113-48158
48135.6	23	1095	48113-48159
48136	23.4000000000015	1095	48113-48159
48136.4	23	1095	48113-48159
48136	22.5999999999985	1095	48113-48159
48135.6	23	1095	48113-48159
48136.1	23.5	1096	48113-48160
48136.5	23.9000000000015	1096	48113-48160
48136.9	23.5	1096	48113-48160
48136.5	23.0999999999985	1096	48113-48160
48136.1	23.5	1096	48113-48160
48136.6	24	1097	48113-48161
48137	24.4000000000015	1097	48113-48161
48137.4	24	1097	48113-48161
48137	23.5999999999985	1097	48113-48161
48136.6	24	1097	48113-48161
48137.1	24.5	1098	48113-48162
48137.5	24.9000000000015	1098	48113-48162
48137.9	24.5	1098	48113-48162
48137.5	24.0999999999985	1098	48113-48162
48137.1	24.5	1098	48113-48162
48113.6	0	1099	48114-48114
48114	0.400000000001455	1099	48114-48114
48114.4	0	1099	48114-48114
48114	-0.400000000001455	1099	48114-48114
48113.6	0	1099	48114-48114
48114.1	0.5	1100	48114-48115
48114.5	0.900000000001455	1100	48114-48115
48114.9	0.5	1100	48114-48115
48114.5	0.0999999999985448	1100	48114-48115
48114.1	0.5	1100	48114-48115
48114.6	1	1101	48114-48116
48115	1.40000000000146	1101	48114-48116
48115.4	1	1101	48114-48116
48115	0.599999999998545	1101	48114-48116
48114.6	1	1101	48114-48116
48115.1	1.5	1102	48114-48117
48115.5	1.90000000000146	1102	48114-48117
48115.9	1.5	1102	48114-48117
48115.5	1.09999999999854	1102	48114-48117
48115.1	1.5	1102	48114-48117
48115.6	2	1103	48114-48118
48116	2.40000000000146	1103	48114-48118
48116.4	2	1103	48114-48118
48116	1.59999999999854	1103	48114-48118
48115.6	2	1103	48114-48118
48116.1	2.5	1104	48114-48119
48116.5	2.90000000000146	1104	48114-48119
48116.9	2.5	1104	48114-48119
48116.5	2.09999999999854	1104	48114-48119
48116.1	2.5	1104	48114-48119
48116.6	3	1105	48114-48120
48117	3.40000000000146	1105	48114-48120
48117.4	3	1105	48114-48120
48117	2.59999999999855	1105	48114-48120
48116.6	3	1105	48114-48120
48117.1	3.5	1106	48114-48121
48117.5	3.90000000000146	1106	48114-48121
48117.9	3.5	1106	48114-48121
48117.5	3.09999999999855	1106	48114-48121
48117.1	3.5	1106	48114-48121
48117.6	4	1107	48114-48122
48118	4.40000000000146	1107	48114-48122
48118.4	4	1107	48114-48122
48118	3.59999999999855	1107	48114-48122
48117.6	4	1107	48114-48122
48118.1	4.5	1108	48114-48123
48118.5	4.90000000000146	1108	48114-48123
48118.9	4.5	1108	48114-48123
48118.5	4.09999999999855	1108	48114-48123
48118.1	4.5	1108	48114-48123
48118.6	5	1109	48114-48124
48119	5.40000000000146	1109	48114-48124
48119.4	5	1109	48114-48124
48119	4.59999999999855	1109	48114-48124
48118.6	5	1109	48114-48124
48119.1	5.5	1110	48114-48125
48119.5	5.90000000000146	1110	48114-48125
48119.9	5.5	1110	48114-48125
48119.5	5.09999999999855	1110	48114-48125
48119.1	5.5	1110	48114-48125
48119.6	6	1111	48114-48126
48120	6.40000000000146	1111	48114-48126
48120.4	6	1111	48114-48126
48120	5.59999999999855	1111	48114-48126
48119.6	6	1111	48114-48126
48120.1	6.5	1112	48114-48127
48120.5	6.90000000000146	1112	48114-48127
48120.9	6.5	1112	48114-48127
48120.5	6.09999999999855	1112	48114-48127
48120.1	6.5	1112	48114-48127
48120.6	7	1113	48114-48128
48121	7.40000000000146	1113	48114-48128
48121.4	7	1113	48114-48128
48121	6.59999999999855	1113	48114-48128
48120.6	7	1113	48114-48128
48121.1	7.5	1114	48114-48129
48121.5	7.90000000000146	1114	48114-48129
48121.9	7.5	1114	48114-48129
48121.5	7.09999999999855	1114	48114-48129
48121.1	7.5	1114	48114-48129
48121.6	8	1115	48114-48130
48122	8.40000000000146	1115	48114-48130
48122.4	8	1115	48114-48130
48122	7.59999999999855	1115	48114-48130
48121.6	8	1115	48114-48130
48122.1	8.5	1116	48114-48131
48122.5	8.90000000000146	1116	48114-48131
48122.9	8.5	1116	48114-48131
48122.5	8.09999999999855	1116	48114-48131
48122.1	8.5	1116	48114-48131
48122.6	9	1117	48114-48132
48123	9.40000000000146	1117	48114-48132
48123.4	9	1117	48114-48132
48123	8.59999999999855	1117	48114-48132
48122.6	9	1117	48114-48132
48123.1	9.5	1118	48114-48133
48123.5	9.90000000000146	1118	48114-48133
48123.9	9.5	1118	48114-48133
48123.5	9.09999999999854	1118	48114-48133
48123.1	9.5	1118	48114-48133
48123.6	10	1119	48114-48134
48124	10.4000000000015	1119	48114-48134
48124.4	10	1119	48114-48134
48124	9.59999999999854	1119	48114-48134
48123.6	10	1119	48114-48134
48124.1	10.5	1120	48114-48135
48124.5	10.9000000000015	1120	48114-48135
48124.9	10.5	1120	48114-48135
48124.5	10.0999999999985	1120	48114-48135
48124.1	10.5	1120	48114-48135
48124.6	11	1121	48114-48136
48125	11.4000000000015	1121	48114-48136
48125.4	11	1121	48114-48136
48125	10.5999999999985	1121	48114-48136
48124.6	11	1121	48114-48136
48125.1	11.5	1122	48114-48137
48125.5	11.9000000000015	1122	48114-48137
48125.9	11.5	1122	48114-48137
48125.5	11.0999999999985	1122	48114-48137
48125.1	11.5	1122	48114-48137
48125.6	12	1123	48114-48138
48126	12.4000000000015	1123	48114-48138
48126.4	12	1123	48114-48138
48126	11.5999999999985	1123	48114-48138
48125.6	12	1123	48114-48138
48126.1	12.5	1124	48114-48139
48126.5	12.9000000000015	1124	48114-48139
48126.9	12.5	1124	48114-48139
48126.5	12.0999999999985	1124	48114-48139
48126.1	12.5	1124	48114-48139
48126.6	13	1125	48114-48140
48127	13.4000000000015	1125	48114-48140
48127.4	13	1125	48114-48140
48127	12.5999999999985	1125	48114-48140
48126.6	13	1125	48114-48140
48127.1	13.5	1126	48114-48141
48127.5	13.9000000000015	1126	48114-48141
48127.9	13.5	1126	48114-48141
48127.5	13.0999999999985	1126	48114-48141
48127.1	13.5	1126	48114-48141
48127.6	14	1127	48114-48142
48128	14.4000000000015	1127	48114-48142
48128.4	14	1127	48114-48142
48128	13.5999999999985	1127	48114-48142
48127.6	14	1127	48114-48142
48128.1	14.5	1128	48114-48143
48128.5	14.9000000000015	1128	48114-48143
48128.9	14.5	1128	48114-48143
48128.5	14.0999999999985	1128	48114-48143
48128.1	14.5	1128	48114-48143
48128.6	15	1129	48114-48144
48129	15.4000000000015	1129	48114-48144
48129.4	15	1129	48114-48144
48129	14.5999999999985	1129	48114-48144
48128.6	15	1129	48114-48144
48129.1	15.5	1130	48114-48145
48129.5	15.9000000000015	1130	48114-48145
48129.9	15.5	1130	48114-48145
48129.5	15.0999999999985	1130	48114-48145
48129.1	15.5	1130	48114-48145
48129.6	16	1131	48114-48146
48130	16.4000000000015	1131	48114-48146
48130.4	16	1131	48114-48146
48130	15.5999999999985	1131	48114-48146
48129.6	16	1131	48114-48146
48130.1	16.5	1132	48114-48147
48130.5	16.9000000000015	1132	48114-48147
48130.9	16.5	1132	48114-48147
48130.5	16.0999999999985	1132	48114-48147
48130.1	16.5	1132	48114-48147
48130.6	17	1133	48114-48148
48131	17.4000000000015	1133	48114-48148
48131.4	17	1133	48114-48148
48131	16.5999999999985	1133	48114-48148
48130.6	17	1133	48114-48148
48131.1	17.5	1134	48114-48149
48131.5	17.9000000000015	1134	48114-48149
48131.9	17.5	1134	48114-48149
48131.5	17.0999999999985	1134	48114-48149
48131.1	17.5	1134	48114-48149
48131.6	18	1135	48114-48150
48132	18.4000000000015	1135	48114-48150
48132.4	18	1135	48114-48150
48132	17.5999999999985	1135	48114-48150
48131.6	18	1135	48114-48150
48132.1	18.5	1136	48114-48151
48132.5	18.9000000000015	1136	48114-48151
48132.9	18.5	1136	48114-48151
48132.5	18.0999999999985	1136	48114-48151
48132.1	18.5	1136	48114-48151
48132.6	19	1137	48114-48152
48133	19.4000000000015	1137	48114-48152
48133.4	19	1137	48114-48152
48133	18.5999999999985	1137	48114-48152
48132.6	19	1137	48114-48152
48133.1	19.5	1138	48114-48153
48133.5	19.9000000000015	1138	48114-48153
48133.9	19.5	1138	48114-48153
48133.5	19.0999999999985	1138	48114-48153
48133.1	19.5	1138	48114-48153
48133.6	20	1139	48114-48154
48134	20.4000000000015	1139	48114-48154
48134.4	20	1139	48114-48154
48134	19.5999999999985	1139	48114-48154
48133.6	20	1139	48114-48154
48134.1	20.5	1140	48114-48155
48134.5	20.9000000000015	1140	48114-48155
48134.9	20.5	1140	48114-48155
48134.5	20.0999999999985	1140	48114-48155
48134.1	20.5	1140	48114-48155
48134.6	21	1141	48114-48156
48135	21.4000000000015	1141	48114-48156
48135.4	21	1141	48114-48156
48135	20.5999999999985	1141	48114-48156
48134.6	21	1141	48114-48156
48135.1	21.5	1142	48114-48157
48135.5	21.9000000000015	1142	48114-48157
48135.9	21.5	1142	48114-48157
48135.5	21.0999999999985	1142	48114-48157
48135.1	21.5	1142	48114-48157
48135.6	22	1143	48114-48158
48136	22.4000000000015	1143	48114-48158
48136.4	22	1143	48114-48158
48136	21.5999999999985	1143	48114-48158
48135.6	22	1143	48114-48158
48136.1	22.5	1144	48114-48159
48136.5	22.9000000000015	1144	48114-48159
48136.9	22.5	1144	48114-48159
48136.5	22.0999999999985	1144	48114-48159
48136.1	22.5	1144	48114-48159
48136.6	23	1145	48114-48160
48137	23.4000000000015	1145	48114-48160
48137.4	23	1145	48114-48160
48137	22.5999999999985	1145	48114-48160
48136.6	23	1145	48114-48160
48137.1	23.5	1146	48114-48161
48137.5	23.9000000000015	1146	48114-48161
48137.9	23.5	1146	48114-48161
48137.5	23.0999999999985	1146	48114-48161
48137.1	23.5	1146	48114-48161
48137.6	24	1147	48114-48162
48138	24.4000000000015	1147	48114-48162
48138.4	24	1147	48114-48162
48138	23.5999999999985	1147	48114-48162
48137.6	24	1147	48114-48162
48138.1	24.5	1148	48114-48163
48138.5	24.9000000000015	1148	48114-48163
48138.9	24.5	1148	48114-48163
48138.5	24.0999999999985	1148	48114-48163
48138.1	24.5	1148	48114-48163
48114.6	0	1149	48115-48115
48115	0.400000000001455	1149	48115-48115
48115.4	0	1149	48115-48115
48115	-0.400000000001455	1149	48115-48115
48114.6	0	1149	48115-48115
48115.1	0.5	1150	48115-48116
48115.5	0.900000000001455	1150	48115-48116
48115.9	0.5	1150	48115-48116
48115.5	0.0999999999985448	1150	48115-48116
48115.1	0.5	1150	48115-48116
48115.6	1	1151	48115-48117
48116	1.40000000000146	1151	48115-48117
48116.4	1	1151	48115-48117
48116	0.599999999998545	1151	48115-48117
48115.6	1	1151	48115-48117
48116.1	1.5	1152	48115-48118
48116.5	1.90000000000146	1152	48115-48118
48116.9	1.5	1152	48115-48118
48116.5	1.09999999999854	1152	48115-48118
48116.1	1.5	1152	48115-48118
48116.6	2	1153	48115-48119
48117	2.40000000000146	1153	48115-48119
48117.4	2	1153	48115-48119
48117	1.59999999999854	1153	48115-48119
48116.6	2	1153	48115-48119
48117.1	2.5	1154	48115-48120
48117.5	2.90000000000146	1154	48115-48120
48117.9	2.5	1154	48115-48120
48117.5	2.09999999999854	1154	48115-48120
48117.1	2.5	1154	48115-48120
48117.6	3	1155	48115-48121
48118	3.40000000000146	1155	48115-48121
48118.4	3	1155	48115-48121
48118	2.59999999999855	1155	48115-48121
48117.6	3	1155	48115-48121
48118.1	3.5	1156	48115-48122
48118.5	3.90000000000146	1156	48115-48122
48118.9	3.5	1156	48115-48122
48118.5	3.09999999999855	1156	48115-48122
48118.1	3.5	1156	48115-48122
48118.6	4	1157	48115-48123
48119	4.40000000000146	1157	48115-48123
48119.4	4	1157	48115-48123
48119	3.59999999999855	1157	48115-48123
48118.6	4	1157	48115-48123
48119.1	4.5	1158	48115-48124
48119.5	4.90000000000146	1158	48115-48124
48119.9	4.5	1158	48115-48124
48119.5	4.09999999999855	1158	48115-48124
48119.1	4.5	1158	48115-48124
48119.6	5	1159	48115-48125
48120	5.40000000000146	1159	48115-48125
48120.4	5	1159	48115-48125
48120	4.59999999999855	1159	48115-48125
48119.6	5	1159	48115-48125
48120.1	5.5	1160	48115-48126
48120.5	5.90000000000146	1160	48115-48126
48120.9	5.5	1160	48115-48126
48120.5	5.09999999999855	1160	48115-48126
48120.1	5.5	1160	48115-48126
48120.6	6	1161	48115-48127
48121	6.40000000000146	1161	48115-48127
48121.4	6	1161	48115-48127
48121	5.59999999999855	1161	48115-48127
48120.6	6	1161	48115-48127
48121.1	6.5	1162	48115-48128
48121.5	6.90000000000146	1162	48115-48128
48121.9	6.5	1162	48115-48128
48121.5	6.09999999999855	1162	48115-48128
48121.1	6.5	1162	48115-48128
48121.6	7	1163	48115-48129
48122	7.40000000000146	1163	48115-48129
48122.4	7	1163	48115-48129
48122	6.59999999999855	1163	48115-48129
48121.6	7	1163	48115-48129
48122.1	7.5	1164	48115-48130
48122.5	7.90000000000146	1164	48115-48130
48122.9	7.5	1164	48115-48130
48122.5	7.09999999999855	1164	48115-48130
48122.1	7.5	1164	48115-48130
48122.6	8	1165	48115-48131
48123	8.40000000000146	1165	48115-48131
48123.4	8	1165	48115-48131
48123	7.59999999999855	1165	48115-48131
48122.6	8	1165	48115-48131
48123.1	8.5	1166	48115-48132
48123.5	8.90000000000146	1166	48115-48132
48123.9	8.5	1166	48115-48132
48123.5	8.09999999999855	1166	48115-48132
48123.1	8.5	1166	48115-48132
48123.6	9	1167	48115-48133
48124	9.40000000000146	1167	48115-48133
48124.4	9	1167	48115-48133
48124	8.59999999999855	1167	48115-48133
48123.6	9	1167	48115-48133
48124.1	9.5	1168	48115-48134
48124.5	9.90000000000146	1168	48115-48134
48124.9	9.5	1168	48115-48134
48124.5	9.09999999999854	1168	48115-48134
48124.1	9.5	1168	48115-48134
48124.6	10	1169	48115-48135
48125	10.4000000000015	1169	48115-48135
48125.4	10	1169	48115-48135
48125	9.59999999999854	1169	48115-48135
48124.6	10	1169	48115-48135
48125.1	10.5	1170	48115-48136
48125.5	10.9000000000015	1170	48115-48136
48125.9	10.5	1170	48115-48136
48125.5	10.0999999999985	1170	48115-48136
48125.1	10.5	1170	48115-48136
48125.6	11	1171	48115-48137
48126	11.4000000000015	1171	48115-48137
48126.4	11	1171	48115-48137
48126	10.5999999999985	1171	48115-48137
48125.6	11	1171	48115-48137
48126.1	11.5	1172	48115-48138
48126.5	11.9000000000015	1172	48115-48138
48126.9	11.5	1172	48115-48138
48126.5	11.0999999999985	1172	48115-48138
48126.1	11.5	1172	48115-48138
48126.6	12	1173	48115-48139
48127	12.4000000000015	1173	48115-48139
48127.4	12	1173	48115-48139
48127	11.5999999999985	1173	48115-48139
48126.6	12	1173	48115-48139
48127.1	12.5	1174	48115-48140
48127.5	12.9000000000015	1174	48115-48140
48127.9	12.5	1174	48115-48140
48127.5	12.0999999999985	1174	48115-48140
48127.1	12.5	1174	48115-48140
48127.6	13	1175	48115-48141
48128	13.4000000000015	1175	48115-48141
48128.4	13	1175	48115-48141
48128	12.5999999999985	1175	48115-48141
48127.6	13	1175	48115-48141
48128.1	13.5	1176	48115-48142
48128.5	13.9000000000015	1176	48115-48142
48128.9	13.5	1176	48115-48142
48128.5	13.0999999999985	1176	48115-48142
48128.1	13.5	1176	48115-48142
48128.6	14	1177	48115-48143
48129	14.4000000000015	1177	48115-48143
48129.4	14	1177	48115-48143
48129	13.5999999999985	1177	48115-48143
48128.6	14	1177	48115-48143
48129.1	14.5	1178	48115-48144
48129.5	14.9000000000015	1178	48115-48144
48129.9	14.5	1178	48115-48144
48129.5	14.0999999999985	1178	48115-48144
48129.1	14.5	1178	48115-48144
48129.6	15	1179	48115-48145
48130	15.4000000000015	1179	48115-48145
48130.4	15	1179	48115-48145
48130	14.5999999999985	1179	48115-48145
48129.6	15	1179	48115-48145
48130.1	15.5	1180	48115-48146
48130.5	15.9000000000015	1180	48115-48146
48130.9	15.5	1180	48115-48146
48130.5	15.0999999999985	1180	48115-48146
48130.1	15.5	1180	48115-48146
48130.6	16	1181	48115-48147
48131	16.4000000000015	1181	48115-48147
48131.4	16	1181	48115-48147
48131	15.5999999999985	1181	48115-48147
48130.6	16	1181	48115-48147
48131.1	16.5	1182	48115-48148
48131.5	16.9000000000015	1182	48115-48148
48131.9	16.5	1182	48115-48148
48131.5	16.0999999999985	1182	48115-48148
48131.1	16.5	1182	48115-48148
48131.6	17	1183	48115-48149
48132	17.4000000000015	1183	48115-48149
48132.4	17	1183	48115-48149
48132	16.5999999999985	1183	48115-48149
48131.6	17	1183	48115-48149
48132.1	17.5	1184	48115-48150
48132.5	17.9000000000015	1184	48115-48150
48132.9	17.5	1184	48115-48150
48132.5	17.0999999999985	1184	48115-48150
48132.1	17.5	1184	48115-48150
48132.6	18	1185	48115-48151
48133	18.4000000000015	1185	48115-48151
48133.4	18	1185	48115-48151
48133	17.5999999999985	1185	48115-48151
48132.6	18	1185	48115-48151
48133.1	18.5	1186	48115-48152
48133.5	18.9000000000015	1186	48115-48152
48133.9	18.5	1186	48115-48152
48133.5	18.0999999999985	1186	48115-48152
48133.1	18.5	1186	48115-48152
48133.6	19	1187	48115-48153
48134	19.4000000000015	1187	48115-48153
48134.4	19	1187	48115-48153
48134	18.5999999999985	1187	48115-48153
48133.6	19	1187	48115-48153
48134.1	19.5	1188	48115-48154
48134.5	19.9000000000015	1188	48115-48154
48134.9	19.5	1188	48115-48154
48134.5	19.0999999999985	1188	48115-48154
48134.1	19.5	1188	48115-48154
48134.6	20	1189	48115-48155
48135	20.4000000000015	1189	48115-48155
48135.4	20	1189	48115-48155
48135	19.5999999999985	1189	48115-48155
48134.6	20	1189	48115-48155
48135.1	20.5	1190	48115-48156
48135.5	20.9000000000015	1190	48115-48156
48135.9	20.5	1190	48115-48156
48135.5	20.0999999999985	1190	48115-48156
48135.1	20.5	1190	48115-48156
48135.6	21	1191	48115-48157
48136	21.4000000000015	1191	48115-48157
48136.4	21	1191	48115-48157
48136	20.5999999999985	1191	48115-48157
48135.6	21	1191	48115-48157
48136.1	21.5	1192	48115-48158
48136.5	21.9000000000015	1192	48115-48158
48136.9	21.5	1192	48115-48158
48136.5	21.0999999999985	1192	48115-48158
48136.1	21.5	1192	48115-48158
48136.6	22	1193	48115-48159
48137	22.4000000000015	1193	48115-48159
48137.4	22	1193	48115-48159
48137	21.5999999999985	1193	48115-48159
48136.6	22	1193	48115-48159
48137.1	22.5	1194	48115-48160
48137.5	22.9000000000015	1194	48115-48160
48137.9	22.5	1194	48115-48160
48137.5	22.0999999999985	1194	48115-48160
48137.1	22.5	1194	48115-48160
48137.6	23	1195	48115-48161
48138	23.4000000000015	1195	48115-48161
48138.4	23	1195	48115-48161
48138	22.5999999999985	1195	48115-48161
48137.6	23	1195	48115-48161
48138.1	23.5	1196	48115-48162
48138.5	23.9000000000015	1196	48115-48162
48138.9	23.5	1196	48115-48162
48138.5	23.0999999999985	1196	48115-48162
48138.1	23.5	1196	48115-48162
48138.6	24	1197	48115-48163
48139	24.4000000000015	1197	48115-48163
48139.4	24	1197	48115-48163
48139	23.5999999999985	1197	48115-48163
48138.6	24	1197	48115-48163
48139.1	24.5	1198	48115-48164
48139.5	24.9000000000015	1198	48115-48164
48139.9	24.5	1198	48115-48164
48139.5	24.0999999999985	1198	48115-48164
48139.1	24.5	1198	48115-48164
48115.6	0	1199	48116-48116
48116	0.400000000001455	1199	48116-48116
48116.4	0	1199	48116-48116
48116	-0.400000000001455	1199	48116-48116
48115.6	0	1199	48116-48116
48116.1	0.5	1200	48116-48117
48116.5	0.900000000001455	1200	48116-48117
48116.9	0.5	1200	48116-48117
48116.5	0.0999999999985448	1200	48116-48117
48116.1	0.5	1200	48116-48117
48116.6	1	1201	48116-48118
48117	1.40000000000146	1201	48116-48118
48117.4	1	1201	48116-48118
48117	0.599999999998545	1201	48116-48118
48116.6	1	1201	48116-48118
48117.1	1.5	1202	48116-48119
48117.5	1.90000000000146	1202	48116-48119
48117.9	1.5	1202	48116-48119
48117.5	1.09999999999854	1202	48116-48119
48117.1	1.5	1202	48116-48119
48117.6	2	1203	48116-48120
48118	2.40000000000146	1203	48116-48120
48118.4	2	1203	48116-48120
48118	1.59999999999854	1203	48116-48120
48117.6	2	1203	48116-48120
48118.1	2.5	1204	48116-48121
48118.5	2.90000000000146	1204	48116-48121
48118.9	2.5	1204	48116-48121
48118.5	2.09999999999854	1204	48116-48121
48118.1	2.5	1204	48116-48121
48118.6	3	1205	48116-48122
48119	3.40000000000146	1205	48116-48122
48119.4	3	1205	48116-48122
48119	2.59999999999855	1205	48116-48122
48118.6	3	1205	48116-48122
48119.1	3.5	1206	48116-48123
48119.5	3.90000000000146	1206	48116-48123
48119.9	3.5	1206	48116-48123
48119.5	3.09999999999855	1206	48116-48123
48119.1	3.5	1206	48116-48123
48119.6	4	1207	48116-48124
48120	4.40000000000146	1207	48116-48124
48120.4	4	1207	48116-48124
48120	3.59999999999855	1207	48116-48124
48119.6	4	1207	48116-48124
48120.1	4.5	1208	48116-48125
48120.5	4.90000000000146	1208	48116-48125
48120.9	4.5	1208	48116-48125
48120.5	4.09999999999855	1208	48116-48125
48120.1	4.5	1208	48116-48125
48120.6	5	1209	48116-48126
48121	5.40000000000146	1209	48116-48126
48121.4	5	1209	48116-48126
48121	4.59999999999855	1209	48116-48126
48120.6	5	1209	48116-48126
48121.1	5.5	1210	48116-48127
48121.5	5.90000000000146	1210	48116-48127
48121.9	5.5	1210	48116-48127
48121.5	5.09999999999855	1210	48116-48127
48121.1	5.5	1210	48116-48127
48121.6	6	1211	48116-48128
48122	6.40000000000146	1211	48116-48128
48122.4	6	1211	48116-48128
48122	5.59999999999855	1211	48116-48128
48121.6	6	1211	48116-48128
48122.1	6.5	1212	48116-48129
48122.5	6.90000000000146	1212	48116-48129
48122.9	6.5	1212	48116-48129
48122.5	6.09999999999855	1212	48116-48129
48122.1	6.5	1212	48116-48129
48122.6	7	1213	48116-48130
48123	7.40000000000146	1213	48116-48130
48123.4	7	1213	48116-48130
48123	6.59999999999855	1213	48116-48130
48122.6	7	1213	48116-48130
48123.1	7.5	1214	48116-48131
48123.5	7.90000000000146	1214	48116-48131
48123.9	7.5	1214	48116-48131
48123.5	7.09999999999855	1214	48116-48131
48123.1	7.5	1214	48116-48131
48123.6	8	1215	48116-48132
48124	8.40000000000146	1215	48116-48132
48124.4	8	1215	48116-48132
48124	7.59999999999855	1215	48116-48132
48123.6	8	1215	48116-48132
48124.1	8.5	1216	48116-48133
48124.5	8.90000000000146	1216	48116-48133
48124.9	8.5	1216	48116-48133
48124.5	8.09999999999855	1216	48116-48133
48124.1	8.5	1216	48116-48133
48124.6	9	1217	48116-48134
48125	9.40000000000146	1217	48116-48134
48125.4	9	1217	48116-48134
48125	8.59999999999855	1217	48116-48134
48124.6	9	1217	48116-48134
48125.1	9.5	1218	48116-48135
48125.5	9.90000000000146	1218	48116-48135
48125.9	9.5	1218	48116-48135
48125.5	9.09999999999854	1218	48116-48135
48125.1	9.5	1218	48116-48135
48125.6	10	1219	48116-48136
48126	10.4000000000015	1219	48116-48136
48126.4	10	1219	48116-48136
48126	9.59999999999854	1219	48116-48136
48125.6	10	1219	48116-48136
48126.1	10.5	1220	48116-48137
48126.5	10.9000000000015	1220	48116-48137
48126.9	10.5	1220	48116-48137
48126.5	10.0999999999985	1220	48116-48137
48126.1	10.5	1220	48116-48137
48126.6	11	1221	48116-48138
48127	11.4000000000015	1221	48116-48138
48127.4	11	1221	48116-48138
48127	10.5999999999985	1221	48116-48138
48126.6	11	1221	48116-48138
48127.1	11.5	1222	48116-48139
48127.5	11.9000000000015	1222	48116-48139
48127.9	11.5	1222	48116-48139
48127.5	11.0999999999985	1222	48116-48139
48127.1	11.5	1222	48116-48139
48127.6	12	1223	48116-48140
48128	12.4000000000015	1223	48116-48140
48128.4	12	1223	48116-48140
48128	11.5999999999985	1223	48116-48140
48127.6	12	1223	48116-48140
48128.1	12.5	1224	48116-48141
48128.5	12.9000000000015	1224	48116-48141
48128.9	12.5	1224	48116-48141
48128.5	12.0999999999985	1224	48116-48141
48128.1	12.5	1224	48116-48141
48128.6	13	1225	48116-48142
48129	13.4000000000015	1225	48116-48142
48129.4	13	1225	48116-48142
48129	12.5999999999985	1225	48116-48142
48128.6	13	1225	48116-48142
48129.1	13.5	1226	48116-48143
48129.5	13.9000000000015	1226	48116-48143
48129.9	13.5	1226	48116-48143
48129.5	13.0999999999985	1226	48116-48143
48129.1	13.5	1226	48116-48143
48129.6	14	1227	48116-48144
48130	14.4000000000015	1227	48116-48144
48130.4	14	1227	48116-48144
48130	13.5999999999985	1227	48116-48144
48129.6	14	1227	48116-48144
48130.1	14.5	1228	48116-48145
48130.5	14.9000000000015	1228	48116-48145
48130.9	14.5	1228	48116-48145
48130.5	14.0999999999985	1228	48116-48145
48130.1	14.5	1228	48116-48145
48130.6	15	1229	48116-48146
48131	15.4000000000015	1229	48116-48146
48131.4	15	1229	48116-48146
48131	14.5999999999985	1229	48116-48146
48130.6	15	1229	48116-48146
48131.1	15.5	1230	48116-48147
48131.5	15.9000000000015	1230	48116-48147
48131.9	15.5	1230	48116-48147
48131.5	15.0999999999985	1230	48116-48147
48131.1	15.5	1230	48116-48147
48131.6	16	1231	48116-48148
48132	16.4000000000015	1231	48116-48148
48132.4	16	1231	48116-48148
48132	15.5999999999985	1231	48116-48148
48131.6	16	1231	48116-48148
48132.1	16.5	1232	48116-48149
48132.5	16.9000000000015	1232	48116-48149
48132.9	16.5	1232	48116-48149
48132.5	16.0999999999985	1232	48116-48149
48132.1	16.5	1232	48116-48149
48132.6	17	1233	48116-48150
48133	17.4000000000015	1233	48116-48150
48133.4	17	1233	48116-48150
48133	16.5999999999985	1233	48116-48150
48132.6	17	1233	48116-48150
48133.1	17.5	1234	48116-48151
48133.5	17.9000000000015	1234	48116-48151
48133.9	17.5	1234	48116-48151
48133.5	17.0999999999985	1234	48116-48151
48133.1	17.5	1234	48116-48151
48133.6	18	1235	48116-48152
48134	18.4000000000015	1235	48116-48152
48134.4	18	1235	48116-48152
48134	17.5999999999985	1235	48116-48152
48133.6	18	1235	48116-48152
48134.1	18.5	1236	48116-48153
48134.5	18.9000000000015	1236	48116-48153
48134.9	18.5	1236	48116-48153
48134.5	18.0999999999985	1236	48116-48153
48134.1	18.5	1236	48116-48153
48134.6	19	1237	48116-48154
48135	19.4000000000015	1237	48116-48154
48135.4	19	1237	48116-48154
48135	18.5999999999985	1237	48116-48154
48134.6	19	1237	48116-48154
48135.1	19.5	1238	48116-48155
48135.5	19.9000000000015	1238	48116-48155
48135.9	19.5	1238	48116-48155
48135.5	19.0999999999985	1238	48116-48155
48135.1	19.5	1238	48116-48155
48135.6	20	1239	48116-48156
48136	20.4000000000015	1239	48116-48156
48136.4	20	1239	48116-48156
48136	19.5999999999985	1239	48116-48156
48135.6	20	1239	48116-48156
48136.1	20.5	1240	48116-48157
48136.5	20.9000000000015	1240	48116-48157
48136.9	20.5	1240	48116-48157
48136.5	20.0999999999985	1240	48116-48157
48136.1	20.5	1240	48116-48157
48136.6	21	1241	48116-48158
48137	21.4000000000015	1241	48116-48158
48137.4	21	1241	48116-48158
48137	20.5999999999985	1241	48116-48158
48136.6	21	1241	48116-48158
48137.1	21.5	1242	48116-48159
48137.5	21.9000000000015	1242	48116-48159
48137.9	21.5	1242	48116-48159
48137.5	21.0999999999985	1242	48116-48159
48137.1	21.5	1242	48116-48159
48137.6	22	1243	48116-48160
48138	22.4000000000015	1243	48116-48160
48138.4	22	1243	48116-48160
48138	21.5999999999985	1243	48116-48160
48137.6	22	1243	48116-48160
48138.1	22.5	1244	48116-48161
48138.5	22.9000000000015	1244	48116-48161
48138.9	22.5	1244	48116-48161
48138.5	22.0999999999985	1244	48116-48161
48138.1	22.5	1244	48116-48161
48138.6	23	1245	48116-48162
48139	23.4000000000015	1245	48116-48162
48139.4	23	1245	48116-48162
48139	22.5999999999985	1245	48116-48162
48138.6	23	1245	48116-48162
48139.1	23.5	1246	48116-48163
48139.5	23.9000000000015	1246	48116-48163
48139.9	23.5	1246	48116-48163
48139.5	23.0999999999985	1246	48116-48163
48139.1	23.5	1246	48116-48163
48139.6	24	1247	48116-48164
48140	24.4000000000015	1247	48116-48164
48140.4	24	1247	48116-48164
48140	23.5999999999985	1247	48116-48164
48139.6	24	1247	48116-48164
48140.1	24.5	1248	48116-48165
48140.5	24.9000000000015	1248	48116-48165
48140.9	24.5	1248	48116-48165
48140.5	24.0999999999985	1248	48116-48165
48140.1	24.5	1248	48116-48165
48116.6	0	1249	48117-48117
48117	0.400000000001455	1249	48117-48117
48117.4	0	1249	48117-48117
48117	-0.400000000001455	1249	48117-48117
48116.6	0	1249	48117-48117
48117.1	0.5	1250	48117-48118
48117.5	0.900000000001455	1250	48117-48118
48117.9	0.5	1250	48117-48118
48117.5	0.0999999999985448	1250	48117-48118
48117.1	0.5	1250	48117-48118
48117.6	1	1251	48117-48119
48118	1.40000000000146	1251	48117-48119
48118.4	1	1251	48117-48119
48118	0.599999999998545	1251	48117-48119
48117.6	1	1251	48117-48119
48118.1	1.5	1252	48117-48120
48118.5	1.90000000000146	1252	48117-48120
48118.9	1.5	1252	48117-48120
48118.5	1.09999999999854	1252	48117-48120
48118.1	1.5	1252	48117-48120
48118.6	2	1253	48117-48121
48119	2.40000000000146	1253	48117-48121
48119.4	2	1253	48117-48121
48119	1.59999999999854	1253	48117-48121
48118.6	2	1253	48117-48121
48119.1	2.5	1254	48117-48122
48119.5	2.90000000000146	1254	48117-48122
48119.9	2.5	1254	48117-48122
48119.5	2.09999999999854	1254	48117-48122
48119.1	2.5	1254	48117-48122
48119.6	3	1255	48117-48123
48120	3.40000000000146	1255	48117-48123
48120.4	3	1255	48117-48123
48120	2.59999999999855	1255	48117-48123
48119.6	3	1255	48117-48123
48120.1	3.5	1256	48117-48124
48120.5	3.90000000000146	1256	48117-48124
48120.9	3.5	1256	48117-48124
48120.5	3.09999999999855	1256	48117-48124
48120.1	3.5	1256	48117-48124
48120.6	4	1257	48117-48125
48121	4.40000000000146	1257	48117-48125
48121.4	4	1257	48117-48125
48121	3.59999999999855	1257	48117-48125
48120.6	4	1257	48117-48125
48121.1	4.5	1258	48117-48126
48121.5	4.90000000000146	1258	48117-48126
48121.9	4.5	1258	48117-48126
48121.5	4.09999999999855	1258	48117-48126
48121.1	4.5	1258	48117-48126
48121.6	5	1259	48117-48127
48122	5.40000000000146	1259	48117-48127
48122.4	5	1259	48117-48127
48122	4.59999999999855	1259	48117-48127
48121.6	5	1259	48117-48127
48122.1	5.5	1260	48117-48128
48122.5	5.90000000000146	1260	48117-48128
48122.9	5.5	1260	48117-48128
48122.5	5.09999999999855	1260	48117-48128
48122.1	5.5	1260	48117-48128
48122.6	6	1261	48117-48129
48123	6.40000000000146	1261	48117-48129
48123.4	6	1261	48117-48129
48123	5.59999999999855	1261	48117-48129
48122.6	6	1261	48117-48129
48123.1	6.5	1262	48117-48130
48123.5	6.90000000000146	1262	48117-48130
48123.9	6.5	1262	48117-48130
48123.5	6.09999999999855	1262	48117-48130
48123.1	6.5	1262	48117-48130
48123.6	7	1263	48117-48131
48124	7.40000000000146	1263	48117-48131
48124.4	7	1263	48117-48131
48124	6.59999999999855	1263	48117-48131
48123.6	7	1263	48117-48131
48124.1	7.5	1264	48117-48132
48124.5	7.90000000000146	1264	48117-48132
48124.9	7.5	1264	48117-48132
48124.5	7.09999999999855	1264	48117-48132
48124.1	7.5	1264	48117-48132
48124.6	8	1265	48117-48133
48125	8.40000000000146	1265	48117-48133
48125.4	8	1265	48117-48133
48125	7.59999999999855	1265	48117-48133
48124.6	8	1265	48117-48133
48125.1	8.5	1266	48117-48134
48125.5	8.90000000000146	1266	48117-48134
48125.9	8.5	1266	48117-48134
48125.5	8.09999999999855	1266	48117-48134
48125.1	8.5	1266	48117-48134
48125.6	9	1267	48117-48135
48126	9.40000000000146	1267	48117-48135
48126.4	9	1267	48117-48135
48126	8.59999999999855	1267	48117-48135
48125.6	9	1267	48117-48135
48126.1	9.5	1268	48117-48136
48126.5	9.90000000000146	1268	48117-48136
48126.9	9.5	1268	48117-48136
48126.5	9.09999999999854	1268	48117-48136
48126.1	9.5	1268	48117-48136
48126.6	10	1269	48117-48137
48127	10.4000000000015	1269	48117-48137
48127.4	10	1269	48117-48137
48127	9.59999999999854	1269	48117-48137
48126.6	10	1269	48117-48137
48127.1	10.5	1270	48117-48138
48127.5	10.9000000000015	1270	48117-48138
48127.9	10.5	1270	48117-48138
48127.5	10.0999999999985	1270	48117-48138
48127.1	10.5	1270	48117-48138
48127.6	11	1271	48117-48139
48128	11.4000000000015	1271	48117-48139
48128.4	11	1271	48117-48139
48128	10.5999999999985	1271	48117-48139
48127.6	11	1271	48117-48139
48128.1	11.5	1272	48117-48140
48128.5	11.9000000000015	1272	48117-48140
48128.9	11.5	1272	48117-48140
48128.5	11.0999999999985	1272	48117-48140
48128.1	11.5	1272	48117-48140
48128.6	12	1273	48117-48141
48129	12.4000000000015	1273	48117-48141
48129.4	12	1273	48117-48141
48129	11.5999999999985	1273	48117-48141
48128.6	12	1273	48117-48141
48129.1	12.5	1274	48117-48142
48129.5	12.9000000000015	1274	48117-48142
48129.9	12.5	1274	48117-48142
48129.5	12.0999999999985	1274	48117-48142
48129.1	12.5	1274	48117-48142
48129.6	13	1275	48117-48143
48130	13.4000000000015	1275	48117-48143
48130.4	13	1275	48117-48143
48130	12.5999999999985	1275	48117-48143
48129.6	13	1275	48117-48143
48130.1	13.5	1276	48117-48144
48130.5	13.9000000000015	1276	48117-48144
48130.9	13.5	1276	48117-48144
48130.5	13.0999999999985	1276	48117-48144
48130.1	13.5	1276	48117-48144
48130.6	14	1277	48117-48145
48131	14.4000000000015	1277	48117-48145
48131.4	14	1277	48117-48145
48131	13.5999999999985	1277	48117-48145
48130.6	14	1277	48117-48145
48131.1	14.5	1278	48117-48146
48131.5	14.9000000000015	1278	48117-48146
48131.9	14.5	1278	48117-48146
48131.5	14.0999999999985	1278	48117-48146
48131.1	14.5	1278	48117-48146
48131.6	15	1279	48117-48147
48132	15.4000000000015	1279	48117-48147
48132.4	15	1279	48117-48147
48132	14.5999999999985	1279	48117-48147
48131.6	15	1279	48117-48147
48132.1	15.5	1280	48117-48148
48132.5	15.9000000000015	1280	48117-48148
48132.9	15.5	1280	48117-48148
48132.5	15.0999999999985	1280	48117-48148
48132.1	15.5	1280	48117-48148
48132.6	16	1281	48117-48149
48133	16.4000000000015	1281	48117-48149
48133.4	16	1281	48117-48149
48133	15.5999999999985	1281	48117-48149
48132.6	16	1281	48117-48149
48133.1	16.5	1282	48117-48150
48133.5	16.9000000000015	1282	48117-48150
48133.9	16.5	1282	48117-48150
48133.5	16.0999999999985	1282	48117-48150
48133.1	16.5	1282	48117-48150
48133.6	17	1283	48117-48151
48134	17.4000000000015	1283	48117-48151
48134.4	17	1283	48117-48151
48134	16.5999999999985	1283	48117-48151
48133.6	17	1283	48117-48151
48134.1	17.5	1284	48117-48152
48134.5	17.9000000000015	1284	48117-48152
48134.9	17.5	1284	48117-48152
48134.5	17.0999999999985	1284	48117-48152
48134.1	17.5	1284	48117-48152
48134.6	18	1285	48117-48153
48135	18.4000000000015	1285	48117-48153
48135.4	18	1285	48117-48153
48135	17.5999999999985	1285	48117-48153
48134.6	18	1285	48117-48153
48135.1	18.5	1286	48117-48154
48135.5	18.9000000000015	1286	48117-48154
48135.9	18.5	1286	48117-48154
48135.5	18.0999999999985	1286	48117-48154
48135.1	18.5	1286	48117-48154
48135.6	19	1287	48117-48155
48136	19.4000000000015	1287	48117-48155
48136.4	19	1287	48117-48155
48136	18.5999999999985	1287	48117-48155
48135.6	19	1287	48117-48155
48136.1	19.5	1288	48117-48156
48136.5	19.9000000000015	1288	48117-48156
48136.9	19.5	1288	48117-48156
48136.5	19.0999999999985	1288	48117-48156
48136.1	19.5	1288	48117-48156
48136.6	20	1289	48117-48157
48137	20.4000000000015	1289	48117-48157
48137.4	20	1289	48117-48157
48137	19.5999999999985	1289	48117-48157
48136.6	20	1289	48117-48157
48137.1	20.5	1290	48117-48158
48137.5	20.9000000000015	1290	48117-48158
48137.9	20.5	1290	48117-48158
48137.5	20.0999999999985	1290	48117-48158
48137.1	20.5	1290	48117-48158
48137.6	21	1291	48117-48159
48138	21.4000000000015	1291	48117-48159
48138.4	21	1291	48117-48159
48138	20.5999999999985	1291	48117-48159
48137.6	21	1291	48117-48159
48138.1	21.5	1292	48117-48160
48138.5	21.9000000000015	1292	48117-48160
48138.9	21.5	1292	48117-48160
48138.5	21.0999999999985	1292	48117-48160
48138.1	21.5	1292	48117-48160
48138.6	22	1293	48117-48161
48139	22.4000000000015	1293	48117-48161
48139.4	22	1293	48117-48161
48139	21.5999999999985	1293	48117-48161
48138.6	22	1293	48117-48161
48139.1	22.5	1294	48117-48162
48139.5	22.9000000000015	1294	48117-48162
48139.9	22.5	1294	48117-48162
48139.5	22.0999999999985	1294	48117-48162
48139.1	22.5	1294	48117-48162
48139.6	23	1295	48117-48163
48140	23.4000000000015	1295	48117-48163
48140.4	23	1295	48117-48163
48140	22.5999999999985	1295	48117-48163
48139.6	23	1295	48117-48163
48140.1	23.5	1296	48117-48164
48140.5	23.9000000000015	1296	48117-48164
48140.9	23.5	1296	48117-48164
48140.5	23.0999999999985	1296	48117-48164
48140.1	23.5	1296	48117-48164
48140.6	24	1297	48117-48165
48141	24.4000000000015	1297	48117-48165
48141.4	24	1297	48117-48165
48141	23.5999999999985	1297	48117-48165
48140.6	24	1297	48117-48165
48141.1	24.5	1298	48117-48166
48141.5	24.9000000000015	1298	48117-48166
48141.9	24.5	1298	48117-48166
48141.5	24.0999999999985	1298	48117-48166
48141.1	24.5	1298	48117-48166
48117.6	0	1299	48118-48118
48118	0.400000000001455	1299	48118-48118
48118.4	0	1299	48118-48118
48118	-0.400000000001455	1299	48118-48118
48117.6	0	1299	48118-48118
48118.1	0.5	1300	48118-48119
48118.5	0.900000000001455	1300	48118-48119
48118.9	0.5	1300	48118-48119
48118.5	0.0999999999985448	1300	48118-48119
48118.1	0.5	1300	48118-48119
48118.6	1	1301	48118-48120
48119	1.40000000000146	1301	48118-48120
48119.4	1	1301	48118-48120
48119	0.599999999998545	1301	48118-48120
48118.6	1	1301	48118-48120
48119.1	1.5	1302	48118-48121
48119.5	1.90000000000146	1302	48118-48121
48119.9	1.5	1302	48118-48121
48119.5	1.09999999999854	1302	48118-48121
48119.1	1.5	1302	48118-48121
48119.6	2	1303	48118-48122
48120	2.40000000000146	1303	48118-48122
48120.4	2	1303	48118-48122
48120	1.59999999999854	1303	48118-48122
48119.6	2	1303	48118-48122
48120.1	2.5	1304	48118-48123
48120.5	2.90000000000146	1304	48118-48123
48120.9	2.5	1304	48118-48123
48120.5	2.09999999999854	1304	48118-48123
48120.1	2.5	1304	48118-48123
48120.6	3	1305	48118-48124
48121	3.40000000000146	1305	48118-48124
48121.4	3	1305	48118-48124
48121	2.59999999999855	1305	48118-48124
48120.6	3	1305	48118-48124
48121.1	3.5	1306	48118-48125
48121.5	3.90000000000146	1306	48118-48125
48121.9	3.5	1306	48118-48125
48121.5	3.09999999999855	1306	48118-48125
48121.1	3.5	1306	48118-48125
48121.6	4	1307	48118-48126
48122	4.40000000000146	1307	48118-48126
48122.4	4	1307	48118-48126
48122	3.59999999999855	1307	48118-48126
48121.6	4	1307	48118-48126
48122.1	4.5	1308	48118-48127
48122.5	4.90000000000146	1308	48118-48127
48122.9	4.5	1308	48118-48127
48122.5	4.09999999999855	1308	48118-48127
48122.1	4.5	1308	48118-48127
48122.6	5	1309	48118-48128
48123	5.40000000000146	1309	48118-48128
48123.4	5	1309	48118-48128
48123	4.59999999999855	1309	48118-48128
48122.6	5	1309	48118-48128
48123.1	5.5	1310	48118-48129
48123.5	5.90000000000146	1310	48118-48129
48123.9	5.5	1310	48118-48129
48123.5	5.09999999999855	1310	48118-48129
48123.1	5.5	1310	48118-48129
48123.6	6	1311	48118-48130
48124	6.40000000000146	1311	48118-48130
48124.4	6	1311	48118-48130
48124	5.59999999999855	1311	48118-48130
48123.6	6	1311	48118-48130
48124.1	6.5	1312	48118-48131
48124.5	6.90000000000146	1312	48118-48131
48124.9	6.5	1312	48118-48131
48124.5	6.09999999999855	1312	48118-48131
48124.1	6.5	1312	48118-48131
48124.6	7	1313	48118-48132
48125	7.40000000000146	1313	48118-48132
48125.4	7	1313	48118-48132
48125	6.59999999999855	1313	48118-48132
48124.6	7	1313	48118-48132
48125.1	7.5	1314	48118-48133
48125.5	7.90000000000146	1314	48118-48133
48125.9	7.5	1314	48118-48133
48125.5	7.09999999999855	1314	48118-48133
48125.1	7.5	1314	48118-48133
48125.6	8	1315	48118-48134
48126	8.40000000000146	1315	48118-48134
48126.4	8	1315	48118-48134
48126	7.59999999999855	1315	48118-48134
48125.6	8	1315	48118-48134
48126.1	8.5	1316	48118-48135
48126.5	8.90000000000146	1316	48118-48135
48126.9	8.5	1316	48118-48135
48126.5	8.09999999999855	1316	48118-48135
48126.1	8.5	1316	48118-48135
48126.6	9	1317	48118-48136
48127	9.40000000000146	1317	48118-48136
48127.4	9	1317	48118-48136
48127	8.59999999999855	1317	48118-48136
48126.6	9	1317	48118-48136
48127.1	9.5	1318	48118-48137
48127.5	9.90000000000146	1318	48118-48137
48127.9	9.5	1318	48118-48137
48127.5	9.09999999999854	1318	48118-48137
48127.1	9.5	1318	48118-48137
48127.6	10	1319	48118-48138
48128	10.4000000000015	1319	48118-48138
48128.4	10	1319	48118-48138
48128	9.59999999999854	1319	48118-48138
48127.6	10	1319	48118-48138
48128.1	10.5	1320	48118-48139
48128.5	10.9000000000015	1320	48118-48139
48128.9	10.5	1320	48118-48139
48128.5	10.0999999999985	1320	48118-48139
48128.1	10.5	1320	48118-48139
48128.6	11	1321	48118-48140
48129	11.4000000000015	1321	48118-48140
48129.4	11	1321	48118-48140
48129	10.5999999999985	1321	48118-48140
48128.6	11	1321	48118-48140
48129.1	11.5	1322	48118-48141
48129.5	11.9000000000015	1322	48118-48141
48129.9	11.5	1322	48118-48141
48129.5	11.0999999999985	1322	48118-48141
48129.1	11.5	1322	48118-48141
48129.6	12	1323	48118-48142
48130	12.4000000000015	1323	48118-48142
48130.4	12	1323	48118-48142
48130	11.5999999999985	1323	48118-48142
48129.6	12	1323	48118-48142
48130.1	12.5	1324	48118-48143
48130.5	12.9000000000015	1324	48118-48143
48130.9	12.5	1324	48118-48143
48130.5	12.0999999999985	1324	48118-48143
48130.1	12.5	1324	48118-48143
48130.6	13	1325	48118-48144
48131	13.4000000000015	1325	48118-48144
48131.4	13	1325	48118-48144
48131	12.5999999999985	1325	48118-48144
48130.6	13	1325	48118-48144
48131.1	13.5	1326	48118-48145
48131.5	13.9000000000015	1326	48118-48145
48131.9	13.5	1326	48118-48145
48131.5	13.0999999999985	1326	48118-48145
48131.1	13.5	1326	48118-48145
48131.6	14	1327	48118-48146
48132	14.4000000000015	1327	48118-48146
48132.4	14	1327	48118-48146
48132	13.5999999999985	1327	48118-48146
48131.6	14	1327	48118-48146
48132.1	14.5	1328	48118-48147
48132.5	14.9000000000015	1328	48118-48147
48132.9	14.5	1328	48118-48147
48132.5	14.0999999999985	1328	48118-48147
48132.1	14.5	1328	48118-48147
48132.6	15	1329	48118-48148
48133	15.4000000000015	1329	48118-48148
48133.4	15	1329	48118-48148
48133	14.5999999999985	1329	48118-48148
48132.6	15	1329	48118-48148
48133.1	15.5	1330	48118-48149
48133.5	15.9000000000015	1330	48118-48149
48133.9	15.5	1330	48118-48149
48133.5	15.0999999999985	1330	48118-48149
48133.1	15.5	1330	48118-48149
48133.6	16	1331	48118-48150
48134	16.4000000000015	1331	48118-48150
48134.4	16	1331	48118-48150
48134	15.5999999999985	1331	48118-48150
48133.6	16	1331	48118-48150
48134.1	16.5	1332	48118-48151
48134.5	16.9000000000015	1332	48118-48151
48134.9	16.5	1332	48118-48151
48134.5	16.0999999999985	1332	48118-48151
48134.1	16.5	1332	48118-48151
48134.6	17	1333	48118-48152
48135	17.4000000000015	1333	48118-48152
48135.4	17	1333	48118-48152
48135	16.5999999999985	1333	48118-48152
48134.6	17	1333	48118-48152
48135.1	17.5	1334	48118-48153
48135.5	17.9000000000015	1334	48118-48153
48135.9	17.5	1334	48118-48153
48135.5	17.0999999999985	1334	48118-48153
48135.1	17.5	1334	48118-48153
48135.6	18	1335	48118-48154
48136	18.4000000000015	1335	48118-48154
48136.4	18	1335	48118-48154
48136	17.5999999999985	1335	48118-48154
48135.6	18	1335	48118-48154
48136.1	18.5	1336	48118-48155
48136.5	18.9000000000015	1336	48118-48155
48136.9	18.5	1336	48118-48155
48136.5	18.0999999999985	1336	48118-48155
48136.1	18.5	1336	48118-48155
48136.6	19	1337	48118-48156
48137	19.4000000000015	1337	48118-48156
48137.4	19	1337	48118-48156
48137	18.5999999999985	1337	48118-48156
48136.6	19	1337	48118-48156
48137.1	19.5	1338	48118-48157
48137.5	19.9000000000015	1338	48118-48157
48137.9	19.5	1338	48118-48157
48137.5	19.0999999999985	1338	48118-48157
48137.1	19.5	1338	48118-48157
48137.6	20	1339	48118-48158
48138	20.4000000000015	1339	48118-48158
48138.4	20	1339	48118-48158
48138	19.5999999999985	1339	48118-48158
48137.6	20	1339	48118-48158
48138.1	20.5	1340	48118-48159
48138.5	20.9000000000015	1340	48118-48159
48138.9	20.5	1340	48118-48159
48138.5	20.0999999999985	1340	48118-48159
48138.1	20.5	1340	48118-48159
48138.6	21	1341	48118-48160
48139	21.4000000000015	1341	48118-48160
48139.4	21	1341	48118-48160
48139	20.5999999999985	1341	48118-48160
48138.6	21	1341	48118-48160
48139.1	21.5	1342	48118-48161
48139.5	21.9000000000015	1342	48118-48161
48139.9	21.5	1342	48118-48161
48139.5	21.0999999999985	1342	48118-48161
48139.1	21.5	1342	48118-48161
48139.6	22	1343	48118-48162
48140	22.4000000000015	1343	48118-48162
48140.4	22	1343	48118-48162
48140	21.5999999999985	1343	48118-48162
48139.6	22	1343	48118-48162
48140.1	22.5	1344	48118-48163
48140.5	22.9000000000015	1344	48118-48163
48140.9	22.5	1344	48118-48163
48140.5	22.0999999999985	1344	48118-48163
48140.1	22.5	1344	48118-48163
48140.6	23	1345	48118-48164
48141	23.4000000000015	1345	48118-48164
48141.4	23	1345	48118-48164
48141	22.5999999999985	1345	48118-48164
48140.6	23	1345	48118-48164
48141.1	23.5	1346	48118-48165
48141.5	23.9000000000015	1346	48118-48165
48141.9	23.5	1346	48118-48165
48141.5	23.0999999999985	1346	48118-48165
48141.1	23.5	1346	48118-48165
48141.6	24	1347	48118-48166
48142	24.4000000000015	1347	48118-48166
48142.4	24	1347	48118-48166
48142	23.5999999999985	1347	48118-48166
48141.6	24	1347	48118-48166
48142.1	24.5	1348	48118-48167
48142.5	24.9000000000015	1348	48118-48167
48142.9	24.5	1348	48118-48167
48142.5	24.0999999999985	1348	48118-48167
48142.1	24.5	1348	48118-48167
48118.6	0	1349	48119-48119
48119	0.400000000001455	1349	48119-48119
48119.4	0	1349	48119-48119
48119	-0.400000000001455	1349	48119-48119
48118.6	0	1349	48119-48119
48119.1	0.5	1350	48119-48120
48119.5	0.900000000001455	1350	48119-48120
48119.9	0.5	1350	48119-48120
48119.5	0.0999999999985448	1350	48119-48120
48119.1	0.5	1350	48119-48120
48119.6	1	1351	48119-48121
48120	1.40000000000146	1351	48119-48121
48120.4	1	1351	48119-48121
48120	0.599999999998545	1351	48119-48121
48119.6	1	1351	48119-48121
48120.1	1.5	1352	48119-48122
48120.5	1.90000000000146	1352	48119-48122
48120.9	1.5	1352	48119-48122
48120.5	1.09999999999854	1352	48119-48122
48120.1	1.5	1352	48119-48122
48120.6	2	1353	48119-48123
48121	2.40000000000146	1353	48119-48123
48121.4	2	1353	48119-48123
48121	1.59999999999854	1353	48119-48123
48120.6	2	1353	48119-48123
48121.1	2.5	1354	48119-48124
48121.5	2.90000000000146	1354	48119-48124
48121.9	2.5	1354	48119-48124
48121.5	2.09999999999854	1354	48119-48124
48121.1	2.5	1354	48119-48124
48121.6	3	1355	48119-48125
48122	3.40000000000146	1355	48119-48125
48122.4	3	1355	48119-48125
48122	2.59999999999855	1355	48119-48125
48121.6	3	1355	48119-48125
48122.1	3.5	1356	48119-48126
48122.5	3.90000000000146	1356	48119-48126
48122.9	3.5	1356	48119-48126
48122.5	3.09999999999855	1356	48119-48126
48122.1	3.5	1356	48119-48126
48122.6	4	1357	48119-48127
48123	4.40000000000146	1357	48119-48127
48123.4	4	1357	48119-48127
48123	3.59999999999855	1357	48119-48127
48122.6	4	1357	48119-48127
48123.1	4.5	1358	48119-48128
48123.5	4.90000000000146	1358	48119-48128
48123.9	4.5	1358	48119-48128
48123.5	4.09999999999855	1358	48119-48128
48123.1	4.5	1358	48119-48128
48123.6	5	1359	48119-48129
48124	5.40000000000146	1359	48119-48129
48124.4	5	1359	48119-48129
48124	4.59999999999855	1359	48119-48129
48123.6	5	1359	48119-48129
48124.1	5.5	1360	48119-48130
48124.5	5.90000000000146	1360	48119-48130
48124.9	5.5	1360	48119-48130
48124.5	5.09999999999855	1360	48119-48130
48124.1	5.5	1360	48119-48130
48124.6	6	1361	48119-48131
48125	6.40000000000146	1361	48119-48131
48125.4	6	1361	48119-48131
48125	5.59999999999855	1361	48119-48131
48124.6	6	1361	48119-48131
48125.1	6.5	1362	48119-48132
48125.5	6.90000000000146	1362	48119-48132
48125.9	6.5	1362	48119-48132
48125.5	6.09999999999855	1362	48119-48132
48125.1	6.5	1362	48119-48132
48125.6	7	1363	48119-48133
48126	7.40000000000146	1363	48119-48133
48126.4	7	1363	48119-48133
48126	6.59999999999855	1363	48119-48133
48125.6	7	1363	48119-48133
48126.1	7.5	1364	48119-48134
48126.5	7.90000000000146	1364	48119-48134
48126.9	7.5	1364	48119-48134
48126.5	7.09999999999855	1364	48119-48134
48126.1	7.5	1364	48119-48134
48126.6	8	1365	48119-48135
48127	8.40000000000146	1365	48119-48135
48127.4	8	1365	48119-48135
48127	7.59999999999855	1365	48119-48135
48126.6	8	1365	48119-48135
48127.1	8.5	1366	48119-48136
48127.5	8.90000000000146	1366	48119-48136
48127.9	8.5	1366	48119-48136
48127.5	8.09999999999855	1366	48119-48136
48127.1	8.5	1366	48119-48136
48127.6	9	1367	48119-48137
48128	9.40000000000146	1367	48119-48137
48128.4	9	1367	48119-48137
48128	8.59999999999855	1367	48119-48137
48127.6	9	1367	48119-48137
48128.1	9.5	1368	48119-48138
48128.5	9.90000000000146	1368	48119-48138
48128.9	9.5	1368	48119-48138
48128.5	9.09999999999854	1368	48119-48138
48128.1	9.5	1368	48119-48138
48128.6	10	1369	48119-48139
48129	10.4000000000015	1369	48119-48139
48129.4	10	1369	48119-48139
48129	9.59999999999854	1369	48119-48139
48128.6	10	1369	48119-48139
48129.1	10.5	1370	48119-48140
48129.5	10.9000000000015	1370	48119-48140
48129.9	10.5	1370	48119-48140
48129.5	10.0999999999985	1370	48119-48140
48129.1	10.5	1370	48119-48140
48129.6	11	1371	48119-48141
48130	11.4000000000015	1371	48119-48141
48130.4	11	1371	48119-48141
48130	10.5999999999985	1371	48119-48141
48129.6	11	1371	48119-48141
48130.1	11.5	1372	48119-48142
48130.5	11.9000000000015	1372	48119-48142
48130.9	11.5	1372	48119-48142
48130.5	11.0999999999985	1372	48119-48142
48130.1	11.5	1372	48119-48142
48130.6	12	1373	48119-48143
48131	12.4000000000015	1373	48119-48143
48131.4	12	1373	48119-48143
48131	11.5999999999985	1373	48119-48143
48130.6	12	1373	48119-48143
48131.1	12.5	1374	48119-48144
48131.5	12.9000000000015	1374	48119-48144
48131.9	12.5	1374	48119-48144
48131.5	12.0999999999985	1374	48119-48144
48131.1	12.5	1374	48119-48144
48131.6	13	1375	48119-48145
48132	13.4000000000015	1375	48119-48145
48132.4	13	1375	48119-48145
48132	12.5999999999985	1375	48119-48145
48131.6	13	1375	48119-48145
48132.1	13.5	1376	48119-48146
48132.5	13.9000000000015	1376	48119-48146
48132.9	13.5	1376	48119-48146
48132.5	13.0999999999985	1376	48119-48146
48132.1	13.5	1376	48119-48146
48132.6	14	1377	48119-48147
48133	14.4000000000015	1377	48119-48147
48133.4	14	1377	48119-48147
48133	13.5999999999985	1377	48119-48147
48132.6	14	1377	48119-48147
48133.1	14.5	1378	48119-48148
48133.5	14.9000000000015	1378	48119-48148
48133.9	14.5	1378	48119-48148
48133.5	14.0999999999985	1378	48119-48148
48133.1	14.5	1378	48119-48148
48133.6	15	1379	48119-48149
48134	15.4000000000015	1379	48119-48149
48134.4	15	1379	48119-48149
48134	14.5999999999985	1379	48119-48149
48133.6	15	1379	48119-48149
48134.1	15.5	1380	48119-48150
48134.5	15.9000000000015	1380	48119-48150
48134.9	15.5	1380	48119-48150
48134.5	15.0999999999985	1380	48119-48150
48134.1	15.5	1380	48119-48150
48134.6	16	1381	48119-48151
48135	16.4000000000015	1381	48119-48151
48135.4	16	1381	48119-48151
48135	15.5999999999985	1381	48119-48151
48134.6	16	1381	48119-48151
48135.1	16.5	1382	48119-48152
48135.5	16.9000000000015	1382	48119-48152
48135.9	16.5	1382	48119-48152
48135.5	16.0999999999985	1382	48119-48152
48135.1	16.5	1382	48119-48152
48135.6	17	1383	48119-48153
48136	17.4000000000015	1383	48119-48153
48136.4	17	1383	48119-48153
48136	16.5999999999985	1383	48119-48153
48135.6	17	1383	48119-48153
48136.1	17.5	1384	48119-48154
48136.5	17.9000000000015	1384	48119-48154
48136.9	17.5	1384	48119-48154
48136.5	17.0999999999985	1384	48119-48154
48136.1	17.5	1384	48119-48154
48136.6	18	1385	48119-48155
48137	18.4000000000015	1385	48119-48155
48137.4	18	1385	48119-48155
48137	17.5999999999985	1385	48119-48155
48136.6	18	1385	48119-48155
48137.1	18.5	1386	48119-48156
48137.5	18.9000000000015	1386	48119-48156
48137.9	18.5	1386	48119-48156
48137.5	18.0999999999985	1386	48119-48156
48137.1	18.5	1386	48119-48156
48137.6	19	1387	48119-48157
48138	19.4000000000015	1387	48119-48157
48138.4	19	1387	48119-48157
48138	18.5999999999985	1387	48119-48157
48137.6	19	1387	48119-48157
48138.1	19.5	1388	48119-48158
48138.5	19.9000000000015	1388	48119-48158
48138.9	19.5	1388	48119-48158
48138.5	19.0999999999985	1388	48119-48158
48138.1	19.5	1388	48119-48158
48138.6	20	1389	48119-48159
48139	20.4000000000015	1389	48119-48159
48139.4	20	1389	48119-48159
48139	19.5999999999985	1389	48119-48159
48138.6	20	1389	48119-48159
48139.1	20.5	1390	48119-48160
48139.5	20.9000000000015	1390	48119-48160
48139.9	20.5	1390	48119-48160
48139.5	20.0999999999985	1390	48119-48160
48139.1	20.5	1390	48119-48160
48139.6	21	1391	48119-48161
48140	21.4000000000015	1391	48119-48161
48140.4	21	1391	48119-48161
48140	20.5999999999985	1391	48119-48161
48139.6	21	1391	48119-48161
48140.1	21.5	1392	48119-48162
48140.5	21.9000000000015	1392	48119-48162
48140.9	21.5	1392	48119-48162
48140.5	21.0999999999985	1392	48119-48162
48140.1	21.5	1392	48119-48162
48140.6	22	1393	48119-48163
48141	22.4000000000015	1393	48119-48163
48141.4	22	1393	48119-48163
48141	21.5999999999985	1393	48119-48163
48140.6	22	1393	48119-48163
48141.1	22.5	1394	48119-48164
48141.5	22.9000000000015	1394	48119-48164
48141.9	22.5	1394	48119-48164
48141.5	22.0999999999985	1394	48119-48164
48141.1	22.5	1394	48119-48164
48141.6	23	1395	48119-48165
48142	23.4000000000015	1395	48119-48165
48142.4	23	1395	48119-48165
48142	22.5999999999985	1395	48119-48165
48141.6	23	1395	48119-48165
48142.1	23.5	1396	48119-48166
48142.5	23.9000000000015	1396	48119-48166
48142.9	23.5	1396	48119-48166
48142.5	23.0999999999985	1396	48119-48166
48142.1	23.5	1396	48119-48166
48142.6	24	1397	48119-48167
48143	24.4000000000015	1397	48119-48167
48143.4	24	1397	48119-48167
48143	23.5999999999985	1397	48119-48167
48142.6	24	1397	48119-48167
48143.1	24.5	1398	48119-48168
48143.5	24.9000000000015	1398	48119-48168
48143.9	24.5	1398	48119-48168
48143.5	24.0999999999985	1398	48119-48168
48143.1	24.5	1398	48119-48168
48119.6	0	1399	48120-48120
48120	0.400000000001455	1399	48120-48120
48120.4	0	1399	48120-48120
48120	-0.400000000001455	1399	48120-48120
48119.6	0	1399	48120-48120
48120.1	0.5	1400	48120-48121
48120.5	0.900000000001455	1400	48120-48121
48120.9	0.5	1400	48120-48121
48120.5	0.0999999999985448	1400	48120-48121
48120.1	0.5	1400	48120-48121
48120.6	1	1401	48120-48122
48121	1.40000000000146	1401	48120-48122
48121.4	1	1401	48120-48122
48121	0.599999999998545	1401	48120-48122
48120.6	1	1401	48120-48122
48121.1	1.5	1402	48120-48123
48121.5	1.90000000000146	1402	48120-48123
48121.9	1.5	1402	48120-48123
48121.5	1.09999999999854	1402	48120-48123
48121.1	1.5	1402	48120-48123
48121.6	2	1403	48120-48124
48122	2.40000000000146	1403	48120-48124
48122.4	2	1403	48120-48124
48122	1.59999999999854	1403	48120-48124
48121.6	2	1403	48120-48124
48122.1	2.5	1404	48120-48125
48122.5	2.90000000000146	1404	48120-48125
48122.9	2.5	1404	48120-48125
48122.5	2.09999999999854	1404	48120-48125
48122.1	2.5	1404	48120-48125
48122.6	3	1405	48120-48126
48123	3.40000000000146	1405	48120-48126
48123.4	3	1405	48120-48126
48123	2.59999999999855	1405	48120-48126
48122.6	3	1405	48120-48126
48123.1	3.5	1406	48120-48127
48123.5	3.90000000000146	1406	48120-48127
48123.9	3.5	1406	48120-48127
48123.5	3.09999999999855	1406	48120-48127
48123.1	3.5	1406	48120-48127
48123.6	4	1407	48120-48128
48124	4.40000000000146	1407	48120-48128
48124.4	4	1407	48120-48128
48124	3.59999999999855	1407	48120-48128
48123.6	4	1407	48120-48128
48124.1	4.5	1408	48120-48129
48124.5	4.90000000000146	1408	48120-48129
48124.9	4.5	1408	48120-48129
48124.5	4.09999999999855	1408	48120-48129
48124.1	4.5	1408	48120-48129
48124.6	5	1409	48120-48130
48125	5.40000000000146	1409	48120-48130
48125.4	5	1409	48120-48130
48125	4.59999999999855	1409	48120-48130
48124.6	5	1409	48120-48130
48125.1	5.5	1410	48120-48131
48125.5	5.90000000000146	1410	48120-48131
48125.9	5.5	1410	48120-48131
48125.5	5.09999999999855	1410	48120-48131
48125.1	5.5	1410	48120-48131
48125.6	6	1411	48120-48132
48126	6.40000000000146	1411	48120-48132
48126.4	6	1411	48120-48132
48126	5.59999999999855	1411	48120-48132
48125.6	6	1411	48120-48132
48126.1	6.5	1412	48120-48133
48126.5	6.90000000000146	1412	48120-48133
48126.9	6.5	1412	48120-48133
48126.5	6.09999999999855	1412	48120-48133
48126.1	6.5	1412	48120-48133
48126.6	7	1413	48120-48134
48127	7.40000000000146	1413	48120-48134
48127.4	7	1413	48120-48134
48127	6.59999999999855	1413	48120-48134
48126.6	7	1413	48120-48134
48127.1	7.5	1414	48120-48135
48127.5	7.90000000000146	1414	48120-48135
48127.9	7.5	1414	48120-48135
48127.5	7.09999999999855	1414	48120-48135
48127.1	7.5	1414	48120-48135
48127.6	8	1415	48120-48136
48128	8.40000000000146	1415	48120-48136
48128.4	8	1415	48120-48136
48128	7.59999999999855	1415	48120-48136
48127.6	8	1415	48120-48136
48128.1	8.5	1416	48120-48137
48128.5	8.90000000000146	1416	48120-48137
48128.9	8.5	1416	48120-48137
48128.5	8.09999999999855	1416	48120-48137
48128.1	8.5	1416	48120-48137
48128.6	9	1417	48120-48138
48129	9.40000000000146	1417	48120-48138
48129.4	9	1417	48120-48138
48129	8.59999999999855	1417	48120-48138
48128.6	9	1417	48120-48138
48129.1	9.5	1418	48120-48139
48129.5	9.90000000000146	1418	48120-48139
48129.9	9.5	1418	48120-48139
48129.5	9.09999999999854	1418	48120-48139
48129.1	9.5	1418	48120-48139
48129.6	10	1419	48120-48140
48130	10.4000000000015	1419	48120-48140
48130.4	10	1419	48120-48140
48130	9.59999999999854	1419	48120-48140
48129.6	10	1419	48120-48140
48130.1	10.5	1420	48120-48141
48130.5	10.9000000000015	1420	48120-48141
48130.9	10.5	1420	48120-48141
48130.5	10.0999999999985	1420	48120-48141
48130.1	10.5	1420	48120-48141
48130.6	11	1421	48120-48142
48131	11.4000000000015	1421	48120-48142
48131.4	11	1421	48120-48142
48131	10.5999999999985	1421	48120-48142
48130.6	11	1421	48120-48142
48131.1	11.5	1422	48120-48143
48131.5	11.9000000000015	1422	48120-48143
48131.9	11.5	1422	48120-48143
48131.5	11.0999999999985	1422	48120-48143
48131.1	11.5	1422	48120-48143
48131.6	12	1423	48120-48144
48132	12.4000000000015	1423	48120-48144
48132.4	12	1423	48120-48144
48132	11.5999999999985	1423	48120-48144
48131.6	12	1423	48120-48144
48132.1	12.5	1424	48120-48145
48132.5	12.9000000000015	1424	48120-48145
48132.9	12.5	1424	48120-48145
48132.5	12.0999999999985	1424	48120-48145
48132.1	12.5	1424	48120-48145
48132.6	13	1425	48120-48146
48133	13.4000000000015	1425	48120-48146
48133.4	13	1425	48120-48146
48133	12.5999999999985	1425	48120-48146
48132.6	13	1425	48120-48146
48133.1	13.5	1426	48120-48147
48133.5	13.9000000000015	1426	48120-48147
48133.9	13.5	1426	48120-48147
48133.5	13.0999999999985	1426	48120-48147
48133.1	13.5	1426	48120-48147
48133.6	14	1427	48120-48148
48134	14.4000000000015	1427	48120-48148
48134.4	14	1427	48120-48148
48134	13.5999999999985	1427	48120-48148
48133.6	14	1427	48120-48148
48134.1	14.5	1428	48120-48149
48134.5	14.9000000000015	1428	48120-48149
48134.9	14.5	1428	48120-48149
48134.5	14.0999999999985	1428	48120-48149
48134.1	14.5	1428	48120-48149
48134.6	15	1429	48120-48150
48135	15.4000000000015	1429	48120-48150
48135.4	15	1429	48120-48150
48135	14.5999999999985	1429	48120-48150
48134.6	15	1429	48120-48150
48135.1	15.5	1430	48120-48151
48135.5	15.9000000000015	1430	48120-48151
48135.9	15.5	1430	48120-48151
48135.5	15.0999999999985	1430	48120-48151
48135.1	15.5	1430	48120-48151
48135.6	16	1431	48120-48152
48136	16.4000000000015	1431	48120-48152
48136.4	16	1431	48120-48152
48136	15.5999999999985	1431	48120-48152
48135.6	16	1431	48120-48152
48136.1	16.5	1432	48120-48153
48136.5	16.9000000000015	1432	48120-48153
48136.9	16.5	1432	48120-48153
48136.5	16.0999999999985	1432	48120-48153
48136.1	16.5	1432	48120-48153
48136.6	17	1433	48120-48154
48137	17.4000000000015	1433	48120-48154
48137.4	17	1433	48120-48154
48137	16.5999999999985	1433	48120-48154
48136.6	17	1433	48120-48154
48137.1	17.5	1434	48120-48155
48137.5	17.9000000000015	1434	48120-48155
48137.9	17.5	1434	48120-48155
48137.5	17.0999999999985	1434	48120-48155
48137.1	17.5	1434	48120-48155
48137.6	18	1435	48120-48156
48138	18.4000000000015	1435	48120-48156
48138.4	18	1435	48120-48156
48138	17.5999999999985	1435	48120-48156
48137.6	18	1435	48120-48156
48138.1	18.5	1436	48120-48157
48138.5	18.9000000000015	1436	48120-48157
48138.9	18.5	1436	48120-48157
48138.5	18.0999999999985	1436	48120-48157
48138.1	18.5	1436	48120-48157
48138.6	19	1437	48120-48158
48139	19.4000000000015	1437	48120-48158
48139.4	19	1437	48120-48158
48139	18.5999999999985	1437	48120-48158
48138.6	19	1437	48120-48158
48139.1	19.5	1438	48120-48159
48139.5	19.9000000000015	1438	48120-48159
48139.9	19.5	1438	48120-48159
48139.5	19.0999999999985	1438	48120-48159
48139.1	19.5	1438	48120-48159
48139.6	20	1439	48120-48160
48140	20.4000000000015	1439	48120-48160
48140.4	20	1439	48120-48160
48140	19.5999999999985	1439	48120-48160
48139.6	20	1439	48120-48160
48140.1	20.5	1440	48120-48161
48140.5	20.9000000000015	1440	48120-48161
48140.9	20.5	1440	48120-48161
48140.5	20.0999999999985	1440	48120-48161
48140.1	20.5	1440	48120-48161
48140.6	21	1441	48120-48162
48141	21.4000000000015	1441	48120-48162
48141.4	21	1441	48120-48162
48141	20.5999999999985	1441	48120-48162
48140.6	21	1441	48120-48162
48141.1	21.5	1442	48120-48163
48141.5	21.9000000000015	1442	48120-48163
48141.9	21.5	1442	48120-48163
48141.5	21.0999999999985	1442	48120-48163
48141.1	21.5	1442	48120-48163
48141.6	22	1443	48120-48164
48142	22.4000000000015	1443	48120-48164
48142.4	22	1443	48120-48164
48142	21.5999999999985	1443	48120-48164
48141.6	22	1443	48120-48164
48142.1	22.5	1444	48120-48165
48142.5	22.9000000000015	1444	48120-48165
48142.9	22.5	1444	48120-48165
48142.5	22.0999999999985	1444	48120-48165
48142.1	22.5	1444	48120-48165
48142.6	23	1445	48120-48166
48143	23.4000000000015	1445	48120-48166
48143.4	23	1445	48120-48166
48143	22.5999999999985	1445	48120-48166
48142.6	23	1445	48120-48166
48143.1	23.5	1446	48120-48167
48143.5	23.9000000000015	1446	48120-48167
48143.9	23.5	1446	48120-48167
48143.5	23.0999999999985	1446	48120-48167
48143.1	23.5	1446	48120-48167
48143.6	24	1447	48120-48168
48144	24.4000000000015	1447	48120-48168
48144.4	24	1447	48120-48168
48144	23.5999999999985	1447	48120-48168
48143.6	24	1447	48120-48168
48144.1	24.5	1448	48120-48169
48144.5	24.9000000000015	1448	48120-48169
48144.9	24.5	1448	48120-48169
48144.5	24.0999999999985	1448	48120-48169
48144.1	24.5	1448	48120-48169
48120.6	0	1449	48121-48121
48121	0.400000000001455	1449	48121-48121
48121.4	0	1449	48121-48121
48121	-0.400000000001455	1449	48121-48121
48120.6	0	1449	48121-48121
48121.1	0.5	1450	48121-48122
48121.5	0.900000000001455	1450	48121-48122
48121.9	0.5	1450	48121-48122
48121.5	0.0999999999985448	1450	48121-48122
48121.1	0.5	1450	48121-48122
48121.6	1	1451	48121-48123
48122	1.40000000000146	1451	48121-48123
48122.4	1	1451	48121-48123
48122	0.599999999998545	1451	48121-48123
48121.6	1	1451	48121-48123
48122.1	1.5	1452	48121-48124
48122.5	1.90000000000146	1452	48121-48124
48122.9	1.5	1452	48121-48124
48122.5	1.09999999999854	1452	48121-48124
48122.1	1.5	1452	48121-48124
48122.6	2	1453	48121-48125
48123	2.40000000000146	1453	48121-48125
48123.4	2	1453	48121-48125
48123	1.59999999999854	1453	48121-48125
48122.6	2	1453	48121-48125
48123.1	2.5	1454	48121-48126
48123.5	2.90000000000146	1454	48121-48126
48123.9	2.5	1454	48121-48126
48123.5	2.09999999999854	1454	48121-48126
48123.1	2.5	1454	48121-48126
48123.6	3	1455	48121-48127
48124	3.40000000000146	1455	48121-48127
48124.4	3	1455	48121-48127
48124	2.59999999999855	1455	48121-48127
48123.6	3	1455	48121-48127
48124.1	3.5	1456	48121-48128
48124.5	3.90000000000146	1456	48121-48128
48124.9	3.5	1456	48121-48128
48124.5	3.09999999999855	1456	48121-48128
48124.1	3.5	1456	48121-48128
48124.6	4	1457	48121-48129
48125	4.40000000000146	1457	48121-48129
48125.4	4	1457	48121-48129
48125	3.59999999999855	1457	48121-48129
48124.6	4	1457	48121-48129
48125.1	4.5	1458	48121-48130
48125.5	4.90000000000146	1458	48121-48130
48125.9	4.5	1458	48121-48130
48125.5	4.09999999999855	1458	48121-48130
48125.1	4.5	1458	48121-48130
48125.6	5	1459	48121-48131
48126	5.40000000000146	1459	48121-48131
48126.4	5	1459	48121-48131
48126	4.59999999999855	1459	48121-48131
48125.6	5	1459	48121-48131
48126.1	5.5	1460	48121-48132
48126.5	5.90000000000146	1460	48121-48132
48126.9	5.5	1460	48121-48132
48126.5	5.09999999999855	1460	48121-48132
48126.1	5.5	1460	48121-48132
48126.6	6	1461	48121-48133
48127	6.40000000000146	1461	48121-48133
48127.4	6	1461	48121-48133
48127	5.59999999999855	1461	48121-48133
48126.6	6	1461	48121-48133
48127.1	6.5	1462	48121-48134
48127.5	6.90000000000146	1462	48121-48134
48127.9	6.5	1462	48121-48134
48127.5	6.09999999999855	1462	48121-48134
48127.1	6.5	1462	48121-48134
48127.6	7	1463	48121-48135
48128	7.40000000000146	1463	48121-48135
48128.4	7	1463	48121-48135
48128	6.59999999999855	1463	48121-48135
48127.6	7	1463	48121-48135
48128.1	7.5	1464	48121-48136
48128.5	7.90000000000146	1464	48121-48136
48128.9	7.5	1464	48121-48136
48128.5	7.09999999999855	1464	48121-48136
48128.1	7.5	1464	48121-48136
48128.6	8	1465	48121-48137
48129	8.40000000000146	1465	48121-48137
48129.4	8	1465	48121-48137
48129	7.59999999999855	1465	48121-48137
48128.6	8	1465	48121-48137
48129.1	8.5	1466	48121-48138
48129.5	8.90000000000146	1466	48121-48138
48129.9	8.5	1466	48121-48138
48129.5	8.09999999999855	1466	48121-48138
48129.1	8.5	1466	48121-48138
48129.6	9	1467	48121-48139
48130	9.40000000000146	1467	48121-48139
48130.4	9	1467	48121-48139
48130	8.59999999999855	1467	48121-48139
48129.6	9	1467	48121-48139
48130.1	9.5	1468	48121-48140
48130.5	9.90000000000146	1468	48121-48140
48130.9	9.5	1468	48121-48140
48130.5	9.09999999999854	1468	48121-48140
48130.1	9.5	1468	48121-48140
48130.6	10	1469	48121-48141
48131	10.4000000000015	1469	48121-48141
48131.4	10	1469	48121-48141
48131	9.59999999999854	1469	48121-48141
48130.6	10	1469	48121-48141
48131.1	10.5	1470	48121-48142
48131.5	10.9000000000015	1470	48121-48142
48131.9	10.5	1470	48121-48142
48131.5	10.0999999999985	1470	48121-48142
48131.1	10.5	1470	48121-48142
48131.6	11	1471	48121-48143
48132	11.4000000000015	1471	48121-48143
48132.4	11	1471	48121-48143
48132	10.5999999999985	1471	48121-48143
48131.6	11	1471	48121-48143
48132.1	11.5	1472	48121-48144
48132.5	11.9000000000015	1472	48121-48144
48132.9	11.5	1472	48121-48144
48132.5	11.0999999999985	1472	48121-48144
48132.1	11.5	1472	48121-48144
48132.6	12	1473	48121-48145
48133	12.4000000000015	1473	48121-48145
48133.4	12	1473	48121-48145
48133	11.5999999999985	1473	48121-48145
48132.6	12	1473	48121-48145
48133.1	12.5	1474	48121-48146
48133.5	12.9000000000015	1474	48121-48146
48133.9	12.5	1474	48121-48146
48133.5	12.0999999999985	1474	48121-48146
48133.1	12.5	1474	48121-48146
48133.6	13	1475	48121-48147
48134	13.4000000000015	1475	48121-48147
48134.4	13	1475	48121-48147
48134	12.5999999999985	1475	48121-48147
48133.6	13	1475	48121-48147
48134.1	13.5	1476	48121-48148
48134.5	13.9000000000015	1476	48121-48148
48134.9	13.5	1476	48121-48148
48134.5	13.0999999999985	1476	48121-48148
48134.1	13.5	1476	48121-48148
48134.6	14	1477	48121-48149
48135	14.4000000000015	1477	48121-48149
48135.4	14	1477	48121-48149
48135	13.5999999999985	1477	48121-48149
48134.6	14	1477	48121-48149
48135.1	14.5	1478	48121-48150
48135.5	14.9000000000015	1478	48121-48150
48135.9	14.5	1478	48121-48150
48135.5	14.0999999999985	1478	48121-48150
48135.1	14.5	1478	48121-48150
48135.6	15	1479	48121-48151
48136	15.4000000000015	1479	48121-48151
48136.4	15	1479	48121-48151
48136	14.5999999999985	1479	48121-48151
48135.6	15	1479	48121-48151
48136.1	15.5	1480	48121-48152
48136.5	15.9000000000015	1480	48121-48152
48136.9	15.5	1480	48121-48152
48136.5	15.0999999999985	1480	48121-48152
48136.1	15.5	1480	48121-48152
48136.6	16	1481	48121-48153
48137	16.4000000000015	1481	48121-48153
48137.4	16	1481	48121-48153
48137	15.5999999999985	1481	48121-48153
48136.6	16	1481	48121-48153
48137.1	16.5	1482	48121-48154
48137.5	16.9000000000015	1482	48121-48154
48137.9	16.5	1482	48121-48154
48137.5	16.0999999999985	1482	48121-48154
48137.1	16.5	1482	48121-48154
48137.6	17	1483	48121-48155
48138	17.4000000000015	1483	48121-48155
48138.4	17	1483	48121-48155
48138	16.5999999999985	1483	48121-48155
48137.6	17	1483	48121-48155
48138.1	17.5	1484	48121-48156
48138.5	17.9000000000015	1484	48121-48156
48138.9	17.5	1484	48121-48156
48138.5	17.0999999999985	1484	48121-48156
48138.1	17.5	1484	48121-48156
48138.6	18	1485	48121-48157
48139	18.4000000000015	1485	48121-48157
48139.4	18	1485	48121-48157
48139	17.5999999999985	1485	48121-48157
48138.6	18	1485	48121-48157
48139.1	18.5	1486	48121-48158
48139.5	18.9000000000015	1486	48121-48158
48139.9	18.5	1486	48121-48158
48139.5	18.0999999999985	1486	48121-48158
48139.1	18.5	1486	48121-48158
48139.6	19	1487	48121-48159
48140	19.4000000000015	1487	48121-48159
48140.4	19	1487	48121-48159
48140	18.5999999999985	1487	48121-48159
48139.6	19	1487	48121-48159
48140.1	19.5	1488	48121-48160
48140.5	19.9000000000015	1488	48121-48160
48140.9	19.5	1488	48121-48160
48140.5	19.0999999999985	1488	48121-48160
48140.1	19.5	1488	48121-48160
48140.6	20	1489	48121-48161
48141	20.4000000000015	1489	48121-48161
48141.4	20	1489	48121-48161
48141	19.5999999999985	1489	48121-48161
48140.6	20	1489	48121-48161
48141.1	20.5	1490	48121-48162
48141.5	20.9000000000015	1490	48121-48162
48141.9	20.5	1490	48121-48162
48141.5	20.0999999999985	1490	48121-48162
48141.1	20.5	1490	48121-48162
48141.6	21	1491	48121-48163
48142	21.4000000000015	1491	48121-48163
48142.4	21	1491	48121-48163
48142	20.5999999999985	1491	48121-48163
48141.6	21	1491	48121-48163
48142.1	21.5	1492	48121-48164
48142.5	21.9000000000015	1492	48121-48164
48142.9	21.5	1492	48121-48164
48142.5	21.0999999999985	1492	48121-48164
48142.1	21.5	1492	48121-48164
48142.6	22	1493	48121-48165
48143	22.4000000000015	1493	48121-48165
48143.4	22	1493	48121-48165
48143	21.5999999999985	1493	48121-48165
48142.6	22	1493	48121-48165
48143.1	22.5	1494	48121-48166
48143.5	22.9000000000015	1494	48121-48166
48143.9	22.5	1494	48121-48166
48143.5	22.0999999999985	1494	48121-48166
48143.1	22.5	1494	48121-48166
48143.6	23	1495	48121-48167
48144	23.4000000000015	1495	48121-48167
48144.4	23	1495	48121-48167
48144	22.5999999999985	1495	48121-48167
48143.6	23	1495	48121-48167
48144.1	23.5	1496	48121-48168
48144.5	23.9000000000015	1496	48121-48168
48144.9	23.5	1496	48121-48168
48144.5	23.0999999999985	1496	48121-48168
48144.1	23.5	1496	48121-48168
48144.6	24	1497	48121-48169
48145	24.4000000000015	1497	48121-48169
48145.4	24	1497	48121-48169
48145	23.5999999999985	1497	48121-48169
48144.6	24	1497	48121-48169
48145.1	24.5	1498	48121-48170
48145.5	24.9000000000015	1498	48121-48170
48145.9	24.5	1498	48121-48170
48145.5	24.0999999999985	1498	48121-48170
48145.1	24.5	1498	48121-48170
48121.6	0	1499	48122-48122
48122	0.400000000001455	1499	48122-48122
48122.4	0	1499	48122-48122
48122	-0.400000000001455	1499	48122-48122
48121.6	0	1499	48122-48122
48122.1	0.5	1500	48122-48123
48122.5	0.900000000001455	1500	48122-48123
48122.9	0.5	1500	48122-48123
48122.5	0.0999999999985448	1500	48122-48123
48122.1	0.5	1500	48122-48123
48122.6	1	1501	48122-48124
48123	1.40000000000146	1501	48122-48124
48123.4	1	1501	48122-48124
48123	0.599999999998545	1501	48122-48124
48122.6	1	1501	48122-48124
48123.1	1.5	1502	48122-48125
48123.5	1.90000000000146	1502	48122-48125
48123.9	1.5	1502	48122-48125
48123.5	1.09999999999854	1502	48122-48125
48123.1	1.5	1502	48122-48125
48123.6	2	1503	48122-48126
48124	2.40000000000146	1503	48122-48126
48124.4	2	1503	48122-48126
48124	1.59999999999854	1503	48122-48126
48123.6	2	1503	48122-48126
48124.1	2.5	1504	48122-48127
48124.5	2.90000000000146	1504	48122-48127
48124.9	2.5	1504	48122-48127
48124.5	2.09999999999854	1504	48122-48127
48124.1	2.5	1504	48122-48127
48124.6	3	1505	48122-48128
48125	3.40000000000146	1505	48122-48128
48125.4	3	1505	48122-48128
48125	2.59999999999855	1505	48122-48128
48124.6	3	1505	48122-48128
48125.1	3.5	1506	48122-48129
48125.5	3.90000000000146	1506	48122-48129
48125.9	3.5	1506	48122-48129
48125.5	3.09999999999855	1506	48122-48129
48125.1	3.5	1506	48122-48129
48125.6	4	1507	48122-48130
48126	4.40000000000146	1507	48122-48130
48126.4	4	1507	48122-48130
48126	3.59999999999855	1507	48122-48130
48125.6	4	1507	48122-48130
48126.1	4.5	1508	48122-48131
48126.5	4.90000000000146	1508	48122-48131
48126.9	4.5	1508	48122-48131
48126.5	4.09999999999855	1508	48122-48131
48126.1	4.5	1508	48122-48131
48126.6	5	1509	48122-48132
48127	5.40000000000146	1509	48122-48132
48127.4	5	1509	48122-48132
48127	4.59999999999855	1509	48122-48132
48126.6	5	1509	48122-48132
48127.1	5.5	1510	48122-48133
48127.5	5.90000000000146	1510	48122-48133
48127.9	5.5	1510	48122-48133
48127.5	5.09999999999855	1510	48122-48133
48127.1	5.5	1510	48122-48133
48127.6	6	1511	48122-48134
48128	6.40000000000146	1511	48122-48134
48128.4	6	1511	48122-48134
48128	5.59999999999855	1511	48122-48134
48127.6	6	1511	48122-48134
48128.1	6.5	1512	48122-48135
48128.5	6.90000000000146	1512	48122-48135
48128.9	6.5	1512	48122-48135
48128.5	6.09999999999855	1512	48122-48135
48128.1	6.5	1512	48122-48135
48128.6	7	1513	48122-48136
48129	7.40000000000146	1513	48122-48136
48129.4	7	1513	48122-48136
48129	6.59999999999855	1513	48122-48136
48128.6	7	1513	48122-48136
48129.1	7.5	1514	48122-48137
48129.5	7.90000000000146	1514	48122-48137
48129.9	7.5	1514	48122-48137
48129.5	7.09999999999855	1514	48122-48137
48129.1	7.5	1514	48122-48137
48129.6	8	1515	48122-48138
48130	8.40000000000146	1515	48122-48138
48130.4	8	1515	48122-48138
48130	7.59999999999855	1515	48122-48138
48129.6	8	1515	48122-48138
48130.1	8.5	1516	48122-48139
48130.5	8.90000000000146	1516	48122-48139
48130.9	8.5	1516	48122-48139
48130.5	8.09999999999855	1516	48122-48139
48130.1	8.5	1516	48122-48139
48130.6	9	1517	48122-48140
48131	9.40000000000146	1517	48122-48140
48131.4	9	1517	48122-48140
48131	8.59999999999855	1517	48122-48140
48130.6	9	1517	48122-48140
48131.1	9.5	1518	48122-48141
48131.5	9.90000000000146	1518	48122-48141
48131.9	9.5	1518	48122-48141
48131.5	9.09999999999854	1518	48122-48141
48131.1	9.5	1518	48122-48141
48131.6	10	1519	48122-48142
48132	10.4000000000015	1519	48122-48142
48132.4	10	1519	48122-48142
48132	9.59999999999854	1519	48122-48142
48131.6	10	1519	48122-48142
48132.1	10.5	1520	48122-48143
48132.5	10.9000000000015	1520	48122-48143
48132.9	10.5	1520	48122-48143
48132.5	10.0999999999985	1520	48122-48143
48132.1	10.5	1520	48122-48143
48132.6	11	1521	48122-48144
48133	11.4000000000015	1521	48122-48144
48133.4	11	1521	48122-48144
48133	10.5999999999985	1521	48122-48144
48132.6	11	1521	48122-48144
48133.1	11.5	1522	48122-48145
48133.5	11.9000000000015	1522	48122-48145
48133.9	11.5	1522	48122-48145
48133.5	11.0999999999985	1522	48122-48145
48133.1	11.5	1522	48122-48145
48133.6	12	1523	48122-48146
48134	12.4000000000015	1523	48122-48146
48134.4	12	1523	48122-48146
48134	11.5999999999985	1523	48122-48146
48133.6	12	1523	48122-48146
48134.1	12.5	1524	48122-48147
48134.5	12.9000000000015	1524	48122-48147
48134.9	12.5	1524	48122-48147
48134.5	12.0999999999985	1524	48122-48147
48134.1	12.5	1524	48122-48147
48134.6	13	1525	48122-48148
48135	13.4000000000015	1525	48122-48148
48135.4	13	1525	48122-48148
48135	12.5999999999985	1525	48122-48148
48134.6	13	1525	48122-48148
48135.1	13.5	1526	48122-48149
48135.5	13.9000000000015	1526	48122-48149
48135.9	13.5	1526	48122-48149
48135.5	13.0999999999985	1526	48122-48149
48135.1	13.5	1526	48122-48149
48135.6	14	1527	48122-48150
48136	14.4000000000015	1527	48122-48150
48136.4	14	1527	48122-48150
48136	13.5999999999985	1527	48122-48150
48135.6	14	1527	48122-48150
48136.1	14.5	1528	48122-48151
48136.5	14.9000000000015	1528	48122-48151
48136.9	14.5	1528	48122-48151
48136.5	14.0999999999985	1528	48122-48151
48136.1	14.5	1528	48122-48151
48136.6	15	1529	48122-48152
48137	15.4000000000015	1529	48122-48152
48137.4	15	1529	48122-48152
48137	14.5999999999985	1529	48122-48152
48136.6	15	1529	48122-48152
48137.1	15.5	1530	48122-48153
48137.5	15.9000000000015	1530	48122-48153
48137.9	15.5	1530	48122-48153
48137.5	15.0999999999985	1530	48122-48153
48137.1	15.5	1530	48122-48153
48137.6	16	1531	48122-48154
48138	16.4000000000015	1531	48122-48154
48138.4	16	1531	48122-48154
48138	15.5999999999985	1531	48122-48154
48137.6	16	1531	48122-48154
48138.1	16.5	1532	48122-48155
48138.5	16.9000000000015	1532	48122-48155
48138.9	16.5	1532	48122-48155
48138.5	16.0999999999985	1532	48122-48155
48138.1	16.5	1532	48122-48155
48138.6	17	1533	48122-48156
48139	17.4000000000015	1533	48122-48156
48139.4	17	1533	48122-48156
48139	16.5999999999985	1533	48122-48156
48138.6	17	1533	48122-48156
48139.1	17.5	1534	48122-48157
48139.5	17.9000000000015	1534	48122-48157
48139.9	17.5	1534	48122-48157
48139.5	17.0999999999985	1534	48122-48157
48139.1	17.5	1534	48122-48157
48139.6	18	1535	48122-48158
48140	18.4000000000015	1535	48122-48158
48140.4	18	1535	48122-48158
48140	17.5999999999985	1535	48122-48158
48139.6	18	1535	48122-48158
48140.1	18.5	1536	48122-48159
48140.5	18.9000000000015	1536	48122-48159
48140.9	18.5	1536	48122-48159
48140.5	18.0999999999985	1536	48122-48159
48140.1	18.5	1536	48122-48159
48140.6	19	1537	48122-48160
48141	19.4000000000015	1537	48122-48160
48141.4	19	1537	48122-48160
48141	18.5999999999985	1537	48122-48160
48140.6	19	1537	48122-48160
48141.1	19.5	1538	48122-48161
48141.5	19.9000000000015	1538	48122-48161
48141.9	19.5	1538	48122-48161
48141.5	19.0999999999985	1538	48122-48161
48141.1	19.5	1538	48122-48161
48141.6	20	1539	48122-48162
48142	20.4000000000015	1539	48122-48162
48142.4	20	1539	48122-48162
48142	19.5999999999985	1539	48122-48162
48141.6	20	1539	48122-48162
48142.1	20.5	1540	48122-48163
48142.5	20.9000000000015	1540	48122-48163
48142.9	20.5	1540	48122-48163
48142.5	20.0999999999985	1540	48122-48163
48142.1	20.5	1540	48122-48163
48142.6	21	1541	48122-48164
48143	21.4000000000015	1541	48122-48164
48143.4	21	1541	48122-48164
48143	20.5999999999985	1541	48122-48164
48142.6	21	1541	48122-48164
48143.1	21.5	1542	48122-48165
48143.5	21.9000000000015	1542	48122-48165
48143.9	21.5	1542	48122-48165
48143.5	21.0999999999985	1542	48122-48165
48143.1	21.5	1542	48122-48165
48143.6	22	1543	48122-48166
48144	22.4000000000015	1543	48122-48166
48144.4	22	1543	48122-48166
48144	21.5999999999985	1543	48122-48166
48143.6	22	1543	48122-48166
48144.1	22.5	1544	48122-48167
48144.5	22.9000000000015	1544	48122-48167
48144.9	22.5	1544	48122-48167
48144.5	22.0999999999985	1544	48122-48167
48144.1	22.5	1544	48122-48167
48144.6	23	1545	48122-48168
48145	23.4000000000015	1545	48122-48168
48145.4	23	1545	48122-48168
48145	22.5999999999985	1545	48122-48168
48144.6	23	1545	48122-48168
48145.1	23.5	1546	48122-48169
48145.5	23.9000000000015	1546	48122-48169
48145.9	23.5	1546	48122-48169
48145.5	23.0999999999985	1546	48122-48169
48145.1	23.5	1546	48122-48169
48145.6	24	1547	48122-48170
48146	24.4000000000015	1547	48122-48170
48146.4	24	1547	48122-48170
48146	23.5999999999985	1547	48122-48170
48145.6	24	1547	48122-48170
48146.1	24.5	1548	48122-48171
48146.5	24.9000000000015	1548	48122-48171
48146.9	24.5	1548	48122-48171
48146.5	24.0999999999985	1548	48122-48171
48146.1	24.5	1548	48122-48171
48122.6	0	1549	48123-48123
48123	0.400000000001455	1549	48123-48123
48123.4	0	1549	48123-48123
48123	-0.400000000001455	1549	48123-48123
48122.6	0	1549	48123-48123
48123.1	0.5	1550	48123-48124
48123.5	0.900000000001455	1550	48123-48124
48123.9	0.5	1550	48123-48124
48123.5	0.0999999999985448	1550	48123-48124
48123.1	0.5	1550	48123-48124
48123.6	1	1551	48123-48125
48124	1.40000000000146	1551	48123-48125
48124.4	1	1551	48123-48125
48124	0.599999999998545	1551	48123-48125
48123.6	1	1551	48123-48125
48124.1	1.5	1552	48123-48126
48124.5	1.90000000000146	1552	48123-48126
48124.9	1.5	1552	48123-48126
48124.5	1.09999999999854	1552	48123-48126
48124.1	1.5	1552	48123-48126
48124.6	2	1553	48123-48127
48125	2.40000000000146	1553	48123-48127
48125.4	2	1553	48123-48127
48125	1.59999999999854	1553	48123-48127
48124.6	2	1553	48123-48127
48125.1	2.5	1554	48123-48128
48125.5	2.90000000000146	1554	48123-48128
48125.9	2.5	1554	48123-48128
48125.5	2.09999999999854	1554	48123-48128
48125.1	2.5	1554	48123-48128
48125.6	3	1555	48123-48129
48126	3.40000000000146	1555	48123-48129
48126.4	3	1555	48123-48129
48126	2.59999999999855	1555	48123-48129
48125.6	3	1555	48123-48129
48126.1	3.5	1556	48123-48130
48126.5	3.90000000000146	1556	48123-48130
48126.9	3.5	1556	48123-48130
48126.5	3.09999999999855	1556	48123-48130
48126.1	3.5	1556	48123-48130
48126.6	4	1557	48123-48131
48127	4.40000000000146	1557	48123-48131
48127.4	4	1557	48123-48131
48127	3.59999999999855	1557	48123-48131
48126.6	4	1557	48123-48131
48127.1	4.5	1558	48123-48132
48127.5	4.90000000000146	1558	48123-48132
48127.9	4.5	1558	48123-48132
48127.5	4.09999999999855	1558	48123-48132
48127.1	4.5	1558	48123-48132
48127.6	5	1559	48123-48133
48128	5.40000000000146	1559	48123-48133
48128.4	5	1559	48123-48133
48128	4.59999999999855	1559	48123-48133
48127.6	5	1559	48123-48133
48128.1	5.5	1560	48123-48134
48128.5	5.90000000000146	1560	48123-48134
48128.9	5.5	1560	48123-48134
48128.5	5.09999999999855	1560	48123-48134
48128.1	5.5	1560	48123-48134
48128.6	6	1561	48123-48135
48129	6.40000000000146	1561	48123-48135
48129.4	6	1561	48123-48135
48129	5.59999999999855	1561	48123-48135
48128.6	6	1561	48123-48135
48129.1	6.5	1562	48123-48136
48129.5	6.90000000000146	1562	48123-48136
48129.9	6.5	1562	48123-48136
48129.5	6.09999999999855	1562	48123-48136
48129.1	6.5	1562	48123-48136
48129.6	7	1563	48123-48137
48130	7.40000000000146	1563	48123-48137
48130.4	7	1563	48123-48137
48130	6.59999999999855	1563	48123-48137
48129.6	7	1563	48123-48137
48130.1	7.5	1564	48123-48138
48130.5	7.90000000000146	1564	48123-48138
48130.9	7.5	1564	48123-48138
48130.5	7.09999999999855	1564	48123-48138
48130.1	7.5	1564	48123-48138
48130.6	8	1565	48123-48139
48131	8.40000000000146	1565	48123-48139
48131.4	8	1565	48123-48139
48131	7.59999999999855	1565	48123-48139
48130.6	8	1565	48123-48139
48131.1	8.5	1566	48123-48140
48131.5	8.90000000000146	1566	48123-48140
48131.9	8.5	1566	48123-48140
48131.5	8.09999999999855	1566	48123-48140
48131.1	8.5	1566	48123-48140
48131.6	9	1567	48123-48141
48132	9.40000000000146	1567	48123-48141
48132.4	9	1567	48123-48141
48132	8.59999999999855	1567	48123-48141
48131.6	9	1567	48123-48141
48132.1	9.5	1568	48123-48142
48132.5	9.90000000000146	1568	48123-48142
48132.9	9.5	1568	48123-48142
48132.5	9.09999999999854	1568	48123-48142
48132.1	9.5	1568	48123-48142
48132.6	10	1569	48123-48143
48133	10.4000000000015	1569	48123-48143
48133.4	10	1569	48123-48143
48133	9.59999999999854	1569	48123-48143
48132.6	10	1569	48123-48143
48133.1	10.5	1570	48123-48144
48133.5	10.9000000000015	1570	48123-48144
48133.9	10.5	1570	48123-48144
48133.5	10.0999999999985	1570	48123-48144
48133.1	10.5	1570	48123-48144
48133.6	11	1571	48123-48145
48134	11.4000000000015	1571	48123-48145
48134.4	11	1571	48123-48145
48134	10.5999999999985	1571	48123-48145
48133.6	11	1571	48123-48145
48134.1	11.5	1572	48123-48146
48134.5	11.9000000000015	1572	48123-48146
48134.9	11.5	1572	48123-48146
48134.5	11.0999999999985	1572	48123-48146
48134.1	11.5	1572	48123-48146
48134.6	12	1573	48123-48147
48135	12.4000000000015	1573	48123-48147
48135.4	12	1573	48123-48147
48135	11.5999999999985	1573	48123-48147
48134.6	12	1573	48123-48147
48135.1	12.5	1574	48123-48148
48135.5	12.9000000000015	1574	48123-48148
48135.9	12.5	1574	48123-48148
48135.5	12.0999999999985	1574	48123-48148
48135.1	12.5	1574	48123-48148
48135.6	13	1575	48123-48149
48136	13.4000000000015	1575	48123-48149
48136.4	13	1575	48123-48149
48136	12.5999999999985	1575	48123-48149
48135.6	13	1575	48123-48149
48136.1	13.5	1576	48123-48150
48136.5	13.9000000000015	1576	48123-48150
48136.9	13.5	1576	48123-48150
48136.5	13.0999999999985	1576	48123-48150
48136.1	13.5	1576	48123-48150
48136.6	14	1577	48123-48151
48137	14.4000000000015	1577	48123-48151
48137.4	14	1577	48123-48151
48137	13.5999999999985	1577	48123-48151
48136.6	14	1577	48123-48151
48137.1	14.5	1578	48123-48152
48137.5	14.9000000000015	1578	48123-48152
48137.9	14.5	1578	48123-48152
48137.5	14.0999999999985	1578	48123-48152
48137.1	14.5	1578	48123-48152
48137.6	15	1579	48123-48153
48138	15.4000000000015	1579	48123-48153
48138.4	15	1579	48123-48153
48138	14.5999999999985	1579	48123-48153
48137.6	15	1579	48123-48153
48138.1	15.5	1580	48123-48154
48138.5	15.9000000000015	1580	48123-48154
48138.9	15.5	1580	48123-48154
48138.5	15.0999999999985	1580	48123-48154
48138.1	15.5	1580	48123-48154
48138.6	16	1581	48123-48155
48139	16.4000000000015	1581	48123-48155
48139.4	16	1581	48123-48155
48139	15.5999999999985	1581	48123-48155
48138.6	16	1581	48123-48155
48139.1	16.5	1582	48123-48156
48139.5	16.9000000000015	1582	48123-48156
48139.9	16.5	1582	48123-48156
48139.5	16.0999999999985	1582	48123-48156
48139.1	16.5	1582	48123-48156
48139.6	17	1583	48123-48157
48140	17.4000000000015	1583	48123-48157
48140.4	17	1583	48123-48157
48140	16.5999999999985	1583	48123-48157
48139.6	17	1583	48123-48157
48140.1	17.5	1584	48123-48158
48140.5	17.9000000000015	1584	48123-48158
48140.9	17.5	1584	48123-48158
48140.5	17.0999999999985	1584	48123-48158
48140.1	17.5	1584	48123-48158
48140.6	18	1585	48123-48159
48141	18.4000000000015	1585	48123-48159
48141.4	18	1585	48123-48159
48141	17.5999999999985	1585	48123-48159
48140.6	18	1585	48123-48159
48141.1	18.5	1586	48123-48160
48141.5	18.9000000000015	1586	48123-48160
48141.9	18.5	1586	48123-48160
48141.5	18.0999999999985	1586	48123-48160
48141.1	18.5	1586	48123-48160
48141.6	19	1587	48123-48161
48142	19.4000000000015	1587	48123-48161
48142.4	19	1587	48123-48161
48142	18.5999999999985	1587	48123-48161
48141.6	19	1587	48123-48161
48142.1	19.5	1588	48123-48162
48142.5	19.9000000000015	1588	48123-48162
48142.9	19.5	1588	48123-48162
48142.5	19.0999999999985	1588	48123-48162
48142.1	19.5	1588	48123-48162
48142.6	20	1589	48123-48163
48143	20.4000000000015	1589	48123-48163
48143.4	20	1589	48123-48163
48143	19.5999999999985	1589	48123-48163
48142.6	20	1589	48123-48163
48143.1	20.5	1590	48123-48164
48143.5	20.9000000000015	1590	48123-48164
48143.9	20.5	1590	48123-48164
48143.5	20.0999999999985	1590	48123-48164
48143.1	20.5	1590	48123-48164
48143.6	21	1591	48123-48165
48144	21.4000000000015	1591	48123-48165
48144.4	21	1591	48123-48165
48144	20.5999999999985	1591	48123-48165
48143.6	21	1591	48123-48165
48144.1	21.5	1592	48123-48166
48144.5	21.9000000000015	1592	48123-48166
48144.9	21.5	1592	48123-48166
48144.5	21.0999999999985	1592	48123-48166
48144.1	21.5	1592	48123-48166
48144.6	22	1593	48123-48167
48145	22.4000000000015	1593	48123-48167
48145.4	22	1593	48123-48167
48145	21.5999999999985	1593	48123-48167
48144.6	22	1593	48123-48167
48145.1	22.5	1594	48123-48168
48145.5	22.9000000000015	1594	48123-48168
48145.9	22.5	1594	48123-48168
48145.5	22.0999999999985	1594	48123-48168
48145.1	22.5	1594	48123-48168
48145.6	23	1595	48123-48169
48146	23.4000000000015	1595	48123-48169
48146.4	23	1595	48123-48169
48146	22.5999999999985	1595	48123-48169
48145.6	23	1595	48123-48169
48146.1	23.5	1596	48123-48170
48146.5	23.9000000000015	1596	48123-48170
48146.9	23.5	1596	48123-48170
48146.5	23.0999999999985	1596	48123-48170
48146.1	23.5	1596	48123-48170
48146.6	24	1597	48123-48171
48147	24.4000000000015	1597	48123-48171
48147.4	24	1597	48123-48171
48147	23.5999999999985	1597	48123-48171
48146.6	24	1597	48123-48171
48147.1	24.5	1598	48123-48172
48147.5	24.9000000000015	1598	48123-48172
48147.9	24.5	1598	48123-48172
48147.5	24.0999999999985	1598	48123-48172
48147.1	24.5	1598	48123-48172
48123.6	0	1599	48124-48124
48124	0.400000000001455	1599	48124-48124
48124.4	0	1599	48124-48124
48124	-0.400000000001455	1599	48124-48124
48123.6	0	1599	48124-48124
48124.1	0.5	1600	48124-48125
48124.5	0.900000000001455	1600	48124-48125
48124.9	0.5	1600	48124-48125
48124.5	0.0999999999985448	1600	48124-48125
48124.1	0.5	1600	48124-48125
48124.6	1	1601	48124-48126
48125	1.40000000000146	1601	48124-48126
48125.4	1	1601	48124-48126
48125	0.599999999998545	1601	48124-48126
48124.6	1	1601	48124-48126
48125.1	1.5	1602	48124-48127
48125.5	1.90000000000146	1602	48124-48127
48125.9	1.5	1602	48124-48127
48125.5	1.09999999999854	1602	48124-48127
48125.1	1.5	1602	48124-48127
48125.6	2	1603	48124-48128
48126	2.40000000000146	1603	48124-48128
48126.4	2	1603	48124-48128
48126	1.59999999999854	1603	48124-48128
48125.6	2	1603	48124-48128
48126.1	2.5	1604	48124-48129
48126.5	2.90000000000146	1604	48124-48129
48126.9	2.5	1604	48124-48129
48126.5	2.09999999999854	1604	48124-48129
48126.1	2.5	1604	48124-48129
48126.6	3	1605	48124-48130
48127	3.40000000000146	1605	48124-48130
48127.4	3	1605	48124-48130
48127	2.59999999999855	1605	48124-48130
48126.6	3	1605	48124-48130
48127.1	3.5	1606	48124-48131
48127.5	3.90000000000146	1606	48124-48131
48127.9	3.5	1606	48124-48131
48127.5	3.09999999999855	1606	48124-48131
48127.1	3.5	1606	48124-48131
48127.6	4	1607	48124-48132
48128	4.40000000000146	1607	48124-48132
48128.4	4	1607	48124-48132
48128	3.59999999999855	1607	48124-48132
48127.6	4	1607	48124-48132
48128.1	4.5	1608	48124-48133
48128.5	4.90000000000146	1608	48124-48133
48128.9	4.5	1608	48124-48133
48128.5	4.09999999999855	1608	48124-48133
48128.1	4.5	1608	48124-48133
48128.6	5	1609	48124-48134
48129	5.40000000000146	1609	48124-48134
48129.4	5	1609	48124-48134
48129	4.59999999999855	1609	48124-48134
48128.6	5	1609	48124-48134
48129.1	5.5	1610	48124-48135
48129.5	5.90000000000146	1610	48124-48135
48129.9	5.5	1610	48124-48135
48129.5	5.09999999999855	1610	48124-48135
48129.1	5.5	1610	48124-48135
48129.6	6	1611	48124-48136
48130	6.40000000000146	1611	48124-48136
48130.4	6	1611	48124-48136
48130	5.59999999999855	1611	48124-48136
48129.6	6	1611	48124-48136
48130.1	6.5	1612	48124-48137
48130.5	6.90000000000146	1612	48124-48137
48130.9	6.5	1612	48124-48137
48130.5	6.09999999999855	1612	48124-48137
48130.1	6.5	1612	48124-48137
48130.6	7	1613	48124-48138
48131	7.40000000000146	1613	48124-48138
48131.4	7	1613	48124-48138
48131	6.59999999999855	1613	48124-48138
48130.6	7	1613	48124-48138
48131.1	7.5	1614	48124-48139
48131.5	7.90000000000146	1614	48124-48139
48131.9	7.5	1614	48124-48139
48131.5	7.09999999999855	1614	48124-48139
48131.1	7.5	1614	48124-48139
48131.6	8	1615	48124-48140
48132	8.40000000000146	1615	48124-48140
48132.4	8	1615	48124-48140
48132	7.59999999999855	1615	48124-48140
48131.6	8	1615	48124-48140
48132.1	8.5	1616	48124-48141
48132.5	8.90000000000146	1616	48124-48141
48132.9	8.5	1616	48124-48141
48132.5	8.09999999999855	1616	48124-48141
48132.1	8.5	1616	48124-48141
48132.6	9	1617	48124-48142
48133	9.40000000000146	1617	48124-48142
48133.4	9	1617	48124-48142
48133	8.59999999999855	1617	48124-48142
48132.6	9	1617	48124-48142
48133.1	9.5	1618	48124-48143
48133.5	9.90000000000146	1618	48124-48143
48133.9	9.5	1618	48124-48143
48133.5	9.09999999999854	1618	48124-48143
48133.1	9.5	1618	48124-48143
48133.6	10	1619	48124-48144
48134	10.4000000000015	1619	48124-48144
48134.4	10	1619	48124-48144
48134	9.59999999999854	1619	48124-48144
48133.6	10	1619	48124-48144
48134.1	10.5	1620	48124-48145
48134.5	10.9000000000015	1620	48124-48145
48134.9	10.5	1620	48124-48145
48134.5	10.0999999999985	1620	48124-48145
48134.1	10.5	1620	48124-48145
48134.6	11	1621	48124-48146
48135	11.4000000000015	1621	48124-48146
48135.4	11	1621	48124-48146
48135	10.5999999999985	1621	48124-48146
48134.6	11	1621	48124-48146
48135.1	11.5	1622	48124-48147
48135.5	11.9000000000015	1622	48124-48147
48135.9	11.5	1622	48124-48147
48135.5	11.0999999999985	1622	48124-48147
48135.1	11.5	1622	48124-48147
48135.6	12	1623	48124-48148
48136	12.4000000000015	1623	48124-48148
48136.4	12	1623	48124-48148
48136	11.5999999999985	1623	48124-48148
48135.6	12	1623	48124-48148
48136.1	12.5	1624	48124-48149
48136.5	12.9000000000015	1624	48124-48149
48136.9	12.5	1624	48124-48149
48136.5	12.0999999999985	1624	48124-48149
48136.1	12.5	1624	48124-48149
48136.6	13	1625	48124-48150
48137	13.4000000000015	1625	48124-48150
48137.4	13	1625	48124-48150
48137	12.5999999999985	1625	48124-48150
48136.6	13	1625	48124-48150
48137.1	13.5	1626	48124-48151
48137.5	13.9000000000015	1626	48124-48151
48137.9	13.5	1626	48124-48151
48137.5	13.0999999999985	1626	48124-48151
48137.1	13.5	1626	48124-48151
48137.6	14	1627	48124-48152
48138	14.4000000000015	1627	48124-48152
48138.4	14	1627	48124-48152
48138	13.5999999999985	1627	48124-48152
48137.6	14	1627	48124-48152
48138.1	14.5	1628	48124-48153
48138.5	14.9000000000015	1628	48124-48153
48138.9	14.5	1628	48124-48153
48138.5	14.0999999999985	1628	48124-48153
48138.1	14.5	1628	48124-48153
48138.6	15	1629	48124-48154
48139	15.4000000000015	1629	48124-48154
48139.4	15	1629	48124-48154
48139	14.5999999999985	1629	48124-48154
48138.6	15	1629	48124-48154
48139.1	15.5	1630	48124-48155
48139.5	15.9000000000015	1630	48124-48155
48139.9	15.5	1630	48124-48155
48139.5	15.0999999999985	1630	48124-48155
48139.1	15.5	1630	48124-48155
48139.6	16	1631	48124-48156
48140	16.4000000000015	1631	48124-48156
48140.4	16	1631	48124-48156
48140	15.5999999999985	1631	48124-48156
48139.6	16	1631	48124-48156
48140.1	16.5	1632	48124-48157
48140.5	16.9000000000015	1632	48124-48157
48140.9	16.5	1632	48124-48157
48140.5	16.0999999999985	1632	48124-48157
48140.1	16.5	1632	48124-48157
48140.6	17	1633	48124-48158
48141	17.4000000000015	1633	48124-48158
48141.4	17	1633	48124-48158
48141	16.5999999999985	1633	48124-48158
48140.6	17	1633	48124-48158
48141.1	17.5	1634	48124-48159
48141.5	17.9000000000015	1634	48124-48159
48141.9	17.5	1634	48124-48159
48141.5	17.0999999999985	1634	48124-48159
48141.1	17.5	1634	48124-48159
48141.6	18	1635	48124-48160
48142	18.4000000000015	1635	48124-48160
48142.4	18	1635	48124-48160
48142	17.5999999999985	1635	48124-48160
48141.6	18	1635	48124-48160
48142.1	18.5	1636	48124-48161
48142.5	18.9000000000015	1636	48124-48161
48142.9	18.5	1636	48124-48161
48142.5	18.0999999999985	1636	48124-48161
48142.1	18.5	1636	48124-48161
48142.6	19	1637	48124-48162
48143	19.4000000000015	1637	48124-48162
48143.4	19	1637	48124-48162
48143	18.5999999999985	1637	48124-48162
48142.6	19	1637	48124-48162
48143.1	19.5	1638	48124-48163
48143.5	19.9000000000015	1638	48124-48163
48143.9	19.5	1638	48124-48163
48143.5	19.0999999999985	1638	48124-48163
48143.1	19.5	1638	48124-48163
48143.6	20	1639	48124-48164
48144	20.4000000000015	1639	48124-48164
48144.4	20	1639	48124-48164
48144	19.5999999999985	1639	48124-48164
48143.6	20	1639	48124-48164
48144.1	20.5	1640	48124-48165
48144.5	20.9000000000015	1640	48124-48165
48144.9	20.5	1640	48124-48165
48144.5	20.0999999999985	1640	48124-48165
48144.1	20.5	1640	48124-48165
48144.6	21	1641	48124-48166
48145	21.4000000000015	1641	48124-48166
48145.4	21	1641	48124-48166
48145	20.5999999999985	1641	48124-48166
48144.6	21	1641	48124-48166
48145.1	21.5	1642	48124-48167
48145.5	21.9000000000015	1642	48124-48167
48145.9	21.5	1642	48124-48167
48145.5	21.0999999999985	1642	48124-48167
48145.1	21.5	1642	48124-48167
48145.6	22	1643	48124-48168
48146	22.4000000000015	1643	48124-48168
48146.4	22	1643	48124-48168
48146	21.5999999999985	1643	48124-48168
48145.6	22	1643	48124-48168
48146.1	22.5	1644	48124-48169
48146.5	22.9000000000015	1644	48124-48169
48146.9	22.5	1644	48124-48169
48146.5	22.0999999999985	1644	48124-48169
48146.1	22.5	1644	48124-48169
48146.6	23	1645	48124-48170
48147	23.4000000000015	1645	48124-48170
48147.4	23	1645	48124-48170
48147	22.5999999999985	1645	48124-48170
48146.6	23	1645	48124-48170
48147.1	23.5	1646	48124-48171
48147.5	23.9000000000015	1646	48124-48171
48147.9	23.5	1646	48124-48171
48147.5	23.0999999999985	1646	48124-48171
48147.1	23.5	1646	48124-48171
48147.6	24	1647	48124-48172
48148	24.4000000000015	1647	48124-48172
48148.4	24	1647	48124-48172
48148	23.5999999999985	1647	48124-48172
48147.6	24	1647	48124-48172
48148.1	24.5	1648	48124-48173
48148.5	24.9000000000015	1648	48124-48173
48148.9	24.5	1648	48124-48173
48148.5	24.0999999999985	1648	48124-48173
48148.1	24.5	1648	48124-48173
48124.6	0	1649	48125-48125
48125	0.400000000001455	1649	48125-48125
48125.4	0	1649	48125-48125
48125	-0.400000000001455	1649	48125-48125
48124.6	0	1649	48125-48125
48125.1	0.5	1650	48125-48126
48125.5	0.900000000001455	1650	48125-48126
48125.9	0.5	1650	48125-48126
48125.5	0.0999999999985448	1650	48125-48126
48125.1	0.5	1650	48125-48126
48125.6	1	1651	48125-48127
48126	1.40000000000146	1651	48125-48127
48126.4	1	1651	48125-48127
48126	0.599999999998545	1651	48125-48127
48125.6	1	1651	48125-48127
48126.1	1.5	1652	48125-48128
48126.5	1.90000000000146	1652	48125-48128
48126.9	1.5	1652	48125-48128
48126.5	1.09999999999854	1652	48125-48128
48126.1	1.5	1652	48125-48128
48126.6	2	1653	48125-48129
48127	2.40000000000146	1653	48125-48129
48127.4	2	1653	48125-48129
48127	1.59999999999854	1653	48125-48129
48126.6	2	1653	48125-48129
48127.1	2.5	1654	48125-48130
48127.5	2.90000000000146	1654	48125-48130
48127.9	2.5	1654	48125-48130
48127.5	2.09999999999854	1654	48125-48130
48127.1	2.5	1654	48125-48130
48127.6	3	1655	48125-48131
48128	3.40000000000146	1655	48125-48131
48128.4	3	1655	48125-48131
48128	2.59999999999855	1655	48125-48131
48127.6	3	1655	48125-48131
48128.1	3.5	1656	48125-48132
48128.5	3.90000000000146	1656	48125-48132
48128.9	3.5	1656	48125-48132
48128.5	3.09999999999855	1656	48125-48132
48128.1	3.5	1656	48125-48132
48128.6	4	1657	48125-48133
48129	4.40000000000146	1657	48125-48133
48129.4	4	1657	48125-48133
48129	3.59999999999855	1657	48125-48133
48128.6	4	1657	48125-48133
48129.1	4.5	1658	48125-48134
48129.5	4.90000000000146	1658	48125-48134
48129.9	4.5	1658	48125-48134
48129.5	4.09999999999855	1658	48125-48134
48129.1	4.5	1658	48125-48134
48129.6	5	1659	48125-48135
48130	5.40000000000146	1659	48125-48135
48130.4	5	1659	48125-48135
48130	4.59999999999855	1659	48125-48135
48129.6	5	1659	48125-48135
48130.1	5.5	1660	48125-48136
48130.5	5.90000000000146	1660	48125-48136
48130.9	5.5	1660	48125-48136
48130.5	5.09999999999855	1660	48125-48136
48130.1	5.5	1660	48125-48136
48130.6	6	1661	48125-48137
48131	6.40000000000146	1661	48125-48137
48131.4	6	1661	48125-48137
48131	5.59999999999855	1661	48125-48137
48130.6	6	1661	48125-48137
48131.1	6.5	1662	48125-48138
48131.5	6.90000000000146	1662	48125-48138
48131.9	6.5	1662	48125-48138
48131.5	6.09999999999855	1662	48125-48138
48131.1	6.5	1662	48125-48138
48131.6	7	1663	48125-48139
48132	7.40000000000146	1663	48125-48139
48132.4	7	1663	48125-48139
48132	6.59999999999855	1663	48125-48139
48131.6	7	1663	48125-48139
48132.1	7.5	1664	48125-48140
48132.5	7.90000000000146	1664	48125-48140
48132.9	7.5	1664	48125-48140
48132.5	7.09999999999855	1664	48125-48140
48132.1	7.5	1664	48125-48140
48132.6	8	1665	48125-48141
48133	8.40000000000146	1665	48125-48141
48133.4	8	1665	48125-48141
48133	7.59999999999855	1665	48125-48141
48132.6	8	1665	48125-48141
48133.1	8.5	1666	48125-48142
48133.5	8.90000000000146	1666	48125-48142
48133.9	8.5	1666	48125-48142
48133.5	8.09999999999855	1666	48125-48142
48133.1	8.5	1666	48125-48142
48133.6	9	1667	48125-48143
48134	9.40000000000146	1667	48125-48143
48134.4	9	1667	48125-48143
48134	8.59999999999855	1667	48125-48143
48133.6	9	1667	48125-48143
48134.1	9.5	1668	48125-48144
48134.5	9.90000000000146	1668	48125-48144
48134.9	9.5	1668	48125-48144
48134.5	9.09999999999854	1668	48125-48144
48134.1	9.5	1668	48125-48144
48134.6	10	1669	48125-48145
48135	10.4000000000015	1669	48125-48145
48135.4	10	1669	48125-48145
48135	9.59999999999854	1669	48125-48145
48134.6	10	1669	48125-48145
48135.1	10.5	1670	48125-48146
48135.5	10.9000000000015	1670	48125-48146
48135.9	10.5	1670	48125-48146
48135.5	10.0999999999985	1670	48125-48146
48135.1	10.5	1670	48125-48146
48135.6	11	1671	48125-48147
48136	11.4000000000015	1671	48125-48147
48136.4	11	1671	48125-48147
48136	10.5999999999985	1671	48125-48147
48135.6	11	1671	48125-48147
48136.1	11.5	1672	48125-48148
48136.5	11.9000000000015	1672	48125-48148
48136.9	11.5	1672	48125-48148
48136.5	11.0999999999985	1672	48125-48148
48136.1	11.5	1672	48125-48148
48136.6	12	1673	48125-48149
48137	12.4000000000015	1673	48125-48149
48137.4	12	1673	48125-48149
48137	11.5999999999985	1673	48125-48149
48136.6	12	1673	48125-48149
48137.1	12.5	1674	48125-48150
48137.5	12.9000000000015	1674	48125-48150
48137.9	12.5	1674	48125-48150
48137.5	12.0999999999985	1674	48125-48150
48137.1	12.5	1674	48125-48150
48137.6	13	1675	48125-48151
48138	13.4000000000015	1675	48125-48151
48138.4	13	1675	48125-48151
48138	12.5999999999985	1675	48125-48151
48137.6	13	1675	48125-48151
48138.1	13.5	1676	48125-48152
48138.5	13.9000000000015	1676	48125-48152
48138.9	13.5	1676	48125-48152
48138.5	13.0999999999985	1676	48125-48152
48138.1	13.5	1676	48125-48152
48138.6	14	1677	48125-48153
48139	14.4000000000015	1677	48125-48153
48139.4	14	1677	48125-48153
48139	13.5999999999985	1677	48125-48153
48138.6	14	1677	48125-48153
48139.1	14.5	1678	48125-48154
48139.5	14.9000000000015	1678	48125-48154
48139.9	14.5	1678	48125-48154
48139.5	14.0999999999985	1678	48125-48154
48139.1	14.5	1678	48125-48154
48139.6	15	1679	48125-48155
48140	15.4000000000015	1679	48125-48155
48140.4	15	1679	48125-48155
48140	14.5999999999985	1679	48125-48155
48139.6	15	1679	48125-48155
48140.1	15.5	1680	48125-48156
48140.5	15.9000000000015	1680	48125-48156
48140.9	15.5	1680	48125-48156
48140.5	15.0999999999985	1680	48125-48156
48140.1	15.5	1680	48125-48156
48140.6	16	1681	48125-48157
48141	16.4000000000015	1681	48125-48157
48141.4	16	1681	48125-48157
48141	15.5999999999985	1681	48125-48157
48140.6	16	1681	48125-48157
48141.1	16.5	1682	48125-48158
48141.5	16.9000000000015	1682	48125-48158
48141.9	16.5	1682	48125-48158
48141.5	16.0999999999985	1682	48125-48158
48141.1	16.5	1682	48125-48158
48141.6	17	1683	48125-48159
48142	17.4000000000015	1683	48125-48159
48142.4	17	1683	48125-48159
48142	16.5999999999985	1683	48125-48159
48141.6	17	1683	48125-48159
48142.1	17.5	1684	48125-48160
48142.5	17.9000000000015	1684	48125-48160
48142.9	17.5	1684	48125-48160
48142.5	17.0999999999985	1684	48125-48160
48142.1	17.5	1684	48125-48160
48142.6	18	1685	48125-48161
48143	18.4000000000015	1685	48125-48161
48143.4	18	1685	48125-48161
48143	17.5999999999985	1685	48125-48161
48142.6	18	1685	48125-48161
48143.1	18.5	1686	48125-48162
48143.5	18.9000000000015	1686	48125-48162
48143.9	18.5	1686	48125-48162
48143.5	18.0999999999985	1686	48125-48162
48143.1	18.5	1686	48125-48162
48143.6	19	1687	48125-48163
48144	19.4000000000015	1687	48125-48163
48144.4	19	1687	48125-48163
48144	18.5999999999985	1687	48125-48163
48143.6	19	1687	48125-48163
48144.1	19.5	1688	48125-48164
48144.5	19.9000000000015	1688	48125-48164
48144.9	19.5	1688	48125-48164
48144.5	19.0999999999985	1688	48125-48164
48144.1	19.5	1688	48125-48164
48144.6	20	1689	48125-48165
48145	20.4000000000015	1689	48125-48165
48145.4	20	1689	48125-48165
48145	19.5999999999985	1689	48125-48165
48144.6	20	1689	48125-48165
48145.1	20.5	1690	48125-48166
48145.5	20.9000000000015	1690	48125-48166
48145.9	20.5	1690	48125-48166
48145.5	20.0999999999985	1690	48125-48166
48145.1	20.5	1690	48125-48166
48145.6	21	1691	48125-48167
48146	21.4000000000015	1691	48125-48167
48146.4	21	1691	48125-48167
48146	20.5999999999985	1691	48125-48167
48145.6	21	1691	48125-48167
48146.1	21.5	1692	48125-48168
48146.5	21.9000000000015	1692	48125-48168
48146.9	21.5	1692	48125-48168
48146.5	21.0999999999985	1692	48125-48168
48146.1	21.5	1692	48125-48168
48146.6	22	1693	48125-48169
48147	22.4000000000015	1693	48125-48169
48147.4	22	1693	48125-48169
48147	21.5999999999985	1693	48125-48169
48146.6	22	1693	48125-48169
48147.1	22.5	1694	48125-48170
48147.5	22.9000000000015	1694	48125-48170
48147.9	22.5	1694	48125-48170
48147.5	22.0999999999985	1694	48125-48170
48147.1	22.5	1694	48125-48170
48147.6	23	1695	48125-48171
48148	23.4000000000015	1695	48125-48171
48148.4	23	1695	48125-48171
48148	22.5999999999985	1695	48125-48171
48147.6	23	1695	48125-48171
48148.1	23.5	1696	48125-48172
48148.5	23.9000000000015	1696	48125-48172
48148.9	23.5	1696	48125-48172
48148.5	23.0999999999985	1696	48125-48172
48148.1	23.5	1696	48125-48172
48148.6	24	1697	48125-48173
48149	24.4000000000015	1697	48125-48173
48149.4	24	1697	48125-48173
48149	23.5999999999985	1697	48125-48173
48148.6	24	1697	48125-48173
48149.1	24.5	1698	48125-48174
48149.5	24.9000000000015	1698	48125-48174
48149.9	24.5	1698	48125-48174
48149.5	24.0999999999985	1698	48125-48174
48149.1	24.5	1698	48125-48174
48125.6	0	1699	48126-48126
48126	0.400000000001455	1699	48126-48126
48126.4	0	1699	48126-48126
48126	-0.400000000001455	1699	48126-48126
48125.6	0	1699	48126-48126
48126.1	0.5	1700	48126-48127
48126.5	0.900000000001455	1700	48126-48127
48126.9	0.5	1700	48126-48127
48126.5	0.0999999999985448	1700	48126-48127
48126.1	0.5	1700	48126-48127
48126.6	1	1701	48126-48128
48127	1.40000000000146	1701	48126-48128
48127.4	1	1701	48126-48128
48127	0.599999999998545	1701	48126-48128
48126.6	1	1701	48126-48128
48127.1	1.5	1702	48126-48129
48127.5	1.90000000000146	1702	48126-48129
48127.9	1.5	1702	48126-48129
48127.5	1.09999999999854	1702	48126-48129
48127.1	1.5	1702	48126-48129
48127.6	2	1703	48126-48130
48128	2.40000000000146	1703	48126-48130
48128.4	2	1703	48126-48130
48128	1.59999999999854	1703	48126-48130
48127.6	2	1703	48126-48130
48128.1	2.5	1704	48126-48131
48128.5	2.90000000000146	1704	48126-48131
48128.9	2.5	1704	48126-48131
48128.5	2.09999999999854	1704	48126-48131
48128.1	2.5	1704	48126-48131
48128.6	3	1705	48126-48132
48129	3.40000000000146	1705	48126-48132
48129.4	3	1705	48126-48132
48129	2.59999999999855	1705	48126-48132
48128.6	3	1705	48126-48132
48129.1	3.5	1706	48126-48133
48129.5	3.90000000000146	1706	48126-48133
48129.9	3.5	1706	48126-48133
48129.5	3.09999999999855	1706	48126-48133
48129.1	3.5	1706	48126-48133
48129.6	4	1707	48126-48134
48130	4.40000000000146	1707	48126-48134
48130.4	4	1707	48126-48134
48130	3.59999999999855	1707	48126-48134
48129.6	4	1707	48126-48134
48130.1	4.5	1708	48126-48135
48130.5	4.90000000000146	1708	48126-48135
48130.9	4.5	1708	48126-48135
48130.5	4.09999999999855	1708	48126-48135
48130.1	4.5	1708	48126-48135
48130.6	5	1709	48126-48136
48131	5.40000000000146	1709	48126-48136
48131.4	5	1709	48126-48136
48131	4.59999999999855	1709	48126-48136
48130.6	5	1709	48126-48136
48131.1	5.5	1710	48126-48137
48131.5	5.90000000000146	1710	48126-48137
48131.9	5.5	1710	48126-48137
48131.5	5.09999999999855	1710	48126-48137
48131.1	5.5	1710	48126-48137
48131.6	6	1711	48126-48138
48132	6.40000000000146	1711	48126-48138
48132.4	6	1711	48126-48138
48132	5.59999999999855	1711	48126-48138
48131.6	6	1711	48126-48138
48132.1	6.5	1712	48126-48139
48132.5	6.90000000000146	1712	48126-48139
48132.9	6.5	1712	48126-48139
48132.5	6.09999999999855	1712	48126-48139
48132.1	6.5	1712	48126-48139
48132.6	7	1713	48126-48140
48133	7.40000000000146	1713	48126-48140
48133.4	7	1713	48126-48140
48133	6.59999999999855	1713	48126-48140
48132.6	7	1713	48126-48140
48133.1	7.5	1714	48126-48141
48133.5	7.90000000000146	1714	48126-48141
48133.9	7.5	1714	48126-48141
48133.5	7.09999999999855	1714	48126-48141
48133.1	7.5	1714	48126-48141
48133.6	8	1715	48126-48142
48134	8.40000000000146	1715	48126-48142
48134.4	8	1715	48126-48142
48134	7.59999999999855	1715	48126-48142
48133.6	8	1715	48126-48142
48134.1	8.5	1716	48126-48143
48134.5	8.90000000000146	1716	48126-48143
48134.9	8.5	1716	48126-48143
48134.5	8.09999999999855	1716	48126-48143
48134.1	8.5	1716	48126-48143
48134.6	9	1717	48126-48144
48135	9.40000000000146	1717	48126-48144
48135.4	9	1717	48126-48144
48135	8.59999999999855	1717	48126-48144
48134.6	9	1717	48126-48144
48135.1	9.5	1718	48126-48145
48135.5	9.90000000000146	1718	48126-48145
48135.9	9.5	1718	48126-48145
48135.5	9.09999999999854	1718	48126-48145
48135.1	9.5	1718	48126-48145
48135.6	10	1719	48126-48146
48136	10.4000000000015	1719	48126-48146
48136.4	10	1719	48126-48146
48136	9.59999999999854	1719	48126-48146
48135.6	10	1719	48126-48146
48136.1	10.5	1720	48126-48147
48136.5	10.9000000000015	1720	48126-48147
48136.9	10.5	1720	48126-48147
48136.5	10.0999999999985	1720	48126-48147
48136.1	10.5	1720	48126-48147
48136.6	11	1721	48126-48148
48137	11.4000000000015	1721	48126-48148
48137.4	11	1721	48126-48148
48137	10.5999999999985	1721	48126-48148
48136.6	11	1721	48126-48148
48137.1	11.5	1722	48126-48149
48137.5	11.9000000000015	1722	48126-48149
48137.9	11.5	1722	48126-48149
48137.5	11.0999999999985	1722	48126-48149
48137.1	11.5	1722	48126-48149
48137.6	12	1723	48126-48150
48138	12.4000000000015	1723	48126-48150
48138.4	12	1723	48126-48150
48138	11.5999999999985	1723	48126-48150
48137.6	12	1723	48126-48150
48138.1	12.5	1724	48126-48151
48138.5	12.9000000000015	1724	48126-48151
48138.9	12.5	1724	48126-48151
48138.5	12.0999999999985	1724	48126-48151
48138.1	12.5	1724	48126-48151
48138.6	13	1725	48126-48152
48139	13.4000000000015	1725	48126-48152
48139.4	13	1725	48126-48152
48139	12.5999999999985	1725	48126-48152
48138.6	13	1725	48126-48152
48139.1	13.5	1726	48126-48153
48139.5	13.9000000000015	1726	48126-48153
48139.9	13.5	1726	48126-48153
48139.5	13.0999999999985	1726	48126-48153
48139.1	13.5	1726	48126-48153
48139.6	14	1727	48126-48154
48140	14.4000000000015	1727	48126-48154
48140.4	14	1727	48126-48154
48140	13.5999999999985	1727	48126-48154
48139.6	14	1727	48126-48154
48140.1	14.5	1728	48126-48155
48140.5	14.9000000000015	1728	48126-48155
48140.9	14.5	1728	48126-48155
48140.5	14.0999999999985	1728	48126-48155
48140.1	14.5	1728	48126-48155
48140.6	15	1729	48126-48156
48141	15.4000000000015	1729	48126-48156
48141.4	15	1729	48126-48156
48141	14.5999999999985	1729	48126-48156
48140.6	15	1729	48126-48156
48141.1	15.5	1730	48126-48157
48141.5	15.9000000000015	1730	48126-48157
48141.9	15.5	1730	48126-48157
48141.5	15.0999999999985	1730	48126-48157
48141.1	15.5	1730	48126-48157
48141.6	16	1731	48126-48158
48142	16.4000000000015	1731	48126-48158
48142.4	16	1731	48126-48158
48142	15.5999999999985	1731	48126-48158
48141.6	16	1731	48126-48158
48142.1	16.5	1732	48126-48159
48142.5	16.9000000000015	1732	48126-48159
48142.9	16.5	1732	48126-48159
48142.5	16.0999999999985	1732	48126-48159
48142.1	16.5	1732	48126-48159
48142.6	17	1733	48126-48160
48143	17.4000000000015	1733	48126-48160
48143.4	17	1733	48126-48160
48143	16.5999999999985	1733	48126-48160
48142.6	17	1733	48126-48160
48143.1	17.5	1734	48126-48161
48143.5	17.9000000000015	1734	48126-48161
48143.9	17.5	1734	48126-48161
48143.5	17.0999999999985	1734	48126-48161
48143.1	17.5	1734	48126-48161
48143.6	18	1735	48126-48162
48144	18.4000000000015	1735	48126-48162
48144.4	18	1735	48126-48162
48144	17.5999999999985	1735	48126-48162
48143.6	18	1735	48126-48162
48144.1	18.5	1736	48126-48163
48144.5	18.9000000000015	1736	48126-48163
48144.9	18.5	1736	48126-48163
48144.5	18.0999999999985	1736	48126-48163
48144.1	18.5	1736	48126-48163
48144.6	19	1737	48126-48164
48145	19.4000000000015	1737	48126-48164
48145.4	19	1737	48126-48164
48145	18.5999999999985	1737	48126-48164
48144.6	19	1737	48126-48164
48145.1	19.5	1738	48126-48165
48145.5	19.9000000000015	1738	48126-48165
48145.9	19.5	1738	48126-48165
48145.5	19.0999999999985	1738	48126-48165
48145.1	19.5	1738	48126-48165
48145.6	20	1739	48126-48166
48146	20.4000000000015	1739	48126-48166
48146.4	20	1739	48126-48166
48146	19.5999999999985	1739	48126-48166
48145.6	20	1739	48126-48166
48146.1	20.5	1740	48126-48167
48146.5	20.9000000000015	1740	48126-48167
48146.9	20.5	1740	48126-48167
48146.5	20.0999999999985	1740	48126-48167
48146.1	20.5	1740	48126-48167
48146.6	21	1741	48126-48168
48147	21.4000000000015	1741	48126-48168
48147.4	21	1741	48126-48168
48147	20.5999999999985	1741	48126-48168
48146.6	21	1741	48126-48168
48147.1	21.5	1742	48126-48169
48147.5	21.9000000000015	1742	48126-48169
48147.9	21.5	1742	48126-48169
48147.5	21.0999999999985	1742	48126-48169
48147.1	21.5	1742	48126-48169
48147.6	22	1743	48126-48170
48148	22.4000000000015	1743	48126-48170
48148.4	22	1743	48126-48170
48148	21.5999999999985	1743	48126-48170
48147.6	22	1743	48126-48170
48148.1	22.5	1744	48126-48171
48148.5	22.9000000000015	1744	48126-48171
48148.9	22.5	1744	48126-48171
48148.5	22.0999999999985	1744	48126-48171
48148.1	22.5	1744	48126-48171
48148.6	23	1745	48126-48172
48149	23.4000000000015	1745	48126-48172
48149.4	23	1745	48126-48172
48149	22.5999999999985	1745	48126-48172
48148.6	23	1745	48126-48172
48149.1	23.5	1746	48126-48173
48149.5	23.9000000000015	1746	48126-48173
48149.9	23.5	1746	48126-48173
48149.5	23.0999999999985	1746	48126-48173
48149.1	23.5	1746	48126-48173
48149.6	24	1747	48126-48174
48150	24.4000000000015	1747	48126-48174
48150.4	24	1747	48126-48174
48150	23.5999999999985	1747	48126-48174
48149.6	24	1747	48126-48174
48150.1	24.5	1748	48126-48175
48150.5	24.9000000000015	1748	48126-48175
48150.9	24.5	1748	48126-48175
48150.5	24.0999999999985	1748	48126-48175
48150.1	24.5	1748	48126-48175
48126.6	0	1749	48127-48127
48127	0.400000000001455	1749	48127-48127
48127.4	0	1749	48127-48127
48127	-0.400000000001455	1749	48127-48127
48126.6	0	1749	48127-48127
48127.1	0.5	1750	48127-48128
48127.5	0.900000000001455	1750	48127-48128
48127.9	0.5	1750	48127-48128
48127.5	0.0999999999985448	1750	48127-48128
48127.1	0.5	1750	48127-48128
48127.6	1	1751	48127-48129
48128	1.40000000000146	1751	48127-48129
48128.4	1	1751	48127-48129
48128	0.599999999998545	1751	48127-48129
48127.6	1	1751	48127-48129
48128.1	1.5	1752	48127-48130
48128.5	1.90000000000146	1752	48127-48130
48128.9	1.5	1752	48127-48130
48128.5	1.09999999999854	1752	48127-48130
48128.1	1.5	1752	48127-48130
48128.6	2	1753	48127-48131
48129	2.40000000000146	1753	48127-48131
48129.4	2	1753	48127-48131
48129	1.59999999999854	1753	48127-48131
48128.6	2	1753	48127-48131
48129.1	2.5	1754	48127-48132
48129.5	2.90000000000146	1754	48127-48132
48129.9	2.5	1754	48127-48132
48129.5	2.09999999999854	1754	48127-48132
48129.1	2.5	1754	48127-48132
48129.6	3	1755	48127-48133
48130	3.40000000000146	1755	48127-48133
48130.4	3	1755	48127-48133
48130	2.59999999999855	1755	48127-48133
48129.6	3	1755	48127-48133
48130.1	3.5	1756	48127-48134
48130.5	3.90000000000146	1756	48127-48134
48130.9	3.5	1756	48127-48134
48130.5	3.09999999999855	1756	48127-48134
48130.1	3.5	1756	48127-48134
48130.6	4	1757	48127-48135
48131	4.40000000000146	1757	48127-48135
48131.4	4	1757	48127-48135
48131	3.59999999999855	1757	48127-48135
48130.6	4	1757	48127-48135
48131.1	4.5	1758	48127-48136
48131.5	4.90000000000146	1758	48127-48136
48131.9	4.5	1758	48127-48136
48131.5	4.09999999999855	1758	48127-48136
48131.1	4.5	1758	48127-48136
48131.6	5	1759	48127-48137
48132	5.40000000000146	1759	48127-48137
48132.4	5	1759	48127-48137
48132	4.59999999999855	1759	48127-48137
48131.6	5	1759	48127-48137
48132.1	5.5	1760	48127-48138
48132.5	5.90000000000146	1760	48127-48138
48132.9	5.5	1760	48127-48138
48132.5	5.09999999999855	1760	48127-48138
48132.1	5.5	1760	48127-48138
48132.6	6	1761	48127-48139
48133	6.40000000000146	1761	48127-48139
48133.4	6	1761	48127-48139
48133	5.59999999999855	1761	48127-48139
48132.6	6	1761	48127-48139
48133.1	6.5	1762	48127-48140
48133.5	6.90000000000146	1762	48127-48140
48133.9	6.5	1762	48127-48140
48133.5	6.09999999999855	1762	48127-48140
48133.1	6.5	1762	48127-48140
48133.6	7	1763	48127-48141
48134	7.40000000000146	1763	48127-48141
48134.4	7	1763	48127-48141
48134	6.59999999999855	1763	48127-48141
48133.6	7	1763	48127-48141
48134.1	7.5	1764	48127-48142
48134.5	7.90000000000146	1764	48127-48142
48134.9	7.5	1764	48127-48142
48134.5	7.09999999999855	1764	48127-48142
48134.1	7.5	1764	48127-48142
48134.6	8	1765	48127-48143
48135	8.40000000000146	1765	48127-48143
48135.4	8	1765	48127-48143
48135	7.59999999999855	1765	48127-48143
48134.6	8	1765	48127-48143
48135.1	8.5	1766	48127-48144
48135.5	8.90000000000146	1766	48127-48144
48135.9	8.5	1766	48127-48144
48135.5	8.09999999999855	1766	48127-48144
48135.1	8.5	1766	48127-48144
48135.6	9	1767	48127-48145
48136	9.40000000000146	1767	48127-48145
48136.4	9	1767	48127-48145
48136	8.59999999999855	1767	48127-48145
48135.6	9	1767	48127-48145
48136.1	9.5	1768	48127-48146
48136.5	9.90000000000146	1768	48127-48146
48136.9	9.5	1768	48127-48146
48136.5	9.09999999999854	1768	48127-48146
48136.1	9.5	1768	48127-48146
48136.6	10	1769	48127-48147
48137	10.4000000000015	1769	48127-48147
48137.4	10	1769	48127-48147
48137	9.59999999999854	1769	48127-48147
48136.6	10	1769	48127-48147
48137.1	10.5	1770	48127-48148
48137.5	10.9000000000015	1770	48127-48148
48137.9	10.5	1770	48127-48148
48137.5	10.0999999999985	1770	48127-48148
48137.1	10.5	1770	48127-48148
48137.6	11	1771	48127-48149
48138	11.4000000000015	1771	48127-48149
48138.4	11	1771	48127-48149
48138	10.5999999999985	1771	48127-48149
48137.6	11	1771	48127-48149
48138.1	11.5	1772	48127-48150
48138.5	11.9000000000015	1772	48127-48150
48138.9	11.5	1772	48127-48150
48138.5	11.0999999999985	1772	48127-48150
48138.1	11.5	1772	48127-48150
48138.6	12	1773	48127-48151
48139	12.4000000000015	1773	48127-48151
48139.4	12	1773	48127-48151
48139	11.5999999999985	1773	48127-48151
48138.6	12	1773	48127-48151
48139.1	12.5	1774	48127-48152
48139.5	12.9000000000015	1774	48127-48152
48139.9	12.5	1774	48127-48152
48139.5	12.0999999999985	1774	48127-48152
48139.1	12.5	1774	48127-48152
48139.6	13	1775	48127-48153
48140	13.4000000000015	1775	48127-48153
48140.4	13	1775	48127-48153
48140	12.5999999999985	1775	48127-48153
48139.6	13	1775	48127-48153
48140.1	13.5	1776	48127-48154
48140.5	13.9000000000015	1776	48127-48154
48140.9	13.5	1776	48127-48154
48140.5	13.0999999999985	1776	48127-48154
48140.1	13.5	1776	48127-48154
48140.6	14	1777	48127-48155
48141	14.4000000000015	1777	48127-48155
48141.4	14	1777	48127-48155
48141	13.5999999999985	1777	48127-48155
48140.6	14	1777	48127-48155
48141.1	14.5	1778	48127-48156
48141.5	14.9000000000015	1778	48127-48156
48141.9	14.5	1778	48127-48156
48141.5	14.0999999999985	1778	48127-48156
48141.1	14.5	1778	48127-48156
48141.6	15	1779	48127-48157
48142	15.4000000000015	1779	48127-48157
48142.4	15	1779	48127-48157
48142	14.5999999999985	1779	48127-48157
48141.6	15	1779	48127-48157
48142.1	15.5	1780	48127-48158
48142.5	15.9000000000015	1780	48127-48158
48142.9	15.5	1780	48127-48158
48142.5	15.0999999999985	1780	48127-48158
48142.1	15.5	1780	48127-48158
48142.6	16	1781	48127-48159
48143	16.4000000000015	1781	48127-48159
48143.4	16	1781	48127-48159
48143	15.5999999999985	1781	48127-48159
48142.6	16	1781	48127-48159
48143.1	16.5	1782	48127-48160
48143.5	16.9000000000015	1782	48127-48160
48143.9	16.5	1782	48127-48160
48143.5	16.0999999999985	1782	48127-48160
48143.1	16.5	1782	48127-48160
48143.6	17	1783	48127-48161
48144	17.4000000000015	1783	48127-48161
48144.4	17	1783	48127-48161
48144	16.5999999999985	1783	48127-48161
48143.6	17	1783	48127-48161
48144.1	17.5	1784	48127-48162
48144.5	17.9000000000015	1784	48127-48162
48144.9	17.5	1784	48127-48162
48144.5	17.0999999999985	1784	48127-48162
48144.1	17.5	1784	48127-48162
48144.6	18	1785	48127-48163
48145	18.4000000000015	1785	48127-48163
48145.4	18	1785	48127-48163
48145	17.5999999999985	1785	48127-48163
48144.6	18	1785	48127-48163
48145.1	18.5	1786	48127-48164
48145.5	18.9000000000015	1786	48127-48164
48145.9	18.5	1786	48127-48164
48145.5	18.0999999999985	1786	48127-48164
48145.1	18.5	1786	48127-48164
48145.6	19	1787	48127-48165
48146	19.4000000000015	1787	48127-48165
48146.4	19	1787	48127-48165
48146	18.5999999999985	1787	48127-48165
48145.6	19	1787	48127-48165
48146.1	19.5	1788	48127-48166
48146.5	19.9000000000015	1788	48127-48166
48146.9	19.5	1788	48127-48166
48146.5	19.0999999999985	1788	48127-48166
48146.1	19.5	1788	48127-48166
48146.6	20	1789	48127-48167
48147	20.4000000000015	1789	48127-48167
48147.4	20	1789	48127-48167
48147	19.5999999999985	1789	48127-48167
48146.6	20	1789	48127-48167
48147.1	20.5	1790	48127-48168
48147.5	20.9000000000015	1790	48127-48168
48147.9	20.5	1790	48127-48168
48147.5	20.0999999999985	1790	48127-48168
48147.1	20.5	1790	48127-48168
48147.6	21	1791	48127-48169
48148	21.4000000000015	1791	48127-48169
48148.4	21	1791	48127-48169
48148	20.5999999999985	1791	48127-48169
48147.6	21	1791	48127-48169
48148.1	21.5	1792	48127-48170
48148.5	21.9000000000015	1792	48127-48170
48148.9	21.5	1792	48127-48170
48148.5	21.0999999999985	1792	48127-48170
48148.1	21.5	1792	48127-48170
48148.6	22	1793	48127-48171
48149	22.4000000000015	1793	48127-48171
48149.4	22	1793	48127-48171
48149	21.5999999999985	1793	48127-48171
48148.6	22	1793	48127-48171
48149.1	22.5	1794	48127-48172
48149.5	22.9000000000015	1794	48127-48172
48149.9	22.5	1794	48127-48172
48149.5	22.0999999999985	1794	48127-48172
48149.1	22.5	1794	48127-48172
48149.6	23	1795	48127-48173
48150	23.4000000000015	1795	48127-48173
48150.4	23	1795	48127-48173
48150	22.5999999999985	1795	48127-48173
48149.6	23	1795	48127-48173
48150.1	23.5	1796	48127-48174
48150.5	23.9000000000015	1796	48127-48174
48150.9	23.5	1796	48127-48174
48150.5	23.0999999999985	1796	48127-48174
48150.1	23.5	1796	48127-48174
48150.6	24	1797	48127-48175
48151	24.4000000000015	1797	48127-48175
48151.4	24	1797	48127-48175
48151	23.5999999999985	1797	48127-48175
48150.6	24	1797	48127-48175
48151.1	24.5	1798	48127-48176
48151.5	24.9000000000015	1798	48127-48176
48151.9	24.5	1798	48127-48176
48151.5	24.0999999999985	1798	48127-48176
48151.1	24.5	1798	48127-48176
48127.6	0	1799	48128-48128
48128	0.400000000001455	1799	48128-48128
48128.4	0	1799	48128-48128
48128	-0.400000000001455	1799	48128-48128
48127.6	0	1799	48128-48128
48128.1	0.5	1800	48128-48129
48128.5	0.900000000001455	1800	48128-48129
48128.9	0.5	1800	48128-48129
48128.5	0.0999999999985448	1800	48128-48129
48128.1	0.5	1800	48128-48129
48128.6	1	1801	48128-48130
48129	1.40000000000146	1801	48128-48130
48129.4	1	1801	48128-48130
48129	0.599999999998545	1801	48128-48130
48128.6	1	1801	48128-48130
48129.1	1.5	1802	48128-48131
48129.5	1.90000000000146	1802	48128-48131
48129.9	1.5	1802	48128-48131
48129.5	1.09999999999854	1802	48128-48131
48129.1	1.5	1802	48128-48131
48129.6	2	1803	48128-48132
48130	2.40000000000146	1803	48128-48132
48130.4	2	1803	48128-48132
48130	1.59999999999854	1803	48128-48132
48129.6	2	1803	48128-48132
48130.1	2.5	1804	48128-48133
48130.5	2.90000000000146	1804	48128-48133
48130.9	2.5	1804	48128-48133
48130.5	2.09999999999854	1804	48128-48133
48130.1	2.5	1804	48128-48133
48130.6	3	1805	48128-48134
48131	3.40000000000146	1805	48128-48134
48131.4	3	1805	48128-48134
48131	2.59999999999855	1805	48128-48134
48130.6	3	1805	48128-48134
48131.1	3.5	1806	48128-48135
48131.5	3.90000000000146	1806	48128-48135
48131.9	3.5	1806	48128-48135
48131.5	3.09999999999855	1806	48128-48135
48131.1	3.5	1806	48128-48135
48131.6	4	1807	48128-48136
48132	4.40000000000146	1807	48128-48136
48132.4	4	1807	48128-48136
48132	3.59999999999855	1807	48128-48136
48131.6	4	1807	48128-48136
48132.1	4.5	1808	48128-48137
48132.5	4.90000000000146	1808	48128-48137
48132.9	4.5	1808	48128-48137
48132.5	4.09999999999855	1808	48128-48137
48132.1	4.5	1808	48128-48137
48132.6	5	1809	48128-48138
48133	5.40000000000146	1809	48128-48138
48133.4	5	1809	48128-48138
48133	4.59999999999855	1809	48128-48138
48132.6	5	1809	48128-48138
48133.1	5.5	1810	48128-48139
48133.5	5.90000000000146	1810	48128-48139
48133.9	5.5	1810	48128-48139
48133.5	5.09999999999855	1810	48128-48139
48133.1	5.5	1810	48128-48139
48133.6	6	1811	48128-48140
48134	6.40000000000146	1811	48128-48140
48134.4	6	1811	48128-48140
48134	5.59999999999855	1811	48128-48140
48133.6	6	1811	48128-48140
48134.1	6.5	1812	48128-48141
48134.5	6.90000000000146	1812	48128-48141
48134.9	6.5	1812	48128-48141
48134.5	6.09999999999855	1812	48128-48141
48134.1	6.5	1812	48128-48141
48134.6	7	1813	48128-48142
48135	7.40000000000146	1813	48128-48142
48135.4	7	1813	48128-48142
48135	6.59999999999855	1813	48128-48142
48134.6	7	1813	48128-48142
48135.1	7.5	1814	48128-48143
48135.5	7.90000000000146	1814	48128-48143
48135.9	7.5	1814	48128-48143
48135.5	7.09999999999855	1814	48128-48143
48135.1	7.5	1814	48128-48143
48135.6	8	1815	48128-48144
48136	8.40000000000146	1815	48128-48144
48136.4	8	1815	48128-48144
48136	7.59999999999855	1815	48128-48144
48135.6	8	1815	48128-48144
48136.1	8.5	1816	48128-48145
48136.5	8.90000000000146	1816	48128-48145
48136.9	8.5	1816	48128-48145
48136.5	8.09999999999855	1816	48128-48145
48136.1	8.5	1816	48128-48145
48136.6	9	1817	48128-48146
48137	9.40000000000146	1817	48128-48146
48137.4	9	1817	48128-48146
48137	8.59999999999855	1817	48128-48146
48136.6	9	1817	48128-48146
48137.1	9.5	1818	48128-48147
48137.5	9.90000000000146	1818	48128-48147
48137.9	9.5	1818	48128-48147
48137.5	9.09999999999854	1818	48128-48147
48137.1	9.5	1818	48128-48147
48137.6	10	1819	48128-48148
48138	10.4000000000015	1819	48128-48148
48138.4	10	1819	48128-48148
48138	9.59999999999854	1819	48128-48148
48137.6	10	1819	48128-48148
48138.1	10.5	1820	48128-48149
48138.5	10.9000000000015	1820	48128-48149
48138.9	10.5	1820	48128-48149
48138.5	10.0999999999985	1820	48128-48149
48138.1	10.5	1820	48128-48149
48138.6	11	1821	48128-48150
48139	11.4000000000015	1821	48128-48150
48139.4	11	1821	48128-48150
48139	10.5999999999985	1821	48128-48150
48138.6	11	1821	48128-48150
48139.1	11.5	1822	48128-48151
48139.5	11.9000000000015	1822	48128-48151
48139.9	11.5	1822	48128-48151
48139.5	11.0999999999985	1822	48128-48151
48139.1	11.5	1822	48128-48151
48139.6	12	1823	48128-48152
48140	12.4000000000015	1823	48128-48152
48140.4	12	1823	48128-48152
48140	11.5999999999985	1823	48128-48152
48139.6	12	1823	48128-48152
48140.1	12.5	1824	48128-48153
48140.5	12.9000000000015	1824	48128-48153
48140.9	12.5	1824	48128-48153
48140.5	12.0999999999985	1824	48128-48153
48140.1	12.5	1824	48128-48153
48140.6	13	1825	48128-48154
48141	13.4000000000015	1825	48128-48154
48141.4	13	1825	48128-48154
48141	12.5999999999985	1825	48128-48154
48140.6	13	1825	48128-48154
48141.1	13.5	1826	48128-48155
48141.5	13.9000000000015	1826	48128-48155
48141.9	13.5	1826	48128-48155
48141.5	13.0999999999985	1826	48128-48155
48141.1	13.5	1826	48128-48155
48141.6	14	1827	48128-48156
48142	14.4000000000015	1827	48128-48156
48142.4	14	1827	48128-48156
48142	13.5999999999985	1827	48128-48156
48141.6	14	1827	48128-48156
48142.1	14.5	1828	48128-48157
48142.5	14.9000000000015	1828	48128-48157
48142.9	14.5	1828	48128-48157
48142.5	14.0999999999985	1828	48128-48157
48142.1	14.5	1828	48128-48157
48142.6	15	1829	48128-48158
48143	15.4000000000015	1829	48128-48158
48143.4	15	1829	48128-48158
48143	14.5999999999985	1829	48128-48158
48142.6	15	1829	48128-48158
48143.1	15.5	1830	48128-48159
48143.5	15.9000000000015	1830	48128-48159
48143.9	15.5	1830	48128-48159
48143.5	15.0999999999985	1830	48128-48159
48143.1	15.5	1830	48128-48159
48143.6	16	1831	48128-48160
48144	16.4000000000015	1831	48128-48160
48144.4	16	1831	48128-48160
48144	15.5999999999985	1831	48128-48160
48143.6	16	1831	48128-48160
48144.1	16.5	1832	48128-48161
48144.5	16.9000000000015	1832	48128-48161
48144.9	16.5	1832	48128-48161
48144.5	16.0999999999985	1832	48128-48161
48144.1	16.5	1832	48128-48161
48144.6	17	1833	48128-48162
48145	17.4000000000015	1833	48128-48162
48145.4	17	1833	48128-48162
48145	16.5999999999985	1833	48128-48162
48144.6	17	1833	48128-48162
48145.1	17.5	1834	48128-48163
48145.5	17.9000000000015	1834	48128-48163
48145.9	17.5	1834	48128-48163
48145.5	17.0999999999985	1834	48128-48163
48145.1	17.5	1834	48128-48163
48145.6	18	1835	48128-48164
48146	18.4000000000015	1835	48128-48164
48146.4	18	1835	48128-48164
48146	17.5999999999985	1835	48128-48164
48145.6	18	1835	48128-48164
48146.1	18.5	1836	48128-48165
48146.5	18.9000000000015	1836	48128-48165
48146.9	18.5	1836	48128-48165
48146.5	18.0999999999985	1836	48128-48165
48146.1	18.5	1836	48128-48165
48146.6	19	1837	48128-48166
48147	19.4000000000015	1837	48128-48166
48147.4	19	1837	48128-48166
48147	18.5999999999985	1837	48128-48166
48146.6	19	1837	48128-48166
48147.1	19.5	1838	48128-48167
48147.5	19.9000000000015	1838	48128-48167
48147.9	19.5	1838	48128-48167
48147.5	19.0999999999985	1838	48128-48167
48147.1	19.5	1838	48128-48167
48147.6	20	1839	48128-48168
48148	20.4000000000015	1839	48128-48168
48148.4	20	1839	48128-48168
48148	19.5999999999985	1839	48128-48168
48147.6	20	1839	48128-48168
48148.1	20.5	1840	48128-48169
48148.5	20.9000000000015	1840	48128-48169
48148.9	20.5	1840	48128-48169
48148.5	20.0999999999985	1840	48128-48169
48148.1	20.5	1840	48128-48169
48148.6	21	1841	48128-48170
48149	21.4000000000015	1841	48128-48170
48149.4	21	1841	48128-48170
48149	20.5999999999985	1841	48128-48170
48148.6	21	1841	48128-48170
48149.1	21.5	1842	48128-48171
48149.5	21.9000000000015	1842	48128-48171
48149.9	21.5	1842	48128-48171
48149.5	21.0999999999985	1842	48128-48171
48149.1	21.5	1842	48128-48171
48149.6	22	1843	48128-48172
48150	22.4000000000015	1843	48128-48172
48150.4	22	1843	48128-48172
48150	21.5999999999985	1843	48128-48172
48149.6	22	1843	48128-48172
48150.1	22.5	1844	48128-48173
48150.5	22.9000000000015	1844	48128-48173
48150.9	22.5	1844	48128-48173
48150.5	22.0999999999985	1844	48128-48173
48150.1	22.5	1844	48128-48173
48150.6	23	1845	48128-48174
48151	23.4000000000015	1845	48128-48174
48151.4	23	1845	48128-48174
48151	22.5999999999985	1845	48128-48174
48150.6	23	1845	48128-48174
48151.1	23.5	1846	48128-48175
48151.5	23.9000000000015	1846	48128-48175
48151.9	23.5	1846	48128-48175
48151.5	23.0999999999985	1846	48128-48175
48151.1	23.5	1846	48128-48175
48151.6	24	1847	48128-48176
48152	24.4000000000015	1847	48128-48176
48152.4	24	1847	48128-48176
48152	23.5999999999985	1847	48128-48176
48151.6	24	1847	48128-48176
48152.1	24.5	1848	48128-48177
48152.5	24.9000000000015	1848	48128-48177
48152.9	24.5	1848	48128-48177
48152.5	24.0999999999985	1848	48128-48177
48152.1	24.5	1848	48128-48177
48128.6	0	1849	48129-48129
48129	0.400000000001455	1849	48129-48129
48129.4	0	1849	48129-48129
48129	-0.400000000001455	1849	48129-48129
48128.6	0	1849	48129-48129
48129.1	0.5	1850	48129-48130
48129.5	0.900000000001455	1850	48129-48130
48129.9	0.5	1850	48129-48130
48129.5	0.0999999999985448	1850	48129-48130
48129.1	0.5	1850	48129-48130
48129.6	1	1851	48129-48131
48130	1.40000000000146	1851	48129-48131
48130.4	1	1851	48129-48131
48130	0.599999999998545	1851	48129-48131
48129.6	1	1851	48129-48131
48130.1	1.5	1852	48129-48132
48130.5	1.90000000000146	1852	48129-48132
48130.9	1.5	1852	48129-48132
48130.5	1.09999999999854	1852	48129-48132
48130.1	1.5	1852	48129-48132
48130.6	2	1853	48129-48133
48131	2.40000000000146	1853	48129-48133
48131.4	2	1853	48129-48133
48131	1.59999999999854	1853	48129-48133
48130.6	2	1853	48129-48133
48131.1	2.5	1854	48129-48134
48131.5	2.90000000000146	1854	48129-48134
48131.9	2.5	1854	48129-48134
48131.5	2.09999999999854	1854	48129-48134
48131.1	2.5	1854	48129-48134
48131.6	3	1855	48129-48135
48132	3.40000000000146	1855	48129-48135
48132.4	3	1855	48129-48135
48132	2.59999999999855	1855	48129-48135
48131.6	3	1855	48129-48135
48132.1	3.5	1856	48129-48136
48132.5	3.90000000000146	1856	48129-48136
48132.9	3.5	1856	48129-48136
48132.5	3.09999999999855	1856	48129-48136
48132.1	3.5	1856	48129-48136
48132.6	4	1857	48129-48137
48133	4.40000000000146	1857	48129-48137
48133.4	4	1857	48129-48137
48133	3.59999999999855	1857	48129-48137
48132.6	4	1857	48129-48137
48133.1	4.5	1858	48129-48138
48133.5	4.90000000000146	1858	48129-48138
48133.9	4.5	1858	48129-48138
48133.5	4.09999999999855	1858	48129-48138
48133.1	4.5	1858	48129-48138
48133.6	5	1859	48129-48139
48134	5.40000000000146	1859	48129-48139
48134.4	5	1859	48129-48139
48134	4.59999999999855	1859	48129-48139
48133.6	5	1859	48129-48139
48134.1	5.5	1860	48129-48140
48134.5	5.90000000000146	1860	48129-48140
48134.9	5.5	1860	48129-48140
48134.5	5.09999999999855	1860	48129-48140
48134.1	5.5	1860	48129-48140
48134.6	6	1861	48129-48141
48135	6.40000000000146	1861	48129-48141
48135.4	6	1861	48129-48141
48135	5.59999999999855	1861	48129-48141
48134.6	6	1861	48129-48141
48135.1	6.5	1862	48129-48142
48135.5	6.90000000000146	1862	48129-48142
48135.9	6.5	1862	48129-48142
48135.5	6.09999999999855	1862	48129-48142
48135.1	6.5	1862	48129-48142
48135.6	7	1863	48129-48143
48136	7.40000000000146	1863	48129-48143
48136.4	7	1863	48129-48143
48136	6.59999999999855	1863	48129-48143
48135.6	7	1863	48129-48143
48136.1	7.5	1864	48129-48144
48136.5	7.90000000000146	1864	48129-48144
48136.9	7.5	1864	48129-48144
48136.5	7.09999999999855	1864	48129-48144
48136.1	7.5	1864	48129-48144
48136.6	8	1865	48129-48145
48137	8.40000000000146	1865	48129-48145
48137.4	8	1865	48129-48145
48137	7.59999999999855	1865	48129-48145
48136.6	8	1865	48129-48145
48137.1	8.5	1866	48129-48146
48137.5	8.90000000000146	1866	48129-48146
48137.9	8.5	1866	48129-48146
48137.5	8.09999999999855	1866	48129-48146
48137.1	8.5	1866	48129-48146
48137.6	9	1867	48129-48147
48138	9.40000000000146	1867	48129-48147
48138.4	9	1867	48129-48147
48138	8.59999999999855	1867	48129-48147
48137.6	9	1867	48129-48147
48138.1	9.5	1868	48129-48148
48138.5	9.90000000000146	1868	48129-48148
48138.9	9.5	1868	48129-48148
48138.5	9.09999999999854	1868	48129-48148
48138.1	9.5	1868	48129-48148
48138.6	10	1869	48129-48149
48139	10.4000000000015	1869	48129-48149
48139.4	10	1869	48129-48149
48139	9.59999999999854	1869	48129-48149
48138.6	10	1869	48129-48149
48139.1	10.5	1870	48129-48150
48139.5	10.9000000000015	1870	48129-48150
48139.9	10.5	1870	48129-48150
48139.5	10.0999999999985	1870	48129-48150
48139.1	10.5	1870	48129-48150
48139.6	11	1871	48129-48151
48140	11.4000000000015	1871	48129-48151
48140.4	11	1871	48129-48151
48140	10.5999999999985	1871	48129-48151
48139.6	11	1871	48129-48151
48140.1	11.5	1872	48129-48152
48140.5	11.9000000000015	1872	48129-48152
48140.9	11.5	1872	48129-48152
48140.5	11.0999999999985	1872	48129-48152
48140.1	11.5	1872	48129-48152
48140.6	12	1873	48129-48153
48141	12.4000000000015	1873	48129-48153
48141.4	12	1873	48129-48153
48141	11.5999999999985	1873	48129-48153
48140.6	12	1873	48129-48153
48141.1	12.5	1874	48129-48154
48141.5	12.9000000000015	1874	48129-48154
48141.9	12.5	1874	48129-48154
48141.5	12.0999999999985	1874	48129-48154
48141.1	12.5	1874	48129-48154
48141.6	13	1875	48129-48155
48142	13.4000000000015	1875	48129-48155
48142.4	13	1875	48129-48155
48142	12.5999999999985	1875	48129-48155
48141.6	13	1875	48129-48155
48142.1	13.5	1876	48129-48156
48142.5	13.9000000000015	1876	48129-48156
48142.9	13.5	1876	48129-48156
48142.5	13.0999999999985	1876	48129-48156
48142.1	13.5	1876	48129-48156
48142.6	14	1877	48129-48157
48143	14.4000000000015	1877	48129-48157
48143.4	14	1877	48129-48157
48143	13.5999999999985	1877	48129-48157
48142.6	14	1877	48129-48157
48143.1	14.5	1878	48129-48158
48143.5	14.9000000000015	1878	48129-48158
48143.9	14.5	1878	48129-48158
48143.5	14.0999999999985	1878	48129-48158
48143.1	14.5	1878	48129-48158
48143.6	15	1879	48129-48159
48144	15.4000000000015	1879	48129-48159
48144.4	15	1879	48129-48159
48144	14.5999999999985	1879	48129-48159
48143.6	15	1879	48129-48159
48144.1	15.5	1880	48129-48160
48144.5	15.9000000000015	1880	48129-48160
48144.9	15.5	1880	48129-48160
48144.5	15.0999999999985	1880	48129-48160
48144.1	15.5	1880	48129-48160
48144.6	16	1881	48129-48161
48145	16.4000000000015	1881	48129-48161
48145.4	16	1881	48129-48161
48145	15.5999999999985	1881	48129-48161
48144.6	16	1881	48129-48161
48145.1	16.5	1882	48129-48162
48145.5	16.9000000000015	1882	48129-48162
48145.9	16.5	1882	48129-48162
48145.5	16.0999999999985	1882	48129-48162
48145.1	16.5	1882	48129-48162
48145.6	17	1883	48129-48163
48146	17.4000000000015	1883	48129-48163
48146.4	17	1883	48129-48163
48146	16.5999999999985	1883	48129-48163
48145.6	17	1883	48129-48163
48146.1	17.5	1884	48129-48164
48146.5	17.9000000000015	1884	48129-48164
48146.9	17.5	1884	48129-48164
48146.5	17.0999999999985	1884	48129-48164
48146.1	17.5	1884	48129-48164
48146.6	18	1885	48129-48165
48147	18.4000000000015	1885	48129-48165
48147.4	18	1885	48129-48165
48147	17.5999999999985	1885	48129-48165
48146.6	18	1885	48129-48165
48147.1	18.5	1886	48129-48166
48147.5	18.9000000000015	1886	48129-48166
48147.9	18.5	1886	48129-48166
48147.5	18.0999999999985	1886	48129-48166
48147.1	18.5	1886	48129-48166
48147.6	19	1887	48129-48167
48148	19.4000000000015	1887	48129-48167
48148.4	19	1887	48129-48167
48148	18.5999999999985	1887	48129-48167
48147.6	19	1887	48129-48167
48148.1	19.5	1888	48129-48168
48148.5	19.9000000000015	1888	48129-48168
48148.9	19.5	1888	48129-48168
48148.5	19.0999999999985	1888	48129-48168
48148.1	19.5	1888	48129-48168
48148.6	20	1889	48129-48169
48149	20.4000000000015	1889	48129-48169
48149.4	20	1889	48129-48169
48149	19.5999999999985	1889	48129-48169
48148.6	20	1889	48129-48169
48149.1	20.5	1890	48129-48170
48149.5	20.9000000000015	1890	48129-48170
48149.9	20.5	1890	48129-48170
48149.5	20.0999999999985	1890	48129-48170
48149.1	20.5	1890	48129-48170
48149.6	21	1891	48129-48171
48150	21.4000000000015	1891	48129-48171
48150.4	21	1891	48129-48171
48150	20.5999999999985	1891	48129-48171
48149.6	21	1891	48129-48171
48150.1	21.5	1892	48129-48172
48150.5	21.9000000000015	1892	48129-48172
48150.9	21.5	1892	48129-48172
48150.5	21.0999999999985	1892	48129-48172
48150.1	21.5	1892	48129-48172
48150.6	22	1893	48129-48173
48151	22.4000000000015	1893	48129-48173
48151.4	22	1893	48129-48173
48151	21.5999999999985	1893	48129-48173
48150.6	22	1893	48129-48173
48151.1	22.5	1894	48129-48174
48151.5	22.9000000000015	1894	48129-48174
48151.9	22.5	1894	48129-48174
48151.5	22.0999999999985	1894	48129-48174
48151.1	22.5	1894	48129-48174
48151.6	23	1895	48129-48175
48152	23.4000000000015	1895	48129-48175
48152.4	23	1895	48129-48175
48152	22.5999999999985	1895	48129-48175
48151.6	23	1895	48129-48175
48152.1	23.5	1896	48129-48176
48152.5	23.9000000000015	1896	48129-48176
48152.9	23.5	1896	48129-48176
48152.5	23.0999999999985	1896	48129-48176
48152.1	23.5	1896	48129-48176
48152.6	24	1897	48129-48177
48153	24.4000000000015	1897	48129-48177
48153.4	24	1897	48129-48177
48153	23.5999999999985	1897	48129-48177
48152.6	24	1897	48129-48177
48153.1	24.5	1898	48129-48178
48153.5	24.9000000000015	1898	48129-48178
48153.9	24.5	1898	48129-48178
48153.5	24.0999999999985	1898	48129-48178
48153.1	24.5	1898	48129-48178
48129.6	0	1899	48130-48130
48130	0.400000000001455	1899	48130-48130
48130.4	0	1899	48130-48130
48130	-0.400000000001455	1899	48130-48130
48129.6	0	1899	48130-48130
48130.1	0.5	1900	48130-48131
48130.5	0.900000000001455	1900	48130-48131
48130.9	0.5	1900	48130-48131
48130.5	0.0999999999985448	1900	48130-48131
48130.1	0.5	1900	48130-48131
48130.6	1	1901	48130-48132
48131	1.40000000000146	1901	48130-48132
48131.4	1	1901	48130-48132
48131	0.599999999998545	1901	48130-48132
48130.6	1	1901	48130-48132
48131.1	1.5	1902	48130-48133
48131.5	1.90000000000146	1902	48130-48133
48131.9	1.5	1902	48130-48133
48131.5	1.09999999999854	1902	48130-48133
48131.1	1.5	1902	48130-48133
48131.6	2	1903	48130-48134
48132	2.40000000000146	1903	48130-48134
48132.4	2	1903	48130-48134
48132	1.59999999999854	1903	48130-48134
48131.6	2	1903	48130-48134
48132.1	2.5	1904	48130-48135
48132.5	2.90000000000146	1904	48130-48135
48132.9	2.5	1904	48130-48135
48132.5	2.09999999999854	1904	48130-48135
48132.1	2.5	1904	48130-48135
48132.6	3	1905	48130-48136
48133	3.40000000000146	1905	48130-48136
48133.4	3	1905	48130-48136
48133	2.59999999999855	1905	48130-48136
48132.6	3	1905	48130-48136
48133.1	3.5	1906	48130-48137
48133.5	3.90000000000146	1906	48130-48137
48133.9	3.5	1906	48130-48137
48133.5	3.09999999999855	1906	48130-48137
48133.1	3.5	1906	48130-48137
48133.6	4	1907	48130-48138
48134	4.40000000000146	1907	48130-48138
48134.4	4	1907	48130-48138
48134	3.59999999999855	1907	48130-48138
48133.6	4	1907	48130-48138
48134.1	4.5	1908	48130-48139
48134.5	4.90000000000146	1908	48130-48139
48134.9	4.5	1908	48130-48139
48134.5	4.09999999999855	1908	48130-48139
48134.1	4.5	1908	48130-48139
48134.6	5	1909	48130-48140
48135	5.40000000000146	1909	48130-48140
48135.4	5	1909	48130-48140
48135	4.59999999999855	1909	48130-48140
48134.6	5	1909	48130-48140
48135.1	5.5	1910	48130-48141
48135.5	5.90000000000146	1910	48130-48141
48135.9	5.5	1910	48130-48141
48135.5	5.09999999999855	1910	48130-48141
48135.1	5.5	1910	48130-48141
48135.6	6	1911	48130-48142
48136	6.40000000000146	1911	48130-48142
48136.4	6	1911	48130-48142
48136	5.59999999999855	1911	48130-48142
48135.6	6	1911	48130-48142
48136.1	6.5	1912	48130-48143
48136.5	6.90000000000146	1912	48130-48143
48136.9	6.5	1912	48130-48143
48136.5	6.09999999999855	1912	48130-48143
48136.1	6.5	1912	48130-48143
48136.6	7	1913	48130-48144
48137	7.40000000000146	1913	48130-48144
48137.4	7	1913	48130-48144
48137	6.59999999999855	1913	48130-48144
48136.6	7	1913	48130-48144
48137.1	7.5	1914	48130-48145
48137.5	7.90000000000146	1914	48130-48145
48137.9	7.5	1914	48130-48145
48137.5	7.09999999999855	1914	48130-48145
48137.1	7.5	1914	48130-48145
48137.6	8	1915	48130-48146
48138	8.40000000000146	1915	48130-48146
48138.4	8	1915	48130-48146
48138	7.59999999999855	1915	48130-48146
48137.6	8	1915	48130-48146
48138.1	8.5	1916	48130-48147
48138.5	8.90000000000146	1916	48130-48147
48138.9	8.5	1916	48130-48147
48138.5	8.09999999999855	1916	48130-48147
48138.1	8.5	1916	48130-48147
48138.6	9	1917	48130-48148
48139	9.40000000000146	1917	48130-48148
48139.4	9	1917	48130-48148
48139	8.59999999999855	1917	48130-48148
48138.6	9	1917	48130-48148
48139.1	9.5	1918	48130-48149
48139.5	9.90000000000146	1918	48130-48149
48139.9	9.5	1918	48130-48149
48139.5	9.09999999999854	1918	48130-48149
48139.1	9.5	1918	48130-48149
48139.6	10	1919	48130-48150
48140	10.4000000000015	1919	48130-48150
48140.4	10	1919	48130-48150
48140	9.59999999999854	1919	48130-48150
48139.6	10	1919	48130-48150
48140.1	10.5	1920	48130-48151
48140.5	10.9000000000015	1920	48130-48151
48140.9	10.5	1920	48130-48151
48140.5	10.0999999999985	1920	48130-48151
48140.1	10.5	1920	48130-48151
48140.6	11	1921	48130-48152
48141	11.4000000000015	1921	48130-48152
48141.4	11	1921	48130-48152
48141	10.5999999999985	1921	48130-48152
48140.6	11	1921	48130-48152
48141.1	11.5	1922	48130-48153
48141.5	11.9000000000015	1922	48130-48153
48141.9	11.5	1922	48130-48153
48141.5	11.0999999999985	1922	48130-48153
48141.1	11.5	1922	48130-48153
48141.6	12	1923	48130-48154
48142	12.4000000000015	1923	48130-48154
48142.4	12	1923	48130-48154
48142	11.5999999999985	1923	48130-48154
48141.6	12	1923	48130-48154
48142.1	12.5	1924	48130-48155
48142.5	12.9000000000015	1924	48130-48155
48142.9	12.5	1924	48130-48155
48142.5	12.0999999999985	1924	48130-48155
48142.1	12.5	1924	48130-48155
48142.6	13	1925	48130-48156
48143	13.4000000000015	1925	48130-48156
48143.4	13	1925	48130-48156
48143	12.5999999999985	1925	48130-48156
48142.6	13	1925	48130-48156
48143.1	13.5	1926	48130-48157
48143.5	13.9000000000015	1926	48130-48157
48143.9	13.5	1926	48130-48157
48143.5	13.0999999999985	1926	48130-48157
48143.1	13.5	1926	48130-48157
48143.6	14	1927	48130-48158
48144	14.4000000000015	1927	48130-48158
48144.4	14	1927	48130-48158
48144	13.5999999999985	1927	48130-48158
48143.6	14	1927	48130-48158
48144.1	14.5	1928	48130-48159
48144.5	14.9000000000015	1928	48130-48159
48144.9	14.5	1928	48130-48159
48144.5	14.0999999999985	1928	48130-48159
48144.1	14.5	1928	48130-48159
48144.6	15	1929	48130-48160
48145	15.4000000000015	1929	48130-48160
48145.4	15	1929	48130-48160
48145	14.5999999999985	1929	48130-48160
48144.6	15	1929	48130-48160
48145.1	15.5	1930	48130-48161
48145.5	15.9000000000015	1930	48130-48161
48145.9	15.5	1930	48130-48161
48145.5	15.0999999999985	1930	48130-48161
48145.1	15.5	1930	48130-48161
48145.6	16	1931	48130-48162
48146	16.4000000000015	1931	48130-48162
48146.4	16	1931	48130-48162
48146	15.5999999999985	1931	48130-48162
48145.6	16	1931	48130-48162
48146.1	16.5	1932	48130-48163
48146.5	16.9000000000015	1932	48130-48163
48146.9	16.5	1932	48130-48163
48146.5	16.0999999999985	1932	48130-48163
48146.1	16.5	1932	48130-48163
48146.6	17	1933	48130-48164
48147	17.4000000000015	1933	48130-48164
48147.4	17	1933	48130-48164
48147	16.5999999999985	1933	48130-48164
48146.6	17	1933	48130-48164
48147.1	17.5	1934	48130-48165
48147.5	17.9000000000015	1934	48130-48165
48147.9	17.5	1934	48130-48165
48147.5	17.0999999999985	1934	48130-48165
48147.1	17.5	1934	48130-48165
48147.6	18	1935	48130-48166
48148	18.4000000000015	1935	48130-48166
48148.4	18	1935	48130-48166
48148	17.5999999999985	1935	48130-48166
48147.6	18	1935	48130-48166
48148.1	18.5	1936	48130-48167
48148.5	18.9000000000015	1936	48130-48167
48148.9	18.5	1936	48130-48167
48148.5	18.0999999999985	1936	48130-48167
48148.1	18.5	1936	48130-48167
48148.6	19	1937	48130-48168
48149	19.4000000000015	1937	48130-48168
48149.4	19	1937	48130-48168
48149	18.5999999999985	1937	48130-48168
48148.6	19	1937	48130-48168
48149.1	19.5	1938	48130-48169
48149.5	19.9000000000015	1938	48130-48169
48149.9	19.5	1938	48130-48169
48149.5	19.0999999999985	1938	48130-48169
48149.1	19.5	1938	48130-48169
48149.6	20	1939	48130-48170
48150	20.4000000000015	1939	48130-48170
48150.4	20	1939	48130-48170
48150	19.5999999999985	1939	48130-48170
48149.6	20	1939	48130-48170
48150.1	20.5	1940	48130-48171
48150.5	20.9000000000015	1940	48130-48171
48150.9	20.5	1940	48130-48171
48150.5	20.0999999999985	1940	48130-48171
48150.1	20.5	1940	48130-48171
48150.6	21	1941	48130-48172
48151	21.4000000000015	1941	48130-48172
48151.4	21	1941	48130-48172
48151	20.5999999999985	1941	48130-48172
48150.6	21	1941	48130-48172
48151.1	21.5	1942	48130-48173
48151.5	21.9000000000015	1942	48130-48173
48151.9	21.5	1942	48130-48173
48151.5	21.0999999999985	1942	48130-48173
48151.1	21.5	1942	48130-48173
48151.6	22	1943	48130-48174
48152	22.4000000000015	1943	48130-48174
48152.4	22	1943	48130-48174
48152	21.5999999999985	1943	48130-48174
48151.6	22	1943	48130-48174
48152.1	22.5	1944	48130-48175
48152.5	22.9000000000015	1944	48130-48175
48152.9	22.5	1944	48130-48175
48152.5	22.0999999999985	1944	48130-48175
48152.1	22.5	1944	48130-48175
48152.6	23	1945	48130-48176
48153	23.4000000000015	1945	48130-48176
48153.4	23	1945	48130-48176
48153	22.5999999999985	1945	48130-48176
48152.6	23	1945	48130-48176
48153.1	23.5	1946	48130-48177
48153.5	23.9000000000015	1946	48130-48177
48153.9	23.5	1946	48130-48177
48153.5	23.0999999999985	1946	48130-48177
48153.1	23.5	1946	48130-48177
48153.6	24	1947	48130-48178
48154	24.4000000000015	1947	48130-48178
48154.4	24	1947	48130-48178
48154	23.5999999999985	1947	48130-48178
48153.6	24	1947	48130-48178
48154.1	24.5	1948	48130-48179
48154.5	24.9000000000015	1948	48130-48179
48154.9	24.5	1948	48130-48179
48154.5	24.0999999999985	1948	48130-48179
48154.1	24.5	1948	48130-48179
48130.6	0	1949	48131-48131
48131	0.400000000001455	1949	48131-48131
48131.4	0	1949	48131-48131
48131	-0.400000000001455	1949	48131-48131
48130.6	0	1949	48131-48131
48131.1	0.5	1950	48131-48132
48131.5	0.900000000001455	1950	48131-48132
48131.9	0.5	1950	48131-48132
48131.5	0.0999999999985448	1950	48131-48132
48131.1	0.5	1950	48131-48132
48131.6	1	1951	48131-48133
48132	1.40000000000146	1951	48131-48133
48132.4	1	1951	48131-48133
48132	0.599999999998545	1951	48131-48133
48131.6	1	1951	48131-48133
48132.1	1.5	1952	48131-48134
48132.5	1.90000000000146	1952	48131-48134
48132.9	1.5	1952	48131-48134
48132.5	1.09999999999854	1952	48131-48134
48132.1	1.5	1952	48131-48134
48132.6	2	1953	48131-48135
48133	2.40000000000146	1953	48131-48135
48133.4	2	1953	48131-48135
48133	1.59999999999854	1953	48131-48135
48132.6	2	1953	48131-48135
48133.1	2.5	1954	48131-48136
48133.5	2.90000000000146	1954	48131-48136
48133.9	2.5	1954	48131-48136
48133.5	2.09999999999854	1954	48131-48136
48133.1	2.5	1954	48131-48136
48133.6	3	1955	48131-48137
48134	3.40000000000146	1955	48131-48137
48134.4	3	1955	48131-48137
48134	2.59999999999855	1955	48131-48137
48133.6	3	1955	48131-48137
48134.1	3.5	1956	48131-48138
48134.5	3.90000000000146	1956	48131-48138
48134.9	3.5	1956	48131-48138
48134.5	3.09999999999855	1956	48131-48138
48134.1	3.5	1956	48131-48138
48134.6	4	1957	48131-48139
48135	4.40000000000146	1957	48131-48139
48135.4	4	1957	48131-48139
48135	3.59999999999855	1957	48131-48139
48134.6	4	1957	48131-48139
48135.1	4.5	1958	48131-48140
48135.5	4.90000000000146	1958	48131-48140
48135.9	4.5	1958	48131-48140
48135.5	4.09999999999855	1958	48131-48140
48135.1	4.5	1958	48131-48140
48135.6	5	1959	48131-48141
48136	5.40000000000146	1959	48131-48141
48136.4	5	1959	48131-48141
48136	4.59999999999855	1959	48131-48141
48135.6	5	1959	48131-48141
48136.1	5.5	1960	48131-48142
48136.5	5.90000000000146	1960	48131-48142
48136.9	5.5	1960	48131-48142
48136.5	5.09999999999855	1960	48131-48142
48136.1	5.5	1960	48131-48142
48136.6	6	1961	48131-48143
48137	6.40000000000146	1961	48131-48143
48137.4	6	1961	48131-48143
48137	5.59999999999855	1961	48131-48143
48136.6	6	1961	48131-48143
48137.1	6.5	1962	48131-48144
48137.5	6.90000000000146	1962	48131-48144
48137.9	6.5	1962	48131-48144
48137.5	6.09999999999855	1962	48131-48144
48137.1	6.5	1962	48131-48144
48137.6	7	1963	48131-48145
48138	7.40000000000146	1963	48131-48145
48138.4	7	1963	48131-48145
48138	6.59999999999855	1963	48131-48145
48137.6	7	1963	48131-48145
48138.1	7.5	1964	48131-48146
48138.5	7.90000000000146	1964	48131-48146
48138.9	7.5	1964	48131-48146
48138.5	7.09999999999855	1964	48131-48146
48138.1	7.5	1964	48131-48146
48138.6	8	1965	48131-48147
48139	8.40000000000146	1965	48131-48147
48139.4	8	1965	48131-48147
48139	7.59999999999855	1965	48131-48147
48138.6	8	1965	48131-48147
48139.1	8.5	1966	48131-48148
48139.5	8.90000000000146	1966	48131-48148
48139.9	8.5	1966	48131-48148
48139.5	8.09999999999855	1966	48131-48148
48139.1	8.5	1966	48131-48148
48139.6	9	1967	48131-48149
48140	9.40000000000146	1967	48131-48149
48140.4	9	1967	48131-48149
48140	8.59999999999855	1967	48131-48149
48139.6	9	1967	48131-48149
48140.1	9.5	1968	48131-48150
48140.5	9.90000000000146	1968	48131-48150
48140.9	9.5	1968	48131-48150
48140.5	9.09999999999854	1968	48131-48150
48140.1	9.5	1968	48131-48150
48140.6	10	1969	48131-48151
48141	10.4000000000015	1969	48131-48151
48141.4	10	1969	48131-48151
48141	9.59999999999854	1969	48131-48151
48140.6	10	1969	48131-48151
48141.1	10.5	1970	48131-48152
48141.5	10.9000000000015	1970	48131-48152
48141.9	10.5	1970	48131-48152
48141.5	10.0999999999985	1970	48131-48152
48141.1	10.5	1970	48131-48152
48141.6	11	1971	48131-48153
48142	11.4000000000015	1971	48131-48153
48142.4	11	1971	48131-48153
48142	10.5999999999985	1971	48131-48153
48141.6	11	1971	48131-48153
48142.1	11.5	1972	48131-48154
48142.5	11.9000000000015	1972	48131-48154
48142.9	11.5	1972	48131-48154
48142.5	11.0999999999985	1972	48131-48154
48142.1	11.5	1972	48131-48154
48142.6	12	1973	48131-48155
48143	12.4000000000015	1973	48131-48155
48143.4	12	1973	48131-48155
48143	11.5999999999985	1973	48131-48155
48142.6	12	1973	48131-48155
48143.1	12.5	1974	48131-48156
48143.5	12.9000000000015	1974	48131-48156
48143.9	12.5	1974	48131-48156
48143.5	12.0999999999985	1974	48131-48156
48143.1	12.5	1974	48131-48156
48143.6	13	1975	48131-48157
48144	13.4000000000015	1975	48131-48157
48144.4	13	1975	48131-48157
48144	12.5999999999985	1975	48131-48157
48143.6	13	1975	48131-48157
48144.1	13.5	1976	48131-48158
48144.5	13.9000000000015	1976	48131-48158
48144.9	13.5	1976	48131-48158
48144.5	13.0999999999985	1976	48131-48158
48144.1	13.5	1976	48131-48158
48144.6	14	1977	48131-48159
48145	14.4000000000015	1977	48131-48159
48145.4	14	1977	48131-48159
48145	13.5999999999985	1977	48131-48159
48144.6	14	1977	48131-48159
48145.1	14.5	1978	48131-48160
48145.5	14.9000000000015	1978	48131-48160
48145.9	14.5	1978	48131-48160
48145.5	14.0999999999985	1978	48131-48160
48145.1	14.5	1978	48131-48160
48145.6	15	1979	48131-48161
48146	15.4000000000015	1979	48131-48161
48146.4	15	1979	48131-48161
48146	14.5999999999985	1979	48131-48161
48145.6	15	1979	48131-48161
48146.1	15.5	1980	48131-48162
48146.5	15.9000000000015	1980	48131-48162
48146.9	15.5	1980	48131-48162
48146.5	15.0999999999985	1980	48131-48162
48146.1	15.5	1980	48131-48162
48146.6	16	1981	48131-48163
48147	16.4000000000015	1981	48131-48163
48147.4	16	1981	48131-48163
48147	15.5999999999985	1981	48131-48163
48146.6	16	1981	48131-48163
48147.1	16.5	1982	48131-48164
48147.5	16.9000000000015	1982	48131-48164
48147.9	16.5	1982	48131-48164
48147.5	16.0999999999985	1982	48131-48164
48147.1	16.5	1982	48131-48164
48147.6	17	1983	48131-48165
48148	17.4000000000015	1983	48131-48165
48148.4	17	1983	48131-48165
48148	16.5999999999985	1983	48131-48165
48147.6	17	1983	48131-48165
48148.1	17.5	1984	48131-48166
48148.5	17.9000000000015	1984	48131-48166
48148.9	17.5	1984	48131-48166
48148.5	17.0999999999985	1984	48131-48166
48148.1	17.5	1984	48131-48166
48148.6	18	1985	48131-48167
48149	18.4000000000015	1985	48131-48167
48149.4	18	1985	48131-48167
48149	17.5999999999985	1985	48131-48167
48148.6	18	1985	48131-48167
48149.1	18.5	1986	48131-48168
48149.5	18.9000000000015	1986	48131-48168
48149.9	18.5	1986	48131-48168
48149.5	18.0999999999985	1986	48131-48168
48149.1	18.5	1986	48131-48168
48149.6	19	1987	48131-48169
48150	19.4000000000015	1987	48131-48169
48150.4	19	1987	48131-48169
48150	18.5999999999985	1987	48131-48169
48149.6	19	1987	48131-48169
48150.1	19.5	1988	48131-48170
48150.5	19.9000000000015	1988	48131-48170
48150.9	19.5	1988	48131-48170
48150.5	19.0999999999985	1988	48131-48170
48150.1	19.5	1988	48131-48170
48150.6	20	1989	48131-48171
48151	20.4000000000015	1989	48131-48171
48151.4	20	1989	48131-48171
48151	19.5999999999985	1989	48131-48171
48150.6	20	1989	48131-48171
48151.1	20.5	1990	48131-48172
48151.5	20.9000000000015	1990	48131-48172
48151.9	20.5	1990	48131-48172
48151.5	20.0999999999985	1990	48131-48172
48151.1	20.5	1990	48131-48172
48151.6	21	1991	48131-48173
48152	21.4000000000015	1991	48131-48173
48152.4	21	1991	48131-48173
48152	20.5999999999985	1991	48131-48173
48151.6	21	1991	48131-48173
48152.1	21.5	1992	48131-48174
48152.5	21.9000000000015	1992	48131-48174
48152.9	21.5	1992	48131-48174
48152.5	21.0999999999985	1992	48131-48174
48152.1	21.5	1992	48131-48174
48152.6	22	1993	48131-48175
48153	22.4000000000015	1993	48131-48175
48153.4	22	1993	48131-48175
48153	21.5999999999985	1993	48131-48175
48152.6	22	1993	48131-48175
48153.1	22.5	1994	48131-48176
48153.5	22.9000000000015	1994	48131-48176
48153.9	22.5	1994	48131-48176
48153.5	22.0999999999985	1994	48131-48176
48153.1	22.5	1994	48131-48176
48153.6	23	1995	48131-48177
48154	23.4000000000015	1995	48131-48177
48154.4	23	1995	48131-48177
48154	22.5999999999985	1995	48131-48177
48153.6	23	1995	48131-48177
48154.1	23.5	1996	48131-48178
48154.5	23.9000000000015	1996	48131-48178
48154.9	23.5	1996	48131-48178
48154.5	23.0999999999985	1996	48131-48178
48154.1	23.5	1996	48131-48178
48154.6	24	1997	48131-48179
48155	24.4000000000015	1997	48131-48179
48155.4	24	1997	48131-48179
48155	23.5999999999985	1997	48131-48179
48154.6	24	1997	48131-48179
48155.1	24.5	1998	48131-48180
48155.5	24.9000000000015	1998	48131-48180
48155.9	24.5	1998	48131-48180
48155.5	24.0999999999985	1998	48131-48180
48155.1	24.5	1998	48131-48180
48131.6	0	1999	48132-48132
48132	0.400000000001455	1999	48132-48132
48132.4	0	1999	48132-48132
48132	-0.400000000001455	1999	48132-48132
48131.6	0	1999	48132-48132
48132.1	0.5	2000	48132-48133
48132.5	0.900000000001455	2000	48132-48133
48132.9	0.5	2000	48132-48133
48132.5	0.0999999999985448	2000	48132-48133
48132.1	0.5	2000	48132-48133
48132.6	1	2001	48132-48134
48133	1.40000000000146	2001	48132-48134
48133.4	1	2001	48132-48134
48133	0.599999999998545	2001	48132-48134
48132.6	1	2001	48132-48134
48133.1	1.5	2002	48132-48135
48133.5	1.90000000000146	2002	48132-48135
48133.9	1.5	2002	48132-48135
48133.5	1.09999999999854	2002	48132-48135
48133.1	1.5	2002	48132-48135
48133.6	2	2003	48132-48136
48134	2.40000000000146	2003	48132-48136
48134.4	2	2003	48132-48136
48134	1.59999999999854	2003	48132-48136
48133.6	2	2003	48132-48136
48134.1	2.5	2004	48132-48137
48134.5	2.90000000000146	2004	48132-48137
48134.9	2.5	2004	48132-48137
48134.5	2.09999999999854	2004	48132-48137
48134.1	2.5	2004	48132-48137
48134.6	3	2005	48132-48138
48135	3.40000000000146	2005	48132-48138
48135.4	3	2005	48132-48138
48135	2.59999999999855	2005	48132-48138
48134.6	3	2005	48132-48138
48135.1	3.5	2006	48132-48139
48135.5	3.90000000000146	2006	48132-48139
48135.9	3.5	2006	48132-48139
48135.5	3.09999999999855	2006	48132-48139
48135.1	3.5	2006	48132-48139
48135.6	4	2007	48132-48140
48136	4.40000000000146	2007	48132-48140
48136.4	4	2007	48132-48140
48136	3.59999999999855	2007	48132-48140
48135.6	4	2007	48132-48140
48136.1	4.5	2008	48132-48141
48136.5	4.90000000000146	2008	48132-48141
48136.9	4.5	2008	48132-48141
48136.5	4.09999999999855	2008	48132-48141
48136.1	4.5	2008	48132-48141
48136.6	5	2009	48132-48142
48137	5.40000000000146	2009	48132-48142
48137.4	5	2009	48132-48142
48137	4.59999999999855	2009	48132-48142
48136.6	5	2009	48132-48142
48137.1	5.5	2010	48132-48143
48137.5	5.90000000000146	2010	48132-48143
48137.9	5.5	2010	48132-48143
48137.5	5.09999999999855	2010	48132-48143
48137.1	5.5	2010	48132-48143
48137.6	6	2011	48132-48144
48138	6.40000000000146	2011	48132-48144
48138.4	6	2011	48132-48144
48138	5.59999999999855	2011	48132-48144
48137.6	6	2011	48132-48144
48138.1	6.5	2012	48132-48145
48138.5	6.90000000000146	2012	48132-48145
48138.9	6.5	2012	48132-48145
48138.5	6.09999999999855	2012	48132-48145
48138.1	6.5	2012	48132-48145
48138.6	7	2013	48132-48146
48139	7.40000000000146	2013	48132-48146
48139.4	7	2013	48132-48146
48139	6.59999999999855	2013	48132-48146
48138.6	7	2013	48132-48146
48139.1	7.5	2014	48132-48147
48139.5	7.90000000000146	2014	48132-48147
48139.9	7.5	2014	48132-48147
48139.5	7.09999999999855	2014	48132-48147
48139.1	7.5	2014	48132-48147
48139.6	8	2015	48132-48148
48140	8.40000000000146	2015	48132-48148
48140.4	8	2015	48132-48148
48140	7.59999999999855	2015	48132-48148
48139.6	8	2015	48132-48148
48140.1	8.5	2016	48132-48149
48140.5	8.90000000000146	2016	48132-48149
48140.9	8.5	2016	48132-48149
48140.5	8.09999999999855	2016	48132-48149
48140.1	8.5	2016	48132-48149
48140.6	9	2017	48132-48150
48141	9.40000000000146	2017	48132-48150
48141.4	9	2017	48132-48150
48141	8.59999999999855	2017	48132-48150
48140.6	9	2017	48132-48150
48141.1	9.5	2018	48132-48151
48141.5	9.90000000000146	2018	48132-48151
48141.9	9.5	2018	48132-48151
48141.5	9.09999999999854	2018	48132-48151
48141.1	9.5	2018	48132-48151
48141.6	10	2019	48132-48152
48142	10.4000000000015	2019	48132-48152
48142.4	10	2019	48132-48152
48142	9.59999999999854	2019	48132-48152
48141.6	10	2019	48132-48152
48142.1	10.5	2020	48132-48153
48142.5	10.9000000000015	2020	48132-48153
48142.9	10.5	2020	48132-48153
48142.5	10.0999999999985	2020	48132-48153
48142.1	10.5	2020	48132-48153
48142.6	11	2021	48132-48154
48143	11.4000000000015	2021	48132-48154
48143.4	11	2021	48132-48154
48143	10.5999999999985	2021	48132-48154
48142.6	11	2021	48132-48154
48143.1	11.5	2022	48132-48155
48143.5	11.9000000000015	2022	48132-48155
48143.9	11.5	2022	48132-48155
48143.5	11.0999999999985	2022	48132-48155
48143.1	11.5	2022	48132-48155
48143.6	12	2023	48132-48156
48144	12.4000000000015	2023	48132-48156
48144.4	12	2023	48132-48156
48144	11.5999999999985	2023	48132-48156
48143.6	12	2023	48132-48156
48144.1	12.5	2024	48132-48157
48144.5	12.9000000000015	2024	48132-48157
48144.9	12.5	2024	48132-48157
48144.5	12.0999999999985	2024	48132-48157
48144.1	12.5	2024	48132-48157
48144.6	13	2025	48132-48158
48145	13.4000000000015	2025	48132-48158
48145.4	13	2025	48132-48158
48145	12.5999999999985	2025	48132-48158
48144.6	13	2025	48132-48158
48145.1	13.5	2026	48132-48159
48145.5	13.9000000000015	2026	48132-48159
48145.9	13.5	2026	48132-48159
48145.5	13.0999999999985	2026	48132-48159
48145.1	13.5	2026	48132-48159
48145.6	14	2027	48132-48160
48146	14.4000000000015	2027	48132-48160
48146.4	14	2027	48132-48160
48146	13.5999999999985	2027	48132-48160
48145.6	14	2027	48132-48160
48146.1	14.5	2028	48132-48161
48146.5	14.9000000000015	2028	48132-48161
48146.9	14.5	2028	48132-48161
48146.5	14.0999999999985	2028	48132-48161
48146.1	14.5	2028	48132-48161
48146.6	15	2029	48132-48162
48147	15.4000000000015	2029	48132-48162
48147.4	15	2029	48132-48162
48147	14.5999999999985	2029	48132-48162
48146.6	15	2029	48132-48162
48147.1	15.5	2030	48132-48163
48147.5	15.9000000000015	2030	48132-48163
48147.9	15.5	2030	48132-48163
48147.5	15.0999999999985	2030	48132-48163
48147.1	15.5	2030	48132-48163
48147.6	16	2031	48132-48164
48148	16.4000000000015	2031	48132-48164
48148.4	16	2031	48132-48164
48148	15.5999999999985	2031	48132-48164
48147.6	16	2031	48132-48164
48148.1	16.5	2032	48132-48165
48148.5	16.9000000000015	2032	48132-48165
48148.9	16.5	2032	48132-48165
48148.5	16.0999999999985	2032	48132-48165
48148.1	16.5	2032	48132-48165
48148.6	17	2033	48132-48166
48149	17.4000000000015	2033	48132-48166
48149.4	17	2033	48132-48166
48149	16.5999999999985	2033	48132-48166
48148.6	17	2033	48132-48166
48149.1	17.5	2034	48132-48167
48149.5	17.9000000000015	2034	48132-48167
48149.9	17.5	2034	48132-48167
48149.5	17.0999999999985	2034	48132-48167
48149.1	17.5	2034	48132-48167
48149.6	18	2035	48132-48168
48150	18.4000000000015	2035	48132-48168
48150.4	18	2035	48132-48168
48150	17.5999999999985	2035	48132-48168
48149.6	18	2035	48132-48168
48150.1	18.5	2036	48132-48169
48150.5	18.9000000000015	2036	48132-48169
48150.9	18.5	2036	48132-48169
48150.5	18.0999999999985	2036	48132-48169
48150.1	18.5	2036	48132-48169
48150.6	19	2037	48132-48170
48151	19.4000000000015	2037	48132-48170
48151.4	19	2037	48132-48170
48151	18.5999999999985	2037	48132-48170
48150.6	19	2037	48132-48170
48151.1	19.5	2038	48132-48171
48151.5	19.9000000000015	2038	48132-48171
48151.9	19.5	2038	48132-48171
48151.5	19.0999999999985	2038	48132-48171
48151.1	19.5	2038	48132-48171
48151.6	20	2039	48132-48172
48152	20.4000000000015	2039	48132-48172
48152.4	20	2039	48132-48172
48152	19.5999999999985	2039	48132-48172
48151.6	20	2039	48132-48172
48152.1	20.5	2040	48132-48173
48152.5	20.9000000000015	2040	48132-48173
48152.9	20.5	2040	48132-48173
48152.5	20.0999999999985	2040	48132-48173
48152.1	20.5	2040	48132-48173
48152.6	21	2041	48132-48174
48153	21.4000000000015	2041	48132-48174
48153.4	21	2041	48132-48174
48153	20.5999999999985	2041	48132-48174
48152.6	21	2041	48132-48174
48153.1	21.5	2042	48132-48175
48153.5	21.9000000000015	2042	48132-48175
48153.9	21.5	2042	48132-48175
48153.5	21.0999999999985	2042	48132-48175
48153.1	21.5	2042	48132-48175
48153.6	22	2043	48132-48176
48154	22.4000000000015	2043	48132-48176
48154.4	22	2043	48132-48176
48154	21.5999999999985	2043	48132-48176
48153.6	22	2043	48132-48176
48154.1	22.5	2044	48132-48177
48154.5	22.9000000000015	2044	48132-48177
48154.9	22.5	2044	48132-48177
48154.5	22.0999999999985	2044	48132-48177
48154.1	22.5	2044	48132-48177
48154.6	23	2045	48132-48178
48155	23.4000000000015	2045	48132-48178
48155.4	23	2045	48132-48178
48155	22.5999999999985	2045	48132-48178
48154.6	23	2045	48132-48178
48155.1	23.5	2046	48132-48179
48155.5	23.9000000000015	2046	48132-48179
48155.9	23.5	2046	48132-48179
48155.5	23.0999999999985	2046	48132-48179
48155.1	23.5	2046	48132-48179
48155.6	24	2047	48132-48180
48156	24.4000000000015	2047	48132-48180
48156.4	24	2047	48132-48180
48156	23.5999999999985	2047	48132-48180
48155.6	24	2047	48132-48180
48156.1	24.5	2048	48132-48181
48156.5	24.9000000000015	2048	48132-48181
48156.9	24.5	2048	48132-48181
48156.5	24.0999999999985	2048	48132-48181
48156.1	24.5	2048	48132-48181
48132.6	0	2049	48133-48133
48133	0.400000000001455	2049	48133-48133
48133.4	0	2049	48133-48133
48133	-0.400000000001455	2049	48133-48133
48132.6	0	2049	48133-48133
48133.1	0.5	2050	48133-48134
48133.5	0.900000000001455	2050	48133-48134
48133.9	0.5	2050	48133-48134
48133.5	0.0999999999985448	2050	48133-48134
48133.1	0.5	2050	48133-48134
48133.6	1	2051	48133-48135
48134	1.40000000000146	2051	48133-48135
48134.4	1	2051	48133-48135
48134	0.599999999998545	2051	48133-48135
48133.6	1	2051	48133-48135
48134.1	1.5	2052	48133-48136
48134.5	1.90000000000146	2052	48133-48136
48134.9	1.5	2052	48133-48136
48134.5	1.09999999999854	2052	48133-48136
48134.1	1.5	2052	48133-48136
48134.6	2	2053	48133-48137
48135	2.40000000000146	2053	48133-48137
48135.4	2	2053	48133-48137
48135	1.59999999999854	2053	48133-48137
48134.6	2	2053	48133-48137
48135.1	2.5	2054	48133-48138
48135.5	2.90000000000146	2054	48133-48138
48135.9	2.5	2054	48133-48138
48135.5	2.09999999999854	2054	48133-48138
48135.1	2.5	2054	48133-48138
48135.6	3	2055	48133-48139
48136	3.40000000000146	2055	48133-48139
48136.4	3	2055	48133-48139
48136	2.59999999999855	2055	48133-48139
48135.6	3	2055	48133-48139
48136.1	3.5	2056	48133-48140
48136.5	3.90000000000146	2056	48133-48140
48136.9	3.5	2056	48133-48140
48136.5	3.09999999999855	2056	48133-48140
48136.1	3.5	2056	48133-48140
48136.6	4	2057	48133-48141
48137	4.40000000000146	2057	48133-48141
48137.4	4	2057	48133-48141
48137	3.59999999999855	2057	48133-48141
48136.6	4	2057	48133-48141
48137.1	4.5	2058	48133-48142
48137.5	4.90000000000146	2058	48133-48142
48137.9	4.5	2058	48133-48142
48137.5	4.09999999999855	2058	48133-48142
48137.1	4.5	2058	48133-48142
48137.6	5	2059	48133-48143
48138	5.40000000000146	2059	48133-48143
48138.4	5	2059	48133-48143
48138	4.59999999999855	2059	48133-48143
48137.6	5	2059	48133-48143
48138.1	5.5	2060	48133-48144
48138.5	5.90000000000146	2060	48133-48144
48138.9	5.5	2060	48133-48144
48138.5	5.09999999999855	2060	48133-48144
48138.1	5.5	2060	48133-48144
48138.6	6	2061	48133-48145
48139	6.40000000000146	2061	48133-48145
48139.4	6	2061	48133-48145
48139	5.59999999999855	2061	48133-48145
48138.6	6	2061	48133-48145
48139.1	6.5	2062	48133-48146
48139.5	6.90000000000146	2062	48133-48146
48139.9	6.5	2062	48133-48146
48139.5	6.09999999999855	2062	48133-48146
48139.1	6.5	2062	48133-48146
48139.6	7	2063	48133-48147
48140	7.40000000000146	2063	48133-48147
48140.4	7	2063	48133-48147
48140	6.59999999999855	2063	48133-48147
48139.6	7	2063	48133-48147
48140.1	7.5	2064	48133-48148
48140.5	7.90000000000146	2064	48133-48148
48140.9	7.5	2064	48133-48148
48140.5	7.09999999999855	2064	48133-48148
48140.1	7.5	2064	48133-48148
48140.6	8	2065	48133-48149
48141	8.40000000000146	2065	48133-48149
48141.4	8	2065	48133-48149
48141	7.59999999999855	2065	48133-48149
48140.6	8	2065	48133-48149
48141.1	8.5	2066	48133-48150
48141.5	8.90000000000146	2066	48133-48150
48141.9	8.5	2066	48133-48150
48141.5	8.09999999999855	2066	48133-48150
48141.1	8.5	2066	48133-48150
48141.6	9	2067	48133-48151
48142	9.40000000000146	2067	48133-48151
48142.4	9	2067	48133-48151
48142	8.59999999999855	2067	48133-48151
48141.6	9	2067	48133-48151
48142.1	9.5	2068	48133-48152
48142.5	9.90000000000146	2068	48133-48152
48142.9	9.5	2068	48133-48152
48142.5	9.09999999999854	2068	48133-48152
48142.1	9.5	2068	48133-48152
48142.6	10	2069	48133-48153
48143	10.4000000000015	2069	48133-48153
48143.4	10	2069	48133-48153
48143	9.59999999999854	2069	48133-48153
48142.6	10	2069	48133-48153
48143.1	10.5	2070	48133-48154
48143.5	10.9000000000015	2070	48133-48154
48143.9	10.5	2070	48133-48154
48143.5	10.0999999999985	2070	48133-48154
48143.1	10.5	2070	48133-48154
48143.6	11	2071	48133-48155
48144	11.4000000000015	2071	48133-48155
48144.4	11	2071	48133-48155
48144	10.5999999999985	2071	48133-48155
48143.6	11	2071	48133-48155
48144.1	11.5	2072	48133-48156
48144.5	11.9000000000015	2072	48133-48156
48144.9	11.5	2072	48133-48156
48144.5	11.0999999999985	2072	48133-48156
48144.1	11.5	2072	48133-48156
48144.6	12	2073	48133-48157
48145	12.4000000000015	2073	48133-48157
48145.4	12	2073	48133-48157
48145	11.5999999999985	2073	48133-48157
48144.6	12	2073	48133-48157
48145.1	12.5	2074	48133-48158
48145.5	12.9000000000015	2074	48133-48158
48145.9	12.5	2074	48133-48158
48145.5	12.0999999999985	2074	48133-48158
48145.1	12.5	2074	48133-48158
48145.6	13	2075	48133-48159
48146	13.4000000000015	2075	48133-48159
48146.4	13	2075	48133-48159
48146	12.5999999999985	2075	48133-48159
48145.6	13	2075	48133-48159
48146.1	13.5	2076	48133-48160
48146.5	13.9000000000015	2076	48133-48160
48146.9	13.5	2076	48133-48160
48146.5	13.0999999999985	2076	48133-48160
48146.1	13.5	2076	48133-48160
48146.6	14	2077	48133-48161
48147	14.4000000000015	2077	48133-48161
48147.4	14	2077	48133-48161
48147	13.5999999999985	2077	48133-48161
48146.6	14	2077	48133-48161
48147.1	14.5	2078	48133-48162
48147.5	14.9000000000015	2078	48133-48162
48147.9	14.5	2078	48133-48162
48147.5	14.0999999999985	2078	48133-48162
48147.1	14.5	2078	48133-48162
48147.6	15	2079	48133-48163
48148	15.4000000000015	2079	48133-48163
48148.4	15	2079	48133-48163
48148	14.5999999999985	2079	48133-48163
48147.6	15	2079	48133-48163
48148.1	15.5	2080	48133-48164
48148.5	15.9000000000015	2080	48133-48164
48148.9	15.5	2080	48133-48164
48148.5	15.0999999999985	2080	48133-48164
48148.1	15.5	2080	48133-48164
48148.6	16	2081	48133-48165
48149	16.4000000000015	2081	48133-48165
48149.4	16	2081	48133-48165
48149	15.5999999999985	2081	48133-48165
48148.6	16	2081	48133-48165
48149.1	16.5	2082	48133-48166
48149.5	16.9000000000015	2082	48133-48166
48149.9	16.5	2082	48133-48166
48149.5	16.0999999999985	2082	48133-48166
48149.1	16.5	2082	48133-48166
48149.6	17	2083	48133-48167
48150	17.4000000000015	2083	48133-48167
48150.4	17	2083	48133-48167
48150	16.5999999999985	2083	48133-48167
48149.6	17	2083	48133-48167
48150.1	17.5	2084	48133-48168
48150.5	17.9000000000015	2084	48133-48168
48150.9	17.5	2084	48133-48168
48150.5	17.0999999999985	2084	48133-48168
48150.1	17.5	2084	48133-48168
48150.6	18	2085	48133-48169
48151	18.4000000000015	2085	48133-48169
48151.4	18	2085	48133-48169
48151	17.5999999999985	2085	48133-48169
48150.6	18	2085	48133-48169
48151.1	18.5	2086	48133-48170
48151.5	18.9000000000015	2086	48133-48170
48151.9	18.5	2086	48133-48170
48151.5	18.0999999999985	2086	48133-48170
48151.1	18.5	2086	48133-48170
48151.6	19	2087	48133-48171
48152	19.4000000000015	2087	48133-48171
48152.4	19	2087	48133-48171
48152	18.5999999999985	2087	48133-48171
48151.6	19	2087	48133-48171
48152.1	19.5	2088	48133-48172
48152.5	19.9000000000015	2088	48133-48172
48152.9	19.5	2088	48133-48172
48152.5	19.0999999999985	2088	48133-48172
48152.1	19.5	2088	48133-48172
48152.6	20	2089	48133-48173
48153	20.4000000000015	2089	48133-48173
48153.4	20	2089	48133-48173
48153	19.5999999999985	2089	48133-48173
48152.6	20	2089	48133-48173
48153.1	20.5	2090	48133-48174
48153.5	20.9000000000015	2090	48133-48174
48153.9	20.5	2090	48133-48174
48153.5	20.0999999999985	2090	48133-48174
48153.1	20.5	2090	48133-48174
48153.6	21	2091	48133-48175
48154	21.4000000000015	2091	48133-48175
48154.4	21	2091	48133-48175
48154	20.5999999999985	2091	48133-48175
48153.6	21	2091	48133-48175
48154.1	21.5	2092	48133-48176
48154.5	21.9000000000015	2092	48133-48176
48154.9	21.5	2092	48133-48176
48154.5	21.0999999999985	2092	48133-48176
48154.1	21.5	2092	48133-48176
48154.6	22	2093	48133-48177
48155	22.4000000000015	2093	48133-48177
48155.4	22	2093	48133-48177
48155	21.5999999999985	2093	48133-48177
48154.6	22	2093	48133-48177
48155.1	22.5	2094	48133-48178
48155.5	22.9000000000015	2094	48133-48178
48155.9	22.5	2094	48133-48178
48155.5	22.0999999999985	2094	48133-48178
48155.1	22.5	2094	48133-48178
48155.6	23	2095	48133-48179
48156	23.4000000000015	2095	48133-48179
48156.4	23	2095	48133-48179
48156	22.5999999999985	2095	48133-48179
48155.6	23	2095	48133-48179
48156.1	23.5	2096	48133-48180
48156.5	23.9000000000015	2096	48133-48180
48156.9	23.5	2096	48133-48180
48156.5	23.0999999999985	2096	48133-48180
48156.1	23.5	2096	48133-48180
48156.6	24	2097	48133-48181
48157	24.4000000000015	2097	48133-48181
48157.4	24	2097	48133-48181
48157	23.5999999999985	2097	48133-48181
48156.6	24	2097	48133-48181
48157.1	24.5	2098	48133-48182
48157.5	24.9000000000015	2098	48133-48182
48157.9	24.5	2098	48133-48182
48157.5	24.0999999999985	2098	48133-48182
48157.1	24.5	2098	48133-48182
48133.6	0	2099	48134-48134
48134	0.400000000001455	2099	48134-48134
48134.4	0	2099	48134-48134
48134	-0.400000000001455	2099	48134-48134
48133.6	0	2099	48134-48134
48134.1	0.5	2100	48134-48135
48134.5	0.900000000001455	2100	48134-48135
48134.9	0.5	2100	48134-48135
48134.5	0.0999999999985448	2100	48134-48135
48134.1	0.5	2100	48134-48135
48134.6	1	2101	48134-48136
48135	1.40000000000146	2101	48134-48136
48135.4	1	2101	48134-48136
48135	0.599999999998545	2101	48134-48136
48134.6	1	2101	48134-48136
48135.1	1.5	2102	48134-48137
48135.5	1.90000000000146	2102	48134-48137
48135.9	1.5	2102	48134-48137
48135.5	1.09999999999854	2102	48134-48137
48135.1	1.5	2102	48134-48137
48135.6	2	2103	48134-48138
48136	2.40000000000146	2103	48134-48138
48136.4	2	2103	48134-48138
48136	1.59999999999854	2103	48134-48138
48135.6	2	2103	48134-48138
48136.1	2.5	2104	48134-48139
48136.5	2.90000000000146	2104	48134-48139
48136.9	2.5	2104	48134-48139
48136.5	2.09999999999854	2104	48134-48139
48136.1	2.5	2104	48134-48139
48136.6	3	2105	48134-48140
48137	3.40000000000146	2105	48134-48140
48137.4	3	2105	48134-48140
48137	2.59999999999855	2105	48134-48140
48136.6	3	2105	48134-48140
48137.1	3.5	2106	48134-48141
48137.5	3.90000000000146	2106	48134-48141
48137.9	3.5	2106	48134-48141
48137.5	3.09999999999855	2106	48134-48141
48137.1	3.5	2106	48134-48141
48137.6	4	2107	48134-48142
48138	4.40000000000146	2107	48134-48142
48138.4	4	2107	48134-48142
48138	3.59999999999855	2107	48134-48142
48137.6	4	2107	48134-48142
48138.1	4.5	2108	48134-48143
48138.5	4.90000000000146	2108	48134-48143
48138.9	4.5	2108	48134-48143
48138.5	4.09999999999855	2108	48134-48143
48138.1	4.5	2108	48134-48143
48138.6	5	2109	48134-48144
48139	5.40000000000146	2109	48134-48144
48139.4	5	2109	48134-48144
48139	4.59999999999855	2109	48134-48144
48138.6	5	2109	48134-48144
48139.1	5.5	2110	48134-48145
48139.5	5.90000000000146	2110	48134-48145
48139.9	5.5	2110	48134-48145
48139.5	5.09999999999855	2110	48134-48145
48139.1	5.5	2110	48134-48145
48139.6	6	2111	48134-48146
48140	6.40000000000146	2111	48134-48146
48140.4	6	2111	48134-48146
48140	5.59999999999855	2111	48134-48146
48139.6	6	2111	48134-48146
48140.1	6.5	2112	48134-48147
48140.5	6.90000000000146	2112	48134-48147
48140.9	6.5	2112	48134-48147
48140.5	6.09999999999855	2112	48134-48147
48140.1	6.5	2112	48134-48147
48140.6	7	2113	48134-48148
48141	7.40000000000146	2113	48134-48148
48141.4	7	2113	48134-48148
48141	6.59999999999855	2113	48134-48148
48140.6	7	2113	48134-48148
48141.1	7.5	2114	48134-48149
48141.5	7.90000000000146	2114	48134-48149
48141.9	7.5	2114	48134-48149
48141.5	7.09999999999855	2114	48134-48149
48141.1	7.5	2114	48134-48149
48141.6	8	2115	48134-48150
48142	8.40000000000146	2115	48134-48150
48142.4	8	2115	48134-48150
48142	7.59999999999855	2115	48134-48150
48141.6	8	2115	48134-48150
48142.1	8.5	2116	48134-48151
48142.5	8.90000000000146	2116	48134-48151
48142.9	8.5	2116	48134-48151
48142.5	8.09999999999855	2116	48134-48151
48142.1	8.5	2116	48134-48151
48142.6	9	2117	48134-48152
48143	9.40000000000146	2117	48134-48152
48143.4	9	2117	48134-48152
48143	8.59999999999855	2117	48134-48152
48142.6	9	2117	48134-48152
48143.1	9.5	2118	48134-48153
48143.5	9.90000000000146	2118	48134-48153
48143.9	9.5	2118	48134-48153
48143.5	9.09999999999854	2118	48134-48153
48143.1	9.5	2118	48134-48153
48143.6	10	2119	48134-48154
48144	10.4000000000015	2119	48134-48154
48144.4	10	2119	48134-48154
48144	9.59999999999854	2119	48134-48154
48143.6	10	2119	48134-48154
48144.1	10.5	2120	48134-48155
48144.5	10.9000000000015	2120	48134-48155
48144.9	10.5	2120	48134-48155
48144.5	10.0999999999985	2120	48134-48155
48144.1	10.5	2120	48134-48155
48144.6	11	2121	48134-48156
48145	11.4000000000015	2121	48134-48156
48145.4	11	2121	48134-48156
48145	10.5999999999985	2121	48134-48156
48144.6	11	2121	48134-48156
48145.1	11.5	2122	48134-48157
48145.5	11.9000000000015	2122	48134-48157
48145.9	11.5	2122	48134-48157
48145.5	11.0999999999985	2122	48134-48157
48145.1	11.5	2122	48134-48157
48145.6	12	2123	48134-48158
48146	12.4000000000015	2123	48134-48158
48146.4	12	2123	48134-48158
48146	11.5999999999985	2123	48134-48158
48145.6	12	2123	48134-48158
48146.1	12.5	2124	48134-48159
48146.5	12.9000000000015	2124	48134-48159
48146.9	12.5	2124	48134-48159
48146.5	12.0999999999985	2124	48134-48159
48146.1	12.5	2124	48134-48159
48146.6	13	2125	48134-48160
48147	13.4000000000015	2125	48134-48160
48147.4	13	2125	48134-48160
48147	12.5999999999985	2125	48134-48160
48146.6	13	2125	48134-48160
48147.1	13.5	2126	48134-48161
48147.5	13.9000000000015	2126	48134-48161
48147.9	13.5	2126	48134-48161
48147.5	13.0999999999985	2126	48134-48161
48147.1	13.5	2126	48134-48161
48147.6	14	2127	48134-48162
48148	14.4000000000015	2127	48134-48162
48148.4	14	2127	48134-48162
48148	13.5999999999985	2127	48134-48162
48147.6	14	2127	48134-48162
48148.1	14.5	2128	48134-48163
48148.5	14.9000000000015	2128	48134-48163
48148.9	14.5	2128	48134-48163
48148.5	14.0999999999985	2128	48134-48163
48148.1	14.5	2128	48134-48163
48148.6	15	2129	48134-48164
48149	15.4000000000015	2129	48134-48164
48149.4	15	2129	48134-48164
48149	14.5999999999985	2129	48134-48164
48148.6	15	2129	48134-48164
48149.1	15.5	2130	48134-48165
48149.5	15.9000000000015	2130	48134-48165
48149.9	15.5	2130	48134-48165
48149.5	15.0999999999985	2130	48134-48165
48149.1	15.5	2130	48134-48165
48149.6	16	2131	48134-48166
48150	16.4000000000015	2131	48134-48166
48150.4	16	2131	48134-48166
48150	15.5999999999985	2131	48134-48166
48149.6	16	2131	48134-48166
48150.1	16.5	2132	48134-48167
48150.5	16.9000000000015	2132	48134-48167
48150.9	16.5	2132	48134-48167
48150.5	16.0999999999985	2132	48134-48167
48150.1	16.5	2132	48134-48167
48150.6	17	2133	48134-48168
48151	17.4000000000015	2133	48134-48168
48151.4	17	2133	48134-48168
48151	16.5999999999985	2133	48134-48168
48150.6	17	2133	48134-48168
48151.1	17.5	2134	48134-48169
48151.5	17.9000000000015	2134	48134-48169
48151.9	17.5	2134	48134-48169
48151.5	17.0999999999985	2134	48134-48169
48151.1	17.5	2134	48134-48169
48151.6	18	2135	48134-48170
48152	18.4000000000015	2135	48134-48170
48152.4	18	2135	48134-48170
48152	17.5999999999985	2135	48134-48170
48151.6	18	2135	48134-48170
48152.1	18.5	2136	48134-48171
48152.5	18.9000000000015	2136	48134-48171
48152.9	18.5	2136	48134-48171
48152.5	18.0999999999985	2136	48134-48171
48152.1	18.5	2136	48134-48171
48152.6	19	2137	48134-48172
48153	19.4000000000015	2137	48134-48172
48153.4	19	2137	48134-48172
48153	18.5999999999985	2137	48134-48172
48152.6	19	2137	48134-48172
48153.1	19.5	2138	48134-48173
48153.5	19.9000000000015	2138	48134-48173
48153.9	19.5	2138	48134-48173
48153.5	19.0999999999985	2138	48134-48173
48153.1	19.5	2138	48134-48173
48153.6	20	2139	48134-48174
48154	20.4000000000015	2139	48134-48174
48154.4	20	2139	48134-48174
48154	19.5999999999985	2139	48134-48174
48153.6	20	2139	48134-48174
48154.1	20.5	2140	48134-48175
48154.5	20.9000000000015	2140	48134-48175
48154.9	20.5	2140	48134-48175
48154.5	20.0999999999985	2140	48134-48175
48154.1	20.5	2140	48134-48175
48154.6	21	2141	48134-48176
48155	21.4000000000015	2141	48134-48176
48155.4	21	2141	48134-48176
48155	20.5999999999985	2141	48134-48176
48154.6	21	2141	48134-48176
48155.1	21.5	2142	48134-48177
48155.5	21.9000000000015	2142	48134-48177
48155.9	21.5	2142	48134-48177
48155.5	21.0999999999985	2142	48134-48177
48155.1	21.5	2142	48134-48177
48155.6	22	2143	48134-48178
48156	22.4000000000015	2143	48134-48178
48156.4	22	2143	48134-48178
48156	21.5999999999985	2143	48134-48178
48155.6	22	2143	48134-48178
48156.1	22.5	2144	48134-48179
48156.5	22.9000000000015	2144	48134-48179
48156.9	22.5	2144	48134-48179
48156.5	22.0999999999985	2144	48134-48179
48156.1	22.5	2144	48134-48179
48156.6	23	2145	48134-48180
48157	23.4000000000015	2145	48134-48180
48157.4	23	2145	48134-48180
48157	22.5999999999985	2145	48134-48180
48156.6	23	2145	48134-48180
48157.1	23.5	2146	48134-48181
48157.5	23.9000000000015	2146	48134-48181
48157.9	23.5	2146	48134-48181
48157.5	23.0999999999985	2146	48134-48181
48157.1	23.5	2146	48134-48181
48157.6	24	2147	48134-48182
48158	24.4000000000015	2147	48134-48182
48158.4	24	2147	48134-48182
48158	23.5999999999985	2147	48134-48182
48157.6	24	2147	48134-48182
48158.1	24.5	2148	48134-48183
48158.5	24.9000000000015	2148	48134-48183
48158.9	24.5	2148	48134-48183
48158.5	24.0999999999985	2148	48134-48183
48158.1	24.5	2148	48134-48183
48134.6	0	2149	48135-48135
48135	0.400000000001455	2149	48135-48135
48135.4	0	2149	48135-48135
48135	-0.400000000001455	2149	48135-48135
48134.6	0	2149	48135-48135
48135.1	0.5	2150	48135-48136
48135.5	0.900000000001455	2150	48135-48136
48135.9	0.5	2150	48135-48136
48135.5	0.0999999999985448	2150	48135-48136
48135.1	0.5	2150	48135-48136
48135.6	1	2151	48135-48137
48136	1.40000000000146	2151	48135-48137
48136.4	1	2151	48135-48137
48136	0.599999999998545	2151	48135-48137
48135.6	1	2151	48135-48137
48136.1	1.5	2152	48135-48138
48136.5	1.90000000000146	2152	48135-48138
48136.9	1.5	2152	48135-48138
48136.5	1.09999999999854	2152	48135-48138
48136.1	1.5	2152	48135-48138
48136.6	2	2153	48135-48139
48137	2.40000000000146	2153	48135-48139
48137.4	2	2153	48135-48139
48137	1.59999999999854	2153	48135-48139
48136.6	2	2153	48135-48139
48137.1	2.5	2154	48135-48140
48137.5	2.90000000000146	2154	48135-48140
48137.9	2.5	2154	48135-48140
48137.5	2.09999999999854	2154	48135-48140
48137.1	2.5	2154	48135-48140
48137.6	3	2155	48135-48141
48138	3.40000000000146	2155	48135-48141
48138.4	3	2155	48135-48141
48138	2.59999999999855	2155	48135-48141
48137.6	3	2155	48135-48141
48138.1	3.5	2156	48135-48142
48138.5	3.90000000000146	2156	48135-48142
48138.9	3.5	2156	48135-48142
48138.5	3.09999999999855	2156	48135-48142
48138.1	3.5	2156	48135-48142
48138.6	4	2157	48135-48143
48139	4.40000000000146	2157	48135-48143
48139.4	4	2157	48135-48143
48139	3.59999999999855	2157	48135-48143
48138.6	4	2157	48135-48143
48139.1	4.5	2158	48135-48144
48139.5	4.90000000000146	2158	48135-48144
48139.9	4.5	2158	48135-48144
48139.5	4.09999999999855	2158	48135-48144
48139.1	4.5	2158	48135-48144
48139.6	5	2159	48135-48145
48140	5.40000000000146	2159	48135-48145
48140.4	5	2159	48135-48145
48140	4.59999999999855	2159	48135-48145
48139.6	5	2159	48135-48145
48140.1	5.5	2160	48135-48146
48140.5	5.90000000000146	2160	48135-48146
48140.9	5.5	2160	48135-48146
48140.5	5.09999999999855	2160	48135-48146
48140.1	5.5	2160	48135-48146
48140.6	6	2161	48135-48147
48141	6.40000000000146	2161	48135-48147
48141.4	6	2161	48135-48147
48141	5.59999999999855	2161	48135-48147
48140.6	6	2161	48135-48147
48141.1	6.5	2162	48135-48148
48141.5	6.90000000000146	2162	48135-48148
48141.9	6.5	2162	48135-48148
48141.5	6.09999999999855	2162	48135-48148
48141.1	6.5	2162	48135-48148
48141.6	7	2163	48135-48149
48142	7.40000000000146	2163	48135-48149
48142.4	7	2163	48135-48149
48142	6.59999999999855	2163	48135-48149
48141.6	7	2163	48135-48149
48142.1	7.5	2164	48135-48150
48142.5	7.90000000000146	2164	48135-48150
48142.9	7.5	2164	48135-48150
48142.5	7.09999999999855	2164	48135-48150
48142.1	7.5	2164	48135-48150
48142.6	8	2165	48135-48151
48143	8.40000000000146	2165	48135-48151
48143.4	8	2165	48135-48151
48143	7.59999999999855	2165	48135-48151
48142.6	8	2165	48135-48151
48143.1	8.5	2166	48135-48152
48143.5	8.90000000000146	2166	48135-48152
48143.9	8.5	2166	48135-48152
48143.5	8.09999999999855	2166	48135-48152
48143.1	8.5	2166	48135-48152
48143.6	9	2167	48135-48153
48144	9.40000000000146	2167	48135-48153
48144.4	9	2167	48135-48153
48144	8.59999999999855	2167	48135-48153
48143.6	9	2167	48135-48153
48144.1	9.5	2168	48135-48154
48144.5	9.90000000000146	2168	48135-48154
48144.9	9.5	2168	48135-48154
48144.5	9.09999999999854	2168	48135-48154
48144.1	9.5	2168	48135-48154
48144.6	10	2169	48135-48155
48145	10.4000000000015	2169	48135-48155
48145.4	10	2169	48135-48155
48145	9.59999999999854	2169	48135-48155
48144.6	10	2169	48135-48155
48145.1	10.5	2170	48135-48156
48145.5	10.9000000000015	2170	48135-48156
48145.9	10.5	2170	48135-48156
48145.5	10.0999999999985	2170	48135-48156
48145.1	10.5	2170	48135-48156
48145.6	11	2171	48135-48157
48146	11.4000000000015	2171	48135-48157
48146.4	11	2171	48135-48157
48146	10.5999999999985	2171	48135-48157
48145.6	11	2171	48135-48157
48146.1	11.5	2172	48135-48158
48146.5	11.9000000000015	2172	48135-48158
48146.9	11.5	2172	48135-48158
48146.5	11.0999999999985	2172	48135-48158
48146.1	11.5	2172	48135-48158
48146.6	12	2173	48135-48159
48147	12.4000000000015	2173	48135-48159
48147.4	12	2173	48135-48159
48147	11.5999999999985	2173	48135-48159
48146.6	12	2173	48135-48159
48147.1	12.5	2174	48135-48160
48147.5	12.9000000000015	2174	48135-48160
48147.9	12.5	2174	48135-48160
48147.5	12.0999999999985	2174	48135-48160
48147.1	12.5	2174	48135-48160
48147.6	13	2175	48135-48161
48148	13.4000000000015	2175	48135-48161
48148.4	13	2175	48135-48161
48148	12.5999999999985	2175	48135-48161
48147.6	13	2175	48135-48161
48148.1	13.5	2176	48135-48162
48148.5	13.9000000000015	2176	48135-48162
48148.9	13.5	2176	48135-48162
48148.5	13.0999999999985	2176	48135-48162
48148.1	13.5	2176	48135-48162
48148.6	14	2177	48135-48163
48149	14.4000000000015	2177	48135-48163
48149.4	14	2177	48135-48163
48149	13.5999999999985	2177	48135-48163
48148.6	14	2177	48135-48163
48149.1	14.5	2178	48135-48164
48149.5	14.9000000000015	2178	48135-48164
48149.9	14.5	2178	48135-48164
48149.5	14.0999999999985	2178	48135-48164
48149.1	14.5	2178	48135-48164
48149.6	15	2179	48135-48165
48150	15.4000000000015	2179	48135-48165
48150.4	15	2179	48135-48165
48150	14.5999999999985	2179	48135-48165
48149.6	15	2179	48135-48165
48150.1	15.5	2180	48135-48166
48150.5	15.9000000000015	2180	48135-48166
48150.9	15.5	2180	48135-48166
48150.5	15.0999999999985	2180	48135-48166
48150.1	15.5	2180	48135-48166
48150.6	16	2181	48135-48167
48151	16.4000000000015	2181	48135-48167
48151.4	16	2181	48135-48167
48151	15.5999999999985	2181	48135-48167
48150.6	16	2181	48135-48167
48151.1	16.5	2182	48135-48168
48151.5	16.9000000000015	2182	48135-48168
48151.9	16.5	2182	48135-48168
48151.5	16.0999999999985	2182	48135-48168
48151.1	16.5	2182	48135-48168
48151.6	17	2183	48135-48169
48152	17.4000000000015	2183	48135-48169
48152.4	17	2183	48135-48169
48152	16.5999999999985	2183	48135-48169
48151.6	17	2183	48135-48169
48152.1	17.5	2184	48135-48170
48152.5	17.9000000000015	2184	48135-48170
48152.9	17.5	2184	48135-48170
48152.5	17.0999999999985	2184	48135-48170
48152.1	17.5	2184	48135-48170
48152.6	18	2185	48135-48171
48153	18.4000000000015	2185	48135-48171
48153.4	18	2185	48135-48171
48153	17.5999999999985	2185	48135-48171
48152.6	18	2185	48135-48171
48153.1	18.5	2186	48135-48172
48153.5	18.9000000000015	2186	48135-48172
48153.9	18.5	2186	48135-48172
48153.5	18.0999999999985	2186	48135-48172
48153.1	18.5	2186	48135-48172
48153.6	19	2187	48135-48173
48154	19.4000000000015	2187	48135-48173
48154.4	19	2187	48135-48173
48154	18.5999999999985	2187	48135-48173
48153.6	19	2187	48135-48173
48154.1	19.5	2188	48135-48174
48154.5	19.9000000000015	2188	48135-48174
48154.9	19.5	2188	48135-48174
48154.5	19.0999999999985	2188	48135-48174
48154.1	19.5	2188	48135-48174
48154.6	20	2189	48135-48175
48155	20.4000000000015	2189	48135-48175
48155.4	20	2189	48135-48175
48155	19.5999999999985	2189	48135-48175
48154.6	20	2189	48135-48175
48155.1	20.5	2190	48135-48176
48155.5	20.9000000000015	2190	48135-48176
48155.9	20.5	2190	48135-48176
48155.5	20.0999999999985	2190	48135-48176
48155.1	20.5	2190	48135-48176
48155.6	21	2191	48135-48177
48156	21.4000000000015	2191	48135-48177
48156.4	21	2191	48135-48177
48156	20.5999999999985	2191	48135-48177
48155.6	21	2191	48135-48177
48156.1	21.5	2192	48135-48178
48156.5	21.9000000000015	2192	48135-48178
48156.9	21.5	2192	48135-48178
48156.5	21.0999999999985	2192	48135-48178
48156.1	21.5	2192	48135-48178
48156.6	22	2193	48135-48179
48157	22.4000000000015	2193	48135-48179
48157.4	22	2193	48135-48179
48157	21.5999999999985	2193	48135-48179
48156.6	22	2193	48135-48179
48157.1	22.5	2194	48135-48180
48157.5	22.9000000000015	2194	48135-48180
48157.9	22.5	2194	48135-48180
48157.5	22.0999999999985	2194	48135-48180
48157.1	22.5	2194	48135-48180
48157.6	23	2195	48135-48181
48158	23.4000000000015	2195	48135-48181
48158.4	23	2195	48135-48181
48158	22.5999999999985	2195	48135-48181
48157.6	23	2195	48135-48181
48158.1	23.5	2196	48135-48182
48158.5	23.9000000000015	2196	48135-48182
48158.9	23.5	2196	48135-48182
48158.5	23.0999999999985	2196	48135-48182
48158.1	23.5	2196	48135-48182
48158.6	24	2197	48135-48183
48159	24.4000000000015	2197	48135-48183
48159.4	24	2197	48135-48183
48159	23.5999999999985	2197	48135-48183
48158.6	24	2197	48135-48183
48159.1	24.5	2198	48135-48184
48159.5	24.9000000000015	2198	48135-48184
48159.9	24.5	2198	48135-48184
48159.5	24.0999999999985	2198	48135-48184
48159.1	24.5	2198	48135-48184
48135.6	0	2199	48136-48136
48136	0.400000000001455	2199	48136-48136
48136.4	0	2199	48136-48136
48136	-0.400000000001455	2199	48136-48136
48135.6	0	2199	48136-48136
48136.1	0.5	2200	48136-48137
48136.5	0.900000000001455	2200	48136-48137
48136.9	0.5	2200	48136-48137
48136.5	0.0999999999985448	2200	48136-48137
48136.1	0.5	2200	48136-48137
48136.6	1	2201	48136-48138
48137	1.40000000000146	2201	48136-48138
48137.4	1	2201	48136-48138
48137	0.599999999998545	2201	48136-48138
48136.6	1	2201	48136-48138
48137.1	1.5	2202	48136-48139
48137.5	1.90000000000146	2202	48136-48139
48137.9	1.5	2202	48136-48139
48137.5	1.09999999999854	2202	48136-48139
48137.1	1.5	2202	48136-48139
48137.6	2	2203	48136-48140
48138	2.40000000000146	2203	48136-48140
48138.4	2	2203	48136-48140
48138	1.59999999999854	2203	48136-48140
48137.6	2	2203	48136-48140
48138.1	2.5	2204	48136-48141
48138.5	2.90000000000146	2204	48136-48141
48138.9	2.5	2204	48136-48141
48138.5	2.09999999999854	2204	48136-48141
48138.1	2.5	2204	48136-48141
48138.6	3	2205	48136-48142
48139	3.40000000000146	2205	48136-48142
48139.4	3	2205	48136-48142
48139	2.59999999999855	2205	48136-48142
48138.6	3	2205	48136-48142
48139.1	3.5	2206	48136-48143
48139.5	3.90000000000146	2206	48136-48143
48139.9	3.5	2206	48136-48143
48139.5	3.09999999999855	2206	48136-48143
48139.1	3.5	2206	48136-48143
48139.6	4	2207	48136-48144
48140	4.40000000000146	2207	48136-48144
48140.4	4	2207	48136-48144
48140	3.59999999999855	2207	48136-48144
48139.6	4	2207	48136-48144
48140.1	4.5	2208	48136-48145
48140.5	4.90000000000146	2208	48136-48145
48140.9	4.5	2208	48136-48145
48140.5	4.09999999999855	2208	48136-48145
48140.1	4.5	2208	48136-48145
48140.6	5	2209	48136-48146
48141	5.40000000000146	2209	48136-48146
48141.4	5	2209	48136-48146
48141	4.59999999999855	2209	48136-48146
48140.6	5	2209	48136-48146
48141.1	5.5	2210	48136-48147
48141.5	5.90000000000146	2210	48136-48147
48141.9	5.5	2210	48136-48147
48141.5	5.09999999999855	2210	48136-48147
48141.1	5.5	2210	48136-48147
48141.6	6	2211	48136-48148
48142	6.40000000000146	2211	48136-48148
48142.4	6	2211	48136-48148
48142	5.59999999999855	2211	48136-48148
48141.6	6	2211	48136-48148
48142.1	6.5	2212	48136-48149
48142.5	6.90000000000146	2212	48136-48149
48142.9	6.5	2212	48136-48149
48142.5	6.09999999999855	2212	48136-48149
48142.1	6.5	2212	48136-48149
48142.6	7	2213	48136-48150
48143	7.40000000000146	2213	48136-48150
48143.4	7	2213	48136-48150
48143	6.59999999999855	2213	48136-48150
48142.6	7	2213	48136-48150
48143.1	7.5	2214	48136-48151
48143.5	7.90000000000146	2214	48136-48151
48143.9	7.5	2214	48136-48151
48143.5	7.09999999999855	2214	48136-48151
48143.1	7.5	2214	48136-48151
48143.6	8	2215	48136-48152
48144	8.40000000000146	2215	48136-48152
48144.4	8	2215	48136-48152
48144	7.59999999999855	2215	48136-48152
48143.6	8	2215	48136-48152
48144.1	8.5	2216	48136-48153
48144.5	8.90000000000146	2216	48136-48153
48144.9	8.5	2216	48136-48153
48144.5	8.09999999999855	2216	48136-48153
48144.1	8.5	2216	48136-48153
48144.6	9	2217	48136-48154
48145	9.40000000000146	2217	48136-48154
48145.4	9	2217	48136-48154
48145	8.59999999999855	2217	48136-48154
48144.6	9	2217	48136-48154
48145.1	9.5	2218	48136-48155
48145.5	9.90000000000146	2218	48136-48155
48145.9	9.5	2218	48136-48155
48145.5	9.09999999999854	2218	48136-48155
48145.1	9.5	2218	48136-48155
48145.6	10	2219	48136-48156
48146	10.4000000000015	2219	48136-48156
48146.4	10	2219	48136-48156
48146	9.59999999999854	2219	48136-48156
48145.6	10	2219	48136-48156
48146.1	10.5	2220	48136-48157
48146.5	10.9000000000015	2220	48136-48157
48146.9	10.5	2220	48136-48157
48146.5	10.0999999999985	2220	48136-48157
48146.1	10.5	2220	48136-48157
48146.6	11	2221	48136-48158
48147	11.4000000000015	2221	48136-48158
48147.4	11	2221	48136-48158
48147	10.5999999999985	2221	48136-48158
48146.6	11	2221	48136-48158
48147.1	11.5	2222	48136-48159
48147.5	11.9000000000015	2222	48136-48159
48147.9	11.5	2222	48136-48159
48147.5	11.0999999999985	2222	48136-48159
48147.1	11.5	2222	48136-48159
48147.6	12	2223	48136-48160
48148	12.4000000000015	2223	48136-48160
48148.4	12	2223	48136-48160
48148	11.5999999999985	2223	48136-48160
48147.6	12	2223	48136-48160
48148.1	12.5	2224	48136-48161
48148.5	12.9000000000015	2224	48136-48161
48148.9	12.5	2224	48136-48161
48148.5	12.0999999999985	2224	48136-48161
48148.1	12.5	2224	48136-48161
48148.6	13	2225	48136-48162
48149	13.4000000000015	2225	48136-48162
48149.4	13	2225	48136-48162
48149	12.5999999999985	2225	48136-48162
48148.6	13	2225	48136-48162
48149.1	13.5	2226	48136-48163
48149.5	13.9000000000015	2226	48136-48163
48149.9	13.5	2226	48136-48163
48149.5	13.0999999999985	2226	48136-48163
48149.1	13.5	2226	48136-48163
48149.6	14	2227	48136-48164
48150	14.4000000000015	2227	48136-48164
48150.4	14	2227	48136-48164
48150	13.5999999999985	2227	48136-48164
48149.6	14	2227	48136-48164
48150.1	14.5	2228	48136-48165
48150.5	14.9000000000015	2228	48136-48165
48150.9	14.5	2228	48136-48165
48150.5	14.0999999999985	2228	48136-48165
48150.1	14.5	2228	48136-48165
48150.6	15	2229	48136-48166
48151	15.4000000000015	2229	48136-48166
48151.4	15	2229	48136-48166
48151	14.5999999999985	2229	48136-48166
48150.6	15	2229	48136-48166
48151.1	15.5	2230	48136-48167
48151.5	15.9000000000015	2230	48136-48167
48151.9	15.5	2230	48136-48167
48151.5	15.0999999999985	2230	48136-48167
48151.1	15.5	2230	48136-48167
48151.6	16	2231	48136-48168
48152	16.4000000000015	2231	48136-48168
48152.4	16	2231	48136-48168
48152	15.5999999999985	2231	48136-48168
48151.6	16	2231	48136-48168
48152.1	16.5	2232	48136-48169
48152.5	16.9000000000015	2232	48136-48169
48152.9	16.5	2232	48136-48169
48152.5	16.0999999999985	2232	48136-48169
48152.1	16.5	2232	48136-48169
48152.6	17	2233	48136-48170
48153	17.4000000000015	2233	48136-48170
48153.4	17	2233	48136-48170
48153	16.5999999999985	2233	48136-48170
48152.6	17	2233	48136-48170
48153.1	17.5	2234	48136-48171
48153.5	17.9000000000015	2234	48136-48171
48153.9	17.5	2234	48136-48171
48153.5	17.0999999999985	2234	48136-48171
48153.1	17.5	2234	48136-48171
48153.6	18	2235	48136-48172
48154	18.4000000000015	2235	48136-48172
48154.4	18	2235	48136-48172
48154	17.5999999999985	2235	48136-48172
48153.6	18	2235	48136-48172
48154.1	18.5	2236	48136-48173
48154.5	18.9000000000015	2236	48136-48173
48154.9	18.5	2236	48136-48173
48154.5	18.0999999999985	2236	48136-48173
48154.1	18.5	2236	48136-48173
48154.6	19	2237	48136-48174
48155	19.4000000000015	2237	48136-48174
48155.4	19	2237	48136-48174
48155	18.5999999999985	2237	48136-48174
48154.6	19	2237	48136-48174
48155.1	19.5	2238	48136-48175
48155.5	19.9000000000015	2238	48136-48175
48155.9	19.5	2238	48136-48175
48155.5	19.0999999999985	2238	48136-48175
48155.1	19.5	2238	48136-48175
48155.6	20	2239	48136-48176
48156	20.4000000000015	2239	48136-48176
48156.4	20	2239	48136-48176
48156	19.5999999999985	2239	48136-48176
48155.6	20	2239	48136-48176
48156.1	20.5	2240	48136-48177
48156.5	20.9000000000015	2240	48136-48177
48156.9	20.5	2240	48136-48177
48156.5	20.0999999999985	2240	48136-48177
48156.1	20.5	2240	48136-48177
48156.6	21	2241	48136-48178
48157	21.4000000000015	2241	48136-48178
48157.4	21	2241	48136-48178
48157	20.5999999999985	2241	48136-48178
48156.6	21	2241	48136-48178
48157.1	21.5	2242	48136-48179
48157.5	21.9000000000015	2242	48136-48179
48157.9	21.5	2242	48136-48179
48157.5	21.0999999999985	2242	48136-48179
48157.1	21.5	2242	48136-48179
48157.6	22	2243	48136-48180
48158	22.4000000000015	2243	48136-48180
48158.4	22	2243	48136-48180
48158	21.5999999999985	2243	48136-48180
48157.6	22	2243	48136-48180
48158.1	22.5	2244	48136-48181
48158.5	22.9000000000015	2244	48136-48181
48158.9	22.5	2244	48136-48181
48158.5	22.0999999999985	2244	48136-48181
48158.1	22.5	2244	48136-48181
48158.6	23	2245	48136-48182
48159	23.4000000000015	2245	48136-48182
48159.4	23	2245	48136-48182
48159	22.5999999999985	2245	48136-48182
48158.6	23	2245	48136-48182
48159.1	23.5	2246	48136-48183
48159.5	23.9000000000015	2246	48136-48183
48159.9	23.5	2246	48136-48183
48159.5	23.0999999999985	2246	48136-48183
48159.1	23.5	2246	48136-48183
48159.6	24	2247	48136-48184
48160	24.4000000000015	2247	48136-48184
48160.4	24	2247	48136-48184
48160	23.5999999999985	2247	48136-48184
48159.6	24	2247	48136-48184
48160.1	24.5	2248	48136-48185
48160.5	24.9000000000015	2248	48136-48185
48160.9	24.5	2248	48136-48185
48160.5	24.0999999999985	2248	48136-48185
48160.1	24.5	2248	48136-48185
48136.6	0	2249	48137-48137
48137	0.400000000001455	2249	48137-48137
48137.4	0	2249	48137-48137
48137	-0.400000000001455	2249	48137-48137
48136.6	0	2249	48137-48137
48137.1	0.5	2250	48137-48138
48137.5	0.900000000001455	2250	48137-48138
48137.9	0.5	2250	48137-48138
48137.5	0.0999999999985448	2250	48137-48138
48137.1	0.5	2250	48137-48138
48137.6	1	2251	48137-48139
48138	1.40000000000146	2251	48137-48139
48138.4	1	2251	48137-48139
48138	0.599999999998545	2251	48137-48139
48137.6	1	2251	48137-48139
48138.1	1.5	2252	48137-48140
48138.5	1.90000000000146	2252	48137-48140
48138.9	1.5	2252	48137-48140
48138.5	1.09999999999854	2252	48137-48140
48138.1	1.5	2252	48137-48140
48138.6	2	2253	48137-48141
48139	2.40000000000146	2253	48137-48141
48139.4	2	2253	48137-48141
48139	1.59999999999854	2253	48137-48141
48138.6	2	2253	48137-48141
48139.1	2.5	2254	48137-48142
48139.5	2.90000000000146	2254	48137-48142
48139.9	2.5	2254	48137-48142
48139.5	2.09999999999854	2254	48137-48142
48139.1	2.5	2254	48137-48142
48139.6	3	2255	48137-48143
48140	3.40000000000146	2255	48137-48143
48140.4	3	2255	48137-48143
48140	2.59999999999855	2255	48137-48143
48139.6	3	2255	48137-48143
48140.1	3.5	2256	48137-48144
48140.5	3.90000000000146	2256	48137-48144
48140.9	3.5	2256	48137-48144
48140.5	3.09999999999855	2256	48137-48144
48140.1	3.5	2256	48137-48144
48140.6	4	2257	48137-48145
48141	4.40000000000146	2257	48137-48145
48141.4	4	2257	48137-48145
48141	3.59999999999855	2257	48137-48145
48140.6	4	2257	48137-48145
48141.1	4.5	2258	48137-48146
48141.5	4.90000000000146	2258	48137-48146
48141.9	4.5	2258	48137-48146
48141.5	4.09999999999855	2258	48137-48146
48141.1	4.5	2258	48137-48146
48141.6	5	2259	48137-48147
48142	5.40000000000146	2259	48137-48147
48142.4	5	2259	48137-48147
48142	4.59999999999855	2259	48137-48147
48141.6	5	2259	48137-48147
48142.1	5.5	2260	48137-48148
48142.5	5.90000000000146	2260	48137-48148
48142.9	5.5	2260	48137-48148
48142.5	5.09999999999855	2260	48137-48148
48142.1	5.5	2260	48137-48148
48142.6	6	2261	48137-48149
48143	6.40000000000146	2261	48137-48149
48143.4	6	2261	48137-48149
48143	5.59999999999855	2261	48137-48149
48142.6	6	2261	48137-48149
48143.1	6.5	2262	48137-48150
48143.5	6.90000000000146	2262	48137-48150
48143.9	6.5	2262	48137-48150
48143.5	6.09999999999855	2262	48137-48150
48143.1	6.5	2262	48137-48150
48143.6	7	2263	48137-48151
48144	7.40000000000146	2263	48137-48151
48144.4	7	2263	48137-48151
48144	6.59999999999855	2263	48137-48151
48143.6	7	2263	48137-48151
48144.1	7.5	2264	48137-48152
48144.5	7.90000000000146	2264	48137-48152
48144.9	7.5	2264	48137-48152
48144.5	7.09999999999855	2264	48137-48152
48144.1	7.5	2264	48137-48152
48144.6	8	2265	48137-48153
48145	8.40000000000146	2265	48137-48153
48145.4	8	2265	48137-48153
48145	7.59999999999855	2265	48137-48153
48144.6	8	2265	48137-48153
48145.1	8.5	2266	48137-48154
48145.5	8.90000000000146	2266	48137-48154
48145.9	8.5	2266	48137-48154
48145.5	8.09999999999855	2266	48137-48154
48145.1	8.5	2266	48137-48154
48145.6	9	2267	48137-48155
48146	9.40000000000146	2267	48137-48155
48146.4	9	2267	48137-48155
48146	8.59999999999855	2267	48137-48155
48145.6	9	2267	48137-48155
48146.1	9.5	2268	48137-48156
48146.5	9.90000000000146	2268	48137-48156
48146.9	9.5	2268	48137-48156
48146.5	9.09999999999854	2268	48137-48156
48146.1	9.5	2268	48137-48156
48146.6	10	2269	48137-48157
48147	10.4000000000015	2269	48137-48157
48147.4	10	2269	48137-48157
48147	9.59999999999854	2269	48137-48157
48146.6	10	2269	48137-48157
48147.1	10.5	2270	48137-48158
48147.5	10.9000000000015	2270	48137-48158
48147.9	10.5	2270	48137-48158
48147.5	10.0999999999985	2270	48137-48158
48147.1	10.5	2270	48137-48158
48147.6	11	2271	48137-48159
48148	11.4000000000015	2271	48137-48159
48148.4	11	2271	48137-48159
48148	10.5999999999985	2271	48137-48159
48147.6	11	2271	48137-48159
48148.1	11.5	2272	48137-48160
48148.5	11.9000000000015	2272	48137-48160
48148.9	11.5	2272	48137-48160
48148.5	11.0999999999985	2272	48137-48160
48148.1	11.5	2272	48137-48160
48148.6	12	2273	48137-48161
48149	12.4000000000015	2273	48137-48161
48149.4	12	2273	48137-48161
48149	11.5999999999985	2273	48137-48161
48148.6	12	2273	48137-48161
48149.1	12.5	2274	48137-48162
48149.5	12.9000000000015	2274	48137-48162
48149.9	12.5	2274	48137-48162
48149.5	12.0999999999985	2274	48137-48162
48149.1	12.5	2274	48137-48162
48149.6	13	2275	48137-48163
48150	13.4000000000015	2275	48137-48163
48150.4	13	2275	48137-48163
48150	12.5999999999985	2275	48137-48163
48149.6	13	2275	48137-48163
48150.1	13.5	2276	48137-48164
48150.5	13.9000000000015	2276	48137-48164
48150.9	13.5	2276	48137-48164
48150.5	13.0999999999985	2276	48137-48164
48150.1	13.5	2276	48137-48164
48150.6	14	2277	48137-48165
48151	14.4000000000015	2277	48137-48165
48151.4	14	2277	48137-48165
48151	13.5999999999985	2277	48137-48165
48150.6	14	2277	48137-48165
48151.1	14.5	2278	48137-48166
48151.5	14.9000000000015	2278	48137-48166
48151.9	14.5	2278	48137-48166
48151.5	14.0999999999985	2278	48137-48166
48151.1	14.5	2278	48137-48166
48151.6	15	2279	48137-48167
48152	15.4000000000015	2279	48137-48167
48152.4	15	2279	48137-48167
48152	14.5999999999985	2279	48137-48167
48151.6	15	2279	48137-48167
48152.1	15.5	2280	48137-48168
48152.5	15.9000000000015	2280	48137-48168
48152.9	15.5	2280	48137-48168
48152.5	15.0999999999985	2280	48137-48168
48152.1	15.5	2280	48137-48168
48152.6	16	2281	48137-48169
48153	16.4000000000015	2281	48137-48169
48153.4	16	2281	48137-48169
48153	15.5999999999985	2281	48137-48169
48152.6	16	2281	48137-48169
48153.1	16.5	2282	48137-48170
48153.5	16.9000000000015	2282	48137-48170
48153.9	16.5	2282	48137-48170
48153.5	16.0999999999985	2282	48137-48170
48153.1	16.5	2282	48137-48170
48153.6	17	2283	48137-48171
48154	17.4000000000015	2283	48137-48171
48154.4	17	2283	48137-48171
48154	16.5999999999985	2283	48137-48171
48153.6	17	2283	48137-48171
48154.1	17.5	2284	48137-48172
48154.5	17.9000000000015	2284	48137-48172
48154.9	17.5	2284	48137-48172
48154.5	17.0999999999985	2284	48137-48172
48154.1	17.5	2284	48137-48172
48154.6	18	2285	48137-48173
48155	18.4000000000015	2285	48137-48173
48155.4	18	2285	48137-48173
48155	17.5999999999985	2285	48137-48173
48154.6	18	2285	48137-48173
48155.1	18.5	2286	48137-48174
48155.5	18.9000000000015	2286	48137-48174
48155.9	18.5	2286	48137-48174
48155.5	18.0999999999985	2286	48137-48174
48155.1	18.5	2286	48137-48174
48155.6	19	2287	48137-48175
48156	19.4000000000015	2287	48137-48175
48156.4	19	2287	48137-48175
48156	18.5999999999985	2287	48137-48175
48155.6	19	2287	48137-48175
48156.1	19.5	2288	48137-48176
48156.5	19.9000000000015	2288	48137-48176
48156.9	19.5	2288	48137-48176
48156.5	19.0999999999985	2288	48137-48176
48156.1	19.5	2288	48137-48176
48156.6	20	2289	48137-48177
48157	20.4000000000015	2289	48137-48177
48157.4	20	2289	48137-48177
48157	19.5999999999985	2289	48137-48177
48156.6	20	2289	48137-48177
48157.1	20.5	2290	48137-48178
48157.5	20.9000000000015	2290	48137-48178
48157.9	20.5	2290	48137-48178
48157.5	20.0999999999985	2290	48137-48178
48157.1	20.5	2290	48137-48178
48157.6	21	2291	48137-48179
48158	21.4000000000015	2291	48137-48179
48158.4	21	2291	48137-48179
48158	20.5999999999985	2291	48137-48179
48157.6	21	2291	48137-48179
48158.1	21.5	2292	48137-48180
48158.5	21.9000000000015	2292	48137-48180
48158.9	21.5	2292	48137-48180
48158.5	21.0999999999985	2292	48137-48180
48158.1	21.5	2292	48137-48180
48158.6	22	2293	48137-48181
48159	22.4000000000015	2293	48137-48181
48159.4	22	2293	48137-48181
48159	21.5999999999985	2293	48137-48181
48158.6	22	2293	48137-48181
48159.1	22.5	2294	48137-48182
48159.5	22.9000000000015	2294	48137-48182
48159.9	22.5	2294	48137-48182
48159.5	22.0999999999985	2294	48137-48182
48159.1	22.5	2294	48137-48182
48159.6	23	2295	48137-48183
48160	23.4000000000015	2295	48137-48183
48160.4	23	2295	48137-48183
48160	22.5999999999985	2295	48137-48183
48159.6	23	2295	48137-48183
48160.1	23.5	2296	48137-48184
48160.5	23.9000000000015	2296	48137-48184
48160.9	23.5	2296	48137-48184
48160.5	23.0999999999985	2296	48137-48184
48160.1	23.5	2296	48137-48184
48160.6	24	2297	48137-48185
48161	24.4000000000015	2297	48137-48185
48161.4	24	2297	48137-48185
48161	23.5999999999985	2297	48137-48185
48160.6	24	2297	48137-48185
48161.1	24.5	2298	48137-48186
48161.5	24.9000000000015	2298	48137-48186
48161.9	24.5	2298	48137-48186
48161.5	24.0999999999985	2298	48137-48186
48161.1	24.5	2298	48137-48186
48137.6	0	2299	48138-48138
48138	0.400000000001455	2299	48138-48138
48138.4	0	2299	48138-48138
48138	-0.400000000001455	2299	48138-48138
48137.6	0	2299	48138-48138
48138.1	0.5	2300	48138-48139
48138.5	0.900000000001455	2300	48138-48139
48138.9	0.5	2300	48138-48139
48138.5	0.0999999999985448	2300	48138-48139
48138.1	0.5	2300	48138-48139
48138.6	1	2301	48138-48140
48139	1.40000000000146	2301	48138-48140
48139.4	1	2301	48138-48140
48139	0.599999999998545	2301	48138-48140
48138.6	1	2301	48138-48140
48139.1	1.5	2302	48138-48141
48139.5	1.90000000000146	2302	48138-48141
48139.9	1.5	2302	48138-48141
48139.5	1.09999999999854	2302	48138-48141
48139.1	1.5	2302	48138-48141
48139.6	2	2303	48138-48142
48140	2.40000000000146	2303	48138-48142
48140.4	2	2303	48138-48142
48140	1.59999999999854	2303	48138-48142
48139.6	2	2303	48138-48142
48140.1	2.5	2304	48138-48143
48140.5	2.90000000000146	2304	48138-48143
48140.9	2.5	2304	48138-48143
48140.5	2.09999999999854	2304	48138-48143
48140.1	2.5	2304	48138-48143
48140.6	3	2305	48138-48144
48141	3.40000000000146	2305	48138-48144
48141.4	3	2305	48138-48144
48141	2.59999999999855	2305	48138-48144
48140.6	3	2305	48138-48144
48141.1	3.5	2306	48138-48145
48141.5	3.90000000000146	2306	48138-48145
48141.9	3.5	2306	48138-48145
48141.5	3.09999999999855	2306	48138-48145
48141.1	3.5	2306	48138-48145
48141.6	4	2307	48138-48146
48142	4.40000000000146	2307	48138-48146
48142.4	4	2307	48138-48146
48142	3.59999999999855	2307	48138-48146
48141.6	4	2307	48138-48146
48142.1	4.5	2308	48138-48147
48142.5	4.90000000000146	2308	48138-48147
48142.9	4.5	2308	48138-48147
48142.5	4.09999999999855	2308	48138-48147
48142.1	4.5	2308	48138-48147
48142.6	5	2309	48138-48148
48143	5.40000000000146	2309	48138-48148
48143.4	5	2309	48138-48148
48143	4.59999999999855	2309	48138-48148
48142.6	5	2309	48138-48148
48143.1	5.5	2310	48138-48149
48143.5	5.90000000000146	2310	48138-48149
48143.9	5.5	2310	48138-48149
48143.5	5.09999999999855	2310	48138-48149
48143.1	5.5	2310	48138-48149
48143.6	6	2311	48138-48150
48144	6.40000000000146	2311	48138-48150
48144.4	6	2311	48138-48150
48144	5.59999999999855	2311	48138-48150
48143.6	6	2311	48138-48150
48144.1	6.5	2312	48138-48151
48144.5	6.90000000000146	2312	48138-48151
48144.9	6.5	2312	48138-48151
48144.5	6.09999999999855	2312	48138-48151
48144.1	6.5	2312	48138-48151
48144.6	7	2313	48138-48152
48145	7.40000000000146	2313	48138-48152
48145.4	7	2313	48138-48152
48145	6.59999999999855	2313	48138-48152
48144.6	7	2313	48138-48152
48145.1	7.5	2314	48138-48153
48145.5	7.90000000000146	2314	48138-48153
48145.9	7.5	2314	48138-48153
48145.5	7.09999999999855	2314	48138-48153
48145.1	7.5	2314	48138-48153
48145.6	8	2315	48138-48154
48146	8.40000000000146	2315	48138-48154
48146.4	8	2315	48138-48154
48146	7.59999999999855	2315	48138-48154
48145.6	8	2315	48138-48154
48146.1	8.5	2316	48138-48155
48146.5	8.90000000000146	2316	48138-48155
48146.9	8.5	2316	48138-48155
48146.5	8.09999999999855	2316	48138-48155
48146.1	8.5	2316	48138-48155
48146.6	9	2317	48138-48156
48147	9.40000000000146	2317	48138-48156
48147.4	9	2317	48138-48156
48147	8.59999999999855	2317	48138-48156
48146.6	9	2317	48138-48156
48147.1	9.5	2318	48138-48157
48147.5	9.90000000000146	2318	48138-48157
48147.9	9.5	2318	48138-48157
48147.5	9.09999999999854	2318	48138-48157
48147.1	9.5	2318	48138-48157
48147.6	10	2319	48138-48158
48148	10.4000000000015	2319	48138-48158
48148.4	10	2319	48138-48158
48148	9.59999999999854	2319	48138-48158
48147.6	10	2319	48138-48158
48148.1	10.5	2320	48138-48159
48148.5	10.9000000000015	2320	48138-48159
48148.9	10.5	2320	48138-48159
48148.5	10.0999999999985	2320	48138-48159
48148.1	10.5	2320	48138-48159
48148.6	11	2321	48138-48160
48149	11.4000000000015	2321	48138-48160
48149.4	11	2321	48138-48160
48149	10.5999999999985	2321	48138-48160
48148.6	11	2321	48138-48160
48149.1	11.5	2322	48138-48161
48149.5	11.9000000000015	2322	48138-48161
48149.9	11.5	2322	48138-48161
48149.5	11.0999999999985	2322	48138-48161
48149.1	11.5	2322	48138-48161
48149.6	12	2323	48138-48162
48150	12.4000000000015	2323	48138-48162
48150.4	12	2323	48138-48162
48150	11.5999999999985	2323	48138-48162
48149.6	12	2323	48138-48162
48150.1	12.5	2324	48138-48163
48150.5	12.9000000000015	2324	48138-48163
48150.9	12.5	2324	48138-48163
48150.5	12.0999999999985	2324	48138-48163
48150.1	12.5	2324	48138-48163
48150.6	13	2325	48138-48164
48151	13.4000000000015	2325	48138-48164
48151.4	13	2325	48138-48164
48151	12.5999999999985	2325	48138-48164
48150.6	13	2325	48138-48164
48151.1	13.5	2326	48138-48165
48151.5	13.9000000000015	2326	48138-48165
48151.9	13.5	2326	48138-48165
48151.5	13.0999999999985	2326	48138-48165
48151.1	13.5	2326	48138-48165
48151.6	14	2327	48138-48166
48152	14.4000000000015	2327	48138-48166
48152.4	14	2327	48138-48166
48152	13.5999999999985	2327	48138-48166
48151.6	14	2327	48138-48166
48152.1	14.5	2328	48138-48167
48152.5	14.9000000000015	2328	48138-48167
48152.9	14.5	2328	48138-48167
48152.5	14.0999999999985	2328	48138-48167
48152.1	14.5	2328	48138-48167
48152.6	15	2329	48138-48168
48153	15.4000000000015	2329	48138-48168
48153.4	15	2329	48138-48168
48153	14.5999999999985	2329	48138-48168
48152.6	15	2329	48138-48168
48153.1	15.5	2330	48138-48169
48153.5	15.9000000000015	2330	48138-48169
48153.9	15.5	2330	48138-48169
48153.5	15.0999999999985	2330	48138-48169
48153.1	15.5	2330	48138-48169
48153.6	16	2331	48138-48170
48154	16.4000000000015	2331	48138-48170
48154.4	16	2331	48138-48170
48154	15.5999999999985	2331	48138-48170
48153.6	16	2331	48138-48170
48154.1	16.5	2332	48138-48171
48154.5	16.9000000000015	2332	48138-48171
48154.9	16.5	2332	48138-48171
48154.5	16.0999999999985	2332	48138-48171
48154.1	16.5	2332	48138-48171
48154.6	17	2333	48138-48172
48155	17.4000000000015	2333	48138-48172
48155.4	17	2333	48138-48172
48155	16.5999999999985	2333	48138-48172
48154.6	17	2333	48138-48172
48155.1	17.5	2334	48138-48173
48155.5	17.9000000000015	2334	48138-48173
48155.9	17.5	2334	48138-48173
48155.5	17.0999999999985	2334	48138-48173
48155.1	17.5	2334	48138-48173
48155.6	18	2335	48138-48174
48156	18.4000000000015	2335	48138-48174
48156.4	18	2335	48138-48174
48156	17.5999999999985	2335	48138-48174
48155.6	18	2335	48138-48174
48156.1	18.5	2336	48138-48175
48156.5	18.9000000000015	2336	48138-48175
48156.9	18.5	2336	48138-48175
48156.5	18.0999999999985	2336	48138-48175
48156.1	18.5	2336	48138-48175
48156.6	19	2337	48138-48176
48157	19.4000000000015	2337	48138-48176
48157.4	19	2337	48138-48176
48157	18.5999999999985	2337	48138-48176
48156.6	19	2337	48138-48176
48157.1	19.5	2338	48138-48177
48157.5	19.9000000000015	2338	48138-48177
48157.9	19.5	2338	48138-48177
48157.5	19.0999999999985	2338	48138-48177
48157.1	19.5	2338	48138-48177
48157.6	20	2339	48138-48178
48158	20.4000000000015	2339	48138-48178
48158.4	20	2339	48138-48178
48158	19.5999999999985	2339	48138-48178
48157.6	20	2339	48138-48178
48158.1	20.5	2340	48138-48179
48158.5	20.9000000000015	2340	48138-48179
48158.9	20.5	2340	48138-48179
48158.5	20.0999999999985	2340	48138-48179
48158.1	20.5	2340	48138-48179
48158.6	21	2341	48138-48180
48159	21.4000000000015	2341	48138-48180
48159.4	21	2341	48138-48180
48159	20.5999999999985	2341	48138-48180
48158.6	21	2341	48138-48180
48159.1	21.5	2342	48138-48181
48159.5	21.9000000000015	2342	48138-48181
48159.9	21.5	2342	48138-48181
48159.5	21.0999999999985	2342	48138-48181
48159.1	21.5	2342	48138-48181
48159.6	22	2343	48138-48182
48160	22.4000000000015	2343	48138-48182
48160.4	22	2343	48138-48182
48160	21.5999999999985	2343	48138-48182
48159.6	22	2343	48138-48182
48160.1	22.5	2344	48138-48183
48160.5	22.9000000000015	2344	48138-48183
48160.9	22.5	2344	48138-48183
48160.5	22.0999999999985	2344	48138-48183
48160.1	22.5	2344	48138-48183
48160.6	23	2345	48138-48184
48161	23.4000000000015	2345	48138-48184
48161.4	23	2345	48138-48184
48161	22.5999999999985	2345	48138-48184
48160.6	23	2345	48138-48184
48161.1	23.5	2346	48138-48185
48161.5	23.9000000000015	2346	48138-48185
48161.9	23.5	2346	48138-48185
48161.5	23.0999999999985	2346	48138-48185
48161.1	23.5	2346	48138-48185
48161.6	24	2347	48138-48186
48162	24.4000000000015	2347	48138-48186
48162.4	24	2347	48138-48186
48162	23.5999999999985	2347	48138-48186
48161.6	24	2347	48138-48186
48162.1	24.5	2348	48138-48187
48162.5	24.9000000000015	2348	48138-48187
48162.9	24.5	2348	48138-48187
48162.5	24.0999999999985	2348	48138-48187
48162.1	24.5	2348	48138-48187
48138.6	0	2349	48139-48139
48139	0.400000000001455	2349	48139-48139
48139.4	0	2349	48139-48139
48139	-0.400000000001455	2349	48139-48139
48138.6	0	2349	48139-48139
48139.1	0.5	2350	48139-48140
48139.5	0.900000000001455	2350	48139-48140
48139.9	0.5	2350	48139-48140
48139.5	0.0999999999985448	2350	48139-48140
48139.1	0.5	2350	48139-48140
48139.6	1	2351	48139-48141
48140	1.40000000000146	2351	48139-48141
48140.4	1	2351	48139-48141
48140	0.599999999998545	2351	48139-48141
48139.6	1	2351	48139-48141
48140.1	1.5	2352	48139-48142
48140.5	1.90000000000146	2352	48139-48142
48140.9	1.5	2352	48139-48142
48140.5	1.09999999999854	2352	48139-48142
48140.1	1.5	2352	48139-48142
48140.6	2	2353	48139-48143
48141	2.40000000000146	2353	48139-48143
48141.4	2	2353	48139-48143
48141	1.59999999999854	2353	48139-48143
48140.6	2	2353	48139-48143
48141.1	2.5	2354	48139-48144
48141.5	2.90000000000146	2354	48139-48144
48141.9	2.5	2354	48139-48144
48141.5	2.09999999999854	2354	48139-48144
48141.1	2.5	2354	48139-48144
48141.6	3	2355	48139-48145
48142	3.40000000000146	2355	48139-48145
48142.4	3	2355	48139-48145
48142	2.59999999999855	2355	48139-48145
48141.6	3	2355	48139-48145
48142.1	3.5	2356	48139-48146
48142.5	3.90000000000146	2356	48139-48146
48142.9	3.5	2356	48139-48146
48142.5	3.09999999999855	2356	48139-48146
48142.1	3.5	2356	48139-48146
48142.6	4	2357	48139-48147
48143	4.40000000000146	2357	48139-48147
48143.4	4	2357	48139-48147
48143	3.59999999999855	2357	48139-48147
48142.6	4	2357	48139-48147
48143.1	4.5	2358	48139-48148
48143.5	4.90000000000146	2358	48139-48148
48143.9	4.5	2358	48139-48148
48143.5	4.09999999999855	2358	48139-48148
48143.1	4.5	2358	48139-48148
48143.6	5	2359	48139-48149
48144	5.40000000000146	2359	48139-48149
48144.4	5	2359	48139-48149
48144	4.59999999999855	2359	48139-48149
48143.6	5	2359	48139-48149
48144.1	5.5	2360	48139-48150
48144.5	5.90000000000146	2360	48139-48150
48144.9	5.5	2360	48139-48150
48144.5	5.09999999999855	2360	48139-48150
48144.1	5.5	2360	48139-48150
48144.6	6	2361	48139-48151
48145	6.40000000000146	2361	48139-48151
48145.4	6	2361	48139-48151
48145	5.59999999999855	2361	48139-48151
48144.6	6	2361	48139-48151
48145.1	6.5	2362	48139-48152
48145.5	6.90000000000146	2362	48139-48152
48145.9	6.5	2362	48139-48152
48145.5	6.09999999999855	2362	48139-48152
48145.1	6.5	2362	48139-48152
48145.6	7	2363	48139-48153
48146	7.40000000000146	2363	48139-48153
48146.4	7	2363	48139-48153
48146	6.59999999999855	2363	48139-48153
48145.6	7	2363	48139-48153
48146.1	7.5	2364	48139-48154
48146.5	7.90000000000146	2364	48139-48154
48146.9	7.5	2364	48139-48154
48146.5	7.09999999999855	2364	48139-48154
48146.1	7.5	2364	48139-48154
48146.6	8	2365	48139-48155
48147	8.40000000000146	2365	48139-48155
48147.4	8	2365	48139-48155
48147	7.59999999999855	2365	48139-48155
48146.6	8	2365	48139-48155
48147.1	8.5	2366	48139-48156
48147.5	8.90000000000146	2366	48139-48156
48147.9	8.5	2366	48139-48156
48147.5	8.09999999999855	2366	48139-48156
48147.1	8.5	2366	48139-48156
48147.6	9	2367	48139-48157
48148	9.40000000000146	2367	48139-48157
48148.4	9	2367	48139-48157
48148	8.59999999999855	2367	48139-48157
48147.6	9	2367	48139-48157
48148.1	9.5	2368	48139-48158
48148.5	9.90000000000146	2368	48139-48158
48148.9	9.5	2368	48139-48158
48148.5	9.09999999999854	2368	48139-48158
48148.1	9.5	2368	48139-48158
48148.6	10	2369	48139-48159
48149	10.4000000000015	2369	48139-48159
48149.4	10	2369	48139-48159
48149	9.59999999999854	2369	48139-48159
48148.6	10	2369	48139-48159
48149.1	10.5	2370	48139-48160
48149.5	10.9000000000015	2370	48139-48160
48149.9	10.5	2370	48139-48160
48149.5	10.0999999999985	2370	48139-48160
48149.1	10.5	2370	48139-48160
48149.6	11	2371	48139-48161
48150	11.4000000000015	2371	48139-48161
48150.4	11	2371	48139-48161
48150	10.5999999999985	2371	48139-48161
48149.6	11	2371	48139-48161
48150.1	11.5	2372	48139-48162
48150.5	11.9000000000015	2372	48139-48162
48150.9	11.5	2372	48139-48162
48150.5	11.0999999999985	2372	48139-48162
48150.1	11.5	2372	48139-48162
48150.6	12	2373	48139-48163
48151	12.4000000000015	2373	48139-48163
48151.4	12	2373	48139-48163
48151	11.5999999999985	2373	48139-48163
48150.6	12	2373	48139-48163
48151.1	12.5	2374	48139-48164
48151.5	12.9000000000015	2374	48139-48164
48151.9	12.5	2374	48139-48164
48151.5	12.0999999999985	2374	48139-48164
48151.1	12.5	2374	48139-48164
48151.6	13	2375	48139-48165
48152	13.4000000000015	2375	48139-48165
48152.4	13	2375	48139-48165
48152	12.5999999999985	2375	48139-48165
48151.6	13	2375	48139-48165
48152.1	13.5	2376	48139-48166
48152.5	13.9000000000015	2376	48139-48166
48152.9	13.5	2376	48139-48166
48152.5	13.0999999999985	2376	48139-48166
48152.1	13.5	2376	48139-48166
48152.6	14	2377	48139-48167
48153	14.4000000000015	2377	48139-48167
48153.4	14	2377	48139-48167
48153	13.5999999999985	2377	48139-48167
48152.6	14	2377	48139-48167
48153.1	14.5	2378	48139-48168
48153.5	14.9000000000015	2378	48139-48168
48153.9	14.5	2378	48139-48168
48153.5	14.0999999999985	2378	48139-48168
48153.1	14.5	2378	48139-48168
48153.6	15	2379	48139-48169
48154	15.4000000000015	2379	48139-48169
48154.4	15	2379	48139-48169
48154	14.5999999999985	2379	48139-48169
48153.6	15	2379	48139-48169
48154.1	15.5	2380	48139-48170
48154.5	15.9000000000015	2380	48139-48170
48154.9	15.5	2380	48139-48170
48154.5	15.0999999999985	2380	48139-48170
48154.1	15.5	2380	48139-48170
48154.6	16	2381	48139-48171
48155	16.4000000000015	2381	48139-48171
48155.4	16	2381	48139-48171
48155	15.5999999999985	2381	48139-48171
48154.6	16	2381	48139-48171
48155.1	16.5	2382	48139-48172
48155.5	16.9000000000015	2382	48139-48172
48155.9	16.5	2382	48139-48172
48155.5	16.0999999999985	2382	48139-48172
48155.1	16.5	2382	48139-48172
48155.6	17	2383	48139-48173
48156	17.4000000000015	2383	48139-48173
48156.4	17	2383	48139-48173
48156	16.5999999999985	2383	48139-48173
48155.6	17	2383	48139-48173
48156.1	17.5	2384	48139-48174
48156.5	17.9000000000015	2384	48139-48174
48156.9	17.5	2384	48139-48174
48156.5	17.0999999999985	2384	48139-48174
48156.1	17.5	2384	48139-48174
48156.6	18	2385	48139-48175
48157	18.4000000000015	2385	48139-48175
48157.4	18	2385	48139-48175
48157	17.5999999999985	2385	48139-48175
48156.6	18	2385	48139-48175
48157.1	18.5	2386	48139-48176
48157.5	18.9000000000015	2386	48139-48176
48157.9	18.5	2386	48139-48176
48157.5	18.0999999999985	2386	48139-48176
48157.1	18.5	2386	48139-48176
48157.6	19	2387	48139-48177
48158	19.4000000000015	2387	48139-48177
48158.4	19	2387	48139-48177
48158	18.5999999999985	2387	48139-48177
48157.6	19	2387	48139-48177
48158.1	19.5	2388	48139-48178
48158.5	19.9000000000015	2388	48139-48178
48158.9	19.5	2388	48139-48178
48158.5	19.0999999999985	2388	48139-48178
48158.1	19.5	2388	48139-48178
48158.6	20	2389	48139-48179
48159	20.4000000000015	2389	48139-48179
48159.4	20	2389	48139-48179
48159	19.5999999999985	2389	48139-48179
48158.6	20	2389	48139-48179
48159.1	20.5	2390	48139-48180
48159.5	20.9000000000015	2390	48139-48180
48159.9	20.5	2390	48139-48180
48159.5	20.0999999999985	2390	48139-48180
48159.1	20.5	2390	48139-48180
48159.6	21	2391	48139-48181
48160	21.4000000000015	2391	48139-48181
48160.4	21	2391	48139-48181
48160	20.5999999999985	2391	48139-48181
48159.6	21	2391	48139-48181
48160.1	21.5	2392	48139-48182
48160.5	21.9000000000015	2392	48139-48182
48160.9	21.5	2392	48139-48182
48160.5	21.0999999999985	2392	48139-48182
48160.1	21.5	2392	48139-48182
48160.6	22	2393	48139-48183
48161	22.4000000000015	2393	48139-48183
48161.4	22	2393	48139-48183
48161	21.5999999999985	2393	48139-48183
48160.6	22	2393	48139-48183
48161.1	22.5	2394	48139-48184
48161.5	22.9000000000015	2394	48139-48184
48161.9	22.5	2394	48139-48184
48161.5	22.0999999999985	2394	48139-48184
48161.1	22.5	2394	48139-48184
48161.6	23	2395	48139-48185
48162	23.4000000000015	2395	48139-48185
48162.4	23	2395	48139-48185
48162	22.5999999999985	2395	48139-48185
48161.6	23	2395	48139-48185
48162.1	23.5	2396	48139-48186
48162.5	23.9000000000015	2396	48139-48186
48162.9	23.5	2396	48139-48186
48162.5	23.0999999999985	2396	48139-48186
48162.1	23.5	2396	48139-48186
48162.6	24	2397	48139-48187
48163	24.4000000000015	2397	48139-48187
48163.4	24	2397	48139-48187
48163	23.5999999999985	2397	48139-48187
48162.6	24	2397	48139-48187
48163.1	24.5	2398	48139-48188
48163.5	24.9000000000015	2398	48139-48188
48163.9	24.5	2398	48139-48188
48163.5	24.0999999999985	2398	48139-48188
48163.1	24.5	2398	48139-48188
48139.6	0	2399	48140-48140
48140	0.400000000001455	2399	48140-48140
48140.4	0	2399	48140-48140
48140	-0.400000000001455	2399	48140-48140
48139.6	0	2399	48140-48140
48140.1	0.5	2400	48140-48141
48140.5	0.900000000001455	2400	48140-48141
48140.9	0.5	2400	48140-48141
48140.5	0.0999999999985448	2400	48140-48141
48140.1	0.5	2400	48140-48141
48140.6	1	2401	48140-48142
48141	1.40000000000146	2401	48140-48142
48141.4	1	2401	48140-48142
48141	0.599999999998545	2401	48140-48142
48140.6	1	2401	48140-48142
48141.1	1.5	2402	48140-48143
48141.5	1.90000000000146	2402	48140-48143
48141.9	1.5	2402	48140-48143
48141.5	1.09999999999854	2402	48140-48143
48141.1	1.5	2402	48140-48143
48141.6	2	2403	48140-48144
48142	2.40000000000146	2403	48140-48144
48142.4	2	2403	48140-48144
48142	1.59999999999854	2403	48140-48144
48141.6	2	2403	48140-48144
48142.1	2.5	2404	48140-48145
48142.5	2.90000000000146	2404	48140-48145
48142.9	2.5	2404	48140-48145
48142.5	2.09999999999854	2404	48140-48145
48142.1	2.5	2404	48140-48145
48142.6	3	2405	48140-48146
48143	3.40000000000146	2405	48140-48146
48143.4	3	2405	48140-48146
48143	2.59999999999855	2405	48140-48146
48142.6	3	2405	48140-48146
48143.1	3.5	2406	48140-48147
48143.5	3.90000000000146	2406	48140-48147
48143.9	3.5	2406	48140-48147
48143.5	3.09999999999855	2406	48140-48147
48143.1	3.5	2406	48140-48147
48143.6	4	2407	48140-48148
48144	4.40000000000146	2407	48140-48148
48144.4	4	2407	48140-48148
48144	3.59999999999855	2407	48140-48148
48143.6	4	2407	48140-48148
48144.1	4.5	2408	48140-48149
48144.5	4.90000000000146	2408	48140-48149
48144.9	4.5	2408	48140-48149
48144.5	4.09999999999855	2408	48140-48149
48144.1	4.5	2408	48140-48149
48144.6	5	2409	48140-48150
48145	5.40000000000146	2409	48140-48150
48145.4	5	2409	48140-48150
48145	4.59999999999855	2409	48140-48150
48144.6	5	2409	48140-48150
48145.1	5.5	2410	48140-48151
48145.5	5.90000000000146	2410	48140-48151
48145.9	5.5	2410	48140-48151
48145.5	5.09999999999855	2410	48140-48151
48145.1	5.5	2410	48140-48151
48145.6	6	2411	48140-48152
48146	6.40000000000146	2411	48140-48152
48146.4	6	2411	48140-48152
48146	5.59999999999855	2411	48140-48152
48145.6	6	2411	48140-48152
48146.1	6.5	2412	48140-48153
48146.5	6.90000000000146	2412	48140-48153
48146.9	6.5	2412	48140-48153
48146.5	6.09999999999855	2412	48140-48153
48146.1	6.5	2412	48140-48153
48146.6	7	2413	48140-48154
48147	7.40000000000146	2413	48140-48154
48147.4	7	2413	48140-48154
48147	6.59999999999855	2413	48140-48154
48146.6	7	2413	48140-48154
48147.1	7.5	2414	48140-48155
48147.5	7.90000000000146	2414	48140-48155
48147.9	7.5	2414	48140-48155
48147.5	7.09999999999855	2414	48140-48155
48147.1	7.5	2414	48140-48155
48147.6	8	2415	48140-48156
48148	8.40000000000146	2415	48140-48156
48148.4	8	2415	48140-48156
48148	7.59999999999855	2415	48140-48156
48147.6	8	2415	48140-48156
48148.1	8.5	2416	48140-48157
48148.5	8.90000000000146	2416	48140-48157
48148.9	8.5	2416	48140-48157
48148.5	8.09999999999855	2416	48140-48157
48148.1	8.5	2416	48140-48157
48148.6	9	2417	48140-48158
48149	9.40000000000146	2417	48140-48158
48149.4	9	2417	48140-48158
48149	8.59999999999855	2417	48140-48158
48148.6	9	2417	48140-48158
48149.1	9.5	2418	48140-48159
48149.5	9.90000000000146	2418	48140-48159
48149.9	9.5	2418	48140-48159
48149.5	9.09999999999854	2418	48140-48159
48149.1	9.5	2418	48140-48159
48149.6	10	2419	48140-48160
48150	10.4000000000015	2419	48140-48160
48150.4	10	2419	48140-48160
48150	9.59999999999854	2419	48140-48160
48149.6	10	2419	48140-48160
48150.1	10.5	2420	48140-48161
48150.5	10.9000000000015	2420	48140-48161
48150.9	10.5	2420	48140-48161
48150.5	10.0999999999985	2420	48140-48161
48150.1	10.5	2420	48140-48161
48150.6	11	2421	48140-48162
48151	11.4000000000015	2421	48140-48162
48151.4	11	2421	48140-48162
48151	10.5999999999985	2421	48140-48162
48150.6	11	2421	48140-48162
48151.1	11.5	2422	48140-48163
48151.5	11.9000000000015	2422	48140-48163
48151.9	11.5	2422	48140-48163
48151.5	11.0999999999985	2422	48140-48163
48151.1	11.5	2422	48140-48163
48151.6	12	2423	48140-48164
48152	12.4000000000015	2423	48140-48164
48152.4	12	2423	48140-48164
48152	11.5999999999985	2423	48140-48164
48151.6	12	2423	48140-48164
48152.1	12.5	2424	48140-48165
48152.5	12.9000000000015	2424	48140-48165
48152.9	12.5	2424	48140-48165
48152.5	12.0999999999985	2424	48140-48165
48152.1	12.5	2424	48140-48165
48152.6	13	2425	48140-48166
48153	13.4000000000015	2425	48140-48166
48153.4	13	2425	48140-48166
48153	12.5999999999985	2425	48140-48166
48152.6	13	2425	48140-48166
48153.1	13.5	2426	48140-48167
48153.5	13.9000000000015	2426	48140-48167
48153.9	13.5	2426	48140-48167
48153.5	13.0999999999985	2426	48140-48167
48153.1	13.5	2426	48140-48167
48153.6	14	2427	48140-48168
48154	14.4000000000015	2427	48140-48168
48154.4	14	2427	48140-48168
48154	13.5999999999985	2427	48140-48168
48153.6	14	2427	48140-48168
48154.1	14.5	2428	48140-48169
48154.5	14.9000000000015	2428	48140-48169
48154.9	14.5	2428	48140-48169
48154.5	14.0999999999985	2428	48140-48169
48154.1	14.5	2428	48140-48169
48154.6	15	2429	48140-48170
48155	15.4000000000015	2429	48140-48170
48155.4	15	2429	48140-48170
48155	14.5999999999985	2429	48140-48170
48154.6	15	2429	48140-48170
48155.1	15.5	2430	48140-48171
48155.5	15.9000000000015	2430	48140-48171
48155.9	15.5	2430	48140-48171
48155.5	15.0999999999985	2430	48140-48171
48155.1	15.5	2430	48140-48171
48155.6	16	2431	48140-48172
48156	16.4000000000015	2431	48140-48172
48156.4	16	2431	48140-48172
48156	15.5999999999985	2431	48140-48172
48155.6	16	2431	48140-48172
48156.1	16.5	2432	48140-48173
48156.5	16.9000000000015	2432	48140-48173
48156.9	16.5	2432	48140-48173
48156.5	16.0999999999985	2432	48140-48173
48156.1	16.5	2432	48140-48173
48156.6	17	2433	48140-48174
48157	17.4000000000015	2433	48140-48174
48157.4	17	2433	48140-48174
48157	16.5999999999985	2433	48140-48174
48156.6	17	2433	48140-48174
48157.1	17.5	2434	48140-48175
48157.5	17.9000000000015	2434	48140-48175
48157.9	17.5	2434	48140-48175
48157.5	17.0999999999985	2434	48140-48175
48157.1	17.5	2434	48140-48175
48157.6	18	2435	48140-48176
48158	18.4000000000015	2435	48140-48176
48158.4	18	2435	48140-48176
48158	17.5999999999985	2435	48140-48176
48157.6	18	2435	48140-48176
48158.1	18.5	2436	48140-48177
48158.5	18.9000000000015	2436	48140-48177
48158.9	18.5	2436	48140-48177
48158.5	18.0999999999985	2436	48140-48177
48158.1	18.5	2436	48140-48177
48158.6	19	2437	48140-48178
48159	19.4000000000015	2437	48140-48178
48159.4	19	2437	48140-48178
48159	18.5999999999985	2437	48140-48178
48158.6	19	2437	48140-48178
48159.1	19.5	2438	48140-48179
48159.5	19.9000000000015	2438	48140-48179
48159.9	19.5	2438	48140-48179
48159.5	19.0999999999985	2438	48140-48179
48159.1	19.5	2438	48140-48179
48159.6	20	2439	48140-48180
48160	20.4000000000015	2439	48140-48180
48160.4	20	2439	48140-48180
48160	19.5999999999985	2439	48140-48180
48159.6	20	2439	48140-48180
48160.1	20.5	2440	48140-48181
48160.5	20.9000000000015	2440	48140-48181
48160.9	20.5	2440	48140-48181
48160.5	20.0999999999985	2440	48140-48181
48160.1	20.5	2440	48140-48181
48160.6	21	2441	48140-48182
48161	21.4000000000015	2441	48140-48182
48161.4	21	2441	48140-48182
48161	20.5999999999985	2441	48140-48182
48160.6	21	2441	48140-48182
48161.1	21.5	2442	48140-48183
48161.5	21.9000000000015	2442	48140-48183
48161.9	21.5	2442	48140-48183
48161.5	21.0999999999985	2442	48140-48183
48161.1	21.5	2442	48140-48183
48161.6	22	2443	48140-48184
48162	22.4000000000015	2443	48140-48184
48162.4	22	2443	48140-48184
48162	21.5999999999985	2443	48140-48184
48161.6	22	2443	48140-48184
48162.1	22.5	2444	48140-48185
48162.5	22.9000000000015	2444	48140-48185
48162.9	22.5	2444	48140-48185
48162.5	22.0999999999985	2444	48140-48185
48162.1	22.5	2444	48140-48185
48162.6	23	2445	48140-48186
48163	23.4000000000015	2445	48140-48186
48163.4	23	2445	48140-48186
48163	22.5999999999985	2445	48140-48186
48162.6	23	2445	48140-48186
48163.1	23.5	2446	48140-48187
48163.5	23.9000000000015	2446	48140-48187
48163.9	23.5	2446	48140-48187
48163.5	23.0999999999985	2446	48140-48187
48163.1	23.5	2446	48140-48187
48163.6	24	2447	48140-48188
48164	24.4000000000015	2447	48140-48188
48164.4	24	2447	48140-48188
48164	23.5999999999985	2447	48140-48188
48163.6	24	2447	48140-48188
48164.1	24.5	2448	48140-48189
48164.5	24.9000000000015	2448	48140-48189
48164.9	24.5	2448	48140-48189
48164.5	24.0999999999985	2448	48140-48189
48164.1	24.5	2448	48140-48189
48140.6	0	2449	48141-48141
48141	0.400000000001455	2449	48141-48141
48141.4	0	2449	48141-48141
48141	-0.400000000001455	2449	48141-48141
48140.6	0	2449	48141-48141
48141.1	0.5	2450	48141-48142
48141.5	0.900000000001455	2450	48141-48142
48141.9	0.5	2450	48141-48142
48141.5	0.0999999999985448	2450	48141-48142
48141.1	0.5	2450	48141-48142
48141.6	1	2451	48141-48143
48142	1.40000000000146	2451	48141-48143
48142.4	1	2451	48141-48143
48142	0.599999999998545	2451	48141-48143
48141.6	1	2451	48141-48143
48142.1	1.5	2452	48141-48144
48142.5	1.90000000000146	2452	48141-48144
48142.9	1.5	2452	48141-48144
48142.5	1.09999999999854	2452	48141-48144
48142.1	1.5	2452	48141-48144
48142.6	2	2453	48141-48145
48143	2.40000000000146	2453	48141-48145
48143.4	2	2453	48141-48145
48143	1.59999999999854	2453	48141-48145
48142.6	2	2453	48141-48145
48143.1	2.5	2454	48141-48146
48143.5	2.90000000000146	2454	48141-48146
48143.9	2.5	2454	48141-48146
48143.5	2.09999999999854	2454	48141-48146
48143.1	2.5	2454	48141-48146
48143.6	3	2455	48141-48147
48144	3.40000000000146	2455	48141-48147
48144.4	3	2455	48141-48147
48144	2.59999999999855	2455	48141-48147
48143.6	3	2455	48141-48147
48144.1	3.5	2456	48141-48148
48144.5	3.90000000000146	2456	48141-48148
48144.9	3.5	2456	48141-48148
48144.5	3.09999999999855	2456	48141-48148
48144.1	3.5	2456	48141-48148
48144.6	4	2457	48141-48149
48145	4.40000000000146	2457	48141-48149
48145.4	4	2457	48141-48149
48145	3.59999999999855	2457	48141-48149
48144.6	4	2457	48141-48149
48145.1	4.5	2458	48141-48150
48145.5	4.90000000000146	2458	48141-48150
48145.9	4.5	2458	48141-48150
48145.5	4.09999999999855	2458	48141-48150
48145.1	4.5	2458	48141-48150
48145.6	5	2459	48141-48151
48146	5.40000000000146	2459	48141-48151
48146.4	5	2459	48141-48151
48146	4.59999999999855	2459	48141-48151
48145.6	5	2459	48141-48151
48146.1	5.5	2460	48141-48152
48146.5	5.90000000000146	2460	48141-48152
48146.9	5.5	2460	48141-48152
48146.5	5.09999999999855	2460	48141-48152
48146.1	5.5	2460	48141-48152
48146.6	6	2461	48141-48153
48147	6.40000000000146	2461	48141-48153
48147.4	6	2461	48141-48153
48147	5.59999999999855	2461	48141-48153
48146.6	6	2461	48141-48153
48147.1	6.5	2462	48141-48154
48147.5	6.90000000000146	2462	48141-48154
48147.9	6.5	2462	48141-48154
48147.5	6.09999999999855	2462	48141-48154
48147.1	6.5	2462	48141-48154
48147.6	7	2463	48141-48155
48148	7.40000000000146	2463	48141-48155
48148.4	7	2463	48141-48155
48148	6.59999999999855	2463	48141-48155
48147.6	7	2463	48141-48155
48148.1	7.5	2464	48141-48156
48148.5	7.90000000000146	2464	48141-48156
48148.9	7.5	2464	48141-48156
48148.5	7.09999999999855	2464	48141-48156
48148.1	7.5	2464	48141-48156
48148.6	8	2465	48141-48157
48149	8.40000000000146	2465	48141-48157
48149.4	8	2465	48141-48157
48149	7.59999999999855	2465	48141-48157
48148.6	8	2465	48141-48157
48149.1	8.5	2466	48141-48158
48149.5	8.90000000000146	2466	48141-48158
48149.9	8.5	2466	48141-48158
48149.5	8.09999999999855	2466	48141-48158
48149.1	8.5	2466	48141-48158
48149.6	9	2467	48141-48159
48150	9.40000000000146	2467	48141-48159
48150.4	9	2467	48141-48159
48150	8.59999999999855	2467	48141-48159
48149.6	9	2467	48141-48159
48150.1	9.5	2468	48141-48160
48150.5	9.90000000000146	2468	48141-48160
48150.9	9.5	2468	48141-48160
48150.5	9.09999999999854	2468	48141-48160
48150.1	9.5	2468	48141-48160
48150.6	10	2469	48141-48161
48151	10.4000000000015	2469	48141-48161
48151.4	10	2469	48141-48161
48151	9.59999999999854	2469	48141-48161
48150.6	10	2469	48141-48161
48151.1	10.5	2470	48141-48162
48151.5	10.9000000000015	2470	48141-48162
48151.9	10.5	2470	48141-48162
48151.5	10.0999999999985	2470	48141-48162
48151.1	10.5	2470	48141-48162
48151.6	11	2471	48141-48163
48152	11.4000000000015	2471	48141-48163
48152.4	11	2471	48141-48163
48152	10.5999999999985	2471	48141-48163
48151.6	11	2471	48141-48163
48152.1	11.5	2472	48141-48164
48152.5	11.9000000000015	2472	48141-48164
48152.9	11.5	2472	48141-48164
48152.5	11.0999999999985	2472	48141-48164
48152.1	11.5	2472	48141-48164
48152.6	12	2473	48141-48165
48153	12.4000000000015	2473	48141-48165
48153.4	12	2473	48141-48165
48153	11.5999999999985	2473	48141-48165
48152.6	12	2473	48141-48165
48153.1	12.5	2474	48141-48166
48153.5	12.9000000000015	2474	48141-48166
48153.9	12.5	2474	48141-48166
48153.5	12.0999999999985	2474	48141-48166
48153.1	12.5	2474	48141-48166
48153.6	13	2475	48141-48167
48154	13.4000000000015	2475	48141-48167
48154.4	13	2475	48141-48167
48154	12.5999999999985	2475	48141-48167
48153.6	13	2475	48141-48167
48154.1	13.5	2476	48141-48168
48154.5	13.9000000000015	2476	48141-48168
48154.9	13.5	2476	48141-48168
48154.5	13.0999999999985	2476	48141-48168
48154.1	13.5	2476	48141-48168
48154.6	14	2477	48141-48169
48155	14.4000000000015	2477	48141-48169
48155.4	14	2477	48141-48169
48155	13.5999999999985	2477	48141-48169
48154.6	14	2477	48141-48169
48155.1	14.5	2478	48141-48170
48155.5	14.9000000000015	2478	48141-48170
48155.9	14.5	2478	48141-48170
48155.5	14.0999999999985	2478	48141-48170
48155.1	14.5	2478	48141-48170
48155.6	15	2479	48141-48171
48156	15.4000000000015	2479	48141-48171
48156.4	15	2479	48141-48171
48156	14.5999999999985	2479	48141-48171
48155.6	15	2479	48141-48171
48156.1	15.5	2480	48141-48172
48156.5	15.9000000000015	2480	48141-48172
48156.9	15.5	2480	48141-48172
48156.5	15.0999999999985	2480	48141-48172
48156.1	15.5	2480	48141-48172
48156.6	16	2481	48141-48173
48157	16.4000000000015	2481	48141-48173
48157.4	16	2481	48141-48173
48157	15.5999999999985	2481	48141-48173
48156.6	16	2481	48141-48173
48157.1	16.5	2482	48141-48174
48157.5	16.9000000000015	2482	48141-48174
48157.9	16.5	2482	48141-48174
48157.5	16.0999999999985	2482	48141-48174
48157.1	16.5	2482	48141-48174
48157.6	17	2483	48141-48175
48158	17.4000000000015	2483	48141-48175
48158.4	17	2483	48141-48175
48158	16.5999999999985	2483	48141-48175
48157.6	17	2483	48141-48175
48158.1	17.5	2484	48141-48176
48158.5	17.9000000000015	2484	48141-48176
48158.9	17.5	2484	48141-48176
48158.5	17.0999999999985	2484	48141-48176
48158.1	17.5	2484	48141-48176
48158.6	18	2485	48141-48177
48159	18.4000000000015	2485	48141-48177
48159.4	18	2485	48141-48177
48159	17.5999999999985	2485	48141-48177
48158.6	18	2485	48141-48177
48159.1	18.5	2486	48141-48178
48159.5	18.9000000000015	2486	48141-48178
48159.9	18.5	2486	48141-48178
48159.5	18.0999999999985	2486	48141-48178
48159.1	18.5	2486	48141-48178
48159.6	19	2487	48141-48179
48160	19.4000000000015	2487	48141-48179
48160.4	19	2487	48141-48179
48160	18.5999999999985	2487	48141-48179
48159.6	19	2487	48141-48179
48160.1	19.5	2488	48141-48180
48160.5	19.9000000000015	2488	48141-48180
48160.9	19.5	2488	48141-48180
48160.5	19.0999999999985	2488	48141-48180
48160.1	19.5	2488	48141-48180
48160.6	20	2489	48141-48181
48161	20.4000000000015	2489	48141-48181
48161.4	20	2489	48141-48181
48161	19.5999999999985	2489	48141-48181
48160.6	20	2489	48141-48181
48161.1	20.5	2490	48141-48182
48161.5	20.9000000000015	2490	48141-48182
48161.9	20.5	2490	48141-48182
48161.5	20.0999999999985	2490	48141-48182
48161.1	20.5	2490	48141-48182
48161.6	21	2491	48141-48183
48162	21.4000000000015	2491	48141-48183
48162.4	21	2491	48141-48183
48162	20.5999999999985	2491	48141-48183
48161.6	21	2491	48141-48183
48162.1	21.5	2492	48141-48184
48162.5	21.9000000000015	2492	48141-48184
48162.9	21.5	2492	48141-48184
48162.5	21.0999999999985	2492	48141-48184
48162.1	21.5	2492	48141-48184
48162.6	22	2493	48141-48185
48163	22.4000000000015	2493	48141-48185
48163.4	22	2493	48141-48185
48163	21.5999999999985	2493	48141-48185
48162.6	22	2493	48141-48185
48163.1	22.5	2494	48141-48186
48163.5	22.9000000000015	2494	48141-48186
48163.9	22.5	2494	48141-48186
48163.5	22.0999999999985	2494	48141-48186
48163.1	22.5	2494	48141-48186
48163.6	23	2495	48141-48187
48164	23.4000000000015	2495	48141-48187
48164.4	23	2495	48141-48187
48164	22.5999999999985	2495	48141-48187
48163.6	23	2495	48141-48187
48164.1	23.5	2496	48141-48188
48164.5	23.9000000000015	2496	48141-48188
48164.9	23.5	2496	48141-48188
48164.5	23.0999999999985	2496	48141-48188
48164.1	23.5	2496	48141-48188
48164.6	24	2497	48141-48189
48165	24.4000000000015	2497	48141-48189
48165.4	24	2497	48141-48189
48165	23.5999999999985	2497	48141-48189
48164.6	24	2497	48141-48189
48141.6	0	2498	48142-48142
48142	0.400000000001455	2498	48142-48142
48142.4	0	2498	48142-48142
48142	-0.400000000001455	2498	48142-48142
48141.6	0	2498	48142-48142
48142.1	0.5	2499	48142-48143
48142.5	0.900000000001455	2499	48142-48143
48142.9	0.5	2499	48142-48143
48142.5	0.0999999999985448	2499	48142-48143
48142.1	0.5	2499	48142-48143
48142.6	1	2500	48142-48144
48143	1.40000000000146	2500	48142-48144
48143.4	1	2500	48142-48144
48143	0.599999999998545	2500	48142-48144
48142.6	1	2500	48142-48144
48143.1	1.5	2501	48142-48145
48143.5	1.90000000000146	2501	48142-48145
48143.9	1.5	2501	48142-48145
48143.5	1.09999999999854	2501	48142-48145
48143.1	1.5	2501	48142-48145
48143.6	2	2502	48142-48146
48144	2.40000000000146	2502	48142-48146
48144.4	2	2502	48142-48146
48144	1.59999999999854	2502	48142-48146
48143.6	2	2502	48142-48146
48144.1	2.5	2503	48142-48147
48144.5	2.90000000000146	2503	48142-48147
48144.9	2.5	2503	48142-48147
48144.5	2.09999999999854	2503	48142-48147
48144.1	2.5	2503	48142-48147
48144.6	3	2504	48142-48148
48145	3.40000000000146	2504	48142-48148
48145.4	3	2504	48142-48148
48145	2.59999999999855	2504	48142-48148
48144.6	3	2504	48142-48148
48145.1	3.5	2505	48142-48149
48145.5	3.90000000000146	2505	48142-48149
48145.9	3.5	2505	48142-48149
48145.5	3.09999999999855	2505	48142-48149
48145.1	3.5	2505	48142-48149
48145.6	4	2506	48142-48150
48146	4.40000000000146	2506	48142-48150
48146.4	4	2506	48142-48150
48146	3.59999999999855	2506	48142-48150
48145.6	4	2506	48142-48150
48146.1	4.5	2507	48142-48151
48146.5	4.90000000000146	2507	48142-48151
48146.9	4.5	2507	48142-48151
48146.5	4.09999999999855	2507	48142-48151
48146.1	4.5	2507	48142-48151
48146.6	5	2508	48142-48152
48147	5.40000000000146	2508	48142-48152
48147.4	5	2508	48142-48152
48147	4.59999999999855	2508	48142-48152
48146.6	5	2508	48142-48152
48147.1	5.5	2509	48142-48153
48147.5	5.90000000000146	2509	48142-48153
48147.9	5.5	2509	48142-48153
48147.5	5.09999999999855	2509	48142-48153
48147.1	5.5	2509	48142-48153
48147.6	6	2510	48142-48154
48148	6.40000000000146	2510	48142-48154
48148.4	6	2510	48142-48154
48148	5.59999999999855	2510	48142-48154
48147.6	6	2510	48142-48154
48148.1	6.5	2511	48142-48155
48148.5	6.90000000000146	2511	48142-48155
48148.9	6.5	2511	48142-48155
48148.5	6.09999999999855	2511	48142-48155
48148.1	6.5	2511	48142-48155
48148.6	7	2512	48142-48156
48149	7.40000000000146	2512	48142-48156
48149.4	7	2512	48142-48156
48149	6.59999999999855	2512	48142-48156
48148.6	7	2512	48142-48156
48149.1	7.5	2513	48142-48157
48149.5	7.90000000000146	2513	48142-48157
48149.9	7.5	2513	48142-48157
48149.5	7.09999999999855	2513	48142-48157
48149.1	7.5	2513	48142-48157
48149.6	8	2514	48142-48158
48150	8.40000000000146	2514	48142-48158
48150.4	8	2514	48142-48158
48150	7.59999999999855	2514	48142-48158
48149.6	8	2514	48142-48158
48150.1	8.5	2515	48142-48159
48150.5	8.90000000000146	2515	48142-48159
48150.9	8.5	2515	48142-48159
48150.5	8.09999999999855	2515	48142-48159
48150.1	8.5	2515	48142-48159
48150.6	9	2516	48142-48160
48151	9.40000000000146	2516	48142-48160
48151.4	9	2516	48142-48160
48151	8.59999999999855	2516	48142-48160
48150.6	9	2516	48142-48160
48151.1	9.5	2517	48142-48161
48151.5	9.90000000000146	2517	48142-48161
48151.9	9.5	2517	48142-48161
48151.5	9.09999999999854	2517	48142-48161
48151.1	9.5	2517	48142-48161
48151.6	10	2518	48142-48162
48152	10.4000000000015	2518	48142-48162
48152.4	10	2518	48142-48162
48152	9.59999999999854	2518	48142-48162
48151.6	10	2518	48142-48162
48152.1	10.5	2519	48142-48163
48152.5	10.9000000000015	2519	48142-48163
48152.9	10.5	2519	48142-48163
48152.5	10.0999999999985	2519	48142-48163
48152.1	10.5	2519	48142-48163
48152.6	11	2520	48142-48164
48153	11.4000000000015	2520	48142-48164
48153.4	11	2520	48142-48164
48153	10.5999999999985	2520	48142-48164
48152.6	11	2520	48142-48164
48153.1	11.5	2521	48142-48165
48153.5	11.9000000000015	2521	48142-48165
48153.9	11.5	2521	48142-48165
48153.5	11.0999999999985	2521	48142-48165
48153.1	11.5	2521	48142-48165
48153.6	12	2522	48142-48166
48154	12.4000000000015	2522	48142-48166
48154.4	12	2522	48142-48166
48154	11.5999999999985	2522	48142-48166
48153.6	12	2522	48142-48166
48154.1	12.5	2523	48142-48167
48154.5	12.9000000000015	2523	48142-48167
48154.9	12.5	2523	48142-48167
48154.5	12.0999999999985	2523	48142-48167
48154.1	12.5	2523	48142-48167
48154.6	13	2524	48142-48168
48155	13.4000000000015	2524	48142-48168
48155.4	13	2524	48142-48168
48155	12.5999999999985	2524	48142-48168
48154.6	13	2524	48142-48168
48155.1	13.5	2525	48142-48169
48155.5	13.9000000000015	2525	48142-48169
48155.9	13.5	2525	48142-48169
48155.5	13.0999999999985	2525	48142-48169
48155.1	13.5	2525	48142-48169
48155.6	14	2526	48142-48170
48156	14.4000000000015	2526	48142-48170
48156.4	14	2526	48142-48170
48156	13.5999999999985	2526	48142-48170
48155.6	14	2526	48142-48170
48156.1	14.5	2527	48142-48171
48156.5	14.9000000000015	2527	48142-48171
48156.9	14.5	2527	48142-48171
48156.5	14.0999999999985	2527	48142-48171
48156.1	14.5	2527	48142-48171
48156.6	15	2528	48142-48172
48157	15.4000000000015	2528	48142-48172
48157.4	15	2528	48142-48172
48157	14.5999999999985	2528	48142-48172
48156.6	15	2528	48142-48172
48157.1	15.5	2529	48142-48173
48157.5	15.9000000000015	2529	48142-48173
48157.9	15.5	2529	48142-48173
48157.5	15.0999999999985	2529	48142-48173
48157.1	15.5	2529	48142-48173
48157.6	16	2530	48142-48174
48158	16.4000000000015	2530	48142-48174
48158.4	16	2530	48142-48174
48158	15.5999999999985	2530	48142-48174
48157.6	16	2530	48142-48174
48158.1	16.5	2531	48142-48175
48158.5	16.9000000000015	2531	48142-48175
48158.9	16.5	2531	48142-48175
48158.5	16.0999999999985	2531	48142-48175
48158.1	16.5	2531	48142-48175
48158.6	17	2532	48142-48176
48159	17.4000000000015	2532	48142-48176
48159.4	17	2532	48142-48176
48159	16.5999999999985	2532	48142-48176
48158.6	17	2532	48142-48176
48159.1	17.5	2533	48142-48177
48159.5	17.9000000000015	2533	48142-48177
48159.9	17.5	2533	48142-48177
48159.5	17.0999999999985	2533	48142-48177
48159.1	17.5	2533	48142-48177
48159.6	18	2534	48142-48178
48160	18.4000000000015	2534	48142-48178
48160.4	18	2534	48142-48178
48160	17.5999999999985	2534	48142-48178
48159.6	18	2534	48142-48178
48160.1	18.5	2535	48142-48179
48160.5	18.9000000000015	2535	48142-48179
48160.9	18.5	2535	48142-48179
48160.5	18.0999999999985	2535	48142-48179
48160.1	18.5	2535	48142-48179
48160.6	19	2536	48142-48180
48161	19.4000000000015	2536	48142-48180
48161.4	19	2536	48142-48180
48161	18.5999999999985	2536	48142-48180
48160.6	19	2536	48142-48180
48161.1	19.5	2537	48142-48181
48161.5	19.9000000000015	2537	48142-48181
48161.9	19.5	2537	48142-48181
48161.5	19.0999999999985	2537	48142-48181
48161.1	19.5	2537	48142-48181
48161.6	20	2538	48142-48182
48162	20.4000000000015	2538	48142-48182
48162.4	20	2538	48142-48182
48162	19.5999999999985	2538	48142-48182
48161.6	20	2538	48142-48182
48162.1	20.5	2539	48142-48183
48162.5	20.9000000000015	2539	48142-48183
48162.9	20.5	2539	48142-48183
48162.5	20.0999999999985	2539	48142-48183
48162.1	20.5	2539	48142-48183
48162.6	21	2540	48142-48184
48163	21.4000000000015	2540	48142-48184
48163.4	21	2540	48142-48184
48163	20.5999999999985	2540	48142-48184
48162.6	21	2540	48142-48184
48163.1	21.5	2541	48142-48185
48163.5	21.9000000000015	2541	48142-48185
48163.9	21.5	2541	48142-48185
48163.5	21.0999999999985	2541	48142-48185
48163.1	21.5	2541	48142-48185
48163.6	22	2542	48142-48186
48164	22.4000000000015	2542	48142-48186
48164.4	22	2542	48142-48186
48164	21.5999999999985	2542	48142-48186
48163.6	22	2542	48142-48186
48164.1	22.5	2543	48142-48187
48164.5	22.9000000000015	2543	48142-48187
48164.9	22.5	2543	48142-48187
48164.5	22.0999999999985	2543	48142-48187
48164.1	22.5	2543	48142-48187
48164.6	23	2544	48142-48188
48165	23.4000000000015	2544	48142-48188
48165.4	23	2544	48142-48188
48165	22.5999999999985	2544	48142-48188
48164.6	23	2544	48142-48188
48165.1	23.5	2545	48142-48189
48165.5	23.9000000000015	2545	48142-48189
48165.9	23.5	2545	48142-48189
48165.5	23.0999999999985	2545	48142-48189
48165.1	23.5	2545	48142-48189
48165.6	24	2546	48142-48190
48166	24.4000000000015	2546	48142-48190
48166.4	24	2546	48142-48190
48166	23.5999999999985	2546	48142-48190
48165.6	24	2546	48142-48190
48166.1	24.5	2547	48142-48191
48166.5	24.9000000000015	2547	48142-48191
48166.9	24.5	2547	48142-48191
48166.5	24.0999999999985	2547	48142-48191
48166.1	24.5	2547	48142-48191
48142.6	0	2548	48143-48143
48143	0.400000000001455	2548	48143-48143
48143.4	0	2548	48143-48143
48143	-0.400000000001455	2548	48143-48143
48142.6	0	2548	48143-48143
48143.1	0.5	2549	48143-48144
48143.5	0.900000000001455	2549	48143-48144
48143.9	0.5	2549	48143-48144
48143.5	0.0999999999985448	2549	48143-48144
48143.1	0.5	2549	48143-48144
48143.6	1	2550	48143-48145
48144	1.40000000000146	2550	48143-48145
48144.4	1	2550	48143-48145
48144	0.599999999998545	2550	48143-48145
48143.6	1	2550	48143-48145
48144.1	1.5	2551	48143-48146
48144.5	1.90000000000146	2551	48143-48146
48144.9	1.5	2551	48143-48146
48144.5	1.09999999999854	2551	48143-48146
48144.1	1.5	2551	48143-48146
48144.6	2	2552	48143-48147
48145	2.40000000000146	2552	48143-48147
48145.4	2	2552	48143-48147
48145	1.59999999999854	2552	48143-48147
48144.6	2	2552	48143-48147
48145.1	2.5	2553	48143-48148
48145.5	2.90000000000146	2553	48143-48148
48145.9	2.5	2553	48143-48148
48145.5	2.09999999999854	2553	48143-48148
48145.1	2.5	2553	48143-48148
48145.6	3	2554	48143-48149
48146	3.40000000000146	2554	48143-48149
48146.4	3	2554	48143-48149
48146	2.59999999999855	2554	48143-48149
48145.6	3	2554	48143-48149
48146.1	3.5	2555	48143-48150
48146.5	3.90000000000146	2555	48143-48150
48146.9	3.5	2555	48143-48150
48146.5	3.09999999999855	2555	48143-48150
48146.1	3.5	2555	48143-48150
48146.6	4	2556	48143-48151
48147	4.40000000000146	2556	48143-48151
48147.4	4	2556	48143-48151
48147	3.59999999999855	2556	48143-48151
48146.6	4	2556	48143-48151
48147.1	4.5	2557	48143-48152
48147.5	4.90000000000146	2557	48143-48152
48147.9	4.5	2557	48143-48152
48147.5	4.09999999999855	2557	48143-48152
48147.1	4.5	2557	48143-48152
48147.6	5	2558	48143-48153
48148	5.40000000000146	2558	48143-48153
48148.4	5	2558	48143-48153
48148	4.59999999999855	2558	48143-48153
48147.6	5	2558	48143-48153
48148.1	5.5	2559	48143-48154
48148.5	5.90000000000146	2559	48143-48154
48148.9	5.5	2559	48143-48154
48148.5	5.09999999999855	2559	48143-48154
48148.1	5.5	2559	48143-48154
48148.6	6	2560	48143-48155
48149	6.40000000000146	2560	48143-48155
48149.4	6	2560	48143-48155
48149	5.59999999999855	2560	48143-48155
48148.6	6	2560	48143-48155
48149.1	6.5	2561	48143-48156
48149.5	6.90000000000146	2561	48143-48156
48149.9	6.5	2561	48143-48156
48149.5	6.09999999999855	2561	48143-48156
48149.1	6.5	2561	48143-48156
48149.6	7	2562	48143-48157
48150	7.40000000000146	2562	48143-48157
48150.4	7	2562	48143-48157
48150	6.59999999999855	2562	48143-48157
48149.6	7	2562	48143-48157
48150.1	7.5	2563	48143-48158
48150.5	7.90000000000146	2563	48143-48158
48150.9	7.5	2563	48143-48158
48150.5	7.09999999999855	2563	48143-48158
48150.1	7.5	2563	48143-48158
48150.6	8	2564	48143-48159
48151	8.40000000000146	2564	48143-48159
48151.4	8	2564	48143-48159
48151	7.59999999999855	2564	48143-48159
48150.6	8	2564	48143-48159
48151.1	8.5	2565	48143-48160
48151.5	8.90000000000146	2565	48143-48160
48151.9	8.5	2565	48143-48160
48151.5	8.09999999999855	2565	48143-48160
48151.1	8.5	2565	48143-48160
48151.6	9	2566	48143-48161
48152	9.40000000000146	2566	48143-48161
48152.4	9	2566	48143-48161
48152	8.59999999999855	2566	48143-48161
48151.6	9	2566	48143-48161
48152.1	9.5	2567	48143-48162
48152.5	9.90000000000146	2567	48143-48162
48152.9	9.5	2567	48143-48162
48152.5	9.09999999999854	2567	48143-48162
48152.1	9.5	2567	48143-48162
48152.6	10	2568	48143-48163
48153	10.4000000000015	2568	48143-48163
48153.4	10	2568	48143-48163
48153	9.59999999999854	2568	48143-48163
48152.6	10	2568	48143-48163
48153.1	10.5	2569	48143-48164
48153.5	10.9000000000015	2569	48143-48164
48153.9	10.5	2569	48143-48164
48153.5	10.0999999999985	2569	48143-48164
48153.1	10.5	2569	48143-48164
48153.6	11	2570	48143-48165
48154	11.4000000000015	2570	48143-48165
48154.4	11	2570	48143-48165
48154	10.5999999999985	2570	48143-48165
48153.6	11	2570	48143-48165
48154.1	11.5	2571	48143-48166
48154.5	11.9000000000015	2571	48143-48166
48154.9	11.5	2571	48143-48166
48154.5	11.0999999999985	2571	48143-48166
48154.1	11.5	2571	48143-48166
48154.6	12	2572	48143-48167
48155	12.4000000000015	2572	48143-48167
48155.4	12	2572	48143-48167
48155	11.5999999999985	2572	48143-48167
48154.6	12	2572	48143-48167
48155.1	12.5	2573	48143-48168
48155.5	12.9000000000015	2573	48143-48168
48155.9	12.5	2573	48143-48168
48155.5	12.0999999999985	2573	48143-48168
48155.1	12.5	2573	48143-48168
48155.6	13	2574	48143-48169
48156	13.4000000000015	2574	48143-48169
48156.4	13	2574	48143-48169
48156	12.5999999999985	2574	48143-48169
48155.6	13	2574	48143-48169
48156.1	13.5	2575	48143-48170
48156.5	13.9000000000015	2575	48143-48170
48156.9	13.5	2575	48143-48170
48156.5	13.0999999999985	2575	48143-48170
48156.1	13.5	2575	48143-48170
48156.6	14	2576	48143-48171
48157	14.4000000000015	2576	48143-48171
48157.4	14	2576	48143-48171
48157	13.5999999999985	2576	48143-48171
48156.6	14	2576	48143-48171
48157.1	14.5	2577	48143-48172
48157.5	14.9000000000015	2577	48143-48172
48157.9	14.5	2577	48143-48172
48157.5	14.0999999999985	2577	48143-48172
48157.1	14.5	2577	48143-48172
48157.6	15	2578	48143-48173
48158	15.4000000000015	2578	48143-48173
48158.4	15	2578	48143-48173
48158	14.5999999999985	2578	48143-48173
48157.6	15	2578	48143-48173
48158.1	15.5	2579	48143-48174
48158.5	15.9000000000015	2579	48143-48174
48158.9	15.5	2579	48143-48174
48158.5	15.0999999999985	2579	48143-48174
48158.1	15.5	2579	48143-48174
48158.6	16	2580	48143-48175
48159	16.4000000000015	2580	48143-48175
48159.4	16	2580	48143-48175
48159	15.5999999999985	2580	48143-48175
48158.6	16	2580	48143-48175
48159.1	16.5	2581	48143-48176
48159.5	16.9000000000015	2581	48143-48176
48159.9	16.5	2581	48143-48176
48159.5	16.0999999999985	2581	48143-48176
48159.1	16.5	2581	48143-48176
48159.6	17	2582	48143-48177
48160	17.4000000000015	2582	48143-48177
48160.4	17	2582	48143-48177
48160	16.5999999999985	2582	48143-48177
48159.6	17	2582	48143-48177
48160.1	17.5	2583	48143-48178
48160.5	17.9000000000015	2583	48143-48178
48160.9	17.5	2583	48143-48178
48160.5	17.0999999999985	2583	48143-48178
48160.1	17.5	2583	48143-48178
48160.6	18	2584	48143-48179
48161	18.4000000000015	2584	48143-48179
48161.4	18	2584	48143-48179
48161	17.5999999999985	2584	48143-48179
48160.6	18	2584	48143-48179
48161.1	18.5	2585	48143-48180
48161.5	18.9000000000015	2585	48143-48180
48161.9	18.5	2585	48143-48180
48161.5	18.0999999999985	2585	48143-48180
48161.1	18.5	2585	48143-48180
48161.6	19	2586	48143-48181
48162	19.4000000000015	2586	48143-48181
48162.4	19	2586	48143-48181
48162	18.5999999999985	2586	48143-48181
48161.6	19	2586	48143-48181
48162.1	19.5	2587	48143-48182
48162.5	19.9000000000015	2587	48143-48182
48162.9	19.5	2587	48143-48182
48162.5	19.0999999999985	2587	48143-48182
48162.1	19.5	2587	48143-48182
48162.6	20	2588	48143-48183
48163	20.4000000000015	2588	48143-48183
48163.4	20	2588	48143-48183
48163	19.5999999999985	2588	48143-48183
48162.6	20	2588	48143-48183
48163.1	20.5	2589	48143-48184
48163.5	20.9000000000015	2589	48143-48184
48163.9	20.5	2589	48143-48184
48163.5	20.0999999999985	2589	48143-48184
48163.1	20.5	2589	48143-48184
48163.6	21	2590	48143-48185
48164	21.4000000000015	2590	48143-48185
48164.4	21	2590	48143-48185
48164	20.5999999999985	2590	48143-48185
48163.6	21	2590	48143-48185
48164.1	21.5	2591	48143-48186
48164.5	21.9000000000015	2591	48143-48186
48164.9	21.5	2591	48143-48186
48164.5	21.0999999999985	2591	48143-48186
48164.1	21.5	2591	48143-48186
48164.6	22	2592	48143-48187
48165	22.4000000000015	2592	48143-48187
48165.4	22	2592	48143-48187
48165	21.5999999999985	2592	48143-48187
48164.6	22	2592	48143-48187
48165.1	22.5	2593	48143-48188
48165.5	22.9000000000015	2593	48143-48188
48165.9	22.5	2593	48143-48188
48165.5	22.0999999999985	2593	48143-48188
48165.1	22.5	2593	48143-48188
48165.6	23	2594	48143-48189
48166	23.4000000000015	2594	48143-48189
48166.4	23	2594	48143-48189
48166	22.5999999999985	2594	48143-48189
48165.6	23	2594	48143-48189
48166.1	23.5	2595	48143-48190
48166.5	23.9000000000015	2595	48143-48190
48166.9	23.5	2595	48143-48190
48166.5	23.0999999999985	2595	48143-48190
48166.1	23.5	2595	48143-48190
48166.6	24	2596	48143-48191
48167	24.4000000000015	2596	48143-48191
48167.4	24	2596	48143-48191
48167	23.5999999999985	2596	48143-48191
48166.6	24	2596	48143-48191
48167.1	24.5	2597	48143-48192
48167.5	24.9000000000015	2597	48143-48192
48167.9	24.5	2597	48143-48192
48167.5	24.0999999999985	2597	48143-48192
48167.1	24.5	2597	48143-48192
48143.6	0	2598	48144-48144
48144	0.400000000001455	2598	48144-48144
48144.4	0	2598	48144-48144
48144	-0.400000000001455	2598	48144-48144
48143.6	0	2598	48144-48144
48144.1	0.5	2599	48144-48145
48144.5	0.900000000001455	2599	48144-48145
48144.9	0.5	2599	48144-48145
48144.5	0.0999999999985448	2599	48144-48145
48144.1	0.5	2599	48144-48145
48144.6	1	2600	48144-48146
48145	1.40000000000146	2600	48144-48146
48145.4	1	2600	48144-48146
48145	0.599999999998545	2600	48144-48146
48144.6	1	2600	48144-48146
48145.1	1.5	2601	48144-48147
48145.5	1.90000000000146	2601	48144-48147
48145.9	1.5	2601	48144-48147
48145.5	1.09999999999854	2601	48144-48147
48145.1	1.5	2601	48144-48147
48145.6	2	2602	48144-48148
48146	2.40000000000146	2602	48144-48148
48146.4	2	2602	48144-48148
48146	1.59999999999854	2602	48144-48148
48145.6	2	2602	48144-48148
48146.1	2.5	2603	48144-48149
48146.5	2.90000000000146	2603	48144-48149
48146.9	2.5	2603	48144-48149
48146.5	2.09999999999854	2603	48144-48149
48146.1	2.5	2603	48144-48149
48146.6	3	2604	48144-48150
48147	3.40000000000146	2604	48144-48150
48147.4	3	2604	48144-48150
48147	2.59999999999855	2604	48144-48150
48146.6	3	2604	48144-48150
48147.1	3.5	2605	48144-48151
48147.5	3.90000000000146	2605	48144-48151
48147.9	3.5	2605	48144-48151
48147.5	3.09999999999855	2605	48144-48151
48147.1	3.5	2605	48144-48151
48147.6	4	2606	48144-48152
48148	4.40000000000146	2606	48144-48152
48148.4	4	2606	48144-48152
48148	3.59999999999855	2606	48144-48152
48147.6	4	2606	48144-48152
48148.1	4.5	2607	48144-48153
48148.5	4.90000000000146	2607	48144-48153
48148.9	4.5	2607	48144-48153
48148.5	4.09999999999855	2607	48144-48153
48148.1	4.5	2607	48144-48153
48148.6	5	2608	48144-48154
48149	5.40000000000146	2608	48144-48154
48149.4	5	2608	48144-48154
48149	4.59999999999855	2608	48144-48154
48148.6	5	2608	48144-48154
48149.1	5.5	2609	48144-48155
48149.5	5.90000000000146	2609	48144-48155
48149.9	5.5	2609	48144-48155
48149.5	5.09999999999855	2609	48144-48155
48149.1	5.5	2609	48144-48155
48149.6	6	2610	48144-48156
48150	6.40000000000146	2610	48144-48156
48150.4	6	2610	48144-48156
48150	5.59999999999855	2610	48144-48156
48149.6	6	2610	48144-48156
48150.1	6.5	2611	48144-48157
48150.5	6.90000000000146	2611	48144-48157
48150.9	6.5	2611	48144-48157
48150.5	6.09999999999855	2611	48144-48157
48150.1	6.5	2611	48144-48157
48150.6	7	2612	48144-48158
48151	7.40000000000146	2612	48144-48158
48151.4	7	2612	48144-48158
48151	6.59999999999855	2612	48144-48158
48150.6	7	2612	48144-48158
48151.1	7.5	2613	48144-48159
48151.5	7.90000000000146	2613	48144-48159
48151.9	7.5	2613	48144-48159
48151.5	7.09999999999855	2613	48144-48159
48151.1	7.5	2613	48144-48159
48151.6	8	2614	48144-48160
48152	8.40000000000146	2614	48144-48160
48152.4	8	2614	48144-48160
48152	7.59999999999855	2614	48144-48160
48151.6	8	2614	48144-48160
48152.1	8.5	2615	48144-48161
48152.5	8.90000000000146	2615	48144-48161
48152.9	8.5	2615	48144-48161
48152.5	8.09999999999855	2615	48144-48161
48152.1	8.5	2615	48144-48161
48152.6	9	2616	48144-48162
48153	9.40000000000146	2616	48144-48162
48153.4	9	2616	48144-48162
48153	8.59999999999855	2616	48144-48162
48152.6	9	2616	48144-48162
48153.1	9.5	2617	48144-48163
48153.5	9.90000000000146	2617	48144-48163
48153.9	9.5	2617	48144-48163
48153.5	9.09999999999854	2617	48144-48163
48153.1	9.5	2617	48144-48163
48153.6	10	2618	48144-48164
48154	10.4000000000015	2618	48144-48164
48154.4	10	2618	48144-48164
48154	9.59999999999854	2618	48144-48164
48153.6	10	2618	48144-48164
48154.1	10.5	2619	48144-48165
48154.5	10.9000000000015	2619	48144-48165
48154.9	10.5	2619	48144-48165
48154.5	10.0999999999985	2619	48144-48165
48154.1	10.5	2619	48144-48165
48154.6	11	2620	48144-48166
48155	11.4000000000015	2620	48144-48166
48155.4	11	2620	48144-48166
48155	10.5999999999985	2620	48144-48166
48154.6	11	2620	48144-48166
48155.1	11.5	2621	48144-48167
48155.5	11.9000000000015	2621	48144-48167
48155.9	11.5	2621	48144-48167
48155.5	11.0999999999985	2621	48144-48167
48155.1	11.5	2621	48144-48167
48155.6	12	2622	48144-48168
48156	12.4000000000015	2622	48144-48168
48156.4	12	2622	48144-48168
48156	11.5999999999985	2622	48144-48168
48155.6	12	2622	48144-48168
48156.1	12.5	2623	48144-48169
48156.5	12.9000000000015	2623	48144-48169
48156.9	12.5	2623	48144-48169
48156.5	12.0999999999985	2623	48144-48169
48156.1	12.5	2623	48144-48169
48156.6	13	2624	48144-48170
48157	13.4000000000015	2624	48144-48170
48157.4	13	2624	48144-48170
48157	12.5999999999985	2624	48144-48170
48156.6	13	2624	48144-48170
48157.1	13.5	2625	48144-48171
48157.5	13.9000000000015	2625	48144-48171
48157.9	13.5	2625	48144-48171
48157.5	13.0999999999985	2625	48144-48171
48157.1	13.5	2625	48144-48171
48157.6	14	2626	48144-48172
48158	14.4000000000015	2626	48144-48172
48158.4	14	2626	48144-48172
48158	13.5999999999985	2626	48144-48172
48157.6	14	2626	48144-48172
48158.1	14.5	2627	48144-48173
48158.5	14.9000000000015	2627	48144-48173
48158.9	14.5	2627	48144-48173
48158.5	14.0999999999985	2627	48144-48173
48158.1	14.5	2627	48144-48173
48158.6	15	2628	48144-48174
48159	15.4000000000015	2628	48144-48174
48159.4	15	2628	48144-48174
48159	14.5999999999985	2628	48144-48174
48158.6	15	2628	48144-48174
48159.1	15.5	2629	48144-48175
48159.5	15.9000000000015	2629	48144-48175
48159.9	15.5	2629	48144-48175
48159.5	15.0999999999985	2629	48144-48175
48159.1	15.5	2629	48144-48175
48159.6	16	2630	48144-48176
48160	16.4000000000015	2630	48144-48176
48160.4	16	2630	48144-48176
48160	15.5999999999985	2630	48144-48176
48159.6	16	2630	48144-48176
48160.1	16.5	2631	48144-48177
48160.5	16.9000000000015	2631	48144-48177
48160.9	16.5	2631	48144-48177
48160.5	16.0999999999985	2631	48144-48177
48160.1	16.5	2631	48144-48177
48160.6	17	2632	48144-48178
48161	17.4000000000015	2632	48144-48178
48161.4	17	2632	48144-48178
48161	16.5999999999985	2632	48144-48178
48160.6	17	2632	48144-48178
48161.1	17.5	2633	48144-48179
48161.5	17.9000000000015	2633	48144-48179
48161.9	17.5	2633	48144-48179
48161.5	17.0999999999985	2633	48144-48179
48161.1	17.5	2633	48144-48179
48161.6	18	2634	48144-48180
48162	18.4000000000015	2634	48144-48180
48162.4	18	2634	48144-48180
48162	17.5999999999985	2634	48144-48180
48161.6	18	2634	48144-48180
48162.1	18.5	2635	48144-48181
48162.5	18.9000000000015	2635	48144-48181
48162.9	18.5	2635	48144-48181
48162.5	18.0999999999985	2635	48144-48181
48162.1	18.5	2635	48144-48181
48162.6	19	2636	48144-48182
48163	19.4000000000015	2636	48144-48182
48163.4	19	2636	48144-48182
48163	18.5999999999985	2636	48144-48182
48162.6	19	2636	48144-48182
48163.1	19.5	2637	48144-48183
48163.5	19.9000000000015	2637	48144-48183
48163.9	19.5	2637	48144-48183
48163.5	19.0999999999985	2637	48144-48183
48163.1	19.5	2637	48144-48183
48163.6	20	2638	48144-48184
48164	20.4000000000015	2638	48144-48184
48164.4	20	2638	48144-48184
48164	19.5999999999985	2638	48144-48184
48163.6	20	2638	48144-48184
48164.1	20.5	2639	48144-48185
48164.5	20.9000000000015	2639	48144-48185
48164.9	20.5	2639	48144-48185
48164.5	20.0999999999985	2639	48144-48185
48164.1	20.5	2639	48144-48185
48164.6	21	2640	48144-48186
48165	21.4000000000015	2640	48144-48186
48165.4	21	2640	48144-48186
48165	20.5999999999985	2640	48144-48186
48164.6	21	2640	48144-48186
48165.1	21.5	2641	48144-48187
48165.5	21.9000000000015	2641	48144-48187
48165.9	21.5	2641	48144-48187
48165.5	21.0999999999985	2641	48144-48187
48165.1	21.5	2641	48144-48187
48165.6	22	2642	48144-48188
48166	22.4000000000015	2642	48144-48188
48166.4	22	2642	48144-48188
48166	21.5999999999985	2642	48144-48188
48165.6	22	2642	48144-48188
48166.1	22.5	2643	48144-48189
48166.5	22.9000000000015	2643	48144-48189
48166.9	22.5	2643	48144-48189
48166.5	22.0999999999985	2643	48144-48189
48166.1	22.5	2643	48144-48189
48166.6	23	2644	48144-48190
48167	23.4000000000015	2644	48144-48190
48167.4	23	2644	48144-48190
48167	22.5999999999985	2644	48144-48190
48166.6	23	2644	48144-48190
48167.1	23.5	2645	48144-48191
48167.5	23.9000000000015	2645	48144-48191
48167.9	23.5	2645	48144-48191
48167.5	23.0999999999985	2645	48144-48191
48167.1	23.5	2645	48144-48191
48167.6	24	2646	48144-48192
48168	24.4000000000015	2646	48144-48192
48168.4	24	2646	48144-48192
48168	23.5999999999985	2646	48144-48192
48167.6	24	2646	48144-48192
48168.1	24.5	2647	48144-48193
48168.5	24.9000000000015	2647	48144-48193
48168.9	24.5	2647	48144-48193
48168.5	24.0999999999985	2647	48144-48193
48168.1	24.5	2647	48144-48193
48144.6	0	2648	48145-48145
48145	0.400000000001455	2648	48145-48145
48145.4	0	2648	48145-48145
48145	-0.400000000001455	2648	48145-48145
48144.6	0	2648	48145-48145
48145.1	0.5	2649	48145-48146
48145.5	0.900000000001455	2649	48145-48146
48145.9	0.5	2649	48145-48146
48145.5	0.0999999999985448	2649	48145-48146
48145.1	0.5	2649	48145-48146
48145.6	1	2650	48145-48147
48146	1.40000000000146	2650	48145-48147
48146.4	1	2650	48145-48147
48146	0.599999999998545	2650	48145-48147
48145.6	1	2650	48145-48147
48146.1	1.5	2651	48145-48148
48146.5	1.90000000000146	2651	48145-48148
48146.9	1.5	2651	48145-48148
48146.5	1.09999999999854	2651	48145-48148
48146.1	1.5	2651	48145-48148
48146.6	2	2652	48145-48149
48147	2.40000000000146	2652	48145-48149
48147.4	2	2652	48145-48149
48147	1.59999999999854	2652	48145-48149
48146.6	2	2652	48145-48149
48147.1	2.5	2653	48145-48150
48147.5	2.90000000000146	2653	48145-48150
48147.9	2.5	2653	48145-48150
48147.5	2.09999999999854	2653	48145-48150
48147.1	2.5	2653	48145-48150
48147.6	3	2654	48145-48151
48148	3.40000000000146	2654	48145-48151
48148.4	3	2654	48145-48151
48148	2.59999999999855	2654	48145-48151
48147.6	3	2654	48145-48151
48148.1	3.5	2655	48145-48152
48148.5	3.90000000000146	2655	48145-48152
48148.9	3.5	2655	48145-48152
48148.5	3.09999999999855	2655	48145-48152
48148.1	3.5	2655	48145-48152
48148.6	4	2656	48145-48153
48149	4.40000000000146	2656	48145-48153
48149.4	4	2656	48145-48153
48149	3.59999999999855	2656	48145-48153
48148.6	4	2656	48145-48153
48149.1	4.5	2657	48145-48154
48149.5	4.90000000000146	2657	48145-48154
48149.9	4.5	2657	48145-48154
48149.5	4.09999999999855	2657	48145-48154
48149.1	4.5	2657	48145-48154
48149.6	5	2658	48145-48155
48150	5.40000000000146	2658	48145-48155
48150.4	5	2658	48145-48155
48150	4.59999999999855	2658	48145-48155
48149.6	5	2658	48145-48155
48150.1	5.5	2659	48145-48156
48150.5	5.90000000000146	2659	48145-48156
48150.9	5.5	2659	48145-48156
48150.5	5.09999999999855	2659	48145-48156
48150.1	5.5	2659	48145-48156
48150.6	6	2660	48145-48157
48151	6.40000000000146	2660	48145-48157
48151.4	6	2660	48145-48157
48151	5.59999999999855	2660	48145-48157
48150.6	6	2660	48145-48157
48151.1	6.5	2661	48145-48158
48151.5	6.90000000000146	2661	48145-48158
48151.9	6.5	2661	48145-48158
48151.5	6.09999999999855	2661	48145-48158
48151.1	6.5	2661	48145-48158
48151.6	7	2662	48145-48159
48152	7.40000000000146	2662	48145-48159
48152.4	7	2662	48145-48159
48152	6.59999999999855	2662	48145-48159
48151.6	7	2662	48145-48159
48152.1	7.5	2663	48145-48160
48152.5	7.90000000000146	2663	48145-48160
48152.9	7.5	2663	48145-48160
48152.5	7.09999999999855	2663	48145-48160
48152.1	7.5	2663	48145-48160
48152.6	8	2664	48145-48161
48153	8.40000000000146	2664	48145-48161
48153.4	8	2664	48145-48161
48153	7.59999999999855	2664	48145-48161
48152.6	8	2664	48145-48161
48153.1	8.5	2665	48145-48162
48153.5	8.90000000000146	2665	48145-48162
48153.9	8.5	2665	48145-48162
48153.5	8.09999999999855	2665	48145-48162
48153.1	8.5	2665	48145-48162
48153.6	9	2666	48145-48163
48154	9.40000000000146	2666	48145-48163
48154.4	9	2666	48145-48163
48154	8.59999999999855	2666	48145-48163
48153.6	9	2666	48145-48163
48154.1	9.5	2667	48145-48164
48154.5	9.90000000000146	2667	48145-48164
48154.9	9.5	2667	48145-48164
48154.5	9.09999999999854	2667	48145-48164
48154.1	9.5	2667	48145-48164
48154.6	10	2668	48145-48165
48155	10.4000000000015	2668	48145-48165
48155.4	10	2668	48145-48165
48155	9.59999999999854	2668	48145-48165
48154.6	10	2668	48145-48165
48155.1	10.5	2669	48145-48166
48155.5	10.9000000000015	2669	48145-48166
48155.9	10.5	2669	48145-48166
48155.5	10.0999999999985	2669	48145-48166
48155.1	10.5	2669	48145-48166
48155.6	11	2670	48145-48167
48156	11.4000000000015	2670	48145-48167
48156.4	11	2670	48145-48167
48156	10.5999999999985	2670	48145-48167
48155.6	11	2670	48145-48167
48156.1	11.5	2671	48145-48168
48156.5	11.9000000000015	2671	48145-48168
48156.9	11.5	2671	48145-48168
48156.5	11.0999999999985	2671	48145-48168
48156.1	11.5	2671	48145-48168
48156.6	12	2672	48145-48169
48157	12.4000000000015	2672	48145-48169
48157.4	12	2672	48145-48169
48157	11.5999999999985	2672	48145-48169
48156.6	12	2672	48145-48169
48157.1	12.5	2673	48145-48170
48157.5	12.9000000000015	2673	48145-48170
48157.9	12.5	2673	48145-48170
48157.5	12.0999999999985	2673	48145-48170
48157.1	12.5	2673	48145-48170
48157.6	13	2674	48145-48171
48158	13.4000000000015	2674	48145-48171
48158.4	13	2674	48145-48171
48158	12.5999999999985	2674	48145-48171
48157.6	13	2674	48145-48171
48158.1	13.5	2675	48145-48172
48158.5	13.9000000000015	2675	48145-48172
48158.9	13.5	2675	48145-48172
48158.5	13.0999999999985	2675	48145-48172
48158.1	13.5	2675	48145-48172
48158.6	14	2676	48145-48173
48159	14.4000000000015	2676	48145-48173
48159.4	14	2676	48145-48173
48159	13.5999999999985	2676	48145-48173
48158.6	14	2676	48145-48173
48159.1	14.5	2677	48145-48174
48159.5	14.9000000000015	2677	48145-48174
48159.9	14.5	2677	48145-48174
48159.5	14.0999999999985	2677	48145-48174
48159.1	14.5	2677	48145-48174
48159.6	15	2678	48145-48175
48160	15.4000000000015	2678	48145-48175
48160.4	15	2678	48145-48175
48160	14.5999999999985	2678	48145-48175
48159.6	15	2678	48145-48175
48160.1	15.5	2679	48145-48176
48160.5	15.9000000000015	2679	48145-48176
48160.9	15.5	2679	48145-48176
48160.5	15.0999999999985	2679	48145-48176
48160.1	15.5	2679	48145-48176
48160.6	16	2680	48145-48177
48161	16.4000000000015	2680	48145-48177
48161.4	16	2680	48145-48177
48161	15.5999999999985	2680	48145-48177
48160.6	16	2680	48145-48177
48161.1	16.5	2681	48145-48178
48161.5	16.9000000000015	2681	48145-48178
48161.9	16.5	2681	48145-48178
48161.5	16.0999999999985	2681	48145-48178
48161.1	16.5	2681	48145-48178
48161.6	17	2682	48145-48179
48162	17.4000000000015	2682	48145-48179
48162.4	17	2682	48145-48179
48162	16.5999999999985	2682	48145-48179
48161.6	17	2682	48145-48179
48162.1	17.5	2683	48145-48180
48162.5	17.9000000000015	2683	48145-48180
48162.9	17.5	2683	48145-48180
48162.5	17.0999999999985	2683	48145-48180
48162.1	17.5	2683	48145-48180
48162.6	18	2684	48145-48181
48163	18.4000000000015	2684	48145-48181
48163.4	18	2684	48145-48181
48163	17.5999999999985	2684	48145-48181
48162.6	18	2684	48145-48181
48163.1	18.5	2685	48145-48182
48163.5	18.9000000000015	2685	48145-48182
48163.9	18.5	2685	48145-48182
48163.5	18.0999999999985	2685	48145-48182
48163.1	18.5	2685	48145-48182
48163.6	19	2686	48145-48183
48164	19.4000000000015	2686	48145-48183
48164.4	19	2686	48145-48183
48164	18.5999999999985	2686	48145-48183
48163.6	19	2686	48145-48183
48164.1	19.5	2687	48145-48184
48164.5	19.9000000000015	2687	48145-48184
48164.9	19.5	2687	48145-48184
48164.5	19.0999999999985	2687	48145-48184
48164.1	19.5	2687	48145-48184
48164.6	20	2688	48145-48185
48165	20.4000000000015	2688	48145-48185
48165.4	20	2688	48145-48185
48165	19.5999999999985	2688	48145-48185
48164.6	20	2688	48145-48185
48165.1	20.5	2689	48145-48186
48165.5	20.9000000000015	2689	48145-48186
48165.9	20.5	2689	48145-48186
48165.5	20.0999999999985	2689	48145-48186
48165.1	20.5	2689	48145-48186
48165.6	21	2690	48145-48187
48166	21.4000000000015	2690	48145-48187
48166.4	21	2690	48145-48187
48166	20.5999999999985	2690	48145-48187
48165.6	21	2690	48145-48187
48166.1	21.5	2691	48145-48188
48166.5	21.9000000000015	2691	48145-48188
48166.9	21.5	2691	48145-48188
48166.5	21.0999999999985	2691	48145-48188
48166.1	21.5	2691	48145-48188
48166.6	22	2692	48145-48189
48167	22.4000000000015	2692	48145-48189
48167.4	22	2692	48145-48189
48167	21.5999999999985	2692	48145-48189
48166.6	22	2692	48145-48189
48167.1	22.5	2693	48145-48190
48167.5	22.9000000000015	2693	48145-48190
48167.9	22.5	2693	48145-48190
48167.5	22.0999999999985	2693	48145-48190
48167.1	22.5	2693	48145-48190
48167.6	23	2694	48145-48191
48168	23.4000000000015	2694	48145-48191
48168.4	23	2694	48145-48191
48168	22.5999999999985	2694	48145-48191
48167.6	23	2694	48145-48191
48168.1	23.5	2695	48145-48192
48168.5	23.9000000000015	2695	48145-48192
48168.9	23.5	2695	48145-48192
48168.5	23.0999999999985	2695	48145-48192
48168.1	23.5	2695	48145-48192
48168.6	24	2696	48145-48193
48169	24.4000000000015	2696	48145-48193
48169.4	24	2696	48145-48193
48169	23.5999999999985	2696	48145-48193
48168.6	24	2696	48145-48193
48169.1	24.5	2697	48145-48194
48169.5	24.9000000000015	2697	48145-48194
48169.9	24.5	2697	48145-48194
48169.5	24.0999999999985	2697	48145-48194
48169.1	24.5	2697	48145-48194
48145.6	0	2698	48146-48146
48146	0.400000000001455	2698	48146-48146
48146.4	0	2698	48146-48146
48146	-0.400000000001455	2698	48146-48146
48145.6	0	2698	48146-48146
48146.1	0.5	2699	48146-48147
48146.5	0.900000000001455	2699	48146-48147
48146.9	0.5	2699	48146-48147
48146.5	0.0999999999985448	2699	48146-48147
48146.1	0.5	2699	48146-48147
48146.6	1	2700	48146-48148
48147	1.40000000000146	2700	48146-48148
48147.4	1	2700	48146-48148
48147	0.599999999998545	2700	48146-48148
48146.6	1	2700	48146-48148
48147.1	1.5	2701	48146-48149
48147.5	1.90000000000146	2701	48146-48149
48147.9	1.5	2701	48146-48149
48147.5	1.09999999999854	2701	48146-48149
48147.1	1.5	2701	48146-48149
48147.6	2	2702	48146-48150
48148	2.40000000000146	2702	48146-48150
48148.4	2	2702	48146-48150
48148	1.59999999999854	2702	48146-48150
48147.6	2	2702	48146-48150
48148.1	2.5	2703	48146-48151
48148.5	2.90000000000146	2703	48146-48151
48148.9	2.5	2703	48146-48151
48148.5	2.09999999999854	2703	48146-48151
48148.1	2.5	2703	48146-48151
48148.6	3	2704	48146-48152
48149	3.40000000000146	2704	48146-48152
48149.4	3	2704	48146-48152
48149	2.59999999999855	2704	48146-48152
48148.6	3	2704	48146-48152
48149.1	3.5	2705	48146-48153
48149.5	3.90000000000146	2705	48146-48153
48149.9	3.5	2705	48146-48153
48149.5	3.09999999999855	2705	48146-48153
48149.1	3.5	2705	48146-48153
48149.6	4	2706	48146-48154
48150	4.40000000000146	2706	48146-48154
48150.4	4	2706	48146-48154
48150	3.59999999999855	2706	48146-48154
48149.6	4	2706	48146-48154
48150.1	4.5	2707	48146-48155
48150.5	4.90000000000146	2707	48146-48155
48150.9	4.5	2707	48146-48155
48150.5	4.09999999999855	2707	48146-48155
48150.1	4.5	2707	48146-48155
48150.6	5	2708	48146-48156
48151	5.40000000000146	2708	48146-48156
48151.4	5	2708	48146-48156
48151	4.59999999999855	2708	48146-48156
48150.6	5	2708	48146-48156
48151.1	5.5	2709	48146-48157
48151.5	5.90000000000146	2709	48146-48157
48151.9	5.5	2709	48146-48157
48151.5	5.09999999999855	2709	48146-48157
48151.1	5.5	2709	48146-48157
48151.6	6	2710	48146-48158
48152	6.40000000000146	2710	48146-48158
48152.4	6	2710	48146-48158
48152	5.59999999999855	2710	48146-48158
48151.6	6	2710	48146-48158
48152.1	6.5	2711	48146-48159
48152.5	6.90000000000146	2711	48146-48159
48152.9	6.5	2711	48146-48159
48152.5	6.09999999999855	2711	48146-48159
48152.1	6.5	2711	48146-48159
48152.6	7	2712	48146-48160
48153	7.40000000000146	2712	48146-48160
48153.4	7	2712	48146-48160
48153	6.59999999999855	2712	48146-48160
48152.6	7	2712	48146-48160
48153.1	7.5	2713	48146-48161
48153.5	7.90000000000146	2713	48146-48161
48153.9	7.5	2713	48146-48161
48153.5	7.09999999999855	2713	48146-48161
48153.1	7.5	2713	48146-48161
48153.6	8	2714	48146-48162
48154	8.40000000000146	2714	48146-48162
48154.4	8	2714	48146-48162
48154	7.59999999999855	2714	48146-48162
48153.6	8	2714	48146-48162
48154.1	8.5	2715	48146-48163
48154.5	8.90000000000146	2715	48146-48163
48154.9	8.5	2715	48146-48163
48154.5	8.09999999999855	2715	48146-48163
48154.1	8.5	2715	48146-48163
48154.6	9	2716	48146-48164
48155	9.40000000000146	2716	48146-48164
48155.4	9	2716	48146-48164
48155	8.59999999999855	2716	48146-48164
48154.6	9	2716	48146-48164
48155.1	9.5	2717	48146-48165
48155.5	9.90000000000146	2717	48146-48165
48155.9	9.5	2717	48146-48165
48155.5	9.09999999999854	2717	48146-48165
48155.1	9.5	2717	48146-48165
48155.6	10	2718	48146-48166
48156	10.4000000000015	2718	48146-48166
48156.4	10	2718	48146-48166
48156	9.59999999999854	2718	48146-48166
48155.6	10	2718	48146-48166
48156.1	10.5	2719	48146-48167
48156.5	10.9000000000015	2719	48146-48167
48156.9	10.5	2719	48146-48167
48156.5	10.0999999999985	2719	48146-48167
48156.1	10.5	2719	48146-48167
48156.6	11	2720	48146-48168
48157	11.4000000000015	2720	48146-48168
48157.4	11	2720	48146-48168
48157	10.5999999999985	2720	48146-48168
48156.6	11	2720	48146-48168
48157.1	11.5	2721	48146-48169
48157.5	11.9000000000015	2721	48146-48169
48157.9	11.5	2721	48146-48169
48157.5	11.0999999999985	2721	48146-48169
48157.1	11.5	2721	48146-48169
48157.6	12	2722	48146-48170
48158	12.4000000000015	2722	48146-48170
48158.4	12	2722	48146-48170
48158	11.5999999999985	2722	48146-48170
48157.6	12	2722	48146-48170
48158.1	12.5	2723	48146-48171
48158.5	12.9000000000015	2723	48146-48171
48158.9	12.5	2723	48146-48171
48158.5	12.0999999999985	2723	48146-48171
48158.1	12.5	2723	48146-48171
48158.6	13	2724	48146-48172
48159	13.4000000000015	2724	48146-48172
48159.4	13	2724	48146-48172
48159	12.5999999999985	2724	48146-48172
48158.6	13	2724	48146-48172
48159.1	13.5	2725	48146-48173
48159.5	13.9000000000015	2725	48146-48173
48159.9	13.5	2725	48146-48173
48159.5	13.0999999999985	2725	48146-48173
48159.1	13.5	2725	48146-48173
48159.6	14	2726	48146-48174
48160	14.4000000000015	2726	48146-48174
48160.4	14	2726	48146-48174
48160	13.5999999999985	2726	48146-48174
48159.6	14	2726	48146-48174
48160.1	14.5	2727	48146-48175
48160.5	14.9000000000015	2727	48146-48175
48160.9	14.5	2727	48146-48175
48160.5	14.0999999999985	2727	48146-48175
48160.1	14.5	2727	48146-48175
48160.6	15	2728	48146-48176
48161	15.4000000000015	2728	48146-48176
48161.4	15	2728	48146-48176
48161	14.5999999999985	2728	48146-48176
48160.6	15	2728	48146-48176
48161.1	15.5	2729	48146-48177
48161.5	15.9000000000015	2729	48146-48177
48161.9	15.5	2729	48146-48177
48161.5	15.0999999999985	2729	48146-48177
48161.1	15.5	2729	48146-48177
48161.6	16	2730	48146-48178
48162	16.4000000000015	2730	48146-48178
48162.4	16	2730	48146-48178
48162	15.5999999999985	2730	48146-48178
48161.6	16	2730	48146-48178
48162.1	16.5	2731	48146-48179
48162.5	16.9000000000015	2731	48146-48179
48162.9	16.5	2731	48146-48179
48162.5	16.0999999999985	2731	48146-48179
48162.1	16.5	2731	48146-48179
48162.6	17	2732	48146-48180
48163	17.4000000000015	2732	48146-48180
48163.4	17	2732	48146-48180
48163	16.5999999999985	2732	48146-48180
48162.6	17	2732	48146-48180
48163.1	17.5	2733	48146-48181
48163.5	17.9000000000015	2733	48146-48181
48163.9	17.5	2733	48146-48181
48163.5	17.0999999999985	2733	48146-48181
48163.1	17.5	2733	48146-48181
48163.6	18	2734	48146-48182
48164	18.4000000000015	2734	48146-48182
48164.4	18	2734	48146-48182
48164	17.5999999999985	2734	48146-48182
48163.6	18	2734	48146-48182
48164.1	18.5	2735	48146-48183
48164.5	18.9000000000015	2735	48146-48183
48164.9	18.5	2735	48146-48183
48164.5	18.0999999999985	2735	48146-48183
48164.1	18.5	2735	48146-48183
48164.6	19	2736	48146-48184
48165	19.4000000000015	2736	48146-48184
48165.4	19	2736	48146-48184
48165	18.5999999999985	2736	48146-48184
48164.6	19	2736	48146-48184
48165.1	19.5	2737	48146-48185
48165.5	19.9000000000015	2737	48146-48185
48165.9	19.5	2737	48146-48185
48165.5	19.0999999999985	2737	48146-48185
48165.1	19.5	2737	48146-48185
48165.6	20	2738	48146-48186
48166	20.4000000000015	2738	48146-48186
48166.4	20	2738	48146-48186
48166	19.5999999999985	2738	48146-48186
48165.6	20	2738	48146-48186
48166.1	20.5	2739	48146-48187
48166.5	20.9000000000015	2739	48146-48187
48166.9	20.5	2739	48146-48187
48166.5	20.0999999999985	2739	48146-48187
48166.1	20.5	2739	48146-48187
48166.6	21	2740	48146-48188
48167	21.4000000000015	2740	48146-48188
48167.4	21	2740	48146-48188
48167	20.5999999999985	2740	48146-48188
48166.6	21	2740	48146-48188
48167.1	21.5	2741	48146-48189
48167.5	21.9000000000015	2741	48146-48189
48167.9	21.5	2741	48146-48189
48167.5	21.0999999999985	2741	48146-48189
48167.1	21.5	2741	48146-48189
48167.6	22	2742	48146-48190
48168	22.4000000000015	2742	48146-48190
48168.4	22	2742	48146-48190
48168	21.5999999999985	2742	48146-48190
48167.6	22	2742	48146-48190
48168.1	22.5	2743	48146-48191
48168.5	22.9000000000015	2743	48146-48191
48168.9	22.5	2743	48146-48191
48168.5	22.0999999999985	2743	48146-48191
48168.1	22.5	2743	48146-48191
48168.6	23	2744	48146-48192
48169	23.4000000000015	2744	48146-48192
48169.4	23	2744	48146-48192
48169	22.5999999999985	2744	48146-48192
48168.6	23	2744	48146-48192
48169.1	23.5	2745	48146-48193
48169.5	23.9000000000015	2745	48146-48193
48169.9	23.5	2745	48146-48193
48169.5	23.0999999999985	2745	48146-48193
48169.1	23.5	2745	48146-48193
48169.6	24	2746	48146-48194
48170	24.4000000000015	2746	48146-48194
48170.4	24	2746	48146-48194
48170	23.5999999999985	2746	48146-48194
48169.6	24	2746	48146-48194
48170.1	24.5	2747	48146-48195
48170.5	24.9000000000015	2747	48146-48195
48170.9	24.5	2747	48146-48195
48170.5	24.0999999999985	2747	48146-48195
48170.1	24.5	2747	48146-48195
48146.6	0	2748	48147-48147
48147	0.400000000001455	2748	48147-48147
48147.4	0	2748	48147-48147
48147	-0.400000000001455	2748	48147-48147
48146.6	0	2748	48147-48147
48147.1	0.5	2749	48147-48148
48147.5	0.900000000001455	2749	48147-48148
48147.9	0.5	2749	48147-48148
48147.5	0.0999999999985448	2749	48147-48148
48147.1	0.5	2749	48147-48148
48147.6	1	2750	48147-48149
48148	1.40000000000146	2750	48147-48149
48148.4	1	2750	48147-48149
48148	0.599999999998545	2750	48147-48149
48147.6	1	2750	48147-48149
48148.1	1.5	2751	48147-48150
48148.5	1.90000000000146	2751	48147-48150
48148.9	1.5	2751	48147-48150
48148.5	1.09999999999854	2751	48147-48150
48148.1	1.5	2751	48147-48150
48148.6	2	2752	48147-48151
48149	2.40000000000146	2752	48147-48151
48149.4	2	2752	48147-48151
48149	1.59999999999854	2752	48147-48151
48148.6	2	2752	48147-48151
48149.1	2.5	2753	48147-48152
48149.5	2.90000000000146	2753	48147-48152
48149.9	2.5	2753	48147-48152
48149.5	2.09999999999854	2753	48147-48152
48149.1	2.5	2753	48147-48152
48149.6	3	2754	48147-48153
48150	3.40000000000146	2754	48147-48153
48150.4	3	2754	48147-48153
48150	2.59999999999855	2754	48147-48153
48149.6	3	2754	48147-48153
48150.1	3.5	2755	48147-48154
48150.5	3.90000000000146	2755	48147-48154
48150.9	3.5	2755	48147-48154
48150.5	3.09999999999855	2755	48147-48154
48150.1	3.5	2755	48147-48154
48150.6	4	2756	48147-48155
48151	4.40000000000146	2756	48147-48155
48151.4	4	2756	48147-48155
48151	3.59999999999855	2756	48147-48155
48150.6	4	2756	48147-48155
48151.1	4.5	2757	48147-48156
48151.5	4.90000000000146	2757	48147-48156
48151.9	4.5	2757	48147-48156
48151.5	4.09999999999855	2757	48147-48156
48151.1	4.5	2757	48147-48156
48151.6	5	2758	48147-48157
48152	5.40000000000146	2758	48147-48157
48152.4	5	2758	48147-48157
48152	4.59999999999855	2758	48147-48157
48151.6	5	2758	48147-48157
48152.1	5.5	2759	48147-48158
48152.5	5.90000000000146	2759	48147-48158
48152.9	5.5	2759	48147-48158
48152.5	5.09999999999855	2759	48147-48158
48152.1	5.5	2759	48147-48158
48152.6	6	2760	48147-48159
48153	6.40000000000146	2760	48147-48159
48153.4	6	2760	48147-48159
48153	5.59999999999855	2760	48147-48159
48152.6	6	2760	48147-48159
48153.1	6.5	2761	48147-48160
48153.5	6.90000000000146	2761	48147-48160
48153.9	6.5	2761	48147-48160
48153.5	6.09999999999855	2761	48147-48160
48153.1	6.5	2761	48147-48160
48153.6	7	2762	48147-48161
48154	7.40000000000146	2762	48147-48161
48154.4	7	2762	48147-48161
48154	6.59999999999855	2762	48147-48161
48153.6	7	2762	48147-48161
48154.1	7.5	2763	48147-48162
48154.5	7.90000000000146	2763	48147-48162
48154.9	7.5	2763	48147-48162
48154.5	7.09999999999855	2763	48147-48162
48154.1	7.5	2763	48147-48162
48154.6	8	2764	48147-48163
48155	8.40000000000146	2764	48147-48163
48155.4	8	2764	48147-48163
48155	7.59999999999855	2764	48147-48163
48154.6	8	2764	48147-48163
48155.1	8.5	2765	48147-48164
48155.5	8.90000000000146	2765	48147-48164
48155.9	8.5	2765	48147-48164
48155.5	8.09999999999855	2765	48147-48164
48155.1	8.5	2765	48147-48164
48155.6	9	2766	48147-48165
48156	9.40000000000146	2766	48147-48165
48156.4	9	2766	48147-48165
48156	8.59999999999855	2766	48147-48165
48155.6	9	2766	48147-48165
48156.1	9.5	2767	48147-48166
48156.5	9.90000000000146	2767	48147-48166
48156.9	9.5	2767	48147-48166
48156.5	9.09999999999854	2767	48147-48166
48156.1	9.5	2767	48147-48166
48156.6	10	2768	48147-48167
48157	10.4000000000015	2768	48147-48167
48157.4	10	2768	48147-48167
48157	9.59999999999854	2768	48147-48167
48156.6	10	2768	48147-48167
48157.1	10.5	2769	48147-48168
48157.5	10.9000000000015	2769	48147-48168
48157.9	10.5	2769	48147-48168
48157.5	10.0999999999985	2769	48147-48168
48157.1	10.5	2769	48147-48168
48157.6	11	2770	48147-48169
48158	11.4000000000015	2770	48147-48169
48158.4	11	2770	48147-48169
48158	10.5999999999985	2770	48147-48169
48157.6	11	2770	48147-48169
48158.1	11.5	2771	48147-48170
48158.5	11.9000000000015	2771	48147-48170
48158.9	11.5	2771	48147-48170
48158.5	11.0999999999985	2771	48147-48170
48158.1	11.5	2771	48147-48170
48158.6	12	2772	48147-48171
48159	12.4000000000015	2772	48147-48171
48159.4	12	2772	48147-48171
48159	11.5999999999985	2772	48147-48171
48158.6	12	2772	48147-48171
48159.1	12.5	2773	48147-48172
48159.5	12.9000000000015	2773	48147-48172
48159.9	12.5	2773	48147-48172
48159.5	12.0999999999985	2773	48147-48172
48159.1	12.5	2773	48147-48172
48159.6	13	2774	48147-48173
48160	13.4000000000015	2774	48147-48173
48160.4	13	2774	48147-48173
48160	12.5999999999985	2774	48147-48173
48159.6	13	2774	48147-48173
48160.1	13.5	2775	48147-48174
48160.5	13.9000000000015	2775	48147-48174
48160.9	13.5	2775	48147-48174
48160.5	13.0999999999985	2775	48147-48174
48160.1	13.5	2775	48147-48174
48160.6	14	2776	48147-48175
48161	14.4000000000015	2776	48147-48175
48161.4	14	2776	48147-48175
48161	13.5999999999985	2776	48147-48175
48160.6	14	2776	48147-48175
48161.1	14.5	2777	48147-48176
48161.5	14.9000000000015	2777	48147-48176
48161.9	14.5	2777	48147-48176
48161.5	14.0999999999985	2777	48147-48176
48161.1	14.5	2777	48147-48176
48161.6	15	2778	48147-48177
48162	15.4000000000015	2778	48147-48177
48162.4	15	2778	48147-48177
48162	14.5999999999985	2778	48147-48177
48161.6	15	2778	48147-48177
48162.1	15.5	2779	48147-48178
48162.5	15.9000000000015	2779	48147-48178
48162.9	15.5	2779	48147-48178
48162.5	15.0999999999985	2779	48147-48178
48162.1	15.5	2779	48147-48178
48162.6	16	2780	48147-48179
48163	16.4000000000015	2780	48147-48179
48163.4	16	2780	48147-48179
48163	15.5999999999985	2780	48147-48179
48162.6	16	2780	48147-48179
48163.1	16.5	2781	48147-48180
48163.5	16.9000000000015	2781	48147-48180
48163.9	16.5	2781	48147-48180
48163.5	16.0999999999985	2781	48147-48180
48163.1	16.5	2781	48147-48180
48163.6	17	2782	48147-48181
48164	17.4000000000015	2782	48147-48181
48164.4	17	2782	48147-48181
48164	16.5999999999985	2782	48147-48181
48163.6	17	2782	48147-48181
48164.1	17.5	2783	48147-48182
48164.5	17.9000000000015	2783	48147-48182
48164.9	17.5	2783	48147-48182
48164.5	17.0999999999985	2783	48147-48182
48164.1	17.5	2783	48147-48182
48164.6	18	2784	48147-48183
48165	18.4000000000015	2784	48147-48183
48165.4	18	2784	48147-48183
48165	17.5999999999985	2784	48147-48183
48164.6	18	2784	48147-48183
48165.1	18.5	2785	48147-48184
48165.5	18.9000000000015	2785	48147-48184
48165.9	18.5	2785	48147-48184
48165.5	18.0999999999985	2785	48147-48184
48165.1	18.5	2785	48147-48184
48165.6	19	2786	48147-48185
48166	19.4000000000015	2786	48147-48185
48166.4	19	2786	48147-48185
48166	18.5999999999985	2786	48147-48185
48165.6	19	2786	48147-48185
48166.1	19.5	2787	48147-48186
48166.5	19.9000000000015	2787	48147-48186
48166.9	19.5	2787	48147-48186
48166.5	19.0999999999985	2787	48147-48186
48166.1	19.5	2787	48147-48186
48166.6	20	2788	48147-48187
48167	20.4000000000015	2788	48147-48187
48167.4	20	2788	48147-48187
48167	19.5999999999985	2788	48147-48187
48166.6	20	2788	48147-48187
48167.1	20.5	2789	48147-48188
48167.5	20.9000000000015	2789	48147-48188
48167.9	20.5	2789	48147-48188
48167.5	20.0999999999985	2789	48147-48188
48167.1	20.5	2789	48147-48188
48167.6	21	2790	48147-48189
48168	21.4000000000015	2790	48147-48189
48168.4	21	2790	48147-48189
48168	20.5999999999985	2790	48147-48189
48167.6	21	2790	48147-48189
48168.1	21.5	2791	48147-48190
48168.5	21.9000000000015	2791	48147-48190
48168.9	21.5	2791	48147-48190
48168.5	21.0999999999985	2791	48147-48190
48168.1	21.5	2791	48147-48190
48168.6	22	2792	48147-48191
48169	22.4000000000015	2792	48147-48191
48169.4	22	2792	48147-48191
48169	21.5999999999985	2792	48147-48191
48168.6	22	2792	48147-48191
48169.1	22.5	2793	48147-48192
48169.5	22.9000000000015	2793	48147-48192
48169.9	22.5	2793	48147-48192
48169.5	22.0999999999985	2793	48147-48192
48169.1	22.5	2793	48147-48192
48169.6	23	2794	48147-48193
48170	23.4000000000015	2794	48147-48193
48170.4	23	2794	48147-48193
48170	22.5999999999985	2794	48147-48193
48169.6	23	2794	48147-48193
48170.1	23.5	2795	48147-48194
48170.5	23.9000000000015	2795	48147-48194
48170.9	23.5	2795	48147-48194
48170.5	23.0999999999985	2795	48147-48194
48170.1	23.5	2795	48147-48194
48170.6	24	2796	48147-48195
48171	24.4000000000015	2796	48147-48195
48171.4	24	2796	48147-48195
48171	23.5999999999985	2796	48147-48195
48170.6	24	2796	48147-48195
48171.1	24.5	2797	48147-48196
48171.5	24.9000000000015	2797	48147-48196
48171.9	24.5	2797	48147-48196
48171.5	24.0999999999985	2797	48147-48196
48171.1	24.5	2797	48147-48196
48147.6	0	2798	48148-48148
48148	0.400000000001455	2798	48148-48148
48148.4	0	2798	48148-48148
48148	-0.400000000001455	2798	48148-48148
48147.6	0	2798	48148-48148
48148.1	0.5	2799	48148-48149
48148.5	0.900000000001455	2799	48148-48149
48148.9	0.5	2799	48148-48149
48148.5	0.0999999999985448	2799	48148-48149
48148.1	0.5	2799	48148-48149
48148.6	1	2800	48148-48150
48149	1.40000000000146	2800	48148-48150
48149.4	1	2800	48148-48150
48149	0.599999999998545	2800	48148-48150
48148.6	1	2800	48148-48150
48149.1	1.5	2801	48148-48151
48149.5	1.90000000000146	2801	48148-48151
48149.9	1.5	2801	48148-48151
48149.5	1.09999999999854	2801	48148-48151
48149.1	1.5	2801	48148-48151
48149.6	2	2802	48148-48152
48150	2.40000000000146	2802	48148-48152
48150.4	2	2802	48148-48152
48150	1.59999999999854	2802	48148-48152
48149.6	2	2802	48148-48152
48150.1	2.5	2803	48148-48153
48150.5	2.90000000000146	2803	48148-48153
48150.9	2.5	2803	48148-48153
48150.5	2.09999999999854	2803	48148-48153
48150.1	2.5	2803	48148-48153
48150.6	3	2804	48148-48154
48151	3.40000000000146	2804	48148-48154
48151.4	3	2804	48148-48154
48151	2.59999999999855	2804	48148-48154
48150.6	3	2804	48148-48154
48151.1	3.5	2805	48148-48155
48151.5	3.90000000000146	2805	48148-48155
48151.9	3.5	2805	48148-48155
48151.5	3.09999999999855	2805	48148-48155
48151.1	3.5	2805	48148-48155
48151.6	4	2806	48148-48156
48152	4.40000000000146	2806	48148-48156
48152.4	4	2806	48148-48156
48152	3.59999999999855	2806	48148-48156
48151.6	4	2806	48148-48156
48152.1	4.5	2807	48148-48157
48152.5	4.90000000000146	2807	48148-48157
48152.9	4.5	2807	48148-48157
48152.5	4.09999999999855	2807	48148-48157
48152.1	4.5	2807	48148-48157
48152.6	5	2808	48148-48158
48153	5.40000000000146	2808	48148-48158
48153.4	5	2808	48148-48158
48153	4.59999999999855	2808	48148-48158
48152.6	5	2808	48148-48158
48153.1	5.5	2809	48148-48159
48153.5	5.90000000000146	2809	48148-48159
48153.9	5.5	2809	48148-48159
48153.5	5.09999999999855	2809	48148-48159
48153.1	5.5	2809	48148-48159
48153.6	6	2810	48148-48160
48154	6.40000000000146	2810	48148-48160
48154.4	6	2810	48148-48160
48154	5.59999999999855	2810	48148-48160
48153.6	6	2810	48148-48160
48154.1	6.5	2811	48148-48161
48154.5	6.90000000000146	2811	48148-48161
48154.9	6.5	2811	48148-48161
48154.5	6.09999999999855	2811	48148-48161
48154.1	6.5	2811	48148-48161
48154.6	7	2812	48148-48162
48155	7.40000000000146	2812	48148-48162
48155.4	7	2812	48148-48162
48155	6.59999999999855	2812	48148-48162
48154.6	7	2812	48148-48162
48155.1	7.5	2813	48148-48163
48155.5	7.90000000000146	2813	48148-48163
48155.9	7.5	2813	48148-48163
48155.5	7.09999999999855	2813	48148-48163
48155.1	7.5	2813	48148-48163
48155.6	8	2814	48148-48164
48156	8.40000000000146	2814	48148-48164
48156.4	8	2814	48148-48164
48156	7.59999999999855	2814	48148-48164
48155.6	8	2814	48148-48164
48156.1	8.5	2815	48148-48165
48156.5	8.90000000000146	2815	48148-48165
48156.9	8.5	2815	48148-48165
48156.5	8.09999999999855	2815	48148-48165
48156.1	8.5	2815	48148-48165
48156.6	9	2816	48148-48166
48157	9.40000000000146	2816	48148-48166
48157.4	9	2816	48148-48166
48157	8.59999999999855	2816	48148-48166
48156.6	9	2816	48148-48166
48157.1	9.5	2817	48148-48167
48157.5	9.90000000000146	2817	48148-48167
48157.9	9.5	2817	48148-48167
48157.5	9.09999999999854	2817	48148-48167
48157.1	9.5	2817	48148-48167
48157.6	10	2818	48148-48168
48158	10.4000000000015	2818	48148-48168
48158.4	10	2818	48148-48168
48158	9.59999999999854	2818	48148-48168
48157.6	10	2818	48148-48168
48158.1	10.5	2819	48148-48169
48158.5	10.9000000000015	2819	48148-48169
48158.9	10.5	2819	48148-48169
48158.5	10.0999999999985	2819	48148-48169
48158.1	10.5	2819	48148-48169
48158.6	11	2820	48148-48170
48159	11.4000000000015	2820	48148-48170
48159.4	11	2820	48148-48170
48159	10.5999999999985	2820	48148-48170
48158.6	11	2820	48148-48170
48159.1	11.5	2821	48148-48171
48159.5	11.9000000000015	2821	48148-48171
48159.9	11.5	2821	48148-48171
48159.5	11.0999999999985	2821	48148-48171
48159.1	11.5	2821	48148-48171
48159.6	12	2822	48148-48172
48160	12.4000000000015	2822	48148-48172
48160.4	12	2822	48148-48172
48160	11.5999999999985	2822	48148-48172
48159.6	12	2822	48148-48172
48160.1	12.5	2823	48148-48173
48160.5	12.9000000000015	2823	48148-48173
48160.9	12.5	2823	48148-48173
48160.5	12.0999999999985	2823	48148-48173
48160.1	12.5	2823	48148-48173
48160.6	13	2824	48148-48174
48161	13.4000000000015	2824	48148-48174
48161.4	13	2824	48148-48174
48161	12.5999999999985	2824	48148-48174
48160.6	13	2824	48148-48174
48161.1	13.5	2825	48148-48175
48161.5	13.9000000000015	2825	48148-48175
48161.9	13.5	2825	48148-48175
48161.5	13.0999999999985	2825	48148-48175
48161.1	13.5	2825	48148-48175
48161.6	14	2826	48148-48176
48162	14.4000000000015	2826	48148-48176
48162.4	14	2826	48148-48176
48162	13.5999999999985	2826	48148-48176
48161.6	14	2826	48148-48176
48162.1	14.5	2827	48148-48177
48162.5	14.9000000000015	2827	48148-48177
48162.9	14.5	2827	48148-48177
48162.5	14.0999999999985	2827	48148-48177
48162.1	14.5	2827	48148-48177
48162.6	15	2828	48148-48178
48163	15.4000000000015	2828	48148-48178
48163.4	15	2828	48148-48178
48163	14.5999999999985	2828	48148-48178
48162.6	15	2828	48148-48178
48163.1	15.5	2829	48148-48179
48163.5	15.9000000000015	2829	48148-48179
48163.9	15.5	2829	48148-48179
48163.5	15.0999999999985	2829	48148-48179
48163.1	15.5	2829	48148-48179
48163.6	16	2830	48148-48180
48164	16.4000000000015	2830	48148-48180
48164.4	16	2830	48148-48180
48164	15.5999999999985	2830	48148-48180
48163.6	16	2830	48148-48180
48164.1	16.5	2831	48148-48181
48164.5	16.9000000000015	2831	48148-48181
48164.9	16.5	2831	48148-48181
48164.5	16.0999999999985	2831	48148-48181
48164.1	16.5	2831	48148-48181
48164.6	17	2832	48148-48182
48165	17.4000000000015	2832	48148-48182
48165.4	17	2832	48148-48182
48165	16.5999999999985	2832	48148-48182
48164.6	17	2832	48148-48182
48165.1	17.5	2833	48148-48183
48165.5	17.9000000000015	2833	48148-48183
48165.9	17.5	2833	48148-48183
48165.5	17.0999999999985	2833	48148-48183
48165.1	17.5	2833	48148-48183
48165.6	18	2834	48148-48184
48166	18.4000000000015	2834	48148-48184
48166.4	18	2834	48148-48184
48166	17.5999999999985	2834	48148-48184
48165.6	18	2834	48148-48184
48166.1	18.5	2835	48148-48185
48166.5	18.9000000000015	2835	48148-48185
48166.9	18.5	2835	48148-48185
48166.5	18.0999999999985	2835	48148-48185
48166.1	18.5	2835	48148-48185
48166.6	19	2836	48148-48186
48167	19.4000000000015	2836	48148-48186
48167.4	19	2836	48148-48186
48167	18.5999999999985	2836	48148-48186
48166.6	19	2836	48148-48186
48167.1	19.5	2837	48148-48187
48167.5	19.9000000000015	2837	48148-48187
48167.9	19.5	2837	48148-48187
48167.5	19.0999999999985	2837	48148-48187
48167.1	19.5	2837	48148-48187
48167.6	20	2838	48148-48188
48168	20.4000000000015	2838	48148-48188
48168.4	20	2838	48148-48188
48168	19.5999999999985	2838	48148-48188
48167.6	20	2838	48148-48188
48168.1	20.5	2839	48148-48189
48168.5	20.9000000000015	2839	48148-48189
48168.9	20.5	2839	48148-48189
48168.5	20.0999999999985	2839	48148-48189
48168.1	20.5	2839	48148-48189
48168.6	21	2840	48148-48190
48169	21.4000000000015	2840	48148-48190
48169.4	21	2840	48148-48190
48169	20.5999999999985	2840	48148-48190
48168.6	21	2840	48148-48190
48169.1	21.5	2841	48148-48191
48169.5	21.9000000000015	2841	48148-48191
48169.9	21.5	2841	48148-48191
48169.5	21.0999999999985	2841	48148-48191
48169.1	21.5	2841	48148-48191
48169.6	22	2842	48148-48192
48170	22.4000000000015	2842	48148-48192
48170.4	22	2842	48148-48192
48170	21.5999999999985	2842	48148-48192
48169.6	22	2842	48148-48192
48170.1	22.5	2843	48148-48193
48170.5	22.9000000000015	2843	48148-48193
48170.9	22.5	2843	48148-48193
48170.5	22.0999999999985	2843	48148-48193
48170.1	22.5	2843	48148-48193
48170.6	23	2844	48148-48194
48171	23.4000000000015	2844	48148-48194
48171.4	23	2844	48148-48194
48171	22.5999999999985	2844	48148-48194
48170.6	23	2844	48148-48194
48171.1	23.5	2845	48148-48195
48171.5	23.9000000000015	2845	48148-48195
48171.9	23.5	2845	48148-48195
48171.5	23.0999999999985	2845	48148-48195
48171.1	23.5	2845	48148-48195
48171.6	24	2846	48148-48196
48172	24.4000000000015	2846	48148-48196
48172.4	24	2846	48148-48196
48172	23.5999999999985	2846	48148-48196
48171.6	24	2846	48148-48196
48172.1	24.5	2847	48148-48197
48172.5	24.9000000000015	2847	48148-48197
48172.9	24.5	2847	48148-48197
48172.5	24.0999999999985	2847	48148-48197
48172.1	24.5	2847	48148-48197
48148.6	0	2848	48149-48149
48149	0.400000000001455	2848	48149-48149
48149.4	0	2848	48149-48149
48149	-0.400000000001455	2848	48149-48149
48148.6	0	2848	48149-48149
48149.1	0.5	2849	48149-48150
48149.5	0.900000000001455	2849	48149-48150
48149.9	0.5	2849	48149-48150
48149.5	0.0999999999985448	2849	48149-48150
48149.1	0.5	2849	48149-48150
48149.6	1	2850	48149-48151
48150	1.40000000000146	2850	48149-48151
48150.4	1	2850	48149-48151
48150	0.599999999998545	2850	48149-48151
48149.6	1	2850	48149-48151
48150.1	1.5	2851	48149-48152
48150.5	1.90000000000146	2851	48149-48152
48150.9	1.5	2851	48149-48152
48150.5	1.09999999999854	2851	48149-48152
48150.1	1.5	2851	48149-48152
48150.6	2	2852	48149-48153
48151	2.40000000000146	2852	48149-48153
48151.4	2	2852	48149-48153
48151	1.59999999999854	2852	48149-48153
48150.6	2	2852	48149-48153
48151.1	2.5	2853	48149-48154
48151.5	2.90000000000146	2853	48149-48154
48151.9	2.5	2853	48149-48154
48151.5	2.09999999999854	2853	48149-48154
48151.1	2.5	2853	48149-48154
48151.6	3	2854	48149-48155
48152	3.40000000000146	2854	48149-48155
48152.4	3	2854	48149-48155
48152	2.59999999999855	2854	48149-48155
48151.6	3	2854	48149-48155
48152.1	3.5	2855	48149-48156
48152.5	3.90000000000146	2855	48149-48156
48152.9	3.5	2855	48149-48156
48152.5	3.09999999999855	2855	48149-48156
48152.1	3.5	2855	48149-48156
48152.6	4	2856	48149-48157
48153	4.40000000000146	2856	48149-48157
48153.4	4	2856	48149-48157
48153	3.59999999999855	2856	48149-48157
48152.6	4	2856	48149-48157
48153.1	4.5	2857	48149-48158
48153.5	4.90000000000146	2857	48149-48158
48153.9	4.5	2857	48149-48158
48153.5	4.09999999999855	2857	48149-48158
48153.1	4.5	2857	48149-48158
48153.6	5	2858	48149-48159
48154	5.40000000000146	2858	48149-48159
48154.4	5	2858	48149-48159
48154	4.59999999999855	2858	48149-48159
48153.6	5	2858	48149-48159
48154.1	5.5	2859	48149-48160
48154.5	5.90000000000146	2859	48149-48160
48154.9	5.5	2859	48149-48160
48154.5	5.09999999999855	2859	48149-48160
48154.1	5.5	2859	48149-48160
48154.6	6	2860	48149-48161
48155	6.40000000000146	2860	48149-48161
48155.4	6	2860	48149-48161
48155	5.59999999999855	2860	48149-48161
48154.6	6	2860	48149-48161
48155.1	6.5	2861	48149-48162
48155.5	6.90000000000146	2861	48149-48162
48155.9	6.5	2861	48149-48162
48155.5	6.09999999999855	2861	48149-48162
48155.1	6.5	2861	48149-48162
48155.6	7	2862	48149-48163
48156	7.40000000000146	2862	48149-48163
48156.4	7	2862	48149-48163
48156	6.59999999999855	2862	48149-48163
48155.6	7	2862	48149-48163
48156.1	7.5	2863	48149-48164
48156.5	7.90000000000146	2863	48149-48164
48156.9	7.5	2863	48149-48164
48156.5	7.09999999999855	2863	48149-48164
48156.1	7.5	2863	48149-48164
48156.6	8	2864	48149-48165
48157	8.40000000000146	2864	48149-48165
48157.4	8	2864	48149-48165
48157	7.59999999999855	2864	48149-48165
48156.6	8	2864	48149-48165
48157.1	8.5	2865	48149-48166
48157.5	8.90000000000146	2865	48149-48166
48157.9	8.5	2865	48149-48166
48157.5	8.09999999999855	2865	48149-48166
48157.1	8.5	2865	48149-48166
48157.6	9	2866	48149-48167
48158	9.40000000000146	2866	48149-48167
48158.4	9	2866	48149-48167
48158	8.59999999999855	2866	48149-48167
48157.6	9	2866	48149-48167
48158.1	9.5	2867	48149-48168
48158.5	9.90000000000146	2867	48149-48168
48158.9	9.5	2867	48149-48168
48158.5	9.09999999999854	2867	48149-48168
48158.1	9.5	2867	48149-48168
48158.6	10	2868	48149-48169
48159	10.4000000000015	2868	48149-48169
48159.4	10	2868	48149-48169
48159	9.59999999999854	2868	48149-48169
48158.6	10	2868	48149-48169
48159.1	10.5	2869	48149-48170
48159.5	10.9000000000015	2869	48149-48170
48159.9	10.5	2869	48149-48170
48159.5	10.0999999999985	2869	48149-48170
48159.1	10.5	2869	48149-48170
48159.6	11	2870	48149-48171
48160	11.4000000000015	2870	48149-48171
48160.4	11	2870	48149-48171
48160	10.5999999999985	2870	48149-48171
48159.6	11	2870	48149-48171
48160.1	11.5	2871	48149-48172
48160.5	11.9000000000015	2871	48149-48172
48160.9	11.5	2871	48149-48172
48160.5	11.0999999999985	2871	48149-48172
48160.1	11.5	2871	48149-48172
48160.6	12	2872	48149-48173
48161	12.4000000000015	2872	48149-48173
48161.4	12	2872	48149-48173
48161	11.5999999999985	2872	48149-48173
48160.6	12	2872	48149-48173
48161.1	12.5	2873	48149-48174
48161.5	12.9000000000015	2873	48149-48174
48161.9	12.5	2873	48149-48174
48161.5	12.0999999999985	2873	48149-48174
48161.1	12.5	2873	48149-48174
48161.6	13	2874	48149-48175
48162	13.4000000000015	2874	48149-48175
48162.4	13	2874	48149-48175
48162	12.5999999999985	2874	48149-48175
48161.6	13	2874	48149-48175
48162.1	13.5	2875	48149-48176
48162.5	13.9000000000015	2875	48149-48176
48162.9	13.5	2875	48149-48176
48162.5	13.0999999999985	2875	48149-48176
48162.1	13.5	2875	48149-48176
48162.6	14	2876	48149-48177
48163	14.4000000000015	2876	48149-48177
48163.4	14	2876	48149-48177
48163	13.5999999999985	2876	48149-48177
48162.6	14	2876	48149-48177
48163.1	14.5	2877	48149-48178
48163.5	14.9000000000015	2877	48149-48178
48163.9	14.5	2877	48149-48178
48163.5	14.0999999999985	2877	48149-48178
48163.1	14.5	2877	48149-48178
48163.6	15	2878	48149-48179
48164	15.4000000000015	2878	48149-48179
48164.4	15	2878	48149-48179
48164	14.5999999999985	2878	48149-48179
48163.6	15	2878	48149-48179
48164.1	15.5	2879	48149-48180
48164.5	15.9000000000015	2879	48149-48180
48164.9	15.5	2879	48149-48180
48164.5	15.0999999999985	2879	48149-48180
48164.1	15.5	2879	48149-48180
48164.6	16	2880	48149-48181
48165	16.4000000000015	2880	48149-48181
48165.4	16	2880	48149-48181
48165	15.5999999999985	2880	48149-48181
48164.6	16	2880	48149-48181
48165.1	16.5	2881	48149-48182
48165.5	16.9000000000015	2881	48149-48182
48165.9	16.5	2881	48149-48182
48165.5	16.0999999999985	2881	48149-48182
48165.1	16.5	2881	48149-48182
48165.6	17	2882	48149-48183
48166	17.4000000000015	2882	48149-48183
48166.4	17	2882	48149-48183
48166	16.5999999999985	2882	48149-48183
48165.6	17	2882	48149-48183
48166.1	17.5	2883	48149-48184
48166.5	17.9000000000015	2883	48149-48184
48166.9	17.5	2883	48149-48184
48166.5	17.0999999999985	2883	48149-48184
48166.1	17.5	2883	48149-48184
48166.6	18	2884	48149-48185
48167	18.4000000000015	2884	48149-48185
48167.4	18	2884	48149-48185
48167	17.5999999999985	2884	48149-48185
48166.6	18	2884	48149-48185
48167.1	18.5	2885	48149-48186
48167.5	18.9000000000015	2885	48149-48186
48167.9	18.5	2885	48149-48186
48167.5	18.0999999999985	2885	48149-48186
48167.1	18.5	2885	48149-48186
48167.6	19	2886	48149-48187
48168	19.4000000000015	2886	48149-48187
48168.4	19	2886	48149-48187
48168	18.5999999999985	2886	48149-48187
48167.6	19	2886	48149-48187
48168.1	19.5	2887	48149-48188
48168.5	19.9000000000015	2887	48149-48188
48168.9	19.5	2887	48149-48188
48168.5	19.0999999999985	2887	48149-48188
48168.1	19.5	2887	48149-48188
48168.6	20	2888	48149-48189
48169	20.4000000000015	2888	48149-48189
48169.4	20	2888	48149-48189
48169	19.5999999999985	2888	48149-48189
48168.6	20	2888	48149-48189
48169.1	20.5	2889	48149-48190
48169.5	20.9000000000015	2889	48149-48190
48169.9	20.5	2889	48149-48190
48169.5	20.0999999999985	2889	48149-48190
48169.1	20.5	2889	48149-48190
48169.6	21	2890	48149-48191
48170	21.4000000000015	2890	48149-48191
48170.4	21	2890	48149-48191
48170	20.5999999999985	2890	48149-48191
48169.6	21	2890	48149-48191
48170.1	21.5	2891	48149-48192
48170.5	21.9000000000015	2891	48149-48192
48170.9	21.5	2891	48149-48192
48170.5	21.0999999999985	2891	48149-48192
48170.1	21.5	2891	48149-48192
48170.6	22	2892	48149-48193
48171	22.4000000000015	2892	48149-48193
48171.4	22	2892	48149-48193
48171	21.5999999999985	2892	48149-48193
48170.6	22	2892	48149-48193
48171.1	22.5	2893	48149-48194
48171.5	22.9000000000015	2893	48149-48194
48171.9	22.5	2893	48149-48194
48171.5	22.0999999999985	2893	48149-48194
48171.1	22.5	2893	48149-48194
48171.6	23	2894	48149-48195
48172	23.4000000000015	2894	48149-48195
48172.4	23	2894	48149-48195
48172	22.5999999999985	2894	48149-48195
48171.6	23	2894	48149-48195
48172.1	23.5	2895	48149-48196
48172.5	23.9000000000015	2895	48149-48196
48172.9	23.5	2895	48149-48196
48172.5	23.0999999999985	2895	48149-48196
48172.1	23.5	2895	48149-48196
48172.6	24	2896	48149-48197
48173	24.4000000000015	2896	48149-48197
48173.4	24	2896	48149-48197
48173	23.5999999999985	2896	48149-48197
48172.6	24	2896	48149-48197
48173.1	24.5	2897	48149-48198
48173.5	24.9000000000015	2897	48149-48198
48173.9	24.5	2897	48149-48198
48173.5	24.0999999999985	2897	48149-48198
48173.1	24.5	2897	48149-48198
48149.6	0	2898	48150-48150
48150	0.400000000001455	2898	48150-48150
48150.4	0	2898	48150-48150
48150	-0.400000000001455	2898	48150-48150
48149.6	0	2898	48150-48150
48150.1	0.5	2899	48150-48151
48150.5	0.900000000001455	2899	48150-48151
48150.9	0.5	2899	48150-48151
48150.5	0.0999999999985448	2899	48150-48151
48150.1	0.5	2899	48150-48151
48150.6	1	2900	48150-48152
48151	1.40000000000146	2900	48150-48152
48151.4	1	2900	48150-48152
48151	0.599999999998545	2900	48150-48152
48150.6	1	2900	48150-48152
48151.1	1.5	2901	48150-48153
48151.5	1.90000000000146	2901	48150-48153
48151.9	1.5	2901	48150-48153
48151.5	1.09999999999854	2901	48150-48153
48151.1	1.5	2901	48150-48153
48151.6	2	2902	48150-48154
48152	2.40000000000146	2902	48150-48154
48152.4	2	2902	48150-48154
48152	1.59999999999854	2902	48150-48154
48151.6	2	2902	48150-48154
48152.1	2.5	2903	48150-48155
48152.5	2.90000000000146	2903	48150-48155
48152.9	2.5	2903	48150-48155
48152.5	2.09999999999854	2903	48150-48155
48152.1	2.5	2903	48150-48155
48152.6	3	2904	48150-48156
48153	3.40000000000146	2904	48150-48156
48153.4	3	2904	48150-48156
48153	2.59999999999855	2904	48150-48156
48152.6	3	2904	48150-48156
48153.1	3.5	2905	48150-48157
48153.5	3.90000000000146	2905	48150-48157
48153.9	3.5	2905	48150-48157
48153.5	3.09999999999855	2905	48150-48157
48153.1	3.5	2905	48150-48157
48153.6	4	2906	48150-48158
48154	4.40000000000146	2906	48150-48158
48154.4	4	2906	48150-48158
48154	3.59999999999855	2906	48150-48158
48153.6	4	2906	48150-48158
48154.1	4.5	2907	48150-48159
48154.5	4.90000000000146	2907	48150-48159
48154.9	4.5	2907	48150-48159
48154.5	4.09999999999855	2907	48150-48159
48154.1	4.5	2907	48150-48159
48154.6	5	2908	48150-48160
48155	5.40000000000146	2908	48150-48160
48155.4	5	2908	48150-48160
48155	4.59999999999855	2908	48150-48160
48154.6	5	2908	48150-48160
48155.1	5.5	2909	48150-48161
48155.5	5.90000000000146	2909	48150-48161
48155.9	5.5	2909	48150-48161
48155.5	5.09999999999855	2909	48150-48161
48155.1	5.5	2909	48150-48161
48155.6	6	2910	48150-48162
48156	6.40000000000146	2910	48150-48162
48156.4	6	2910	48150-48162
48156	5.59999999999855	2910	48150-48162
48155.6	6	2910	48150-48162
48156.1	6.5	2911	48150-48163
48156.5	6.90000000000146	2911	48150-48163
48156.9	6.5	2911	48150-48163
48156.5	6.09999999999855	2911	48150-48163
48156.1	6.5	2911	48150-48163
48156.6	7	2912	48150-48164
48157	7.40000000000146	2912	48150-48164
48157.4	7	2912	48150-48164
48157	6.59999999999855	2912	48150-48164
48156.6	7	2912	48150-48164
48157.1	7.5	2913	48150-48165
48157.5	7.90000000000146	2913	48150-48165
48157.9	7.5	2913	48150-48165
48157.5	7.09999999999855	2913	48150-48165
48157.1	7.5	2913	48150-48165
48157.6	8	2914	48150-48166
48158	8.40000000000146	2914	48150-48166
48158.4	8	2914	48150-48166
48158	7.59999999999855	2914	48150-48166
48157.6	8	2914	48150-48166
48158.1	8.5	2915	48150-48167
48158.5	8.90000000000146	2915	48150-48167
48158.9	8.5	2915	48150-48167
48158.5	8.09999999999855	2915	48150-48167
48158.1	8.5	2915	48150-48167
48158.6	9	2916	48150-48168
48159	9.40000000000146	2916	48150-48168
48159.4	9	2916	48150-48168
48159	8.59999999999855	2916	48150-48168
48158.6	9	2916	48150-48168
48159.1	9.5	2917	48150-48169
48159.5	9.90000000000146	2917	48150-48169
48159.9	9.5	2917	48150-48169
48159.5	9.09999999999854	2917	48150-48169
48159.1	9.5	2917	48150-48169
48159.6	10	2918	48150-48170
48160	10.4000000000015	2918	48150-48170
48160.4	10	2918	48150-48170
48160	9.59999999999854	2918	48150-48170
48159.6	10	2918	48150-48170
48160.1	10.5	2919	48150-48171
48160.5	10.9000000000015	2919	48150-48171
48160.9	10.5	2919	48150-48171
48160.5	10.0999999999985	2919	48150-48171
48160.1	10.5	2919	48150-48171
48160.6	11	2920	48150-48172
48161	11.4000000000015	2920	48150-48172
48161.4	11	2920	48150-48172
48161	10.5999999999985	2920	48150-48172
48160.6	11	2920	48150-48172
48161.1	11.5	2921	48150-48173
48161.5	11.9000000000015	2921	48150-48173
48161.9	11.5	2921	48150-48173
48161.5	11.0999999999985	2921	48150-48173
48161.1	11.5	2921	48150-48173
48161.6	12	2922	48150-48174
48162	12.4000000000015	2922	48150-48174
48162.4	12	2922	48150-48174
48162	11.5999999999985	2922	48150-48174
48161.6	12	2922	48150-48174
48162.1	12.5	2923	48150-48175
48162.5	12.9000000000015	2923	48150-48175
48162.9	12.5	2923	48150-48175
48162.5	12.0999999999985	2923	48150-48175
48162.1	12.5	2923	48150-48175
48162.6	13	2924	48150-48176
48163	13.4000000000015	2924	48150-48176
48163.4	13	2924	48150-48176
48163	12.5999999999985	2924	48150-48176
48162.6	13	2924	48150-48176
48163.1	13.5	2925	48150-48177
48163.5	13.9000000000015	2925	48150-48177
48163.9	13.5	2925	48150-48177
48163.5	13.0999999999985	2925	48150-48177
48163.1	13.5	2925	48150-48177
48163.6	14	2926	48150-48178
48164	14.4000000000015	2926	48150-48178
48164.4	14	2926	48150-48178
48164	13.5999999999985	2926	48150-48178
48163.6	14	2926	48150-48178
48164.1	14.5	2927	48150-48179
48164.5	14.9000000000015	2927	48150-48179
48164.9	14.5	2927	48150-48179
48164.5	14.0999999999985	2927	48150-48179
48164.1	14.5	2927	48150-48179
48164.6	15	2928	48150-48180
48165	15.4000000000015	2928	48150-48180
48165.4	15	2928	48150-48180
48165	14.5999999999985	2928	48150-48180
48164.6	15	2928	48150-48180
48165.1	15.5	2929	48150-48181
48165.5	15.9000000000015	2929	48150-48181
48165.9	15.5	2929	48150-48181
48165.5	15.0999999999985	2929	48150-48181
48165.1	15.5	2929	48150-48181
48165.6	16	2930	48150-48182
48166	16.4000000000015	2930	48150-48182
48166.4	16	2930	48150-48182
48166	15.5999999999985	2930	48150-48182
48165.6	16	2930	48150-48182
48166.1	16.5	2931	48150-48183
48166.5	16.9000000000015	2931	48150-48183
48166.9	16.5	2931	48150-48183
48166.5	16.0999999999985	2931	48150-48183
48166.1	16.5	2931	48150-48183
48166.6	17	2932	48150-48184
48167	17.4000000000015	2932	48150-48184
48167.4	17	2932	48150-48184
48167	16.5999999999985	2932	48150-48184
48166.6	17	2932	48150-48184
48167.1	17.5	2933	48150-48185
48167.5	17.9000000000015	2933	48150-48185
48167.9	17.5	2933	48150-48185
48167.5	17.0999999999985	2933	48150-48185
48167.1	17.5	2933	48150-48185
48167.6	18	2934	48150-48186
48168	18.4000000000015	2934	48150-48186
48168.4	18	2934	48150-48186
48168	17.5999999999985	2934	48150-48186
48167.6	18	2934	48150-48186
48168.1	18.5	2935	48150-48187
48168.5	18.9000000000015	2935	48150-48187
48168.9	18.5	2935	48150-48187
48168.5	18.0999999999985	2935	48150-48187
48168.1	18.5	2935	48150-48187
48168.6	19	2936	48150-48188
48169	19.4000000000015	2936	48150-48188
48169.4	19	2936	48150-48188
48169	18.5999999999985	2936	48150-48188
48168.6	19	2936	48150-48188
48169.1	19.5	2937	48150-48189
48169.5	19.9000000000015	2937	48150-48189
48169.9	19.5	2937	48150-48189
48169.5	19.0999999999985	2937	48150-48189
48169.1	19.5	2937	48150-48189
48169.6	20	2938	48150-48190
48170	20.4000000000015	2938	48150-48190
48170.4	20	2938	48150-48190
48170	19.5999999999985	2938	48150-48190
48169.6	20	2938	48150-48190
48170.1	20.5	2939	48150-48191
48170.5	20.9000000000015	2939	48150-48191
48170.9	20.5	2939	48150-48191
48170.5	20.0999999999985	2939	48150-48191
48170.1	20.5	2939	48150-48191
48170.6	21	2940	48150-48192
48171	21.4000000000015	2940	48150-48192
48171.4	21	2940	48150-48192
48171	20.5999999999985	2940	48150-48192
48170.6	21	2940	48150-48192
48171.1	21.5	2941	48150-48193
48171.5	21.9000000000015	2941	48150-48193
48171.9	21.5	2941	48150-48193
48171.5	21.0999999999985	2941	48150-48193
48171.1	21.5	2941	48150-48193
48171.6	22	2942	48150-48194
48172	22.4000000000015	2942	48150-48194
48172.4	22	2942	48150-48194
48172	21.5999999999985	2942	48150-48194
48171.6	22	2942	48150-48194
48172.1	22.5	2943	48150-48195
48172.5	22.9000000000015	2943	48150-48195
48172.9	22.5	2943	48150-48195
48172.5	22.0999999999985	2943	48150-48195
48172.1	22.5	2943	48150-48195
48172.6	23	2944	48150-48196
48173	23.4000000000015	2944	48150-48196
48173.4	23	2944	48150-48196
48173	22.5999999999985	2944	48150-48196
48172.6	23	2944	48150-48196
48173.1	23.5	2945	48150-48197
48173.5	23.9000000000015	2945	48150-48197
48173.9	23.5	2945	48150-48197
48173.5	23.0999999999985	2945	48150-48197
48173.1	23.5	2945	48150-48197
48173.6	24	2946	48150-48198
48174	24.4000000000015	2946	48150-48198
48174.4	24	2946	48150-48198
48174	23.5999999999985	2946	48150-48198
48173.6	24	2946	48150-48198
48174.1	24.5	2947	48150-48199
48174.5	24.9000000000015	2947	48150-48199
48174.9	24.5	2947	48150-48199
48174.5	24.0999999999985	2947	48150-48199
48174.1	24.5	2947	48150-48199
48150.6	0	2948	48151-48151
48151	0.400000000001455	2948	48151-48151
48151.4	0	2948	48151-48151
48151	-0.400000000001455	2948	48151-48151
48150.6	0	2948	48151-48151
48151.1	0.5	2949	48151-48152
48151.5	0.900000000001455	2949	48151-48152
48151.9	0.5	2949	48151-48152
48151.5	0.0999999999985448	2949	48151-48152
48151.1	0.5	2949	48151-48152
48151.6	1	2950	48151-48153
48152	1.40000000000146	2950	48151-48153
48152.4	1	2950	48151-48153
48152	0.599999999998545	2950	48151-48153
48151.6	1	2950	48151-48153
48152.1	1.5	2951	48151-48154
48152.5	1.90000000000146	2951	48151-48154
48152.9	1.5	2951	48151-48154
48152.5	1.09999999999854	2951	48151-48154
48152.1	1.5	2951	48151-48154
48152.6	2	2952	48151-48155
48153	2.40000000000146	2952	48151-48155
48153.4	2	2952	48151-48155
48153	1.59999999999854	2952	48151-48155
48152.6	2	2952	48151-48155
48153.1	2.5	2953	48151-48156
48153.5	2.90000000000146	2953	48151-48156
48153.9	2.5	2953	48151-48156
48153.5	2.09999999999854	2953	48151-48156
48153.1	2.5	2953	48151-48156
48153.6	3	2954	48151-48157
48154	3.40000000000146	2954	48151-48157
48154.4	3	2954	48151-48157
48154	2.59999999999855	2954	48151-48157
48153.6	3	2954	48151-48157
48154.1	3.5	2955	48151-48158
48154.5	3.90000000000146	2955	48151-48158
48154.9	3.5	2955	48151-48158
48154.5	3.09999999999855	2955	48151-48158
48154.1	3.5	2955	48151-48158
48154.6	4	2956	48151-48159
48155	4.40000000000146	2956	48151-48159
48155.4	4	2956	48151-48159
48155	3.59999999999855	2956	48151-48159
48154.6	4	2956	48151-48159
48155.1	4.5	2957	48151-48160
48155.5	4.90000000000146	2957	48151-48160
48155.9	4.5	2957	48151-48160
48155.5	4.09999999999855	2957	48151-48160
48155.1	4.5	2957	48151-48160
48155.6	5	2958	48151-48161
48156	5.40000000000146	2958	48151-48161
48156.4	5	2958	48151-48161
48156	4.59999999999855	2958	48151-48161
48155.6	5	2958	48151-48161
48156.1	5.5	2959	48151-48162
48156.5	5.90000000000146	2959	48151-48162
48156.9	5.5	2959	48151-48162
48156.5	5.09999999999855	2959	48151-48162
48156.1	5.5	2959	48151-48162
48156.6	6	2960	48151-48163
48157	6.40000000000146	2960	48151-48163
48157.4	6	2960	48151-48163
48157	5.59999999999855	2960	48151-48163
48156.6	6	2960	48151-48163
48157.1	6.5	2961	48151-48164
48157.5	6.90000000000146	2961	48151-48164
48157.9	6.5	2961	48151-48164
48157.5	6.09999999999855	2961	48151-48164
48157.1	6.5	2961	48151-48164
48157.6	7	2962	48151-48165
48158	7.40000000000146	2962	48151-48165
48158.4	7	2962	48151-48165
48158	6.59999999999855	2962	48151-48165
48157.6	7	2962	48151-48165
48158.1	7.5	2963	48151-48166
48158.5	7.90000000000146	2963	48151-48166
48158.9	7.5	2963	48151-48166
48158.5	7.09999999999855	2963	48151-48166
48158.1	7.5	2963	48151-48166
48158.6	8	2964	48151-48167
48159	8.40000000000146	2964	48151-48167
48159.4	8	2964	48151-48167
48159	7.59999999999855	2964	48151-48167
48158.6	8	2964	48151-48167
48159.1	8.5	2965	48151-48168
48159.5	8.90000000000146	2965	48151-48168
48159.9	8.5	2965	48151-48168
48159.5	8.09999999999855	2965	48151-48168
48159.1	8.5	2965	48151-48168
48159.6	9	2966	48151-48169
48160	9.40000000000146	2966	48151-48169
48160.4	9	2966	48151-48169
48160	8.59999999999855	2966	48151-48169
48159.6	9	2966	48151-48169
48160.1	9.5	2967	48151-48170
48160.5	9.90000000000146	2967	48151-48170
48160.9	9.5	2967	48151-48170
48160.5	9.09999999999854	2967	48151-48170
48160.1	9.5	2967	48151-48170
48160.6	10	2968	48151-48171
48161	10.4000000000015	2968	48151-48171
48161.4	10	2968	48151-48171
48161	9.59999999999854	2968	48151-48171
48160.6	10	2968	48151-48171
48161.1	10.5	2969	48151-48172
48161.5	10.9000000000015	2969	48151-48172
48161.9	10.5	2969	48151-48172
48161.5	10.0999999999985	2969	48151-48172
48161.1	10.5	2969	48151-48172
48161.6	11	2970	48151-48173
48162	11.4000000000015	2970	48151-48173
48162.4	11	2970	48151-48173
48162	10.5999999999985	2970	48151-48173
48161.6	11	2970	48151-48173
48162.1	11.5	2971	48151-48174
48162.5	11.9000000000015	2971	48151-48174
48162.9	11.5	2971	48151-48174
48162.5	11.0999999999985	2971	48151-48174
48162.1	11.5	2971	48151-48174
48162.6	12	2972	48151-48175
48163	12.4000000000015	2972	48151-48175
48163.4	12	2972	48151-48175
48163	11.5999999999985	2972	48151-48175
48162.6	12	2972	48151-48175
48163.1	12.5	2973	48151-48176
48163.5	12.9000000000015	2973	48151-48176
48163.9	12.5	2973	48151-48176
48163.5	12.0999999999985	2973	48151-48176
48163.1	12.5	2973	48151-48176
48163.6	13	2974	48151-48177
48164	13.4000000000015	2974	48151-48177
48164.4	13	2974	48151-48177
48164	12.5999999999985	2974	48151-48177
48163.6	13	2974	48151-48177
48164.1	13.5	2975	48151-48178
48164.5	13.9000000000015	2975	48151-48178
48164.9	13.5	2975	48151-48178
48164.5	13.0999999999985	2975	48151-48178
48164.1	13.5	2975	48151-48178
48164.6	14	2976	48151-48179
48165	14.4000000000015	2976	48151-48179
48165.4	14	2976	48151-48179
48165	13.5999999999985	2976	48151-48179
48164.6	14	2976	48151-48179
48165.1	14.5	2977	48151-48180
48165.5	14.9000000000015	2977	48151-48180
48165.9	14.5	2977	48151-48180
48165.5	14.0999999999985	2977	48151-48180
48165.1	14.5	2977	48151-48180
48165.6	15	2978	48151-48181
48166	15.4000000000015	2978	48151-48181
48166.4	15	2978	48151-48181
48166	14.5999999999985	2978	48151-48181
48165.6	15	2978	48151-48181
48166.1	15.5	2979	48151-48182
48166.5	15.9000000000015	2979	48151-48182
48166.9	15.5	2979	48151-48182
48166.5	15.0999999999985	2979	48151-48182
48166.1	15.5	2979	48151-48182
48166.6	16	2980	48151-48183
48167	16.4000000000015	2980	48151-48183
48167.4	16	2980	48151-48183
48167	15.5999999999985	2980	48151-48183
48166.6	16	2980	48151-48183
48167.1	16.5	2981	48151-48184
48167.5	16.9000000000015	2981	48151-48184
48167.9	16.5	2981	48151-48184
48167.5	16.0999999999985	2981	48151-48184
48167.1	16.5	2981	48151-48184
48167.6	17	2982	48151-48185
48168	17.4000000000015	2982	48151-48185
48168.4	17	2982	48151-48185
48168	16.5999999999985	2982	48151-48185
48167.6	17	2982	48151-48185
48168.1	17.5	2983	48151-48186
48168.5	17.9000000000015	2983	48151-48186
48168.9	17.5	2983	48151-48186
48168.5	17.0999999999985	2983	48151-48186
48168.1	17.5	2983	48151-48186
48168.6	18	2984	48151-48187
48169	18.4000000000015	2984	48151-48187
48169.4	18	2984	48151-48187
48169	17.5999999999985	2984	48151-48187
48168.6	18	2984	48151-48187
48169.1	18.5	2985	48151-48188
48169.5	18.9000000000015	2985	48151-48188
48169.9	18.5	2985	48151-48188
48169.5	18.0999999999985	2985	48151-48188
48169.1	18.5	2985	48151-48188
48169.6	19	2986	48151-48189
48170	19.4000000000015	2986	48151-48189
48170.4	19	2986	48151-48189
48170	18.5999999999985	2986	48151-48189
48169.6	19	2986	48151-48189
48170.1	19.5	2987	48151-48190
48170.5	19.9000000000015	2987	48151-48190
48170.9	19.5	2987	48151-48190
48170.5	19.0999999999985	2987	48151-48190
48170.1	19.5	2987	48151-48190
48170.6	20	2988	48151-48191
48171	20.4000000000015	2988	48151-48191
48171.4	20	2988	48151-48191
48171	19.5999999999985	2988	48151-48191
48170.6	20	2988	48151-48191
48171.1	20.5	2989	48151-48192
48171.5	20.9000000000015	2989	48151-48192
48171.9	20.5	2989	48151-48192
48171.5	20.0999999999985	2989	48151-48192
48171.1	20.5	2989	48151-48192
48171.6	21	2990	48151-48193
48172	21.4000000000015	2990	48151-48193
48172.4	21	2990	48151-48193
48172	20.5999999999985	2990	48151-48193
48171.6	21	2990	48151-48193
48172.1	21.5	2991	48151-48194
48172.5	21.9000000000015	2991	48151-48194
48172.9	21.5	2991	48151-48194
48172.5	21.0999999999985	2991	48151-48194
48172.1	21.5	2991	48151-48194
48172.6	22	2992	48151-48195
48173	22.4000000000015	2992	48151-48195
48173.4	22	2992	48151-48195
48173	21.5999999999985	2992	48151-48195
48172.6	22	2992	48151-48195
48173.1	22.5	2993	48151-48196
48173.5	22.9000000000015	2993	48151-48196
48173.9	22.5	2993	48151-48196
48173.5	22.0999999999985	2993	48151-48196
48173.1	22.5	2993	48151-48196
48173.6	23	2994	48151-48197
48174	23.4000000000015	2994	48151-48197
48174.4	23	2994	48151-48197
48174	22.5999999999985	2994	48151-48197
48173.6	23	2994	48151-48197
48174.1	23.5	2995	48151-48198
48174.5	23.9000000000015	2995	48151-48198
48174.9	23.5	2995	48151-48198
48174.5	23.0999999999985	2995	48151-48198
48174.1	23.5	2995	48151-48198
48174.6	24	2996	48151-48199
48175	24.4000000000015	2996	48151-48199
48175.4	24	2996	48151-48199
48175	23.5999999999985	2996	48151-48199
48174.6	24	2996	48151-48199
48151.6	0	2997	48152-48152
48152	0.400000000001455	2997	48152-48152
48152.4	0	2997	48152-48152
48152	-0.400000000001455	2997	48152-48152
48151.6	0	2997	48152-48152
48152.1	0.5	2998	48152-48153
48152.5	0.900000000001455	2998	48152-48153
48152.9	0.5	2998	48152-48153
48152.5	0.0999999999985448	2998	48152-48153
48152.1	0.5	2998	48152-48153
48152.6	1	2999	48152-48154
48153	1.40000000000146	2999	48152-48154
48153.4	1	2999	48152-48154
48153	0.599999999998545	2999	48152-48154
48152.6	1	2999	48152-48154
48153.1	1.5	3000	48152-48155
48153.5	1.90000000000146	3000	48152-48155
48153.9	1.5	3000	48152-48155
48153.5	1.09999999999854	3000	48152-48155
48153.1	1.5	3000	48152-48155
48153.6	2	3001	48152-48156
48154	2.40000000000146	3001	48152-48156
48154.4	2	3001	48152-48156
48154	1.59999999999854	3001	48152-48156
48153.6	2	3001	48152-48156
48154.1	2.5	3002	48152-48157
48154.5	2.90000000000146	3002	48152-48157
48154.9	2.5	3002	48152-48157
48154.5	2.09999999999854	3002	48152-48157
48154.1	2.5	3002	48152-48157
48154.6	3	3003	48152-48158
48155	3.40000000000146	3003	48152-48158
48155.4	3	3003	48152-48158
48155	2.59999999999855	3003	48152-48158
48154.6	3	3003	48152-48158
48155.1	3.5	3004	48152-48159
48155.5	3.90000000000146	3004	48152-48159
48155.9	3.5	3004	48152-48159
48155.5	3.09999999999855	3004	48152-48159
48155.1	3.5	3004	48152-48159
48155.6	4	3005	48152-48160
48156	4.40000000000146	3005	48152-48160
48156.4	4	3005	48152-48160
48156	3.59999999999855	3005	48152-48160
48155.6	4	3005	48152-48160
48156.1	4.5	3006	48152-48161
48156.5	4.90000000000146	3006	48152-48161
48156.9	4.5	3006	48152-48161
48156.5	4.09999999999855	3006	48152-48161
48156.1	4.5	3006	48152-48161
48156.6	5	3007	48152-48162
48157	5.40000000000146	3007	48152-48162
48157.4	5	3007	48152-48162
48157	4.59999999999855	3007	48152-48162
48156.6	5	3007	48152-48162
48157.1	5.5	3008	48152-48163
48157.5	5.90000000000146	3008	48152-48163
48157.9	5.5	3008	48152-48163
48157.5	5.09999999999855	3008	48152-48163
48157.1	5.5	3008	48152-48163
48157.6	6	3009	48152-48164
48158	6.40000000000146	3009	48152-48164
48158.4	6	3009	48152-48164
48158	5.59999999999855	3009	48152-48164
48157.6	6	3009	48152-48164
48158.1	6.5	3010	48152-48165
48158.5	6.90000000000146	3010	48152-48165
48158.9	6.5	3010	48152-48165
48158.5	6.09999999999855	3010	48152-48165
48158.1	6.5	3010	48152-48165
48158.6	7	3011	48152-48166
48159	7.40000000000146	3011	48152-48166
48159.4	7	3011	48152-48166
48159	6.59999999999855	3011	48152-48166
48158.6	7	3011	48152-48166
48159.1	7.5	3012	48152-48167
48159.5	7.90000000000146	3012	48152-48167
48159.9	7.5	3012	48152-48167
48159.5	7.09999999999855	3012	48152-48167
48159.1	7.5	3012	48152-48167
48159.6	8	3013	48152-48168
48160	8.40000000000146	3013	48152-48168
48160.4	8	3013	48152-48168
48160	7.59999999999855	3013	48152-48168
48159.6	8	3013	48152-48168
48160.1	8.5	3014	48152-48169
48160.5	8.90000000000146	3014	48152-48169
48160.9	8.5	3014	48152-48169
48160.5	8.09999999999855	3014	48152-48169
48160.1	8.5	3014	48152-48169
48160.6	9	3015	48152-48170
48161	9.40000000000146	3015	48152-48170
48161.4	9	3015	48152-48170
48161	8.59999999999855	3015	48152-48170
48160.6	9	3015	48152-48170
48161.1	9.5	3016	48152-48171
48161.5	9.90000000000146	3016	48152-48171
48161.9	9.5	3016	48152-48171
48161.5	9.09999999999854	3016	48152-48171
48161.1	9.5	3016	48152-48171
48161.6	10	3017	48152-48172
48162	10.4000000000015	3017	48152-48172
48162.4	10	3017	48152-48172
48162	9.59999999999854	3017	48152-48172
48161.6	10	3017	48152-48172
48162.1	10.5	3018	48152-48173
48162.5	10.9000000000015	3018	48152-48173
48162.9	10.5	3018	48152-48173
48162.5	10.0999999999985	3018	48152-48173
48162.1	10.5	3018	48152-48173
48162.6	11	3019	48152-48174
48163	11.4000000000015	3019	48152-48174
48163.4	11	3019	48152-48174
48163	10.5999999999985	3019	48152-48174
48162.6	11	3019	48152-48174
48163.1	11.5	3020	48152-48175
48163.5	11.9000000000015	3020	48152-48175
48163.9	11.5	3020	48152-48175
48163.5	11.0999999999985	3020	48152-48175
48163.1	11.5	3020	48152-48175
48163.6	12	3021	48152-48176
48164	12.4000000000015	3021	48152-48176
48164.4	12	3021	48152-48176
48164	11.5999999999985	3021	48152-48176
48163.6	12	3021	48152-48176
48164.1	12.5	3022	48152-48177
48164.5	12.9000000000015	3022	48152-48177
48164.9	12.5	3022	48152-48177
48164.5	12.0999999999985	3022	48152-48177
48164.1	12.5	3022	48152-48177
48164.6	13	3023	48152-48178
48165	13.4000000000015	3023	48152-48178
48165.4	13	3023	48152-48178
48165	12.5999999999985	3023	48152-48178
48164.6	13	3023	48152-48178
48165.1	13.5	3024	48152-48179
48165.5	13.9000000000015	3024	48152-48179
48165.9	13.5	3024	48152-48179
48165.5	13.0999999999985	3024	48152-48179
48165.1	13.5	3024	48152-48179
48165.6	14	3025	48152-48180
48166	14.4000000000015	3025	48152-48180
48166.4	14	3025	48152-48180
48166	13.5999999999985	3025	48152-48180
48165.6	14	3025	48152-48180
48166.1	14.5	3026	48152-48181
48166.5	14.9000000000015	3026	48152-48181
48166.9	14.5	3026	48152-48181
48166.5	14.0999999999985	3026	48152-48181
48166.1	14.5	3026	48152-48181
48166.6	15	3027	48152-48182
48167	15.4000000000015	3027	48152-48182
48167.4	15	3027	48152-48182
48167	14.5999999999985	3027	48152-48182
48166.6	15	3027	48152-48182
48167.1	15.5	3028	48152-48183
48167.5	15.9000000000015	3028	48152-48183
48167.9	15.5	3028	48152-48183
48167.5	15.0999999999985	3028	48152-48183
48167.1	15.5	3028	48152-48183
48167.6	16	3029	48152-48184
48168	16.4000000000015	3029	48152-48184
48168.4	16	3029	48152-48184
48168	15.5999999999985	3029	48152-48184
48167.6	16	3029	48152-48184
48168.1	16.5	3030	48152-48185
48168.5	16.9000000000015	3030	48152-48185
48168.9	16.5	3030	48152-48185
48168.5	16.0999999999985	3030	48152-48185
48168.1	16.5	3030	48152-48185
48168.6	17	3031	48152-48186
48169	17.4000000000015	3031	48152-48186
48169.4	17	3031	48152-48186
48169	16.5999999999985	3031	48152-48186
48168.6	17	3031	48152-48186
48169.1	17.5	3032	48152-48187
48169.5	17.9000000000015	3032	48152-48187
48169.9	17.5	3032	48152-48187
48169.5	17.0999999999985	3032	48152-48187
48169.1	17.5	3032	48152-48187
48169.6	18	3033	48152-48188
48170	18.4000000000015	3033	48152-48188
48170.4	18	3033	48152-48188
48170	17.5999999999985	3033	48152-48188
48169.6	18	3033	48152-48188
48170.1	18.5	3034	48152-48189
48170.5	18.9000000000015	3034	48152-48189
48170.9	18.5	3034	48152-48189
48170.5	18.0999999999985	3034	48152-48189
48170.1	18.5	3034	48152-48189
48170.6	19	3035	48152-48190
48171	19.4000000000015	3035	48152-48190
48171.4	19	3035	48152-48190
48171	18.5999999999985	3035	48152-48190
48170.6	19	3035	48152-48190
48171.1	19.5	3036	48152-48191
48171.5	19.9000000000015	3036	48152-48191
48171.9	19.5	3036	48152-48191
48171.5	19.0999999999985	3036	48152-48191
48171.1	19.5	3036	48152-48191
48171.6	20	3037	48152-48192
48172	20.4000000000015	3037	48152-48192
48172.4	20	3037	48152-48192
48172	19.5999999999985	3037	48152-48192
48171.6	20	3037	48152-48192
48172.1	20.5	3038	48152-48193
48172.5	20.9000000000015	3038	48152-48193
48172.9	20.5	3038	48152-48193
48172.5	20.0999999999985	3038	48152-48193
48172.1	20.5	3038	48152-48193
48172.6	21	3039	48152-48194
48173	21.4000000000015	3039	48152-48194
48173.4	21	3039	48152-48194
48173	20.5999999999985	3039	48152-48194
48172.6	21	3039	48152-48194
48173.1	21.5	3040	48152-48195
48173.5	21.9000000000015	3040	48152-48195
48173.9	21.5	3040	48152-48195
48173.5	21.0999999999985	3040	48152-48195
48173.1	21.5	3040	48152-48195
48173.6	22	3041	48152-48196
48174	22.4000000000015	3041	48152-48196
48174.4	22	3041	48152-48196
48174	21.5999999999985	3041	48152-48196
48173.6	22	3041	48152-48196
48174.1	22.5	3042	48152-48197
48174.5	22.9000000000015	3042	48152-48197
48174.9	22.5	3042	48152-48197
48174.5	22.0999999999985	3042	48152-48197
48174.1	22.5	3042	48152-48197
48174.6	23	3043	48152-48198
48175	23.4000000000015	3043	48152-48198
48175.4	23	3043	48152-48198
48175	22.5999999999985	3043	48152-48198
48174.6	23	3043	48152-48198
48175.1	23.5	3044	48152-48199
48175.5	23.9000000000015	3044	48152-48199
48175.9	23.5	3044	48152-48199
48175.5	23.0999999999985	3044	48152-48199
48175.1	23.5	3044	48152-48199
48152.6	0	3045	48153-48153
48153	0.400000000001455	3045	48153-48153
48153.4	0	3045	48153-48153
48153	-0.400000000001455	3045	48153-48153
48152.6	0	3045	48153-48153
48153.1	0.5	3046	48153-48154
48153.5	0.900000000001455	3046	48153-48154
48153.9	0.5	3046	48153-48154
48153.5	0.0999999999985448	3046	48153-48154
48153.1	0.5	3046	48153-48154
48153.6	1	3047	48153-48155
48154	1.40000000000146	3047	48153-48155
48154.4	1	3047	48153-48155
48154	0.599999999998545	3047	48153-48155
48153.6	1	3047	48153-48155
48154.1	1.5	3048	48153-48156
48154.5	1.90000000000146	3048	48153-48156
48154.9	1.5	3048	48153-48156
48154.5	1.09999999999854	3048	48153-48156
48154.1	1.5	3048	48153-48156
48154.6	2	3049	48153-48157
48155	2.40000000000146	3049	48153-48157
48155.4	2	3049	48153-48157
48155	1.59999999999854	3049	48153-48157
48154.6	2	3049	48153-48157
48155.1	2.5	3050	48153-48158
48155.5	2.90000000000146	3050	48153-48158
48155.9	2.5	3050	48153-48158
48155.5	2.09999999999854	3050	48153-48158
48155.1	2.5	3050	48153-48158
48155.6	3	3051	48153-48159
48156	3.40000000000146	3051	48153-48159
48156.4	3	3051	48153-48159
48156	2.59999999999855	3051	48153-48159
48155.6	3	3051	48153-48159
48156.1	3.5	3052	48153-48160
48156.5	3.90000000000146	3052	48153-48160
48156.9	3.5	3052	48153-48160
48156.5	3.09999999999855	3052	48153-48160
48156.1	3.5	3052	48153-48160
48156.6	4	3053	48153-48161
48157	4.40000000000146	3053	48153-48161
48157.4	4	3053	48153-48161
48157	3.59999999999855	3053	48153-48161
48156.6	4	3053	48153-48161
48157.1	4.5	3054	48153-48162
48157.5	4.90000000000146	3054	48153-48162
48157.9	4.5	3054	48153-48162
48157.5	4.09999999999855	3054	48153-48162
48157.1	4.5	3054	48153-48162
48157.6	5	3055	48153-48163
48158	5.40000000000146	3055	48153-48163
48158.4	5	3055	48153-48163
48158	4.59999999999855	3055	48153-48163
48157.6	5	3055	48153-48163
48158.1	5.5	3056	48153-48164
48158.5	5.90000000000146	3056	48153-48164
48158.9	5.5	3056	48153-48164
48158.5	5.09999999999855	3056	48153-48164
48158.1	5.5	3056	48153-48164
48158.6	6	3057	48153-48165
48159	6.40000000000146	3057	48153-48165
48159.4	6	3057	48153-48165
48159	5.59999999999855	3057	48153-48165
48158.6	6	3057	48153-48165
48159.1	6.5	3058	48153-48166
48159.5	6.90000000000146	3058	48153-48166
48159.9	6.5	3058	48153-48166
48159.5	6.09999999999855	3058	48153-48166
48159.1	6.5	3058	48153-48166
48159.6	7	3059	48153-48167
48160	7.40000000000146	3059	48153-48167
48160.4	7	3059	48153-48167
48160	6.59999999999855	3059	48153-48167
48159.6	7	3059	48153-48167
48160.1	7.5	3060	48153-48168
48160.5	7.90000000000146	3060	48153-48168
48160.9	7.5	3060	48153-48168
48160.5	7.09999999999855	3060	48153-48168
48160.1	7.5	3060	48153-48168
48160.6	8	3061	48153-48169
48161	8.40000000000146	3061	48153-48169
48161.4	8	3061	48153-48169
48161	7.59999999999855	3061	48153-48169
48160.6	8	3061	48153-48169
48161.1	8.5	3062	48153-48170
48161.5	8.90000000000146	3062	48153-48170
48161.9	8.5	3062	48153-48170
48161.5	8.09999999999855	3062	48153-48170
48161.1	8.5	3062	48153-48170
48161.6	9	3063	48153-48171
48162	9.40000000000146	3063	48153-48171
48162.4	9	3063	48153-48171
48162	8.59999999999855	3063	48153-48171
48161.6	9	3063	48153-48171
48162.1	9.5	3064	48153-48172
48162.5	9.90000000000146	3064	48153-48172
48162.9	9.5	3064	48153-48172
48162.5	9.09999999999854	3064	48153-48172
48162.1	9.5	3064	48153-48172
48162.6	10	3065	48153-48173
48163	10.4000000000015	3065	48153-48173
48163.4	10	3065	48153-48173
48163	9.59999999999854	3065	48153-48173
48162.6	10	3065	48153-48173
48163.1	10.5	3066	48153-48174
48163.5	10.9000000000015	3066	48153-48174
48163.9	10.5	3066	48153-48174
48163.5	10.0999999999985	3066	48153-48174
48163.1	10.5	3066	48153-48174
48163.6	11	3067	48153-48175
48164	11.4000000000015	3067	48153-48175
48164.4	11	3067	48153-48175
48164	10.5999999999985	3067	48153-48175
48163.6	11	3067	48153-48175
48164.1	11.5	3068	48153-48176
48164.5	11.9000000000015	3068	48153-48176
48164.9	11.5	3068	48153-48176
48164.5	11.0999999999985	3068	48153-48176
48164.1	11.5	3068	48153-48176
48164.6	12	3069	48153-48177
48165	12.4000000000015	3069	48153-48177
48165.4	12	3069	48153-48177
48165	11.5999999999985	3069	48153-48177
48164.6	12	3069	48153-48177
48165.1	12.5	3070	48153-48178
48165.5	12.9000000000015	3070	48153-48178
48165.9	12.5	3070	48153-48178
48165.5	12.0999999999985	3070	48153-48178
48165.1	12.5	3070	48153-48178
48165.6	13	3071	48153-48179
48166	13.4000000000015	3071	48153-48179
48166.4	13	3071	48153-48179
48166	12.5999999999985	3071	48153-48179
48165.6	13	3071	48153-48179
48166.1	13.5	3072	48153-48180
48166.5	13.9000000000015	3072	48153-48180
48166.9	13.5	3072	48153-48180
48166.5	13.0999999999985	3072	48153-48180
48166.1	13.5	3072	48153-48180
48166.6	14	3073	48153-48181
48167	14.4000000000015	3073	48153-48181
48167.4	14	3073	48153-48181
48167	13.5999999999985	3073	48153-48181
48166.6	14	3073	48153-48181
48167.1	14.5	3074	48153-48182
48167.5	14.9000000000015	3074	48153-48182
48167.9	14.5	3074	48153-48182
48167.5	14.0999999999985	3074	48153-48182
48167.1	14.5	3074	48153-48182
48167.6	15	3075	48153-48183
48168	15.4000000000015	3075	48153-48183
48168.4	15	3075	48153-48183
48168	14.5999999999985	3075	48153-48183
48167.6	15	3075	48153-48183
48168.1	15.5	3076	48153-48184
48168.5	15.9000000000015	3076	48153-48184
48168.9	15.5	3076	48153-48184
48168.5	15.0999999999985	3076	48153-48184
48168.1	15.5	3076	48153-48184
48168.6	16	3077	48153-48185
48169	16.4000000000015	3077	48153-48185
48169.4	16	3077	48153-48185
48169	15.5999999999985	3077	48153-48185
48168.6	16	3077	48153-48185
48169.1	16.5	3078	48153-48186
48169.5	16.9000000000015	3078	48153-48186
48169.9	16.5	3078	48153-48186
48169.5	16.0999999999985	3078	48153-48186
48169.1	16.5	3078	48153-48186
48169.6	17	3079	48153-48187
48170	17.4000000000015	3079	48153-48187
48170.4	17	3079	48153-48187
48170	16.5999999999985	3079	48153-48187
48169.6	17	3079	48153-48187
48170.1	17.5	3080	48153-48188
48170.5	17.9000000000015	3080	48153-48188
48170.9	17.5	3080	48153-48188
48170.5	17.0999999999985	3080	48153-48188
48170.1	17.5	3080	48153-48188
48170.6	18	3081	48153-48189
48171	18.4000000000015	3081	48153-48189
48171.4	18	3081	48153-48189
48171	17.5999999999985	3081	48153-48189
48170.6	18	3081	48153-48189
48171.1	18.5	3082	48153-48190
48171.5	18.9000000000015	3082	48153-48190
48171.9	18.5	3082	48153-48190
48171.5	18.0999999999985	3082	48153-48190
48171.1	18.5	3082	48153-48190
48171.6	19	3083	48153-48191
48172	19.4000000000015	3083	48153-48191
48172.4	19	3083	48153-48191
48172	18.5999999999985	3083	48153-48191
48171.6	19	3083	48153-48191
48172.1	19.5	3084	48153-48192
48172.5	19.9000000000015	3084	48153-48192
48172.9	19.5	3084	48153-48192
48172.5	19.0999999999985	3084	48153-48192
48172.1	19.5	3084	48153-48192
48172.6	20	3085	48153-48193
48173	20.4000000000015	3085	48153-48193
48173.4	20	3085	48153-48193
48173	19.5999999999985	3085	48153-48193
48172.6	20	3085	48153-48193
48173.1	20.5	3086	48153-48194
48173.5	20.9000000000015	3086	48153-48194
48173.9	20.5	3086	48153-48194
48173.5	20.0999999999985	3086	48153-48194
48173.1	20.5	3086	48153-48194
48173.6	21	3087	48153-48195
48174	21.4000000000015	3087	48153-48195
48174.4	21	3087	48153-48195
48174	20.5999999999985	3087	48153-48195
48173.6	21	3087	48153-48195
48174.1	21.5	3088	48153-48196
48174.5	21.9000000000015	3088	48153-48196
48174.9	21.5	3088	48153-48196
48174.5	21.0999999999985	3088	48153-48196
48174.1	21.5	3088	48153-48196
48174.6	22	3089	48153-48197
48175	22.4000000000015	3089	48153-48197
48175.4	22	3089	48153-48197
48175	21.5999999999985	3089	48153-48197
48174.6	22	3089	48153-48197
48175.1	22.5	3090	48153-48198
48175.5	22.9000000000015	3090	48153-48198
48175.9	22.5	3090	48153-48198
48175.5	22.0999999999985	3090	48153-48198
48175.1	22.5	3090	48153-48198
48175.6	23	3091	48153-48199
48176	23.4000000000015	3091	48153-48199
48176.4	23	3091	48153-48199
48176	22.5999999999985	3091	48153-48199
48175.6	23	3091	48153-48199
48153.6	0	3092	48154-48154
48154	0.400000000001455	3092	48154-48154
48154.4	0	3092	48154-48154
48154	-0.400000000001455	3092	48154-48154
48153.6	0	3092	48154-48154
48154.1	0.5	3093	48154-48155
48154.5	0.900000000001455	3093	48154-48155
48154.9	0.5	3093	48154-48155
48154.5	0.0999999999985448	3093	48154-48155
48154.1	0.5	3093	48154-48155
48154.6	1	3094	48154-48156
48155	1.40000000000146	3094	48154-48156
48155.4	1	3094	48154-48156
48155	0.599999999998545	3094	48154-48156
48154.6	1	3094	48154-48156
48155.1	1.5	3095	48154-48157
48155.5	1.90000000000146	3095	48154-48157
48155.9	1.5	3095	48154-48157
48155.5	1.09999999999854	3095	48154-48157
48155.1	1.5	3095	48154-48157
48155.6	2	3096	48154-48158
48156	2.40000000000146	3096	48154-48158
48156.4	2	3096	48154-48158
48156	1.59999999999854	3096	48154-48158
48155.6	2	3096	48154-48158
48156.1	2.5	3097	48154-48159
48156.5	2.90000000000146	3097	48154-48159
48156.9	2.5	3097	48154-48159
48156.5	2.09999999999854	3097	48154-48159
48156.1	2.5	3097	48154-48159
48156.6	3	3098	48154-48160
48157	3.40000000000146	3098	48154-48160
48157.4	3	3098	48154-48160
48157	2.59999999999855	3098	48154-48160
48156.6	3	3098	48154-48160
48157.1	3.5	3099	48154-48161
48157.5	3.90000000000146	3099	48154-48161
48157.9	3.5	3099	48154-48161
48157.5	3.09999999999855	3099	48154-48161
48157.1	3.5	3099	48154-48161
48157.6	4	3100	48154-48162
48158	4.40000000000146	3100	48154-48162
48158.4	4	3100	48154-48162
48158	3.59999999999855	3100	48154-48162
48157.6	4	3100	48154-48162
48158.1	4.5	3101	48154-48163
48158.5	4.90000000000146	3101	48154-48163
48158.9	4.5	3101	48154-48163
48158.5	4.09999999999855	3101	48154-48163
48158.1	4.5	3101	48154-48163
48158.6	5	3102	48154-48164
48159	5.40000000000146	3102	48154-48164
48159.4	5	3102	48154-48164
48159	4.59999999999855	3102	48154-48164
48158.6	5	3102	48154-48164
48159.1	5.5	3103	48154-48165
48159.5	5.90000000000146	3103	48154-48165
48159.9	5.5	3103	48154-48165
48159.5	5.09999999999855	3103	48154-48165
48159.1	5.5	3103	48154-48165
48159.6	6	3104	48154-48166
48160	6.40000000000146	3104	48154-48166
48160.4	6	3104	48154-48166
48160	5.59999999999855	3104	48154-48166
48159.6	6	3104	48154-48166
48160.1	6.5	3105	48154-48167
48160.5	6.90000000000146	3105	48154-48167
48160.9	6.5	3105	48154-48167
48160.5	6.09999999999855	3105	48154-48167
48160.1	6.5	3105	48154-48167
48160.6	7	3106	48154-48168
48161	7.40000000000146	3106	48154-48168
48161.4	7	3106	48154-48168
48161	6.59999999999855	3106	48154-48168
48160.6	7	3106	48154-48168
48161.1	7.5	3107	48154-48169
48161.5	7.90000000000146	3107	48154-48169
48161.9	7.5	3107	48154-48169
48161.5	7.09999999999855	3107	48154-48169
48161.1	7.5	3107	48154-48169
48161.6	8	3108	48154-48170
48162	8.40000000000146	3108	48154-48170
48162.4	8	3108	48154-48170
48162	7.59999999999855	3108	48154-48170
48161.6	8	3108	48154-48170
48162.1	8.5	3109	48154-48171
48162.5	8.90000000000146	3109	48154-48171
48162.9	8.5	3109	48154-48171
48162.5	8.09999999999855	3109	48154-48171
48162.1	8.5	3109	48154-48171
48162.6	9	3110	48154-48172
48163	9.40000000000146	3110	48154-48172
48163.4	9	3110	48154-48172
48163	8.59999999999855	3110	48154-48172
48162.6	9	3110	48154-48172
48163.1	9.5	3111	48154-48173
48163.5	9.90000000000146	3111	48154-48173
48163.9	9.5	3111	48154-48173
48163.5	9.09999999999854	3111	48154-48173
48163.1	9.5	3111	48154-48173
48163.6	10	3112	48154-48174
48164	10.4000000000015	3112	48154-48174
48164.4	10	3112	48154-48174
48164	9.59999999999854	3112	48154-48174
48163.6	10	3112	48154-48174
48164.1	10.5	3113	48154-48175
48164.5	10.9000000000015	3113	48154-48175
48164.9	10.5	3113	48154-48175
48164.5	10.0999999999985	3113	48154-48175
48164.1	10.5	3113	48154-48175
48164.6	11	3114	48154-48176
48165	11.4000000000015	3114	48154-48176
48165.4	11	3114	48154-48176
48165	10.5999999999985	3114	48154-48176
48164.6	11	3114	48154-48176
48165.1	11.5	3115	48154-48177
48165.5	11.9000000000015	3115	48154-48177
48165.9	11.5	3115	48154-48177
48165.5	11.0999999999985	3115	48154-48177
48165.1	11.5	3115	48154-48177
48165.6	12	3116	48154-48178
48166	12.4000000000015	3116	48154-48178
48166.4	12	3116	48154-48178
48166	11.5999999999985	3116	48154-48178
48165.6	12	3116	48154-48178
48166.1	12.5	3117	48154-48179
48166.5	12.9000000000015	3117	48154-48179
48166.9	12.5	3117	48154-48179
48166.5	12.0999999999985	3117	48154-48179
48166.1	12.5	3117	48154-48179
48166.6	13	3118	48154-48180
48167	13.4000000000015	3118	48154-48180
48167.4	13	3118	48154-48180
48167	12.5999999999985	3118	48154-48180
48166.6	13	3118	48154-48180
48167.1	13.5	3119	48154-48181
48167.5	13.9000000000015	3119	48154-48181
48167.9	13.5	3119	48154-48181
48167.5	13.0999999999985	3119	48154-48181
48167.1	13.5	3119	48154-48181
48167.6	14	3120	48154-48182
48168	14.4000000000015	3120	48154-48182
48168.4	14	3120	48154-48182
48168	13.5999999999985	3120	48154-48182
48167.6	14	3120	48154-48182
48168.1	14.5	3121	48154-48183
48168.5	14.9000000000015	3121	48154-48183
48168.9	14.5	3121	48154-48183
48168.5	14.0999999999985	3121	48154-48183
48168.1	14.5	3121	48154-48183
48168.6	15	3122	48154-48184
48169	15.4000000000015	3122	48154-48184
48169.4	15	3122	48154-48184
48169	14.5999999999985	3122	48154-48184
48168.6	15	3122	48154-48184
48169.1	15.5	3123	48154-48185
48169.5	15.9000000000015	3123	48154-48185
48169.9	15.5	3123	48154-48185
48169.5	15.0999999999985	3123	48154-48185
48169.1	15.5	3123	48154-48185
48169.6	16	3124	48154-48186
48170	16.4000000000015	3124	48154-48186
48170.4	16	3124	48154-48186
48170	15.5999999999985	3124	48154-48186
48169.6	16	3124	48154-48186
48170.1	16.5	3125	48154-48187
48170.5	16.9000000000015	3125	48154-48187
48170.9	16.5	3125	48154-48187
48170.5	16.0999999999985	3125	48154-48187
48170.1	16.5	3125	48154-48187
48170.6	17	3126	48154-48188
48171	17.4000000000015	3126	48154-48188
48171.4	17	3126	48154-48188
48171	16.5999999999985	3126	48154-48188
48170.6	17	3126	48154-48188
48171.1	17.5	3127	48154-48189
48171.5	17.9000000000015	3127	48154-48189
48171.9	17.5	3127	48154-48189
48171.5	17.0999999999985	3127	48154-48189
48171.1	17.5	3127	48154-48189
48171.6	18	3128	48154-48190
48172	18.4000000000015	3128	48154-48190
48172.4	18	3128	48154-48190
48172	17.5999999999985	3128	48154-48190
48171.6	18	3128	48154-48190
48172.1	18.5	3129	48154-48191
48172.5	18.9000000000015	3129	48154-48191
48172.9	18.5	3129	48154-48191
48172.5	18.0999999999985	3129	48154-48191
48172.1	18.5	3129	48154-48191
48172.6	19	3130	48154-48192
48173	19.4000000000015	3130	48154-48192
48173.4	19	3130	48154-48192
48173	18.5999999999985	3130	48154-48192
48172.6	19	3130	48154-48192
48173.1	19.5	3131	48154-48193
48173.5	19.9000000000015	3131	48154-48193
48173.9	19.5	3131	48154-48193
48173.5	19.0999999999985	3131	48154-48193
48173.1	19.5	3131	48154-48193
48173.6	20	3132	48154-48194
48174	20.4000000000015	3132	48154-48194
48174.4	20	3132	48154-48194
48174	19.5999999999985	3132	48154-48194
48173.6	20	3132	48154-48194
48174.1	20.5	3133	48154-48195
48174.5	20.9000000000015	3133	48154-48195
48174.9	20.5	3133	48154-48195
48174.5	20.0999999999985	3133	48154-48195
48174.1	20.5	3133	48154-48195
48174.6	21	3134	48154-48196
48175	21.4000000000015	3134	48154-48196
48175.4	21	3134	48154-48196
48175	20.5999999999985	3134	48154-48196
48174.6	21	3134	48154-48196
48175.1	21.5	3135	48154-48197
48175.5	21.9000000000015	3135	48154-48197
48175.9	21.5	3135	48154-48197
48175.5	21.0999999999985	3135	48154-48197
48175.1	21.5	3135	48154-48197
48175.6	22	3136	48154-48198
48176	22.4000000000015	3136	48154-48198
48176.4	22	3136	48154-48198
48176	21.5999999999985	3136	48154-48198
48175.6	22	3136	48154-48198
48176.1	22.5	3137	48154-48199
48176.5	22.9000000000015	3137	48154-48199
48176.9	22.5	3137	48154-48199
48176.5	22.0999999999985	3137	48154-48199
48176.1	22.5	3137	48154-48199
48154.6	0	3138	48155-48155
48155	0.400000000001455	3138	48155-48155
48155.4	0	3138	48155-48155
48155	-0.400000000001455	3138	48155-48155
48154.6	0	3138	48155-48155
48155.1	0.5	3139	48155-48156
48155.5	0.900000000001455	3139	48155-48156
48155.9	0.5	3139	48155-48156
48155.5	0.0999999999985448	3139	48155-48156
48155.1	0.5	3139	48155-48156
48155.6	1	3140	48155-48157
48156	1.40000000000146	3140	48155-48157
48156.4	1	3140	48155-48157
48156	0.599999999998545	3140	48155-48157
48155.6	1	3140	48155-48157
48156.1	1.5	3141	48155-48158
48156.5	1.90000000000146	3141	48155-48158
48156.9	1.5	3141	48155-48158
48156.5	1.09999999999854	3141	48155-48158
48156.1	1.5	3141	48155-48158
48156.6	2	3142	48155-48159
48157	2.40000000000146	3142	48155-48159
48157.4	2	3142	48155-48159
48157	1.59999999999854	3142	48155-48159
48156.6	2	3142	48155-48159
48157.1	2.5	3143	48155-48160
48157.5	2.90000000000146	3143	48155-48160
48157.9	2.5	3143	48155-48160
48157.5	2.09999999999854	3143	48155-48160
48157.1	2.5	3143	48155-48160
48157.6	3	3144	48155-48161
48158	3.40000000000146	3144	48155-48161
48158.4	3	3144	48155-48161
48158	2.59999999999855	3144	48155-48161
48157.6	3	3144	48155-48161
48158.1	3.5	3145	48155-48162
48158.5	3.90000000000146	3145	48155-48162
48158.9	3.5	3145	48155-48162
48158.5	3.09999999999855	3145	48155-48162
48158.1	3.5	3145	48155-48162
48158.6	4	3146	48155-48163
48159	4.40000000000146	3146	48155-48163
48159.4	4	3146	48155-48163
48159	3.59999999999855	3146	48155-48163
48158.6	4	3146	48155-48163
48159.1	4.5	3147	48155-48164
48159.5	4.90000000000146	3147	48155-48164
48159.9	4.5	3147	48155-48164
48159.5	4.09999999999855	3147	48155-48164
48159.1	4.5	3147	48155-48164
48159.6	5	3148	48155-48165
48160	5.40000000000146	3148	48155-48165
48160.4	5	3148	48155-48165
48160	4.59999999999855	3148	48155-48165
48159.6	5	3148	48155-48165
48160.1	5.5	3149	48155-48166
48160.5	5.90000000000146	3149	48155-48166
48160.9	5.5	3149	48155-48166
48160.5	5.09999999999855	3149	48155-48166
48160.1	5.5	3149	48155-48166
48160.6	6	3150	48155-48167
48161	6.40000000000146	3150	48155-48167
48161.4	6	3150	48155-48167
48161	5.59999999999855	3150	48155-48167
48160.6	6	3150	48155-48167
48161.1	6.5	3151	48155-48168
48161.5	6.90000000000146	3151	48155-48168
48161.9	6.5	3151	48155-48168
48161.5	6.09999999999855	3151	48155-48168
48161.1	6.5	3151	48155-48168
48161.6	7	3152	48155-48169
48162	7.40000000000146	3152	48155-48169
48162.4	7	3152	48155-48169
48162	6.59999999999855	3152	48155-48169
48161.6	7	3152	48155-48169
48162.1	7.5	3153	48155-48170
48162.5	7.90000000000146	3153	48155-48170
48162.9	7.5	3153	48155-48170
48162.5	7.09999999999855	3153	48155-48170
48162.1	7.5	3153	48155-48170
48162.6	8	3154	48155-48171
48163	8.40000000000146	3154	48155-48171
48163.4	8	3154	48155-48171
48163	7.59999999999855	3154	48155-48171
48162.6	8	3154	48155-48171
48163.1	8.5	3155	48155-48172
48163.5	8.90000000000146	3155	48155-48172
48163.9	8.5	3155	48155-48172
48163.5	8.09999999999855	3155	48155-48172
48163.1	8.5	3155	48155-48172
48163.6	9	3156	48155-48173
48164	9.40000000000146	3156	48155-48173
48164.4	9	3156	48155-48173
48164	8.59999999999855	3156	48155-48173
48163.6	9	3156	48155-48173
48164.1	9.5	3157	48155-48174
48164.5	9.90000000000146	3157	48155-48174
48164.9	9.5	3157	48155-48174
48164.5	9.09999999999854	3157	48155-48174
48164.1	9.5	3157	48155-48174
48164.6	10	3158	48155-48175
48165	10.4000000000015	3158	48155-48175
48165.4	10	3158	48155-48175
48165	9.59999999999854	3158	48155-48175
48164.6	10	3158	48155-48175
48165.1	10.5	3159	48155-48176
48165.5	10.9000000000015	3159	48155-48176
48165.9	10.5	3159	48155-48176
48165.5	10.0999999999985	3159	48155-48176
48165.1	10.5	3159	48155-48176
48165.6	11	3160	48155-48177
48166	11.4000000000015	3160	48155-48177
48166.4	11	3160	48155-48177
48166	10.5999999999985	3160	48155-48177
48165.6	11	3160	48155-48177
48166.1	11.5	3161	48155-48178
48166.5	11.9000000000015	3161	48155-48178
48166.9	11.5	3161	48155-48178
48166.5	11.0999999999985	3161	48155-48178
48166.1	11.5	3161	48155-48178
48166.6	12	3162	48155-48179
48167	12.4000000000015	3162	48155-48179
48167.4	12	3162	48155-48179
48167	11.5999999999985	3162	48155-48179
48166.6	12	3162	48155-48179
48167.1	12.5	3163	48155-48180
48167.5	12.9000000000015	3163	48155-48180
48167.9	12.5	3163	48155-48180
48167.5	12.0999999999985	3163	48155-48180
48167.1	12.5	3163	48155-48180
48167.6	13	3164	48155-48181
48168	13.4000000000015	3164	48155-48181
48168.4	13	3164	48155-48181
48168	12.5999999999985	3164	48155-48181
48167.6	13	3164	48155-48181
48168.1	13.5	3165	48155-48182
48168.5	13.9000000000015	3165	48155-48182
48168.9	13.5	3165	48155-48182
48168.5	13.0999999999985	3165	48155-48182
48168.1	13.5	3165	48155-48182
48168.6	14	3166	48155-48183
48169	14.4000000000015	3166	48155-48183
48169.4	14	3166	48155-48183
48169	13.5999999999985	3166	48155-48183
48168.6	14	3166	48155-48183
48169.1	14.5	3167	48155-48184
48169.5	14.9000000000015	3167	48155-48184
48169.9	14.5	3167	48155-48184
48169.5	14.0999999999985	3167	48155-48184
48169.1	14.5	3167	48155-48184
48169.6	15	3168	48155-48185
48170	15.4000000000015	3168	48155-48185
48170.4	15	3168	48155-48185
48170	14.5999999999985	3168	48155-48185
48169.6	15	3168	48155-48185
48170.1	15.5	3169	48155-48186
48170.5	15.9000000000015	3169	48155-48186
48170.9	15.5	3169	48155-48186
48170.5	15.0999999999985	3169	48155-48186
48170.1	15.5	3169	48155-48186
48170.6	16	3170	48155-48187
48171	16.4000000000015	3170	48155-48187
48171.4	16	3170	48155-48187
48171	15.5999999999985	3170	48155-48187
48170.6	16	3170	48155-48187
48171.1	16.5	3171	48155-48188
48171.5	16.9000000000015	3171	48155-48188
48171.9	16.5	3171	48155-48188
48171.5	16.0999999999985	3171	48155-48188
48171.1	16.5	3171	48155-48188
48171.6	17	3172	48155-48189
48172	17.4000000000015	3172	48155-48189
48172.4	17	3172	48155-48189
48172	16.5999999999985	3172	48155-48189
48171.6	17	3172	48155-48189
48172.1	17.5	3173	48155-48190
48172.5	17.9000000000015	3173	48155-48190
48172.9	17.5	3173	48155-48190
48172.5	17.0999999999985	3173	48155-48190
48172.1	17.5	3173	48155-48190
48172.6	18	3174	48155-48191
48173	18.4000000000015	3174	48155-48191
48173.4	18	3174	48155-48191
48173	17.5999999999985	3174	48155-48191
48172.6	18	3174	48155-48191
48173.1	18.5	3175	48155-48192
48173.5	18.9000000000015	3175	48155-48192
48173.9	18.5	3175	48155-48192
48173.5	18.0999999999985	3175	48155-48192
48173.1	18.5	3175	48155-48192
48173.6	19	3176	48155-48193
48174	19.4000000000015	3176	48155-48193
48174.4	19	3176	48155-48193
48174	18.5999999999985	3176	48155-48193
48173.6	19	3176	48155-48193
48174.1	19.5	3177	48155-48194
48174.5	19.9000000000015	3177	48155-48194
48174.9	19.5	3177	48155-48194
48174.5	19.0999999999985	3177	48155-48194
48174.1	19.5	3177	48155-48194
48174.6	20	3178	48155-48195
48175	20.4000000000015	3178	48155-48195
48175.4	20	3178	48155-48195
48175	19.5999999999985	3178	48155-48195
48174.6	20	3178	48155-48195
48175.1	20.5	3179	48155-48196
48175.5	20.9000000000015	3179	48155-48196
48175.9	20.5	3179	48155-48196
48175.5	20.0999999999985	3179	48155-48196
48175.1	20.5	3179	48155-48196
48175.6	21	3180	48155-48197
48176	21.4000000000015	3180	48155-48197
48176.4	21	3180	48155-48197
48176	20.5999999999985	3180	48155-48197
48175.6	21	3180	48155-48197
48176.1	21.5	3181	48155-48198
48176.5	21.9000000000015	3181	48155-48198
48176.9	21.5	3181	48155-48198
48176.5	21.0999999999985	3181	48155-48198
48176.1	21.5	3181	48155-48198
48176.6	22	3182	48155-48199
48177	22.4000000000015	3182	48155-48199
48177.4	22	3182	48155-48199
48177	21.5999999999985	3182	48155-48199
48176.6	22	3182	48155-48199
48155.6	0	3183	48156-48156
48156	0.400000000001455	3183	48156-48156
48156.4	0	3183	48156-48156
48156	-0.400000000001455	3183	48156-48156
48155.6	0	3183	48156-48156
48156.1	0.5	3184	48156-48157
48156.5	0.900000000001455	3184	48156-48157
48156.9	0.5	3184	48156-48157
48156.5	0.0999999999985448	3184	48156-48157
48156.1	0.5	3184	48156-48157
48156.6	1	3185	48156-48158
48157	1.40000000000146	3185	48156-48158
48157.4	1	3185	48156-48158
48157	0.599999999998545	3185	48156-48158
48156.6	1	3185	48156-48158
48157.1	1.5	3186	48156-48159
48157.5	1.90000000000146	3186	48156-48159
48157.9	1.5	3186	48156-48159
48157.5	1.09999999999854	3186	48156-48159
48157.1	1.5	3186	48156-48159
48157.6	2	3187	48156-48160
48158	2.40000000000146	3187	48156-48160
48158.4	2	3187	48156-48160
48158	1.59999999999854	3187	48156-48160
48157.6	2	3187	48156-48160
48158.1	2.5	3188	48156-48161
48158.5	2.90000000000146	3188	48156-48161
48158.9	2.5	3188	48156-48161
48158.5	2.09999999999854	3188	48156-48161
48158.1	2.5	3188	48156-48161
48158.6	3	3189	48156-48162
48159	3.40000000000146	3189	48156-48162
48159.4	3	3189	48156-48162
48159	2.59999999999855	3189	48156-48162
48158.6	3	3189	48156-48162
48159.1	3.5	3190	48156-48163
48159.5	3.90000000000146	3190	48156-48163
48159.9	3.5	3190	48156-48163
48159.5	3.09999999999855	3190	48156-48163
48159.1	3.5	3190	48156-48163
48159.6	4	3191	48156-48164
48160	4.40000000000146	3191	48156-48164
48160.4	4	3191	48156-48164
48160	3.59999999999855	3191	48156-48164
48159.6	4	3191	48156-48164
48160.1	4.5	3192	48156-48165
48160.5	4.90000000000146	3192	48156-48165
48160.9	4.5	3192	48156-48165
48160.5	4.09999999999855	3192	48156-48165
48160.1	4.5	3192	48156-48165
48160.6	5	3193	48156-48166
48161	5.40000000000146	3193	48156-48166
48161.4	5	3193	48156-48166
48161	4.59999999999855	3193	48156-48166
48160.6	5	3193	48156-48166
48161.1	5.5	3194	48156-48167
48161.5	5.90000000000146	3194	48156-48167
48161.9	5.5	3194	48156-48167
48161.5	5.09999999999855	3194	48156-48167
48161.1	5.5	3194	48156-48167
48161.6	6	3195	48156-48168
48162	6.40000000000146	3195	48156-48168
48162.4	6	3195	48156-48168
48162	5.59999999999855	3195	48156-48168
48161.6	6	3195	48156-48168
48162.1	6.5	3196	48156-48169
48162.5	6.90000000000146	3196	48156-48169
48162.9	6.5	3196	48156-48169
48162.5	6.09999999999855	3196	48156-48169
48162.1	6.5	3196	48156-48169
48162.6	7	3197	48156-48170
48163	7.40000000000146	3197	48156-48170
48163.4	7	3197	48156-48170
48163	6.59999999999855	3197	48156-48170
48162.6	7	3197	48156-48170
48163.1	7.5	3198	48156-48171
48163.5	7.90000000000146	3198	48156-48171
48163.9	7.5	3198	48156-48171
48163.5	7.09999999999855	3198	48156-48171
48163.1	7.5	3198	48156-48171
48163.6	8	3199	48156-48172
48164	8.40000000000146	3199	48156-48172
48164.4	8	3199	48156-48172
48164	7.59999999999855	3199	48156-48172
48163.6	8	3199	48156-48172
48164.1	8.5	3200	48156-48173
48164.5	8.90000000000146	3200	48156-48173
48164.9	8.5	3200	48156-48173
48164.5	8.09999999999855	3200	48156-48173
48164.1	8.5	3200	48156-48173
48164.6	9	3201	48156-48174
48165	9.40000000000146	3201	48156-48174
48165.4	9	3201	48156-48174
48165	8.59999999999855	3201	48156-48174
48164.6	9	3201	48156-48174
48165.1	9.5	3202	48156-48175
48165.5	9.90000000000146	3202	48156-48175
48165.9	9.5	3202	48156-48175
48165.5	9.09999999999854	3202	48156-48175
48165.1	9.5	3202	48156-48175
48165.6	10	3203	48156-48176
48166	10.4000000000015	3203	48156-48176
48166.4	10	3203	48156-48176
48166	9.59999999999854	3203	48156-48176
48165.6	10	3203	48156-48176
48166.1	10.5	3204	48156-48177
48166.5	10.9000000000015	3204	48156-48177
48166.9	10.5	3204	48156-48177
48166.5	10.0999999999985	3204	48156-48177
48166.1	10.5	3204	48156-48177
48166.6	11	3205	48156-48178
48167	11.4000000000015	3205	48156-48178
48167.4	11	3205	48156-48178
48167	10.5999999999985	3205	48156-48178
48166.6	11	3205	48156-48178
48167.1	11.5	3206	48156-48179
48167.5	11.9000000000015	3206	48156-48179
48167.9	11.5	3206	48156-48179
48167.5	11.0999999999985	3206	48156-48179
48167.1	11.5	3206	48156-48179
48167.6	12	3207	48156-48180
48168	12.4000000000015	3207	48156-48180
48168.4	12	3207	48156-48180
48168	11.5999999999985	3207	48156-48180
48167.6	12	3207	48156-48180
48168.1	12.5	3208	48156-48181
48168.5	12.9000000000015	3208	48156-48181
48168.9	12.5	3208	48156-48181
48168.5	12.0999999999985	3208	48156-48181
48168.1	12.5	3208	48156-48181
48168.6	13	3209	48156-48182
48169	13.4000000000015	3209	48156-48182
48169.4	13	3209	48156-48182
48169	12.5999999999985	3209	48156-48182
48168.6	13	3209	48156-48182
48169.1	13.5	3210	48156-48183
48169.5	13.9000000000015	3210	48156-48183
48169.9	13.5	3210	48156-48183
48169.5	13.0999999999985	3210	48156-48183
48169.1	13.5	3210	48156-48183
48169.6	14	3211	48156-48184
48170	14.4000000000015	3211	48156-48184
48170.4	14	3211	48156-48184
48170	13.5999999999985	3211	48156-48184
48169.6	14	3211	48156-48184
48170.1	14.5	3212	48156-48185
48170.5	14.9000000000015	3212	48156-48185
48170.9	14.5	3212	48156-48185
48170.5	14.0999999999985	3212	48156-48185
48170.1	14.5	3212	48156-48185
48170.6	15	3213	48156-48186
48171	15.4000000000015	3213	48156-48186
48171.4	15	3213	48156-48186
48171	14.5999999999985	3213	48156-48186
48170.6	15	3213	48156-48186
48171.1	15.5	3214	48156-48187
48171.5	15.9000000000015	3214	48156-48187
48171.9	15.5	3214	48156-48187
48171.5	15.0999999999985	3214	48156-48187
48171.1	15.5	3214	48156-48187
48171.6	16	3215	48156-48188
48172	16.4000000000015	3215	48156-48188
48172.4	16	3215	48156-48188
48172	15.5999999999985	3215	48156-48188
48171.6	16	3215	48156-48188
48172.1	16.5	3216	48156-48189
48172.5	16.9000000000015	3216	48156-48189
48172.9	16.5	3216	48156-48189
48172.5	16.0999999999985	3216	48156-48189
48172.1	16.5	3216	48156-48189
48172.6	17	3217	48156-48190
48173	17.4000000000015	3217	48156-48190
48173.4	17	3217	48156-48190
48173	16.5999999999985	3217	48156-48190
48172.6	17	3217	48156-48190
48173.1	17.5	3218	48156-48191
48173.5	17.9000000000015	3218	48156-48191
48173.9	17.5	3218	48156-48191
48173.5	17.0999999999985	3218	48156-48191
48173.1	17.5	3218	48156-48191
48173.6	18	3219	48156-48192
48174	18.4000000000015	3219	48156-48192
48174.4	18	3219	48156-48192
48174	17.5999999999985	3219	48156-48192
48173.6	18	3219	48156-48192
48174.1	18.5	3220	48156-48193
48174.5	18.9000000000015	3220	48156-48193
48174.9	18.5	3220	48156-48193
48174.5	18.0999999999985	3220	48156-48193
48174.1	18.5	3220	48156-48193
48174.6	19	3221	48156-48194
48175	19.4000000000015	3221	48156-48194
48175.4	19	3221	48156-48194
48175	18.5999999999985	3221	48156-48194
48174.6	19	3221	48156-48194
48175.1	19.5	3222	48156-48195
48175.5	19.9000000000015	3222	48156-48195
48175.9	19.5	3222	48156-48195
48175.5	19.0999999999985	3222	48156-48195
48175.1	19.5	3222	48156-48195
48175.6	20	3223	48156-48196
48176	20.4000000000015	3223	48156-48196
48176.4	20	3223	48156-48196
48176	19.5999999999985	3223	48156-48196
48175.6	20	3223	48156-48196
48176.1	20.5	3224	48156-48197
48176.5	20.9000000000015	3224	48156-48197
48176.9	20.5	3224	48156-48197
48176.5	20.0999999999985	3224	48156-48197
48176.1	20.5	3224	48156-48197
48176.6	21	3225	48156-48198
48177	21.4000000000015	3225	48156-48198
48177.4	21	3225	48156-48198
48177	20.5999999999985	3225	48156-48198
48176.6	21	3225	48156-48198
48177.1	21.5	3226	48156-48199
48177.5	21.9000000000015	3226	48156-48199
48177.9	21.5	3226	48156-48199
48177.5	21.0999999999985	3226	48156-48199
48177.1	21.5	3226	48156-48199
48156.6	0	3227	48157-48157
48157	0.400000000001455	3227	48157-48157
48157.4	0	3227	48157-48157
48157	-0.400000000001455	3227	48157-48157
48156.6	0	3227	48157-48157
48157.1	0.5	3228	48157-48158
48157.5	0.900000000001455	3228	48157-48158
48157.9	0.5	3228	48157-48158
48157.5	0.0999999999985448	3228	48157-48158
48157.1	0.5	3228	48157-48158
48157.6	1	3229	48157-48159
48158	1.40000000000146	3229	48157-48159
48158.4	1	3229	48157-48159
48158	0.599999999998545	3229	48157-48159
48157.6	1	3229	48157-48159
48158.1	1.5	3230	48157-48160
48158.5	1.90000000000146	3230	48157-48160
48158.9	1.5	3230	48157-48160
48158.5	1.09999999999854	3230	48157-48160
48158.1	1.5	3230	48157-48160
48158.6	2	3231	48157-48161
48159	2.40000000000146	3231	48157-48161
48159.4	2	3231	48157-48161
48159	1.59999999999854	3231	48157-48161
48158.6	2	3231	48157-48161
48159.1	2.5	3232	48157-48162
48159.5	2.90000000000146	3232	48157-48162
48159.9	2.5	3232	48157-48162
48159.5	2.09999999999854	3232	48157-48162
48159.1	2.5	3232	48157-48162
48159.6	3	3233	48157-48163
48160	3.40000000000146	3233	48157-48163
48160.4	3	3233	48157-48163
48160	2.59999999999855	3233	48157-48163
48159.6	3	3233	48157-48163
48160.1	3.5	3234	48157-48164
48160.5	3.90000000000146	3234	48157-48164
48160.9	3.5	3234	48157-48164
48160.5	3.09999999999855	3234	48157-48164
48160.1	3.5	3234	48157-48164
48160.6	4	3235	48157-48165
48161	4.40000000000146	3235	48157-48165
48161.4	4	3235	48157-48165
48161	3.59999999999855	3235	48157-48165
48160.6	4	3235	48157-48165
48161.1	4.5	3236	48157-48166
48161.5	4.90000000000146	3236	48157-48166
48161.9	4.5	3236	48157-48166
48161.5	4.09999999999855	3236	48157-48166
48161.1	4.5	3236	48157-48166
48161.6	5	3237	48157-48167
48162	5.40000000000146	3237	48157-48167
48162.4	5	3237	48157-48167
48162	4.59999999999855	3237	48157-48167
48161.6	5	3237	48157-48167
48162.1	5.5	3238	48157-48168
48162.5	5.90000000000146	3238	48157-48168
48162.9	5.5	3238	48157-48168
48162.5	5.09999999999855	3238	48157-48168
48162.1	5.5	3238	48157-48168
48162.6	6	3239	48157-48169
48163	6.40000000000146	3239	48157-48169
48163.4	6	3239	48157-48169
48163	5.59999999999855	3239	48157-48169
48162.6	6	3239	48157-48169
48163.1	6.5	3240	48157-48170
48163.5	6.90000000000146	3240	48157-48170
48163.9	6.5	3240	48157-48170
48163.5	6.09999999999855	3240	48157-48170
48163.1	6.5	3240	48157-48170
48163.6	7	3241	48157-48171
48164	7.40000000000146	3241	48157-48171
48164.4	7	3241	48157-48171
48164	6.59999999999855	3241	48157-48171
48163.6	7	3241	48157-48171
48164.1	7.5	3242	48157-48172
48164.5	7.90000000000146	3242	48157-48172
48164.9	7.5	3242	48157-48172
48164.5	7.09999999999855	3242	48157-48172
48164.1	7.5	3242	48157-48172
48164.6	8	3243	48157-48173
48165	8.40000000000146	3243	48157-48173
48165.4	8	3243	48157-48173
48165	7.59999999999855	3243	48157-48173
48164.6	8	3243	48157-48173
48165.1	8.5	3244	48157-48174
48165.5	8.90000000000146	3244	48157-48174
48165.9	8.5	3244	48157-48174
48165.5	8.09999999999855	3244	48157-48174
48165.1	8.5	3244	48157-48174
48165.6	9	3245	48157-48175
48166	9.40000000000146	3245	48157-48175
48166.4	9	3245	48157-48175
48166	8.59999999999855	3245	48157-48175
48165.6	9	3245	48157-48175
48166.1	9.5	3246	48157-48176
48166.5	9.90000000000146	3246	48157-48176
48166.9	9.5	3246	48157-48176
48166.5	9.09999999999854	3246	48157-48176
48166.1	9.5	3246	48157-48176
48166.6	10	3247	48157-48177
48167	10.4000000000015	3247	48157-48177
48167.4	10	3247	48157-48177
48167	9.59999999999854	3247	48157-48177
48166.6	10	3247	48157-48177
48167.1	10.5	3248	48157-48178
48167.5	10.9000000000015	3248	48157-48178
48167.9	10.5	3248	48157-48178
48167.5	10.0999999999985	3248	48157-48178
48167.1	10.5	3248	48157-48178
48167.6	11	3249	48157-48179
48168	11.4000000000015	3249	48157-48179
48168.4	11	3249	48157-48179
48168	10.5999999999985	3249	48157-48179
48167.6	11	3249	48157-48179
48168.1	11.5	3250	48157-48180
48168.5	11.9000000000015	3250	48157-48180
48168.9	11.5	3250	48157-48180
48168.5	11.0999999999985	3250	48157-48180
48168.1	11.5	3250	48157-48180
48168.6	12	3251	48157-48181
48169	12.4000000000015	3251	48157-48181
48169.4	12	3251	48157-48181
48169	11.5999999999985	3251	48157-48181
48168.6	12	3251	48157-48181
48169.1	12.5	3252	48157-48182
48169.5	12.9000000000015	3252	48157-48182
48169.9	12.5	3252	48157-48182
48169.5	12.0999999999985	3252	48157-48182
48169.1	12.5	3252	48157-48182
48169.6	13	3253	48157-48183
48170	13.4000000000015	3253	48157-48183
48170.4	13	3253	48157-48183
48170	12.5999999999985	3253	48157-48183
48169.6	13	3253	48157-48183
48170.1	13.5	3254	48157-48184
48170.5	13.9000000000015	3254	48157-48184
48170.9	13.5	3254	48157-48184
48170.5	13.0999999999985	3254	48157-48184
48170.1	13.5	3254	48157-48184
48170.6	14	3255	48157-48185
48171	14.4000000000015	3255	48157-48185
48171.4	14	3255	48157-48185
48171	13.5999999999985	3255	48157-48185
48170.6	14	3255	48157-48185
48171.1	14.5	3256	48157-48186
48171.5	14.9000000000015	3256	48157-48186
48171.9	14.5	3256	48157-48186
48171.5	14.0999999999985	3256	48157-48186
48171.1	14.5	3256	48157-48186
48171.6	15	3257	48157-48187
48172	15.4000000000015	3257	48157-48187
48172.4	15	3257	48157-48187
48172	14.5999999999985	3257	48157-48187
48171.6	15	3257	48157-48187
48172.1	15.5	3258	48157-48188
48172.5	15.9000000000015	3258	48157-48188
48172.9	15.5	3258	48157-48188
48172.5	15.0999999999985	3258	48157-48188
48172.1	15.5	3258	48157-48188
48172.6	16	3259	48157-48189
48173	16.4000000000015	3259	48157-48189
48173.4	16	3259	48157-48189
48173	15.5999999999985	3259	48157-48189
48172.6	16	3259	48157-48189
48173.1	16.5	3260	48157-48190
48173.5	16.9000000000015	3260	48157-48190
48173.9	16.5	3260	48157-48190
48173.5	16.0999999999985	3260	48157-48190
48173.1	16.5	3260	48157-48190
48173.6	17	3261	48157-48191
48174	17.4000000000015	3261	48157-48191
48174.4	17	3261	48157-48191
48174	16.5999999999985	3261	48157-48191
48173.6	17	3261	48157-48191
48174.1	17.5	3262	48157-48192
48174.5	17.9000000000015	3262	48157-48192
48174.9	17.5	3262	48157-48192
48174.5	17.0999999999985	3262	48157-48192
48174.1	17.5	3262	48157-48192
48174.6	18	3263	48157-48193
48175	18.4000000000015	3263	48157-48193
48175.4	18	3263	48157-48193
48175	17.5999999999985	3263	48157-48193
48174.6	18	3263	48157-48193
48175.1	18.5	3264	48157-48194
48175.5	18.9000000000015	3264	48157-48194
48175.9	18.5	3264	48157-48194
48175.5	18.0999999999985	3264	48157-48194
48175.1	18.5	3264	48157-48194
48175.6	19	3265	48157-48195
48176	19.4000000000015	3265	48157-48195
48176.4	19	3265	48157-48195
48176	18.5999999999985	3265	48157-48195
48175.6	19	3265	48157-48195
48176.1	19.5	3266	48157-48196
48176.5	19.9000000000015	3266	48157-48196
48176.9	19.5	3266	48157-48196
48176.5	19.0999999999985	3266	48157-48196
48176.1	19.5	3266	48157-48196
48176.6	20	3267	48157-48197
48177	20.4000000000015	3267	48157-48197
48177.4	20	3267	48157-48197
48177	19.5999999999985	3267	48157-48197
48176.6	20	3267	48157-48197
48177.1	20.5	3268	48157-48198
48177.5	20.9000000000015	3268	48157-48198
48177.9	20.5	3268	48157-48198
48177.5	20.0999999999985	3268	48157-48198
48177.1	20.5	3268	48157-48198
48177.6	21	3269	48157-48199
48178	21.4000000000015	3269	48157-48199
48178.4	21	3269	48157-48199
48178	20.5999999999985	3269	48157-48199
48177.6	21	3269	48157-48199
48157.6	0	3270	48158-48158
48158	0.400000000001455	3270	48158-48158
48158.4	0	3270	48158-48158
48158	-0.400000000001455	3270	48158-48158
48157.6	0	3270	48158-48158
48158.1	0.5	3271	48158-48159
48158.5	0.900000000001455	3271	48158-48159
48158.9	0.5	3271	48158-48159
48158.5	0.0999999999985448	3271	48158-48159
48158.1	0.5	3271	48158-48159
48158.6	1	3272	48158-48160
48159	1.40000000000146	3272	48158-48160
48159.4	1	3272	48158-48160
48159	0.599999999998545	3272	48158-48160
48158.6	1	3272	48158-48160
48159.1	1.5	3273	48158-48161
48159.5	1.90000000000146	3273	48158-48161
48159.9	1.5	3273	48158-48161
48159.5	1.09999999999854	3273	48158-48161
48159.1	1.5	3273	48158-48161
48159.6	2	3274	48158-48162
48160	2.40000000000146	3274	48158-48162
48160.4	2	3274	48158-48162
48160	1.59999999999854	3274	48158-48162
48159.6	2	3274	48158-48162
48160.1	2.5	3275	48158-48163
48160.5	2.90000000000146	3275	48158-48163
48160.9	2.5	3275	48158-48163
48160.5	2.09999999999854	3275	48158-48163
48160.1	2.5	3275	48158-48163
48160.6	3	3276	48158-48164
48161	3.40000000000146	3276	48158-48164
48161.4	3	3276	48158-48164
48161	2.59999999999855	3276	48158-48164
48160.6	3	3276	48158-48164
48161.1	3.5	3277	48158-48165
48161.5	3.90000000000146	3277	48158-48165
48161.9	3.5	3277	48158-48165
48161.5	3.09999999999855	3277	48158-48165
48161.1	3.5	3277	48158-48165
48161.6	4	3278	48158-48166
48162	4.40000000000146	3278	48158-48166
48162.4	4	3278	48158-48166
48162	3.59999999999855	3278	48158-48166
48161.6	4	3278	48158-48166
48162.1	4.5	3279	48158-48167
48162.5	4.90000000000146	3279	48158-48167
48162.9	4.5	3279	48158-48167
48162.5	4.09999999999855	3279	48158-48167
48162.1	4.5	3279	48158-48167
48162.6	5	3280	48158-48168
48163	5.40000000000146	3280	48158-48168
48163.4	5	3280	48158-48168
48163	4.59999999999855	3280	48158-48168
48162.6	5	3280	48158-48168
48163.1	5.5	3281	48158-48169
48163.5	5.90000000000146	3281	48158-48169
48163.9	5.5	3281	48158-48169
48163.5	5.09999999999855	3281	48158-48169
48163.1	5.5	3281	48158-48169
48163.6	6	3282	48158-48170
48164	6.40000000000146	3282	48158-48170
48164.4	6	3282	48158-48170
48164	5.59999999999855	3282	48158-48170
48163.6	6	3282	48158-48170
48164.1	6.5	3283	48158-48171
48164.5	6.90000000000146	3283	48158-48171
48164.9	6.5	3283	48158-48171
48164.5	6.09999999999855	3283	48158-48171
48164.1	6.5	3283	48158-48171
48164.6	7	3284	48158-48172
48165	7.40000000000146	3284	48158-48172
48165.4	7	3284	48158-48172
48165	6.59999999999855	3284	48158-48172
48164.6	7	3284	48158-48172
48165.1	7.5	3285	48158-48173
48165.5	7.90000000000146	3285	48158-48173
48165.9	7.5	3285	48158-48173
48165.5	7.09999999999855	3285	48158-48173
48165.1	7.5	3285	48158-48173
48165.6	8	3286	48158-48174
48166	8.40000000000146	3286	48158-48174
48166.4	8	3286	48158-48174
48166	7.59999999999855	3286	48158-48174
48165.6	8	3286	48158-48174
48166.1	8.5	3287	48158-48175
48166.5	8.90000000000146	3287	48158-48175
48166.9	8.5	3287	48158-48175
48166.5	8.09999999999855	3287	48158-48175
48166.1	8.5	3287	48158-48175
48166.6	9	3288	48158-48176
48167	9.40000000000146	3288	48158-48176
48167.4	9	3288	48158-48176
48167	8.59999999999855	3288	48158-48176
48166.6	9	3288	48158-48176
48167.1	9.5	3289	48158-48177
48167.5	9.90000000000146	3289	48158-48177
48167.9	9.5	3289	48158-48177
48167.5	9.09999999999854	3289	48158-48177
48167.1	9.5	3289	48158-48177
48167.6	10	3290	48158-48178
48168	10.4000000000015	3290	48158-48178
48168.4	10	3290	48158-48178
48168	9.59999999999854	3290	48158-48178
48167.6	10	3290	48158-48178
48168.1	10.5	3291	48158-48179
48168.5	10.9000000000015	3291	48158-48179
48168.9	10.5	3291	48158-48179
48168.5	10.0999999999985	3291	48158-48179
48168.1	10.5	3291	48158-48179
48168.6	11	3292	48158-48180
48169	11.4000000000015	3292	48158-48180
48169.4	11	3292	48158-48180
48169	10.5999999999985	3292	48158-48180
48168.6	11	3292	48158-48180
48169.1	11.5	3293	48158-48181
48169.5	11.9000000000015	3293	48158-48181
48169.9	11.5	3293	48158-48181
48169.5	11.0999999999985	3293	48158-48181
48169.1	11.5	3293	48158-48181
48169.6	12	3294	48158-48182
48170	12.4000000000015	3294	48158-48182
48170.4	12	3294	48158-48182
48170	11.5999999999985	3294	48158-48182
48169.6	12	3294	48158-48182
48170.1	12.5	3295	48158-48183
48170.5	12.9000000000015	3295	48158-48183
48170.9	12.5	3295	48158-48183
48170.5	12.0999999999985	3295	48158-48183
48170.1	12.5	3295	48158-48183
48170.6	13	3296	48158-48184
48171	13.4000000000015	3296	48158-48184
48171.4	13	3296	48158-48184
48171	12.5999999999985	3296	48158-48184
48170.6	13	3296	48158-48184
48171.1	13.5	3297	48158-48185
48171.5	13.9000000000015	3297	48158-48185
48171.9	13.5	3297	48158-48185
48171.5	13.0999999999985	3297	48158-48185
48171.1	13.5	3297	48158-48185
48171.6	14	3298	48158-48186
48172	14.4000000000015	3298	48158-48186
48172.4	14	3298	48158-48186
48172	13.5999999999985	3298	48158-48186
48171.6	14	3298	48158-48186
48172.1	14.5	3299	48158-48187
48172.5	14.9000000000015	3299	48158-48187
48172.9	14.5	3299	48158-48187
48172.5	14.0999999999985	3299	48158-48187
48172.1	14.5	3299	48158-48187
48172.6	15	3300	48158-48188
48173	15.4000000000015	3300	48158-48188
48173.4	15	3300	48158-48188
48173	14.5999999999985	3300	48158-48188
48172.6	15	3300	48158-48188
48173.1	15.5	3301	48158-48189
48173.5	15.9000000000015	3301	48158-48189
48173.9	15.5	3301	48158-48189
48173.5	15.0999999999985	3301	48158-48189
48173.1	15.5	3301	48158-48189
48173.6	16	3302	48158-48190
48174	16.4000000000015	3302	48158-48190
48174.4	16	3302	48158-48190
48174	15.5999999999985	3302	48158-48190
48173.6	16	3302	48158-48190
48174.1	16.5	3303	48158-48191
48174.5	16.9000000000015	3303	48158-48191
48174.9	16.5	3303	48158-48191
48174.5	16.0999999999985	3303	48158-48191
48174.1	16.5	3303	48158-48191
48174.6	17	3304	48158-48192
48175	17.4000000000015	3304	48158-48192
48175.4	17	3304	48158-48192
48175	16.5999999999985	3304	48158-48192
48174.6	17	3304	48158-48192
48175.1	17.5	3305	48158-48193
48175.5	17.9000000000015	3305	48158-48193
48175.9	17.5	3305	48158-48193
48175.5	17.0999999999985	3305	48158-48193
48175.1	17.5	3305	48158-48193
48175.6	18	3306	48158-48194
48176	18.4000000000015	3306	48158-48194
48176.4	18	3306	48158-48194
48176	17.5999999999985	3306	48158-48194
48175.6	18	3306	48158-48194
48176.1	18.5	3307	48158-48195
48176.5	18.9000000000015	3307	48158-48195
48176.9	18.5	3307	48158-48195
48176.5	18.0999999999985	3307	48158-48195
48176.1	18.5	3307	48158-48195
48176.6	19	3308	48158-48196
48177	19.4000000000015	3308	48158-48196
48177.4	19	3308	48158-48196
48177	18.5999999999985	3308	48158-48196
48176.6	19	3308	48158-48196
48177.1	19.5	3309	48158-48197
48177.5	19.9000000000015	3309	48158-48197
48177.9	19.5	3309	48158-48197
48177.5	19.0999999999985	3309	48158-48197
48177.1	19.5	3309	48158-48197
48177.6	20	3310	48158-48198
48178	20.4000000000015	3310	48158-48198
48178.4	20	3310	48158-48198
48178	19.5999999999985	3310	48158-48198
48177.6	20	3310	48158-48198
48178.1	20.5	3311	48158-48199
48178.5	20.9000000000015	3311	48158-48199
48178.9	20.5	3311	48158-48199
48178.5	20.0999999999985	3311	48158-48199
48178.1	20.5	3311	48158-48199
48158.6	0	3312	48159-48159
48159	0.400000000001455	3312	48159-48159
48159.4	0	3312	48159-48159
48159	-0.400000000001455	3312	48159-48159
48158.6	0	3312	48159-48159
48159.1	0.5	3313	48159-48160
48159.5	0.900000000001455	3313	48159-48160
48159.9	0.5	3313	48159-48160
48159.5	0.0999999999985448	3313	48159-48160
48159.1	0.5	3313	48159-48160
48159.6	1	3314	48159-48161
48160	1.40000000000146	3314	48159-48161
48160.4	1	3314	48159-48161
48160	0.599999999998545	3314	48159-48161
48159.6	1	3314	48159-48161
48160.1	1.5	3315	48159-48162
48160.5	1.90000000000146	3315	48159-48162
48160.9	1.5	3315	48159-48162
48160.5	1.09999999999854	3315	48159-48162
48160.1	1.5	3315	48159-48162
48160.6	2	3316	48159-48163
48161	2.40000000000146	3316	48159-48163
48161.4	2	3316	48159-48163
48161	1.59999999999854	3316	48159-48163
48160.6	2	3316	48159-48163
48161.1	2.5	3317	48159-48164
48161.5	2.90000000000146	3317	48159-48164
48161.9	2.5	3317	48159-48164
48161.5	2.09999999999854	3317	48159-48164
48161.1	2.5	3317	48159-48164
48161.6	3	3318	48159-48165
48162	3.40000000000146	3318	48159-48165
48162.4	3	3318	48159-48165
48162	2.59999999999855	3318	48159-48165
48161.6	3	3318	48159-48165
48162.1	3.5	3319	48159-48166
48162.5	3.90000000000146	3319	48159-48166
48162.9	3.5	3319	48159-48166
48162.5	3.09999999999855	3319	48159-48166
48162.1	3.5	3319	48159-48166
48162.6	4	3320	48159-48167
48163	4.40000000000146	3320	48159-48167
48163.4	4	3320	48159-48167
48163	3.59999999999855	3320	48159-48167
48162.6	4	3320	48159-48167
48163.1	4.5	3321	48159-48168
48163.5	4.90000000000146	3321	48159-48168
48163.9	4.5	3321	48159-48168
48163.5	4.09999999999855	3321	48159-48168
48163.1	4.5	3321	48159-48168
48163.6	5	3322	48159-48169
48164	5.40000000000146	3322	48159-48169
48164.4	5	3322	48159-48169
48164	4.59999999999855	3322	48159-48169
48163.6	5	3322	48159-48169
48164.1	5.5	3323	48159-48170
48164.5	5.90000000000146	3323	48159-48170
48164.9	5.5	3323	48159-48170
48164.5	5.09999999999855	3323	48159-48170
48164.1	5.5	3323	48159-48170
48164.6	6	3324	48159-48171
48165	6.40000000000146	3324	48159-48171
48165.4	6	3324	48159-48171
48165	5.59999999999855	3324	48159-48171
48164.6	6	3324	48159-48171
48165.1	6.5	3325	48159-48172
48165.5	6.90000000000146	3325	48159-48172
48165.9	6.5	3325	48159-48172
48165.5	6.09999999999855	3325	48159-48172
48165.1	6.5	3325	48159-48172
48165.6	7	3326	48159-48173
48166	7.40000000000146	3326	48159-48173
48166.4	7	3326	48159-48173
48166	6.59999999999855	3326	48159-48173
48165.6	7	3326	48159-48173
48166.1	7.5	3327	48159-48174
48166.5	7.90000000000146	3327	48159-48174
48166.9	7.5	3327	48159-48174
48166.5	7.09999999999855	3327	48159-48174
48166.1	7.5	3327	48159-48174
48166.6	8	3328	48159-48175
48167	8.40000000000146	3328	48159-48175
48167.4	8	3328	48159-48175
48167	7.59999999999855	3328	48159-48175
48166.6	8	3328	48159-48175
48167.1	8.5	3329	48159-48176
48167.5	8.90000000000146	3329	48159-48176
48167.9	8.5	3329	48159-48176
48167.5	8.09999999999855	3329	48159-48176
48167.1	8.5	3329	48159-48176
48167.6	9	3330	48159-48177
48168	9.40000000000146	3330	48159-48177
48168.4	9	3330	48159-48177
48168	8.59999999999855	3330	48159-48177
48167.6	9	3330	48159-48177
48168.1	9.5	3331	48159-48178
48168.5	9.90000000000146	3331	48159-48178
48168.9	9.5	3331	48159-48178
48168.5	9.09999999999854	3331	48159-48178
48168.1	9.5	3331	48159-48178
48168.6	10	3332	48159-48179
48169	10.4000000000015	3332	48159-48179
48169.4	10	3332	48159-48179
48169	9.59999999999854	3332	48159-48179
48168.6	10	3332	48159-48179
48169.1	10.5	3333	48159-48180
48169.5	10.9000000000015	3333	48159-48180
48169.9	10.5	3333	48159-48180
48169.5	10.0999999999985	3333	48159-48180
48169.1	10.5	3333	48159-48180
48169.6	11	3334	48159-48181
48170	11.4000000000015	3334	48159-48181
48170.4	11	3334	48159-48181
48170	10.5999999999985	3334	48159-48181
48169.6	11	3334	48159-48181
48170.1	11.5	3335	48159-48182
48170.5	11.9000000000015	3335	48159-48182
48170.9	11.5	3335	48159-48182
48170.5	11.0999999999985	3335	48159-48182
48170.1	11.5	3335	48159-48182
48170.6	12	3336	48159-48183
48171	12.4000000000015	3336	48159-48183
48171.4	12	3336	48159-48183
48171	11.5999999999985	3336	48159-48183
48170.6	12	3336	48159-48183
48171.1	12.5	3337	48159-48184
48171.5	12.9000000000015	3337	48159-48184
48171.9	12.5	3337	48159-48184
48171.5	12.0999999999985	3337	48159-48184
48171.1	12.5	3337	48159-48184
48171.6	13	3338	48159-48185
48172	13.4000000000015	3338	48159-48185
48172.4	13	3338	48159-48185
48172	12.5999999999985	3338	48159-48185
48171.6	13	3338	48159-48185
48172.1	13.5	3339	48159-48186
48172.5	13.9000000000015	3339	48159-48186
48172.9	13.5	3339	48159-48186
48172.5	13.0999999999985	3339	48159-48186
48172.1	13.5	3339	48159-48186
48172.6	14	3340	48159-48187
48173	14.4000000000015	3340	48159-48187
48173.4	14	3340	48159-48187
48173	13.5999999999985	3340	48159-48187
48172.6	14	3340	48159-48187
48173.1	14.5	3341	48159-48188
48173.5	14.9000000000015	3341	48159-48188
48173.9	14.5	3341	48159-48188
48173.5	14.0999999999985	3341	48159-48188
48173.1	14.5	3341	48159-48188
48173.6	15	3342	48159-48189
48174	15.4000000000015	3342	48159-48189
48174.4	15	3342	48159-48189
48174	14.5999999999985	3342	48159-48189
48173.6	15	3342	48159-48189
48174.1	15.5	3343	48159-48190
48174.5	15.9000000000015	3343	48159-48190
48174.9	15.5	3343	48159-48190
48174.5	15.0999999999985	3343	48159-48190
48174.1	15.5	3343	48159-48190
48174.6	16	3344	48159-48191
48175	16.4000000000015	3344	48159-48191
48175.4	16	3344	48159-48191
48175	15.5999999999985	3344	48159-48191
48174.6	16	3344	48159-48191
48175.1	16.5	3345	48159-48192
48175.5	16.9000000000015	3345	48159-48192
48175.9	16.5	3345	48159-48192
48175.5	16.0999999999985	3345	48159-48192
48175.1	16.5	3345	48159-48192
48175.6	17	3346	48159-48193
48176	17.4000000000015	3346	48159-48193
48176.4	17	3346	48159-48193
48176	16.5999999999985	3346	48159-48193
48175.6	17	3346	48159-48193
48176.1	17.5	3347	48159-48194
48176.5	17.9000000000015	3347	48159-48194
48176.9	17.5	3347	48159-48194
48176.5	17.0999999999985	3347	48159-48194
48176.1	17.5	3347	48159-48194
48176.6	18	3348	48159-48195
48177	18.4000000000015	3348	48159-48195
48177.4	18	3348	48159-48195
48177	17.5999999999985	3348	48159-48195
48176.6	18	3348	48159-48195
48177.1	18.5	3349	48159-48196
48177.5	18.9000000000015	3349	48159-48196
48177.9	18.5	3349	48159-48196
48177.5	18.0999999999985	3349	48159-48196
48177.1	18.5	3349	48159-48196
48177.6	19	3350	48159-48197
48178	19.4000000000015	3350	48159-48197
48178.4	19	3350	48159-48197
48178	18.5999999999985	3350	48159-48197
48177.6	19	3350	48159-48197
48178.1	19.5	3351	48159-48198
48178.5	19.9000000000015	3351	48159-48198
48178.9	19.5	3351	48159-48198
48178.5	19.0999999999985	3351	48159-48198
48178.1	19.5	3351	48159-48198
48178.6	20	3352	48159-48199
48179	20.4000000000015	3352	48159-48199
48179.4	20	3352	48159-48199
48179	19.5999999999985	3352	48159-48199
48178.6	20	3352	48159-48199
48159.6	0	3353	48160-48160
48160	0.400000000001455	3353	48160-48160
48160.4	0	3353	48160-48160
48160	-0.400000000001455	3353	48160-48160
48159.6	0	3353	48160-48160
48160.1	0.5	3354	48160-48161
48160.5	0.900000000001455	3354	48160-48161
48160.9	0.5	3354	48160-48161
48160.5	0.0999999999985448	3354	48160-48161
48160.1	0.5	3354	48160-48161
48160.6	1	3355	48160-48162
48161	1.40000000000146	3355	48160-48162
48161.4	1	3355	48160-48162
48161	0.599999999998545	3355	48160-48162
48160.6	1	3355	48160-48162
48161.1	1.5	3356	48160-48163
48161.5	1.90000000000146	3356	48160-48163
48161.9	1.5	3356	48160-48163
48161.5	1.09999999999854	3356	48160-48163
48161.1	1.5	3356	48160-48163
48161.6	2	3357	48160-48164
48162	2.40000000000146	3357	48160-48164
48162.4	2	3357	48160-48164
48162	1.59999999999854	3357	48160-48164
48161.6	2	3357	48160-48164
48162.1	2.5	3358	48160-48165
48162.5	2.90000000000146	3358	48160-48165
48162.9	2.5	3358	48160-48165
48162.5	2.09999999999854	3358	48160-48165
48162.1	2.5	3358	48160-48165
48162.6	3	3359	48160-48166
48163	3.40000000000146	3359	48160-48166
48163.4	3	3359	48160-48166
48163	2.59999999999855	3359	48160-48166
48162.6	3	3359	48160-48166
48163.1	3.5	3360	48160-48167
48163.5	3.90000000000146	3360	48160-48167
48163.9	3.5	3360	48160-48167
48163.5	3.09999999999855	3360	48160-48167
48163.1	3.5	3360	48160-48167
48163.6	4	3361	48160-48168
48164	4.40000000000146	3361	48160-48168
48164.4	4	3361	48160-48168
48164	3.59999999999855	3361	48160-48168
48163.6	4	3361	48160-48168
48164.1	4.5	3362	48160-48169
48164.5	4.90000000000146	3362	48160-48169
48164.9	4.5	3362	48160-48169
48164.5	4.09999999999855	3362	48160-48169
48164.1	4.5	3362	48160-48169
48164.6	5	3363	48160-48170
48165	5.40000000000146	3363	48160-48170
48165.4	5	3363	48160-48170
48165	4.59999999999855	3363	48160-48170
48164.6	5	3363	48160-48170
48165.1	5.5	3364	48160-48171
48165.5	5.90000000000146	3364	48160-48171
48165.9	5.5	3364	48160-48171
48165.5	5.09999999999855	3364	48160-48171
48165.1	5.5	3364	48160-48171
48165.6	6	3365	48160-48172
48166	6.40000000000146	3365	48160-48172
48166.4	6	3365	48160-48172
48166	5.59999999999855	3365	48160-48172
48165.6	6	3365	48160-48172
48166.1	6.5	3366	48160-48173
48166.5	6.90000000000146	3366	48160-48173
48166.9	6.5	3366	48160-48173
48166.5	6.09999999999855	3366	48160-48173
48166.1	6.5	3366	48160-48173
48166.6	7	3367	48160-48174
48167	7.40000000000146	3367	48160-48174
48167.4	7	3367	48160-48174
48167	6.59999999999855	3367	48160-48174
48166.6	7	3367	48160-48174
48167.1	7.5	3368	48160-48175
48167.5	7.90000000000146	3368	48160-48175
48167.9	7.5	3368	48160-48175
48167.5	7.09999999999855	3368	48160-48175
48167.1	7.5	3368	48160-48175
48167.6	8	3369	48160-48176
48168	8.40000000000146	3369	48160-48176
48168.4	8	3369	48160-48176
48168	7.59999999999855	3369	48160-48176
48167.6	8	3369	48160-48176
48168.1	8.5	3370	48160-48177
48168.5	8.90000000000146	3370	48160-48177
48168.9	8.5	3370	48160-48177
48168.5	8.09999999999855	3370	48160-48177
48168.1	8.5	3370	48160-48177
48168.6	9	3371	48160-48178
48169	9.40000000000146	3371	48160-48178
48169.4	9	3371	48160-48178
48169	8.59999999999855	3371	48160-48178
48168.6	9	3371	48160-48178
48169.1	9.5	3372	48160-48179
48169.5	9.90000000000146	3372	48160-48179
48169.9	9.5	3372	48160-48179
48169.5	9.09999999999854	3372	48160-48179
48169.1	9.5	3372	48160-48179
48169.6	10	3373	48160-48180
48170	10.4000000000015	3373	48160-48180
48170.4	10	3373	48160-48180
48170	9.59999999999854	3373	48160-48180
48169.6	10	3373	48160-48180
48170.1	10.5	3374	48160-48181
48170.5	10.9000000000015	3374	48160-48181
48170.9	10.5	3374	48160-48181
48170.5	10.0999999999985	3374	48160-48181
48170.1	10.5	3374	48160-48181
48170.6	11	3375	48160-48182
48171	11.4000000000015	3375	48160-48182
48171.4	11	3375	48160-48182
48171	10.5999999999985	3375	48160-48182
48170.6	11	3375	48160-48182
48171.1	11.5	3376	48160-48183
48171.5	11.9000000000015	3376	48160-48183
48171.9	11.5	3376	48160-48183
48171.5	11.0999999999985	3376	48160-48183
48171.1	11.5	3376	48160-48183
48171.6	12	3377	48160-48184
48172	12.4000000000015	3377	48160-48184
48172.4	12	3377	48160-48184
48172	11.5999999999985	3377	48160-48184
48171.6	12	3377	48160-48184
48172.1	12.5	3378	48160-48185
48172.5	12.9000000000015	3378	48160-48185
48172.9	12.5	3378	48160-48185
48172.5	12.0999999999985	3378	48160-48185
48172.1	12.5	3378	48160-48185
48172.6	13	3379	48160-48186
48173	13.4000000000015	3379	48160-48186
48173.4	13	3379	48160-48186
48173	12.5999999999985	3379	48160-48186
48172.6	13	3379	48160-48186
48173.1	13.5	3380	48160-48187
48173.5	13.9000000000015	3380	48160-48187
48173.9	13.5	3380	48160-48187
48173.5	13.0999999999985	3380	48160-48187
48173.1	13.5	3380	48160-48187
48173.6	14	3381	48160-48188
48174	14.4000000000015	3381	48160-48188
48174.4	14	3381	48160-48188
48174	13.5999999999985	3381	48160-48188
48173.6	14	3381	48160-48188
48174.1	14.5	3382	48160-48189
48174.5	14.9000000000015	3382	48160-48189
48174.9	14.5	3382	48160-48189
48174.5	14.0999999999985	3382	48160-48189
48174.1	14.5	3382	48160-48189
48174.6	15	3383	48160-48190
48175	15.4000000000015	3383	48160-48190
48175.4	15	3383	48160-48190
48175	14.5999999999985	3383	48160-48190
48174.6	15	3383	48160-48190
48175.1	15.5	3384	48160-48191
48175.5	15.9000000000015	3384	48160-48191
48175.9	15.5	3384	48160-48191
48175.5	15.0999999999985	3384	48160-48191
48175.1	15.5	3384	48160-48191
48175.6	16	3385	48160-48192
48176	16.4000000000015	3385	48160-48192
48176.4	16	3385	48160-48192
48176	15.5999999999985	3385	48160-48192
48175.6	16	3385	48160-48192
48176.1	16.5	3386	48160-48193
48176.5	16.9000000000015	3386	48160-48193
48176.9	16.5	3386	48160-48193
48176.5	16.0999999999985	3386	48160-48193
48176.1	16.5	3386	48160-48193
48176.6	17	3387	48160-48194
48177	17.4000000000015	3387	48160-48194
48177.4	17	3387	48160-48194
48177	16.5999999999985	3387	48160-48194
48176.6	17	3387	48160-48194
48177.1	17.5	3388	48160-48195
48177.5	17.9000000000015	3388	48160-48195
48177.9	17.5	3388	48160-48195
48177.5	17.0999999999985	3388	48160-48195
48177.1	17.5	3388	48160-48195
48177.6	18	3389	48160-48196
48178	18.4000000000015	3389	48160-48196
48178.4	18	3389	48160-48196
48178	17.5999999999985	3389	48160-48196
48177.6	18	3389	48160-48196
48178.1	18.5	3390	48160-48197
48178.5	18.9000000000015	3390	48160-48197
48178.9	18.5	3390	48160-48197
48178.5	18.0999999999985	3390	48160-48197
48178.1	18.5	3390	48160-48197
48178.6	19	3391	48160-48198
48179	19.4000000000015	3391	48160-48198
48179.4	19	3391	48160-48198
48179	18.5999999999985	3391	48160-48198
48178.6	19	3391	48160-48198
48179.1	19.5	3392	48160-48199
48179.5	19.9000000000015	3392	48160-48199
48179.9	19.5	3392	48160-48199
48179.5	19.0999999999985	3392	48160-48199
48179.1	19.5	3392	48160-48199
48160.6	0	3393	48161-48161
48161	0.400000000001455	3393	48161-48161
48161.4	0	3393	48161-48161
48161	-0.400000000001455	3393	48161-48161
48160.6	0	3393	48161-48161
48161.1	0.5	3394	48161-48162
48161.5	0.900000000001455	3394	48161-48162
48161.9	0.5	3394	48161-48162
48161.5	0.0999999999985448	3394	48161-48162
48161.1	0.5	3394	48161-48162
48161.6	1	3395	48161-48163
48162	1.40000000000146	3395	48161-48163
48162.4	1	3395	48161-48163
48162	0.599999999998545	3395	48161-48163
48161.6	1	3395	48161-48163
48162.1	1.5	3396	48161-48164
48162.5	1.90000000000146	3396	48161-48164
48162.9	1.5	3396	48161-48164
48162.5	1.09999999999854	3396	48161-48164
48162.1	1.5	3396	48161-48164
48162.6	2	3397	48161-48165
48163	2.40000000000146	3397	48161-48165
48163.4	2	3397	48161-48165
48163	1.59999999999854	3397	48161-48165
48162.6	2	3397	48161-48165
48163.1	2.5	3398	48161-48166
48163.5	2.90000000000146	3398	48161-48166
48163.9	2.5	3398	48161-48166
48163.5	2.09999999999854	3398	48161-48166
48163.1	2.5	3398	48161-48166
48163.6	3	3399	48161-48167
48164	3.40000000000146	3399	48161-48167
48164.4	3	3399	48161-48167
48164	2.59999999999855	3399	48161-48167
48163.6	3	3399	48161-48167
48164.1	3.5	3400	48161-48168
48164.5	3.90000000000146	3400	48161-48168
48164.9	3.5	3400	48161-48168
48164.5	3.09999999999855	3400	48161-48168
48164.1	3.5	3400	48161-48168
48164.6	4	3401	48161-48169
48165	4.40000000000146	3401	48161-48169
48165.4	4	3401	48161-48169
48165	3.59999999999855	3401	48161-48169
48164.6	4	3401	48161-48169
48165.1	4.5	3402	48161-48170
48165.5	4.90000000000146	3402	48161-48170
48165.9	4.5	3402	48161-48170
48165.5	4.09999999999855	3402	48161-48170
48165.1	4.5	3402	48161-48170
48165.6	5	3403	48161-48171
48166	5.40000000000146	3403	48161-48171
48166.4	5	3403	48161-48171
48166	4.59999999999855	3403	48161-48171
48165.6	5	3403	48161-48171
48166.1	5.5	3404	48161-48172
48166.5	5.90000000000146	3404	48161-48172
48166.9	5.5	3404	48161-48172
48166.5	5.09999999999855	3404	48161-48172
48166.1	5.5	3404	48161-48172
48166.6	6	3405	48161-48173
48167	6.40000000000146	3405	48161-48173
48167.4	6	3405	48161-48173
48167	5.59999999999855	3405	48161-48173
48166.6	6	3405	48161-48173
48167.1	6.5	3406	48161-48174
48167.5	6.90000000000146	3406	48161-48174
48167.9	6.5	3406	48161-48174
48167.5	6.09999999999855	3406	48161-48174
48167.1	6.5	3406	48161-48174
48167.6	7	3407	48161-48175
48168	7.40000000000146	3407	48161-48175
48168.4	7	3407	48161-48175
48168	6.59999999999855	3407	48161-48175
48167.6	7	3407	48161-48175
48168.1	7.5	3408	48161-48176
48168.5	7.90000000000146	3408	48161-48176
48168.9	7.5	3408	48161-48176
48168.5	7.09999999999855	3408	48161-48176
48168.1	7.5	3408	48161-48176
48168.6	8	3409	48161-48177
48169	8.40000000000146	3409	48161-48177
48169.4	8	3409	48161-48177
48169	7.59999999999855	3409	48161-48177
48168.6	8	3409	48161-48177
48169.1	8.5	3410	48161-48178
48169.5	8.90000000000146	3410	48161-48178
48169.9	8.5	3410	48161-48178
48169.5	8.09999999999855	3410	48161-48178
48169.1	8.5	3410	48161-48178
48169.6	9	3411	48161-48179
48170	9.40000000000146	3411	48161-48179
48170.4	9	3411	48161-48179
48170	8.59999999999855	3411	48161-48179
48169.6	9	3411	48161-48179
48170.1	9.5	3412	48161-48180
48170.5	9.90000000000146	3412	48161-48180
48170.9	9.5	3412	48161-48180
48170.5	9.09999999999854	3412	48161-48180
48170.1	9.5	3412	48161-48180
48170.6	10	3413	48161-48181
48171	10.4000000000015	3413	48161-48181
48171.4	10	3413	48161-48181
48171	9.59999999999854	3413	48161-48181
48170.6	10	3413	48161-48181
48171.1	10.5	3414	48161-48182
48171.5	10.9000000000015	3414	48161-48182
48171.9	10.5	3414	48161-48182
48171.5	10.0999999999985	3414	48161-48182
48171.1	10.5	3414	48161-48182
48171.6	11	3415	48161-48183
48172	11.4000000000015	3415	48161-48183
48172.4	11	3415	48161-48183
48172	10.5999999999985	3415	48161-48183
48171.6	11	3415	48161-48183
48172.1	11.5	3416	48161-48184
48172.5	11.9000000000015	3416	48161-48184
48172.9	11.5	3416	48161-48184
48172.5	11.0999999999985	3416	48161-48184
48172.1	11.5	3416	48161-48184
48172.6	12	3417	48161-48185
48173	12.4000000000015	3417	48161-48185
48173.4	12	3417	48161-48185
48173	11.5999999999985	3417	48161-48185
48172.6	12	3417	48161-48185
48173.1	12.5	3418	48161-48186
48173.5	12.9000000000015	3418	48161-48186
48173.9	12.5	3418	48161-48186
48173.5	12.0999999999985	3418	48161-48186
48173.1	12.5	3418	48161-48186
48173.6	13	3419	48161-48187
48174	13.4000000000015	3419	48161-48187
48174.4	13	3419	48161-48187
48174	12.5999999999985	3419	48161-48187
48173.6	13	3419	48161-48187
48174.1	13.5	3420	48161-48188
48174.5	13.9000000000015	3420	48161-48188
48174.9	13.5	3420	48161-48188
48174.5	13.0999999999985	3420	48161-48188
48174.1	13.5	3420	48161-48188
48174.6	14	3421	48161-48189
48175	14.4000000000015	3421	48161-48189
48175.4	14	3421	48161-48189
48175	13.5999999999985	3421	48161-48189
48174.6	14	3421	48161-48189
48175.1	14.5	3422	48161-48190
48175.5	14.9000000000015	3422	48161-48190
48175.9	14.5	3422	48161-48190
48175.5	14.0999999999985	3422	48161-48190
48175.1	14.5	3422	48161-48190
48175.6	15	3423	48161-48191
48176	15.4000000000015	3423	48161-48191
48176.4	15	3423	48161-48191
48176	14.5999999999985	3423	48161-48191
48175.6	15	3423	48161-48191
48176.1	15.5	3424	48161-48192
48176.5	15.9000000000015	3424	48161-48192
48176.9	15.5	3424	48161-48192
48176.5	15.0999999999985	3424	48161-48192
48176.1	15.5	3424	48161-48192
48176.6	16	3425	48161-48193
48177	16.4000000000015	3425	48161-48193
48177.4	16	3425	48161-48193
48177	15.5999999999985	3425	48161-48193
48176.6	16	3425	48161-48193
48177.1	16.5	3426	48161-48194
48177.5	16.9000000000015	3426	48161-48194
48177.9	16.5	3426	48161-48194
48177.5	16.0999999999985	3426	48161-48194
48177.1	16.5	3426	48161-48194
48177.6	17	3427	48161-48195
48178	17.4000000000015	3427	48161-48195
48178.4	17	3427	48161-48195
48178	16.5999999999985	3427	48161-48195
48177.6	17	3427	48161-48195
48178.1	17.5	3428	48161-48196
48178.5	17.9000000000015	3428	48161-48196
48178.9	17.5	3428	48161-48196
48178.5	17.0999999999985	3428	48161-48196
48178.1	17.5	3428	48161-48196
48178.6	18	3429	48161-48197
48179	18.4000000000015	3429	48161-48197
48179.4	18	3429	48161-48197
48179	17.5999999999985	3429	48161-48197
48178.6	18	3429	48161-48197
48179.1	18.5	3430	48161-48198
48179.5	18.9000000000015	3430	48161-48198
48179.9	18.5	3430	48161-48198
48179.5	18.0999999999985	3430	48161-48198
48179.1	18.5	3430	48161-48198
48179.6	19	3431	48161-48199
48180	19.4000000000015	3431	48161-48199
48180.4	19	3431	48161-48199
48180	18.5999999999985	3431	48161-48199
48179.6	19	3431	48161-48199
48161.6	0	3432	48162-48162
48162	0.400000000001455	3432	48162-48162
48162.4	0	3432	48162-48162
48162	-0.400000000001455	3432	48162-48162
48161.6	0	3432	48162-48162
48162.1	0.5	3433	48162-48163
48162.5	0.900000000001455	3433	48162-48163
48162.9	0.5	3433	48162-48163
48162.5	0.0999999999985448	3433	48162-48163
48162.1	0.5	3433	48162-48163
48162.6	1	3434	48162-48164
48163	1.40000000000146	3434	48162-48164
48163.4	1	3434	48162-48164
48163	0.599999999998545	3434	48162-48164
48162.6	1	3434	48162-48164
48163.1	1.5	3435	48162-48165
48163.5	1.90000000000146	3435	48162-48165
48163.9	1.5	3435	48162-48165
48163.5	1.09999999999854	3435	48162-48165
48163.1	1.5	3435	48162-48165
48163.6	2	3436	48162-48166
48164	2.40000000000146	3436	48162-48166
48164.4	2	3436	48162-48166
48164	1.59999999999854	3436	48162-48166
48163.6	2	3436	48162-48166
48164.1	2.5	3437	48162-48167
48164.5	2.90000000000146	3437	48162-48167
48164.9	2.5	3437	48162-48167
48164.5	2.09999999999854	3437	48162-48167
48164.1	2.5	3437	48162-48167
48164.6	3	3438	48162-48168
48165	3.40000000000146	3438	48162-48168
48165.4	3	3438	48162-48168
48165	2.59999999999855	3438	48162-48168
48164.6	3	3438	48162-48168
48165.1	3.5	3439	48162-48169
48165.5	3.90000000000146	3439	48162-48169
48165.9	3.5	3439	48162-48169
48165.5	3.09999999999855	3439	48162-48169
48165.1	3.5	3439	48162-48169
48165.6	4	3440	48162-48170
48166	4.40000000000146	3440	48162-48170
48166.4	4	3440	48162-48170
48166	3.59999999999855	3440	48162-48170
48165.6	4	3440	48162-48170
48166.1	4.5	3441	48162-48171
48166.5	4.90000000000146	3441	48162-48171
48166.9	4.5	3441	48162-48171
48166.5	4.09999999999855	3441	48162-48171
48166.1	4.5	3441	48162-48171
48166.6	5	3442	48162-48172
48167	5.40000000000146	3442	48162-48172
48167.4	5	3442	48162-48172
48167	4.59999999999855	3442	48162-48172
48166.6	5	3442	48162-48172
48167.1	5.5	3443	48162-48173
48167.5	5.90000000000146	3443	48162-48173
48167.9	5.5	3443	48162-48173
48167.5	5.09999999999855	3443	48162-48173
48167.1	5.5	3443	48162-48173
48167.6	6	3444	48162-48174
48168	6.40000000000146	3444	48162-48174
48168.4	6	3444	48162-48174
48168	5.59999999999855	3444	48162-48174
48167.6	6	3444	48162-48174
48168.1	6.5	3445	48162-48175
48168.5	6.90000000000146	3445	48162-48175
48168.9	6.5	3445	48162-48175
48168.5	6.09999999999855	3445	48162-48175
48168.1	6.5	3445	48162-48175
48168.6	7	3446	48162-48176
48169	7.40000000000146	3446	48162-48176
48169.4	7	3446	48162-48176
48169	6.59999999999855	3446	48162-48176
48168.6	7	3446	48162-48176
48169.1	7.5	3447	48162-48177
48169.5	7.90000000000146	3447	48162-48177
48169.9	7.5	3447	48162-48177
48169.5	7.09999999999855	3447	48162-48177
48169.1	7.5	3447	48162-48177
48169.6	8	3448	48162-48178
48170	8.40000000000146	3448	48162-48178
48170.4	8	3448	48162-48178
48170	7.59999999999855	3448	48162-48178
48169.6	8	3448	48162-48178
48170.1	8.5	3449	48162-48179
48170.5	8.90000000000146	3449	48162-48179
48170.9	8.5	3449	48162-48179
48170.5	8.09999999999855	3449	48162-48179
48170.1	8.5	3449	48162-48179
48170.6	9	3450	48162-48180
48171	9.40000000000146	3450	48162-48180
48171.4	9	3450	48162-48180
48171	8.59999999999855	3450	48162-48180
48170.6	9	3450	48162-48180
48171.1	9.5	3451	48162-48181
48171.5	9.90000000000146	3451	48162-48181
48171.9	9.5	3451	48162-48181
48171.5	9.09999999999854	3451	48162-48181
48171.1	9.5	3451	48162-48181
48171.6	10	3452	48162-48182
48172	10.4000000000015	3452	48162-48182
48172.4	10	3452	48162-48182
48172	9.59999999999854	3452	48162-48182
48171.6	10	3452	48162-48182
48172.1	10.5	3453	48162-48183
48172.5	10.9000000000015	3453	48162-48183
48172.9	10.5	3453	48162-48183
48172.5	10.0999999999985	3453	48162-48183
48172.1	10.5	3453	48162-48183
48172.6	11	3454	48162-48184
48173	11.4000000000015	3454	48162-48184
48173.4	11	3454	48162-48184
48173	10.5999999999985	3454	48162-48184
48172.6	11	3454	48162-48184
48173.1	11.5	3455	48162-48185
48173.5	11.9000000000015	3455	48162-48185
48173.9	11.5	3455	48162-48185
48173.5	11.0999999999985	3455	48162-48185
48173.1	11.5	3455	48162-48185
48173.6	12	3456	48162-48186
48174	12.4000000000015	3456	48162-48186
48174.4	12	3456	48162-48186
48174	11.5999999999985	3456	48162-48186
48173.6	12	3456	48162-48186
48174.1	12.5	3457	48162-48187
48174.5	12.9000000000015	3457	48162-48187
48174.9	12.5	3457	48162-48187
48174.5	12.0999999999985	3457	48162-48187
48174.1	12.5	3457	48162-48187
48174.6	13	3458	48162-48188
48175	13.4000000000015	3458	48162-48188
48175.4	13	3458	48162-48188
48175	12.5999999999985	3458	48162-48188
48174.6	13	3458	48162-48188
48175.1	13.5	3459	48162-48189
48175.5	13.9000000000015	3459	48162-48189
48175.9	13.5	3459	48162-48189
48175.5	13.0999999999985	3459	48162-48189
48175.1	13.5	3459	48162-48189
48175.6	14	3460	48162-48190
48176	14.4000000000015	3460	48162-48190
48176.4	14	3460	48162-48190
48176	13.5999999999985	3460	48162-48190
48175.6	14	3460	48162-48190
48176.1	14.5	3461	48162-48191
48176.5	14.9000000000015	3461	48162-48191
48176.9	14.5	3461	48162-48191
48176.5	14.0999999999985	3461	48162-48191
48176.1	14.5	3461	48162-48191
48176.6	15	3462	48162-48192
48177	15.4000000000015	3462	48162-48192
48177.4	15	3462	48162-48192
48177	14.5999999999985	3462	48162-48192
48176.6	15	3462	48162-48192
48177.1	15.5	3463	48162-48193
48177.5	15.9000000000015	3463	48162-48193
48177.9	15.5	3463	48162-48193
48177.5	15.0999999999985	3463	48162-48193
48177.1	15.5	3463	48162-48193
48177.6	16	3464	48162-48194
48178	16.4000000000015	3464	48162-48194
48178.4	16	3464	48162-48194
48178	15.5999999999985	3464	48162-48194
48177.6	16	3464	48162-48194
48178.1	16.5	3465	48162-48195
48178.5	16.9000000000015	3465	48162-48195
48178.9	16.5	3465	48162-48195
48178.5	16.0999999999985	3465	48162-48195
48178.1	16.5	3465	48162-48195
48178.6	17	3466	48162-48196
48179	17.4000000000015	3466	48162-48196
48179.4	17	3466	48162-48196
48179	16.5999999999985	3466	48162-48196
48178.6	17	3466	48162-48196
48179.1	17.5	3467	48162-48197
48179.5	17.9000000000015	3467	48162-48197
48179.9	17.5	3467	48162-48197
48179.5	17.0999999999985	3467	48162-48197
48179.1	17.5	3467	48162-48197
48179.6	18	3468	48162-48198
48180	18.4000000000015	3468	48162-48198
48180.4	18	3468	48162-48198
48180	17.5999999999985	3468	48162-48198
48179.6	18	3468	48162-48198
48180.1	18.5	3469	48162-48199
48180.5	18.9000000000015	3469	48162-48199
48180.9	18.5	3469	48162-48199
48180.5	18.0999999999985	3469	48162-48199
48180.1	18.5	3469	48162-48199
48162.6	0	3470	48163-48163
48163	0.400000000001455	3470	48163-48163
48163.4	0	3470	48163-48163
48163	-0.400000000001455	3470	48163-48163
48162.6	0	3470	48163-48163
48163.1	0.5	3471	48163-48164
48163.5	0.900000000001455	3471	48163-48164
48163.9	0.5	3471	48163-48164
48163.5	0.0999999999985448	3471	48163-48164
48163.1	0.5	3471	48163-48164
48163.6	1	3472	48163-48165
48164	1.40000000000146	3472	48163-48165
48164.4	1	3472	48163-48165
48164	0.599999999998545	3472	48163-48165
48163.6	1	3472	48163-48165
48164.1	1.5	3473	48163-48166
48164.5	1.90000000000146	3473	48163-48166
48164.9	1.5	3473	48163-48166
48164.5	1.09999999999854	3473	48163-48166
48164.1	1.5	3473	48163-48166
48164.6	2	3474	48163-48167
48165	2.40000000000146	3474	48163-48167
48165.4	2	3474	48163-48167
48165	1.59999999999854	3474	48163-48167
48164.6	2	3474	48163-48167
48165.1	2.5	3475	48163-48168
48165.5	2.90000000000146	3475	48163-48168
48165.9	2.5	3475	48163-48168
48165.5	2.09999999999854	3475	48163-48168
48165.1	2.5	3475	48163-48168
48165.6	3	3476	48163-48169
48166	3.40000000000146	3476	48163-48169
48166.4	3	3476	48163-48169
48166	2.59999999999855	3476	48163-48169
48165.6	3	3476	48163-48169
48166.1	3.5	3477	48163-48170
48166.5	3.90000000000146	3477	48163-48170
48166.9	3.5	3477	48163-48170
48166.5	3.09999999999855	3477	48163-48170
48166.1	3.5	3477	48163-48170
48166.6	4	3478	48163-48171
48167	4.40000000000146	3478	48163-48171
48167.4	4	3478	48163-48171
48167	3.59999999999855	3478	48163-48171
48166.6	4	3478	48163-48171
48167.1	4.5	3479	48163-48172
48167.5	4.90000000000146	3479	48163-48172
48167.9	4.5	3479	48163-48172
48167.5	4.09999999999855	3479	48163-48172
48167.1	4.5	3479	48163-48172
48167.6	5	3480	48163-48173
48168	5.40000000000146	3480	48163-48173
48168.4	5	3480	48163-48173
48168	4.59999999999855	3480	48163-48173
48167.6	5	3480	48163-48173
48168.1	5.5	3481	48163-48174
48168.5	5.90000000000146	3481	48163-48174
48168.9	5.5	3481	48163-48174
48168.5	5.09999999999855	3481	48163-48174
48168.1	5.5	3481	48163-48174
48168.6	6	3482	48163-48175
48169	6.40000000000146	3482	48163-48175
48169.4	6	3482	48163-48175
48169	5.59999999999855	3482	48163-48175
48168.6	6	3482	48163-48175
48169.1	6.5	3483	48163-48176
48169.5	6.90000000000146	3483	48163-48176
48169.9	6.5	3483	48163-48176
48169.5	6.09999999999855	3483	48163-48176
48169.1	6.5	3483	48163-48176
48169.6	7	3484	48163-48177
48170	7.40000000000146	3484	48163-48177
48170.4	7	3484	48163-48177
48170	6.59999999999855	3484	48163-48177
48169.6	7	3484	48163-48177
48170.1	7.5	3485	48163-48178
48170.5	7.90000000000146	3485	48163-48178
48170.9	7.5	3485	48163-48178
48170.5	7.09999999999855	3485	48163-48178
48170.1	7.5	3485	48163-48178
48170.6	8	3486	48163-48179
48171	8.40000000000146	3486	48163-48179
48171.4	8	3486	48163-48179
48171	7.59999999999855	3486	48163-48179
48170.6	8	3486	48163-48179
48171.1	8.5	3487	48163-48180
48171.5	8.90000000000146	3487	48163-48180
48171.9	8.5	3487	48163-48180
48171.5	8.09999999999855	3487	48163-48180
48171.1	8.5	3487	48163-48180
48171.6	9	3488	48163-48181
48172	9.40000000000146	3488	48163-48181
48172.4	9	3488	48163-48181
48172	8.59999999999855	3488	48163-48181
48171.6	9	3488	48163-48181
48172.1	9.5	3489	48163-48182
48172.5	9.90000000000146	3489	48163-48182
48172.9	9.5	3489	48163-48182
48172.5	9.09999999999854	3489	48163-48182
48172.1	9.5	3489	48163-48182
48172.6	10	3490	48163-48183
48173	10.4000000000015	3490	48163-48183
48173.4	10	3490	48163-48183
48173	9.59999999999854	3490	48163-48183
48172.6	10	3490	48163-48183
48173.1	10.5	3491	48163-48184
48173.5	10.9000000000015	3491	48163-48184
48173.9	10.5	3491	48163-48184
48173.5	10.0999999999985	3491	48163-48184
48173.1	10.5	3491	48163-48184
48173.6	11	3492	48163-48185
48174	11.4000000000015	3492	48163-48185
48174.4	11	3492	48163-48185
48174	10.5999999999985	3492	48163-48185
48173.6	11	3492	48163-48185
48174.1	11.5	3493	48163-48186
48174.5	11.9000000000015	3493	48163-48186
48174.9	11.5	3493	48163-48186
48174.5	11.0999999999985	3493	48163-48186
48174.1	11.5	3493	48163-48186
48174.6	12	3494	48163-48187
48175	12.4000000000015	3494	48163-48187
48175.4	12	3494	48163-48187
48175	11.5999999999985	3494	48163-48187
48174.6	12	3494	48163-48187
48175.1	12.5	3495	48163-48188
48175.5	12.9000000000015	3495	48163-48188
48175.9	12.5	3495	48163-48188
48175.5	12.0999999999985	3495	48163-48188
48175.1	12.5	3495	48163-48188
48175.6	13	3496	48163-48189
48176	13.4000000000015	3496	48163-48189
48176.4	13	3496	48163-48189
48176	12.5999999999985	3496	48163-48189
48175.6	13	3496	48163-48189
48176.1	13.5	3497	48163-48190
48176.5	13.9000000000015	3497	48163-48190
48176.9	13.5	3497	48163-48190
48176.5	13.0999999999985	3497	48163-48190
48176.1	13.5	3497	48163-48190
48176.6	14	3498	48163-48191
48177	14.4000000000015	3498	48163-48191
48177.4	14	3498	48163-48191
48177	13.5999999999985	3498	48163-48191
48176.6	14	3498	48163-48191
48177.1	14.5	3499	48163-48192
48177.5	14.9000000000015	3499	48163-48192
48177.9	14.5	3499	48163-48192
48177.5	14.0999999999985	3499	48163-48192
48177.1	14.5	3499	48163-48192
48177.6	15	3500	48163-48193
48178	15.4000000000015	3500	48163-48193
48178.4	15	3500	48163-48193
48178	14.5999999999985	3500	48163-48193
48177.6	15	3500	48163-48193
48178.1	15.5	3501	48163-48194
48178.5	15.9000000000015	3501	48163-48194
48178.9	15.5	3501	48163-48194
48178.5	15.0999999999985	3501	48163-48194
48178.1	15.5	3501	48163-48194
48178.6	16	3502	48163-48195
48179	16.4000000000015	3502	48163-48195
48179.4	16	3502	48163-48195
48179	15.5999999999985	3502	48163-48195
48178.6	16	3502	48163-48195
48179.1	16.5	3503	48163-48196
48179.5	16.9000000000015	3503	48163-48196
48179.9	16.5	3503	48163-48196
48179.5	16.0999999999985	3503	48163-48196
48179.1	16.5	3503	48163-48196
48179.6	17	3504	48163-48197
48180	17.4000000000015	3504	48163-48197
48180.4	17	3504	48163-48197
48180	16.5999999999985	3504	48163-48197
48179.6	17	3504	48163-48197
48180.1	17.5	3505	48163-48198
48180.5	17.9000000000015	3505	48163-48198
48180.9	17.5	3505	48163-48198
48180.5	17.0999999999985	3505	48163-48198
48180.1	17.5	3505	48163-48198
48180.6	18	3506	48163-48199
48181	18.4000000000015	3506	48163-48199
48181.4	18	3506	48163-48199
48181	17.5999999999985	3506	48163-48199
48180.6	18	3506	48163-48199
48163.6	0	3507	48164-48164
48164	0.400000000001455	3507	48164-48164
48164.4	0	3507	48164-48164
48164	-0.400000000001455	3507	48164-48164
48163.6	0	3507	48164-48164
48164.1	0.5	3508	48164-48165
48164.5	0.900000000001455	3508	48164-48165
48164.9	0.5	3508	48164-48165
48164.5	0.0999999999985448	3508	48164-48165
48164.1	0.5	3508	48164-48165
48164.6	1	3509	48164-48166
48165	1.40000000000146	3509	48164-48166
48165.4	1	3509	48164-48166
48165	0.599999999998545	3509	48164-48166
48164.6	1	3509	48164-48166
48165.1	1.5	3510	48164-48167
48165.5	1.90000000000146	3510	48164-48167
48165.9	1.5	3510	48164-48167
48165.5	1.09999999999854	3510	48164-48167
48165.1	1.5	3510	48164-48167
48165.6	2	3511	48164-48168
48166	2.40000000000146	3511	48164-48168
48166.4	2	3511	48164-48168
48166	1.59999999999854	3511	48164-48168
48165.6	2	3511	48164-48168
48166.1	2.5	3512	48164-48169
48166.5	2.90000000000146	3512	48164-48169
48166.9	2.5	3512	48164-48169
48166.5	2.09999999999854	3512	48164-48169
48166.1	2.5	3512	48164-48169
48166.6	3	3513	48164-48170
48167	3.40000000000146	3513	48164-48170
48167.4	3	3513	48164-48170
48167	2.59999999999855	3513	48164-48170
48166.6	3	3513	48164-48170
48167.1	3.5	3514	48164-48171
48167.5	3.90000000000146	3514	48164-48171
48167.9	3.5	3514	48164-48171
48167.5	3.09999999999855	3514	48164-48171
48167.1	3.5	3514	48164-48171
48167.6	4	3515	48164-48172
48168	4.40000000000146	3515	48164-48172
48168.4	4	3515	48164-48172
48168	3.59999999999855	3515	48164-48172
48167.6	4	3515	48164-48172
48168.1	4.5	3516	48164-48173
48168.5	4.90000000000146	3516	48164-48173
48168.9	4.5	3516	48164-48173
48168.5	4.09999999999855	3516	48164-48173
48168.1	4.5	3516	48164-48173
48168.6	5	3517	48164-48174
48169	5.40000000000146	3517	48164-48174
48169.4	5	3517	48164-48174
48169	4.59999999999855	3517	48164-48174
48168.6	5	3517	48164-48174
48169.1	5.5	3518	48164-48175
48169.5	5.90000000000146	3518	48164-48175
48169.9	5.5	3518	48164-48175
48169.5	5.09999999999855	3518	48164-48175
48169.1	5.5	3518	48164-48175
48169.6	6	3519	48164-48176
48170	6.40000000000146	3519	48164-48176
48170.4	6	3519	48164-48176
48170	5.59999999999855	3519	48164-48176
48169.6	6	3519	48164-48176
48170.1	6.5	3520	48164-48177
48170.5	6.90000000000146	3520	48164-48177
48170.9	6.5	3520	48164-48177
48170.5	6.09999999999855	3520	48164-48177
48170.1	6.5	3520	48164-48177
48170.6	7	3521	48164-48178
48171	7.40000000000146	3521	48164-48178
48171.4	7	3521	48164-48178
48171	6.59999999999855	3521	48164-48178
48170.6	7	3521	48164-48178
48171.1	7.5	3522	48164-48179
48171.5	7.90000000000146	3522	48164-48179
48171.9	7.5	3522	48164-48179
48171.5	7.09999999999855	3522	48164-48179
48171.1	7.5	3522	48164-48179
48171.6	8	3523	48164-48180
48172	8.40000000000146	3523	48164-48180
48172.4	8	3523	48164-48180
48172	7.59999999999855	3523	48164-48180
48171.6	8	3523	48164-48180
48172.1	8.5	3524	48164-48181
48172.5	8.90000000000146	3524	48164-48181
48172.9	8.5	3524	48164-48181
48172.5	8.09999999999855	3524	48164-48181
48172.1	8.5	3524	48164-48181
48172.6	9	3525	48164-48182
48173	9.40000000000146	3525	48164-48182
48173.4	9	3525	48164-48182
48173	8.59999999999855	3525	48164-48182
48172.6	9	3525	48164-48182
48173.1	9.5	3526	48164-48183
48173.5	9.90000000000146	3526	48164-48183
48173.9	9.5	3526	48164-48183
48173.5	9.09999999999854	3526	48164-48183
48173.1	9.5	3526	48164-48183
48173.6	10	3527	48164-48184
48174	10.4000000000015	3527	48164-48184
48174.4	10	3527	48164-48184
48174	9.59999999999854	3527	48164-48184
48173.6	10	3527	48164-48184
48174.1	10.5	3528	48164-48185
48174.5	10.9000000000015	3528	48164-48185
48174.9	10.5	3528	48164-48185
48174.5	10.0999999999985	3528	48164-48185
48174.1	10.5	3528	48164-48185
48174.6	11	3529	48164-48186
48175	11.4000000000015	3529	48164-48186
48175.4	11	3529	48164-48186
48175	10.5999999999985	3529	48164-48186
48174.6	11	3529	48164-48186
48175.1	11.5	3530	48164-48187
48175.5	11.9000000000015	3530	48164-48187
48175.9	11.5	3530	48164-48187
48175.5	11.0999999999985	3530	48164-48187
48175.1	11.5	3530	48164-48187
48175.6	12	3531	48164-48188
48176	12.4000000000015	3531	48164-48188
48176.4	12	3531	48164-48188
48176	11.5999999999985	3531	48164-48188
48175.6	12	3531	48164-48188
48176.1	12.5	3532	48164-48189
48176.5	12.9000000000015	3532	48164-48189
48176.9	12.5	3532	48164-48189
48176.5	12.0999999999985	3532	48164-48189
48176.1	12.5	3532	48164-48189
48176.6	13	3533	48164-48190
48177	13.4000000000015	3533	48164-48190
48177.4	13	3533	48164-48190
48177	12.5999999999985	3533	48164-48190
48176.6	13	3533	48164-48190
48177.1	13.5	3534	48164-48191
48177.5	13.9000000000015	3534	48164-48191
48177.9	13.5	3534	48164-48191
48177.5	13.0999999999985	3534	48164-48191
48177.1	13.5	3534	48164-48191
48177.6	14	3535	48164-48192
48178	14.4000000000015	3535	48164-48192
48178.4	14	3535	48164-48192
48178	13.5999999999985	3535	48164-48192
48177.6	14	3535	48164-48192
48178.1	14.5	3536	48164-48193
48178.5	14.9000000000015	3536	48164-48193
48178.9	14.5	3536	48164-48193
48178.5	14.0999999999985	3536	48164-48193
48178.1	14.5	3536	48164-48193
48178.6	15	3537	48164-48194
48179	15.4000000000015	3537	48164-48194
48179.4	15	3537	48164-48194
48179	14.5999999999985	3537	48164-48194
48178.6	15	3537	48164-48194
48179.1	15.5	3538	48164-48195
48179.5	15.9000000000015	3538	48164-48195
48179.9	15.5	3538	48164-48195
48179.5	15.0999999999985	3538	48164-48195
48179.1	15.5	3538	48164-48195
48179.6	16	3539	48164-48196
48180	16.4000000000015	3539	48164-48196
48180.4	16	3539	48164-48196
48180	15.5999999999985	3539	48164-48196
48179.6	16	3539	48164-48196
48180.1	16.5	3540	48164-48197
48180.5	16.9000000000015	3540	48164-48197
48180.9	16.5	3540	48164-48197
48180.5	16.0999999999985	3540	48164-48197
48180.1	16.5	3540	48164-48197
48180.6	17	3541	48164-48198
48181	17.4000000000015	3541	48164-48198
48181.4	17	3541	48164-48198
48181	16.5999999999985	3541	48164-48198
48180.6	17	3541	48164-48198
48181.1	17.5	3542	48164-48199
48181.5	17.9000000000015	3542	48164-48199
48181.9	17.5	3542	48164-48199
48181.5	17.0999999999985	3542	48164-48199
48181.1	17.5	3542	48164-48199
48164.6	0	3543	48165-48165
48165	0.400000000001455	3543	48165-48165
48165.4	0	3543	48165-48165
48165	-0.400000000001455	3543	48165-48165
48164.6	0	3543	48165-48165
48165.1	0.5	3544	48165-48166
48165.5	0.900000000001455	3544	48165-48166
48165.9	0.5	3544	48165-48166
48165.5	0.0999999999985448	3544	48165-48166
48165.1	0.5	3544	48165-48166
48165.6	1	3545	48165-48167
48166	1.40000000000146	3545	48165-48167
48166.4	1	3545	48165-48167
48166	0.599999999998545	3545	48165-48167
48165.6	1	3545	48165-48167
48166.1	1.5	3546	48165-48168
48166.5	1.90000000000146	3546	48165-48168
48166.9	1.5	3546	48165-48168
48166.5	1.09999999999854	3546	48165-48168
48166.1	1.5	3546	48165-48168
48166.6	2	3547	48165-48169
48167	2.40000000000146	3547	48165-48169
48167.4	2	3547	48165-48169
48167	1.59999999999854	3547	48165-48169
48166.6	2	3547	48165-48169
48167.1	2.5	3548	48165-48170
48167.5	2.90000000000146	3548	48165-48170
48167.9	2.5	3548	48165-48170
48167.5	2.09999999999854	3548	48165-48170
48167.1	2.5	3548	48165-48170
48167.6	3	3549	48165-48171
48168	3.40000000000146	3549	48165-48171
48168.4	3	3549	48165-48171
48168	2.59999999999855	3549	48165-48171
48167.6	3	3549	48165-48171
48168.1	3.5	3550	48165-48172
48168.5	3.90000000000146	3550	48165-48172
48168.9	3.5	3550	48165-48172
48168.5	3.09999999999855	3550	48165-48172
48168.1	3.5	3550	48165-48172
48168.6	4	3551	48165-48173
48169	4.40000000000146	3551	48165-48173
48169.4	4	3551	48165-48173
48169	3.59999999999855	3551	48165-48173
48168.6	4	3551	48165-48173
48169.1	4.5	3552	48165-48174
48169.5	4.90000000000146	3552	48165-48174
48169.9	4.5	3552	48165-48174
48169.5	4.09999999999855	3552	48165-48174
48169.1	4.5	3552	48165-48174
48169.6	5	3553	48165-48175
48170	5.40000000000146	3553	48165-48175
48170.4	5	3553	48165-48175
48170	4.59999999999855	3553	48165-48175
48169.6	5	3553	48165-48175
48170.1	5.5	3554	48165-48176
48170.5	5.90000000000146	3554	48165-48176
48170.9	5.5	3554	48165-48176
48170.5	5.09999999999855	3554	48165-48176
48170.1	5.5	3554	48165-48176
48170.6	6	3555	48165-48177
48171	6.40000000000146	3555	48165-48177
48171.4	6	3555	48165-48177
48171	5.59999999999855	3555	48165-48177
48170.6	6	3555	48165-48177
48171.1	6.5	3556	48165-48178
48171.5	6.90000000000146	3556	48165-48178
48171.9	6.5	3556	48165-48178
48171.5	6.09999999999855	3556	48165-48178
48171.1	6.5	3556	48165-48178
48171.6	7	3557	48165-48179
48172	7.40000000000146	3557	48165-48179
48172.4	7	3557	48165-48179
48172	6.59999999999855	3557	48165-48179
48171.6	7	3557	48165-48179
48172.1	7.5	3558	48165-48180
48172.5	7.90000000000146	3558	48165-48180
48172.9	7.5	3558	48165-48180
48172.5	7.09999999999855	3558	48165-48180
48172.1	7.5	3558	48165-48180
48172.6	8	3559	48165-48181
48173	8.40000000000146	3559	48165-48181
48173.4	8	3559	48165-48181
48173	7.59999999999855	3559	48165-48181
48172.6	8	3559	48165-48181
48173.1	8.5	3560	48165-48182
48173.5	8.90000000000146	3560	48165-48182
48173.9	8.5	3560	48165-48182
48173.5	8.09999999999855	3560	48165-48182
48173.1	8.5	3560	48165-48182
48173.6	9	3561	48165-48183
48174	9.40000000000146	3561	48165-48183
48174.4	9	3561	48165-48183
48174	8.59999999999855	3561	48165-48183
48173.6	9	3561	48165-48183
48174.1	9.5	3562	48165-48184
48174.5	9.90000000000146	3562	48165-48184
48174.9	9.5	3562	48165-48184
48174.5	9.09999999999854	3562	48165-48184
48174.1	9.5	3562	48165-48184
48174.6	10	3563	48165-48185
48175	10.4000000000015	3563	48165-48185
48175.4	10	3563	48165-48185
48175	9.59999999999854	3563	48165-48185
48174.6	10	3563	48165-48185
48175.1	10.5	3564	48165-48186
48175.5	10.9000000000015	3564	48165-48186
48175.9	10.5	3564	48165-48186
48175.5	10.0999999999985	3564	48165-48186
48175.1	10.5	3564	48165-48186
48175.6	11	3565	48165-48187
48176	11.4000000000015	3565	48165-48187
48176.4	11	3565	48165-48187
48176	10.5999999999985	3565	48165-48187
48175.6	11	3565	48165-48187
48176.1	11.5	3566	48165-48188
48176.5	11.9000000000015	3566	48165-48188
48176.9	11.5	3566	48165-48188
48176.5	11.0999999999985	3566	48165-48188
48176.1	11.5	3566	48165-48188
48176.6	12	3567	48165-48189
48177	12.4000000000015	3567	48165-48189
48177.4	12	3567	48165-48189
48177	11.5999999999985	3567	48165-48189
48176.6	12	3567	48165-48189
48177.1	12.5	3568	48165-48190
48177.5	12.9000000000015	3568	48165-48190
48177.9	12.5	3568	48165-48190
48177.5	12.0999999999985	3568	48165-48190
48177.1	12.5	3568	48165-48190
48177.6	13	3569	48165-48191
48178	13.4000000000015	3569	48165-48191
48178.4	13	3569	48165-48191
48178	12.5999999999985	3569	48165-48191
48177.6	13	3569	48165-48191
48178.1	13.5	3570	48165-48192
48178.5	13.9000000000015	3570	48165-48192
48178.9	13.5	3570	48165-48192
48178.5	13.0999999999985	3570	48165-48192
48178.1	13.5	3570	48165-48192
48178.6	14	3571	48165-48193
48179	14.4000000000015	3571	48165-48193
48179.4	14	3571	48165-48193
48179	13.5999999999985	3571	48165-48193
48178.6	14	3571	48165-48193
48179.1	14.5	3572	48165-48194
48179.5	14.9000000000015	3572	48165-48194
48179.9	14.5	3572	48165-48194
48179.5	14.0999999999985	3572	48165-48194
48179.1	14.5	3572	48165-48194
48179.6	15	3573	48165-48195
48180	15.4000000000015	3573	48165-48195
48180.4	15	3573	48165-48195
48180	14.5999999999985	3573	48165-48195
48179.6	15	3573	48165-48195
48180.1	15.5	3574	48165-48196
48180.5	15.9000000000015	3574	48165-48196
48180.9	15.5	3574	48165-48196
48180.5	15.0999999999985	3574	48165-48196
48180.1	15.5	3574	48165-48196
48180.6	16	3575	48165-48197
48181	16.4000000000015	3575	48165-48197
48181.4	16	3575	48165-48197
48181	15.5999999999985	3575	48165-48197
48180.6	16	3575	48165-48197
48181.1	16.5	3576	48165-48198
48181.5	16.9000000000015	3576	48165-48198
48181.9	16.5	3576	48165-48198
48181.5	16.0999999999985	3576	48165-48198
48181.1	16.5	3576	48165-48198
48181.6	17	3577	48165-48199
48182	17.4000000000015	3577	48165-48199
48182.4	17	3577	48165-48199
48182	16.5999999999985	3577	48165-48199
48181.6	17	3577	48165-48199
48165.6	0	3578	48166-48166
48166	0.400000000001455	3578	48166-48166
48166.4	0	3578	48166-48166
48166	-0.400000000001455	3578	48166-48166
48165.6	0	3578	48166-48166
48166.1	0.5	3579	48166-48167
48166.5	0.900000000001455	3579	48166-48167
48166.9	0.5	3579	48166-48167
48166.5	0.0999999999985448	3579	48166-48167
48166.1	0.5	3579	48166-48167
48166.6	1	3580	48166-48168
48167	1.40000000000146	3580	48166-48168
48167.4	1	3580	48166-48168
48167	0.599999999998545	3580	48166-48168
48166.6	1	3580	48166-48168
48167.1	1.5	3581	48166-48169
48167.5	1.90000000000146	3581	48166-48169
48167.9	1.5	3581	48166-48169
48167.5	1.09999999999854	3581	48166-48169
48167.1	1.5	3581	48166-48169
48167.6	2	3582	48166-48170
48168	2.40000000000146	3582	48166-48170
48168.4	2	3582	48166-48170
48168	1.59999999999854	3582	48166-48170
48167.6	2	3582	48166-48170
48168.1	2.5	3583	48166-48171
48168.5	2.90000000000146	3583	48166-48171
48168.9	2.5	3583	48166-48171
48168.5	2.09999999999854	3583	48166-48171
48168.1	2.5	3583	48166-48171
48168.6	3	3584	48166-48172
48169	3.40000000000146	3584	48166-48172
48169.4	3	3584	48166-48172
48169	2.59999999999855	3584	48166-48172
48168.6	3	3584	48166-48172
48169.1	3.5	3585	48166-48173
48169.5	3.90000000000146	3585	48166-48173
48169.9	3.5	3585	48166-48173
48169.5	3.09999999999855	3585	48166-48173
48169.1	3.5	3585	48166-48173
48169.6	4	3586	48166-48174
48170	4.40000000000146	3586	48166-48174
48170.4	4	3586	48166-48174
48170	3.59999999999855	3586	48166-48174
48169.6	4	3586	48166-48174
48170.1	4.5	3587	48166-48175
48170.5	4.90000000000146	3587	48166-48175
48170.9	4.5	3587	48166-48175
48170.5	4.09999999999855	3587	48166-48175
48170.1	4.5	3587	48166-48175
48170.6	5	3588	48166-48176
48171	5.40000000000146	3588	48166-48176
48171.4	5	3588	48166-48176
48171	4.59999999999855	3588	48166-48176
48170.6	5	3588	48166-48176
48171.1	5.5	3589	48166-48177
48171.5	5.90000000000146	3589	48166-48177
48171.9	5.5	3589	48166-48177
48171.5	5.09999999999855	3589	48166-48177
48171.1	5.5	3589	48166-48177
48171.6	6	3590	48166-48178
48172	6.40000000000146	3590	48166-48178
48172.4	6	3590	48166-48178
48172	5.59999999999855	3590	48166-48178
48171.6	6	3590	48166-48178
48172.1	6.5	3591	48166-48179
48172.5	6.90000000000146	3591	48166-48179
48172.9	6.5	3591	48166-48179
48172.5	6.09999999999855	3591	48166-48179
48172.1	6.5	3591	48166-48179
48172.6	7	3592	48166-48180
48173	7.40000000000146	3592	48166-48180
48173.4	7	3592	48166-48180
48173	6.59999999999855	3592	48166-48180
48172.6	7	3592	48166-48180
48173.1	7.5	3593	48166-48181
48173.5	7.90000000000146	3593	48166-48181
48173.9	7.5	3593	48166-48181
48173.5	7.09999999999855	3593	48166-48181
48173.1	7.5	3593	48166-48181
48173.6	8	3594	48166-48182
48174	8.40000000000146	3594	48166-48182
48174.4	8	3594	48166-48182
48174	7.59999999999855	3594	48166-48182
48173.6	8	3594	48166-48182
48174.1	8.5	3595	48166-48183
48174.5	8.90000000000146	3595	48166-48183
48174.9	8.5	3595	48166-48183
48174.5	8.09999999999855	3595	48166-48183
48174.1	8.5	3595	48166-48183
48174.6	9	3596	48166-48184
48175	9.40000000000146	3596	48166-48184
48175.4	9	3596	48166-48184
48175	8.59999999999855	3596	48166-48184
48174.6	9	3596	48166-48184
48175.1	9.5	3597	48166-48185
48175.5	9.90000000000146	3597	48166-48185
48175.9	9.5	3597	48166-48185
48175.5	9.09999999999854	3597	48166-48185
48175.1	9.5	3597	48166-48185
48175.6	10	3598	48166-48186
48176	10.4000000000015	3598	48166-48186
48176.4	10	3598	48166-48186
48176	9.59999999999854	3598	48166-48186
48175.6	10	3598	48166-48186
48176.1	10.5	3599	48166-48187
48176.5	10.9000000000015	3599	48166-48187
48176.9	10.5	3599	48166-48187
48176.5	10.0999999999985	3599	48166-48187
48176.1	10.5	3599	48166-48187
48176.6	11	3600	48166-48188
48177	11.4000000000015	3600	48166-48188
48177.4	11	3600	48166-48188
48177	10.5999999999985	3600	48166-48188
48176.6	11	3600	48166-48188
48177.1	11.5	3601	48166-48189
48177.5	11.9000000000015	3601	48166-48189
48177.9	11.5	3601	48166-48189
48177.5	11.0999999999985	3601	48166-48189
48177.1	11.5	3601	48166-48189
48177.6	12	3602	48166-48190
48178	12.4000000000015	3602	48166-48190
48178.4	12	3602	48166-48190
48178	11.5999999999985	3602	48166-48190
48177.6	12	3602	48166-48190
48178.1	12.5	3603	48166-48191
48178.5	12.9000000000015	3603	48166-48191
48178.9	12.5	3603	48166-48191
48178.5	12.0999999999985	3603	48166-48191
48178.1	12.5	3603	48166-48191
48178.6	13	3604	48166-48192
48179	13.4000000000015	3604	48166-48192
48179.4	13	3604	48166-48192
48179	12.5999999999985	3604	48166-48192
48178.6	13	3604	48166-48192
48179.1	13.5	3605	48166-48193
48179.5	13.9000000000015	3605	48166-48193
48179.9	13.5	3605	48166-48193
48179.5	13.0999999999985	3605	48166-48193
48179.1	13.5	3605	48166-48193
48179.6	14	3606	48166-48194
48180	14.4000000000015	3606	48166-48194
48180.4	14	3606	48166-48194
48180	13.5999999999985	3606	48166-48194
48179.6	14	3606	48166-48194
48180.1	14.5	3607	48166-48195
48180.5	14.9000000000015	3607	48166-48195
48180.9	14.5	3607	48166-48195
48180.5	14.0999999999985	3607	48166-48195
48180.1	14.5	3607	48166-48195
48180.6	15	3608	48166-48196
48181	15.4000000000015	3608	48166-48196
48181.4	15	3608	48166-48196
48181	14.5999999999985	3608	48166-48196
48180.6	15	3608	48166-48196
48181.1	15.5	3609	48166-48197
48181.5	15.9000000000015	3609	48166-48197
48181.9	15.5	3609	48166-48197
48181.5	15.0999999999985	3609	48166-48197
48181.1	15.5	3609	48166-48197
48181.6	16	3610	48166-48198
48182	16.4000000000015	3610	48166-48198
48182.4	16	3610	48166-48198
48182	15.5999999999985	3610	48166-48198
48181.6	16	3610	48166-48198
48182.1	16.5	3611	48166-48199
48182.5	16.9000000000015	3611	48166-48199
48182.9	16.5	3611	48166-48199
48182.5	16.0999999999985	3611	48166-48199
48182.1	16.5	3611	48166-48199
48166.6	0	3612	48167-48167
48167	0.400000000001455	3612	48167-48167
48167.4	0	3612	48167-48167
48167	-0.400000000001455	3612	48167-48167
48166.6	0	3612	48167-48167
48167.1	0.5	3613	48167-48168
48167.5	0.900000000001455	3613	48167-48168
48167.9	0.5	3613	48167-48168
48167.5	0.0999999999985448	3613	48167-48168
48167.1	0.5	3613	48167-48168
48167.6	1	3614	48167-48169
48168	1.40000000000146	3614	48167-48169
48168.4	1	3614	48167-48169
48168	0.599999999998545	3614	48167-48169
48167.6	1	3614	48167-48169
48168.1	1.5	3615	48167-48170
48168.5	1.90000000000146	3615	48167-48170
48168.9	1.5	3615	48167-48170
48168.5	1.09999999999854	3615	48167-48170
48168.1	1.5	3615	48167-48170
48168.6	2	3616	48167-48171
48169	2.40000000000146	3616	48167-48171
48169.4	2	3616	48167-48171
48169	1.59999999999854	3616	48167-48171
48168.6	2	3616	48167-48171
48169.1	2.5	3617	48167-48172
48169.5	2.90000000000146	3617	48167-48172
48169.9	2.5	3617	48167-48172
48169.5	2.09999999999854	3617	48167-48172
48169.1	2.5	3617	48167-48172
48169.6	3	3618	48167-48173
48170	3.40000000000146	3618	48167-48173
48170.4	3	3618	48167-48173
48170	2.59999999999855	3618	48167-48173
48169.6	3	3618	48167-48173
48170.1	3.5	3619	48167-48174
48170.5	3.90000000000146	3619	48167-48174
48170.9	3.5	3619	48167-48174
48170.5	3.09999999999855	3619	48167-48174
48170.1	3.5	3619	48167-48174
48170.6	4	3620	48167-48175
48171	4.40000000000146	3620	48167-48175
48171.4	4	3620	48167-48175
48171	3.59999999999855	3620	48167-48175
48170.6	4	3620	48167-48175
48171.1	4.5	3621	48167-48176
48171.5	4.90000000000146	3621	48167-48176
48171.9	4.5	3621	48167-48176
48171.5	4.09999999999855	3621	48167-48176
48171.1	4.5	3621	48167-48176
48171.6	5	3622	48167-48177
48172	5.40000000000146	3622	48167-48177
48172.4	5	3622	48167-48177
48172	4.59999999999855	3622	48167-48177
48171.6	5	3622	48167-48177
48172.1	5.5	3623	48167-48178
48172.5	5.90000000000146	3623	48167-48178
48172.9	5.5	3623	48167-48178
48172.5	5.09999999999855	3623	48167-48178
48172.1	5.5	3623	48167-48178
48172.6	6	3624	48167-48179
48173	6.40000000000146	3624	48167-48179
48173.4	6	3624	48167-48179
48173	5.59999999999855	3624	48167-48179
48172.6	6	3624	48167-48179
48173.1	6.5	3625	48167-48180
48173.5	6.90000000000146	3625	48167-48180
48173.9	6.5	3625	48167-48180
48173.5	6.09999999999855	3625	48167-48180
48173.1	6.5	3625	48167-48180
48173.6	7	3626	48167-48181
48174	7.40000000000146	3626	48167-48181
48174.4	7	3626	48167-48181
48174	6.59999999999855	3626	48167-48181
48173.6	7	3626	48167-48181
48174.1	7.5	3627	48167-48182
48174.5	7.90000000000146	3627	48167-48182
48174.9	7.5	3627	48167-48182
48174.5	7.09999999999855	3627	48167-48182
48174.1	7.5	3627	48167-48182
48174.6	8	3628	48167-48183
48175	8.40000000000146	3628	48167-48183
48175.4	8	3628	48167-48183
48175	7.59999999999855	3628	48167-48183
48174.6	8	3628	48167-48183
48175.1	8.5	3629	48167-48184
48175.5	8.90000000000146	3629	48167-48184
48175.9	8.5	3629	48167-48184
48175.5	8.09999999999855	3629	48167-48184
48175.1	8.5	3629	48167-48184
48175.6	9	3630	48167-48185
48176	9.40000000000146	3630	48167-48185
48176.4	9	3630	48167-48185
48176	8.59999999999855	3630	48167-48185
48175.6	9	3630	48167-48185
48176.1	9.5	3631	48167-48186
48176.5	9.90000000000146	3631	48167-48186
48176.9	9.5	3631	48167-48186
48176.5	9.09999999999854	3631	48167-48186
48176.1	9.5	3631	48167-48186
48176.6	10	3632	48167-48187
48177	10.4000000000015	3632	48167-48187
48177.4	10	3632	48167-48187
48177	9.59999999999854	3632	48167-48187
48176.6	10	3632	48167-48187
48177.1	10.5	3633	48167-48188
48177.5	10.9000000000015	3633	48167-48188
48177.9	10.5	3633	48167-48188
48177.5	10.0999999999985	3633	48167-48188
48177.1	10.5	3633	48167-48188
48177.6	11	3634	48167-48189
48178	11.4000000000015	3634	48167-48189
48178.4	11	3634	48167-48189
48178	10.5999999999985	3634	48167-48189
48177.6	11	3634	48167-48189
48178.1	11.5	3635	48167-48190
48178.5	11.9000000000015	3635	48167-48190
48178.9	11.5	3635	48167-48190
48178.5	11.0999999999985	3635	48167-48190
48178.1	11.5	3635	48167-48190
48178.6	12	3636	48167-48191
48179	12.4000000000015	3636	48167-48191
48179.4	12	3636	48167-48191
48179	11.5999999999985	3636	48167-48191
48178.6	12	3636	48167-48191
48179.1	12.5	3637	48167-48192
48179.5	12.9000000000015	3637	48167-48192
48179.9	12.5	3637	48167-48192
48179.5	12.0999999999985	3637	48167-48192
48179.1	12.5	3637	48167-48192
48179.6	13	3638	48167-48193
48180	13.4000000000015	3638	48167-48193
48180.4	13	3638	48167-48193
48180	12.5999999999985	3638	48167-48193
48179.6	13	3638	48167-48193
48180.1	13.5	3639	48167-48194
48180.5	13.9000000000015	3639	48167-48194
48180.9	13.5	3639	48167-48194
48180.5	13.0999999999985	3639	48167-48194
48180.1	13.5	3639	48167-48194
48180.6	14	3640	48167-48195
48181	14.4000000000015	3640	48167-48195
48181.4	14	3640	48167-48195
48181	13.5999999999985	3640	48167-48195
48180.6	14	3640	48167-48195
48181.1	14.5	3641	48167-48196
48181.5	14.9000000000015	3641	48167-48196
48181.9	14.5	3641	48167-48196
48181.5	14.0999999999985	3641	48167-48196
48181.1	14.5	3641	48167-48196
48181.6	15	3642	48167-48197
48182	15.4000000000015	3642	48167-48197
48182.4	15	3642	48167-48197
48182	14.5999999999985	3642	48167-48197
48181.6	15	3642	48167-48197
48182.1	15.5	3643	48167-48198
48182.5	15.9000000000015	3643	48167-48198
48182.9	15.5	3643	48167-48198
48182.5	15.0999999999985	3643	48167-48198
48182.1	15.5	3643	48167-48198
48182.6	16	3644	48167-48199
48183	16.4000000000015	3644	48167-48199
48183.4	16	3644	48167-48199
48183	15.5999999999985	3644	48167-48199
48182.6	16	3644	48167-48199
48167.6	0	3645	48168-48168
48168	0.400000000001455	3645	48168-48168
48168.4	0	3645	48168-48168
48168	-0.400000000001455	3645	48168-48168
48167.6	0	3645	48168-48168
48168.1	0.5	3646	48168-48169
48168.5	0.900000000001455	3646	48168-48169
48168.9	0.5	3646	48168-48169
48168.5	0.0999999999985448	3646	48168-48169
48168.1	0.5	3646	48168-48169
48168.6	1	3647	48168-48170
48169	1.40000000000146	3647	48168-48170
48169.4	1	3647	48168-48170
48169	0.599999999998545	3647	48168-48170
48168.6	1	3647	48168-48170
48169.1	1.5	3648	48168-48171
48169.5	1.90000000000146	3648	48168-48171
48169.9	1.5	3648	48168-48171
48169.5	1.09999999999854	3648	48168-48171
48169.1	1.5	3648	48168-48171
48169.6	2	3649	48168-48172
48170	2.40000000000146	3649	48168-48172
48170.4	2	3649	48168-48172
48170	1.59999999999854	3649	48168-48172
48169.6	2	3649	48168-48172
48170.1	2.5	3650	48168-48173
48170.5	2.90000000000146	3650	48168-48173
48170.9	2.5	3650	48168-48173
48170.5	2.09999999999854	3650	48168-48173
48170.1	2.5	3650	48168-48173
48170.6	3	3651	48168-48174
48171	3.40000000000146	3651	48168-48174
48171.4	3	3651	48168-48174
48171	2.59999999999855	3651	48168-48174
48170.6	3	3651	48168-48174
48171.1	3.5	3652	48168-48175
48171.5	3.90000000000146	3652	48168-48175
48171.9	3.5	3652	48168-48175
48171.5	3.09999999999855	3652	48168-48175
48171.1	3.5	3652	48168-48175
48171.6	4	3653	48168-48176
48172	4.40000000000146	3653	48168-48176
48172.4	4	3653	48168-48176
48172	3.59999999999855	3653	48168-48176
48171.6	4	3653	48168-48176
48172.1	4.5	3654	48168-48177
48172.5	4.90000000000146	3654	48168-48177
48172.9	4.5	3654	48168-48177
48172.5	4.09999999999855	3654	48168-48177
48172.1	4.5	3654	48168-48177
48172.6	5	3655	48168-48178
48173	5.40000000000146	3655	48168-48178
48173.4	5	3655	48168-48178
48173	4.59999999999855	3655	48168-48178
48172.6	5	3655	48168-48178
48173.1	5.5	3656	48168-48179
48173.5	5.90000000000146	3656	48168-48179
48173.9	5.5	3656	48168-48179
48173.5	5.09999999999855	3656	48168-48179
48173.1	5.5	3656	48168-48179
48173.6	6	3657	48168-48180
48174	6.40000000000146	3657	48168-48180
48174.4	6	3657	48168-48180
48174	5.59999999999855	3657	48168-48180
48173.6	6	3657	48168-48180
48174.1	6.5	3658	48168-48181
48174.5	6.90000000000146	3658	48168-48181
48174.9	6.5	3658	48168-48181
48174.5	6.09999999999855	3658	48168-48181
48174.1	6.5	3658	48168-48181
48174.6	7	3659	48168-48182
48175	7.40000000000146	3659	48168-48182
48175.4	7	3659	48168-48182
48175	6.59999999999855	3659	48168-48182
48174.6	7	3659	48168-48182
48175.1	7.5	3660	48168-48183
48175.5	7.90000000000146	3660	48168-48183
48175.9	7.5	3660	48168-48183
48175.5	7.09999999999855	3660	48168-48183
48175.1	7.5	3660	48168-48183
48175.6	8	3661	48168-48184
48176	8.40000000000146	3661	48168-48184
48176.4	8	3661	48168-48184
48176	7.59999999999855	3661	48168-48184
48175.6	8	3661	48168-48184
48176.1	8.5	3662	48168-48185
48176.5	8.90000000000146	3662	48168-48185
48176.9	8.5	3662	48168-48185
48176.5	8.09999999999855	3662	48168-48185
48176.1	8.5	3662	48168-48185
48176.6	9	3663	48168-48186
48177	9.40000000000146	3663	48168-48186
48177.4	9	3663	48168-48186
48177	8.59999999999855	3663	48168-48186
48176.6	9	3663	48168-48186
48177.1	9.5	3664	48168-48187
48177.5	9.90000000000146	3664	48168-48187
48177.9	9.5	3664	48168-48187
48177.5	9.09999999999854	3664	48168-48187
48177.1	9.5	3664	48168-48187
48177.6	10	3665	48168-48188
48178	10.4000000000015	3665	48168-48188
48178.4	10	3665	48168-48188
48178	9.59999999999854	3665	48168-48188
48177.6	10	3665	48168-48188
48178.1	10.5	3666	48168-48189
48178.5	10.9000000000015	3666	48168-48189
48178.9	10.5	3666	48168-48189
48178.5	10.0999999999985	3666	48168-48189
48178.1	10.5	3666	48168-48189
48178.6	11	3667	48168-48190
48179	11.4000000000015	3667	48168-48190
48179.4	11	3667	48168-48190
48179	10.5999999999985	3667	48168-48190
48178.6	11	3667	48168-48190
48179.1	11.5	3668	48168-48191
48179.5	11.9000000000015	3668	48168-48191
48179.9	11.5	3668	48168-48191
48179.5	11.0999999999985	3668	48168-48191
48179.1	11.5	3668	48168-48191
48179.6	12	3669	48168-48192
48180	12.4000000000015	3669	48168-48192
48180.4	12	3669	48168-48192
48180	11.5999999999985	3669	48168-48192
48179.6	12	3669	48168-48192
48180.1	12.5	3670	48168-48193
48180.5	12.9000000000015	3670	48168-48193
48180.9	12.5	3670	48168-48193
48180.5	12.0999999999985	3670	48168-48193
48180.1	12.5	3670	48168-48193
48180.6	13	3671	48168-48194
48181	13.4000000000015	3671	48168-48194
48181.4	13	3671	48168-48194
48181	12.5999999999985	3671	48168-48194
48180.6	13	3671	48168-48194
48181.1	13.5	3672	48168-48195
48181.5	13.9000000000015	3672	48168-48195
48181.9	13.5	3672	48168-48195
48181.5	13.0999999999985	3672	48168-48195
48181.1	13.5	3672	48168-48195
48181.6	14	3673	48168-48196
48182	14.4000000000015	3673	48168-48196
48182.4	14	3673	48168-48196
48182	13.5999999999985	3673	48168-48196
48181.6	14	3673	48168-48196
48182.1	14.5	3674	48168-48197
48182.5	14.9000000000015	3674	48168-48197
48182.9	14.5	3674	48168-48197
48182.5	14.0999999999985	3674	48168-48197
48182.1	14.5	3674	48168-48197
48182.6	15	3675	48168-48198
48183	15.4000000000015	3675	48168-48198
48183.4	15	3675	48168-48198
48183	14.5999999999985	3675	48168-48198
48182.6	15	3675	48168-48198
48183.1	15.5	3676	48168-48199
48183.5	15.9000000000015	3676	48168-48199
48183.9	15.5	3676	48168-48199
48183.5	15.0999999999985	3676	48168-48199
48183.1	15.5	3676	48168-48199
48168.6	0	3677	48169-48169
48169	0.400000000001455	3677	48169-48169
48169.4	0	3677	48169-48169
48169	-0.400000000001455	3677	48169-48169
48168.6	0	3677	48169-48169
48169.1	0.5	3678	48169-48170
48169.5	0.900000000001455	3678	48169-48170
48169.9	0.5	3678	48169-48170
48169.5	0.0999999999985448	3678	48169-48170
48169.1	0.5	3678	48169-48170
48169.6	1	3679	48169-48171
48170	1.40000000000146	3679	48169-48171
48170.4	1	3679	48169-48171
48170	0.599999999998545	3679	48169-48171
48169.6	1	3679	48169-48171
48170.1	1.5	3680	48169-48172
48170.5	1.90000000000146	3680	48169-48172
48170.9	1.5	3680	48169-48172
48170.5	1.09999999999854	3680	48169-48172
48170.1	1.5	3680	48169-48172
48170.6	2	3681	48169-48173
48171	2.40000000000146	3681	48169-48173
48171.4	2	3681	48169-48173
48171	1.59999999999854	3681	48169-48173
48170.6	2	3681	48169-48173
48171.1	2.5	3682	48169-48174
48171.5	2.90000000000146	3682	48169-48174
48171.9	2.5	3682	48169-48174
48171.5	2.09999999999854	3682	48169-48174
48171.1	2.5	3682	48169-48174
48171.6	3	3683	48169-48175
48172	3.40000000000146	3683	48169-48175
48172.4	3	3683	48169-48175
48172	2.59999999999855	3683	48169-48175
48171.6	3	3683	48169-48175
48172.1	3.5	3684	48169-48176
48172.5	3.90000000000146	3684	48169-48176
48172.9	3.5	3684	48169-48176
48172.5	3.09999999999855	3684	48169-48176
48172.1	3.5	3684	48169-48176
48172.6	4	3685	48169-48177
48173	4.40000000000146	3685	48169-48177
48173.4	4	3685	48169-48177
48173	3.59999999999855	3685	48169-48177
48172.6	4	3685	48169-48177
48173.1	4.5	3686	48169-48178
48173.5	4.90000000000146	3686	48169-48178
48173.9	4.5	3686	48169-48178
48173.5	4.09999999999855	3686	48169-48178
48173.1	4.5	3686	48169-48178
48173.6	5	3687	48169-48179
48174	5.40000000000146	3687	48169-48179
48174.4	5	3687	48169-48179
48174	4.59999999999855	3687	48169-48179
48173.6	5	3687	48169-48179
48174.1	5.5	3688	48169-48180
48174.5	5.90000000000146	3688	48169-48180
48174.9	5.5	3688	48169-48180
48174.5	5.09999999999855	3688	48169-48180
48174.1	5.5	3688	48169-48180
48174.6	6	3689	48169-48181
48175	6.40000000000146	3689	48169-48181
48175.4	6	3689	48169-48181
48175	5.59999999999855	3689	48169-48181
48174.6	6	3689	48169-48181
48175.1	6.5	3690	48169-48182
48175.5	6.90000000000146	3690	48169-48182
48175.9	6.5	3690	48169-48182
48175.5	6.09999999999855	3690	48169-48182
48175.1	6.5	3690	48169-48182
48175.6	7	3691	48169-48183
48176	7.40000000000146	3691	48169-48183
48176.4	7	3691	48169-48183
48176	6.59999999999855	3691	48169-48183
48175.6	7	3691	48169-48183
48176.1	7.5	3692	48169-48184
48176.5	7.90000000000146	3692	48169-48184
48176.9	7.5	3692	48169-48184
48176.5	7.09999999999855	3692	48169-48184
48176.1	7.5	3692	48169-48184
48176.6	8	3693	48169-48185
48177	8.40000000000146	3693	48169-48185
48177.4	8	3693	48169-48185
48177	7.59999999999855	3693	48169-48185
48176.6	8	3693	48169-48185
48177.1	8.5	3694	48169-48186
48177.5	8.90000000000146	3694	48169-48186
48177.9	8.5	3694	48169-48186
48177.5	8.09999999999855	3694	48169-48186
48177.1	8.5	3694	48169-48186
48177.6	9	3695	48169-48187
48178	9.40000000000146	3695	48169-48187
48178.4	9	3695	48169-48187
48178	8.59999999999855	3695	48169-48187
48177.6	9	3695	48169-48187
48178.1	9.5	3696	48169-48188
48178.5	9.90000000000146	3696	48169-48188
48178.9	9.5	3696	48169-48188
48178.5	9.09999999999854	3696	48169-48188
48178.1	9.5	3696	48169-48188
48178.6	10	3697	48169-48189
48179	10.4000000000015	3697	48169-48189
48179.4	10	3697	48169-48189
48179	9.59999999999854	3697	48169-48189
48178.6	10	3697	48169-48189
48179.1	10.5	3698	48169-48190
48179.5	10.9000000000015	3698	48169-48190
48179.9	10.5	3698	48169-48190
48179.5	10.0999999999985	3698	48169-48190
48179.1	10.5	3698	48169-48190
48179.6	11	3699	48169-48191
48180	11.4000000000015	3699	48169-48191
48180.4	11	3699	48169-48191
48180	10.5999999999985	3699	48169-48191
48179.6	11	3699	48169-48191
48180.1	11.5	3700	48169-48192
48180.5	11.9000000000015	3700	48169-48192
48180.9	11.5	3700	48169-48192
48180.5	11.0999999999985	3700	48169-48192
48180.1	11.5	3700	48169-48192
48180.6	12	3701	48169-48193
48181	12.4000000000015	3701	48169-48193
48181.4	12	3701	48169-48193
48181	11.5999999999985	3701	48169-48193
48180.6	12	3701	48169-48193
48181.1	12.5	3702	48169-48194
48181.5	12.9000000000015	3702	48169-48194
48181.9	12.5	3702	48169-48194
48181.5	12.0999999999985	3702	48169-48194
48181.1	12.5	3702	48169-48194
48181.6	13	3703	48169-48195
48182	13.4000000000015	3703	48169-48195
48182.4	13	3703	48169-48195
48182	12.5999999999985	3703	48169-48195
48181.6	13	3703	48169-48195
48182.1	13.5	3704	48169-48196
48182.5	13.9000000000015	3704	48169-48196
48182.9	13.5	3704	48169-48196
48182.5	13.0999999999985	3704	48169-48196
48182.1	13.5	3704	48169-48196
48182.6	14	3705	48169-48197
48183	14.4000000000015	3705	48169-48197
48183.4	14	3705	48169-48197
48183	13.5999999999985	3705	48169-48197
48182.6	14	3705	48169-48197
48183.1	14.5	3706	48169-48198
48183.5	14.9000000000015	3706	48169-48198
48183.9	14.5	3706	48169-48198
48183.5	14.0999999999985	3706	48169-48198
48183.1	14.5	3706	48169-48198
48183.6	15	3707	48169-48199
48184	15.4000000000015	3707	48169-48199
48184.4	15	3707	48169-48199
48184	14.5999999999985	3707	48169-48199
48183.6	15	3707	48169-48199
48169.6	0	3708	48170-48170
48170	0.400000000001455	3708	48170-48170
48170.4	0	3708	48170-48170
48170	-0.400000000001455	3708	48170-48170
48169.6	0	3708	48170-48170
48170.1	0.5	3709	48170-48171
48170.5	0.900000000001455	3709	48170-48171
48170.9	0.5	3709	48170-48171
48170.5	0.0999999999985448	3709	48170-48171
48170.1	0.5	3709	48170-48171
48170.6	1	3710	48170-48172
48171	1.40000000000146	3710	48170-48172
48171.4	1	3710	48170-48172
48171	0.599999999998545	3710	48170-48172
48170.6	1	3710	48170-48172
48171.1	1.5	3711	48170-48173
48171.5	1.90000000000146	3711	48170-48173
48171.9	1.5	3711	48170-48173
48171.5	1.09999999999854	3711	48170-48173
48171.1	1.5	3711	48170-48173
48171.6	2	3712	48170-48174
48172	2.40000000000146	3712	48170-48174
48172.4	2	3712	48170-48174
48172	1.59999999999854	3712	48170-48174
48171.6	2	3712	48170-48174
48172.1	2.5	3713	48170-48175
48172.5	2.90000000000146	3713	48170-48175
48172.9	2.5	3713	48170-48175
48172.5	2.09999999999854	3713	48170-48175
48172.1	2.5	3713	48170-48175
48172.6	3	3714	48170-48176
48173	3.40000000000146	3714	48170-48176
48173.4	3	3714	48170-48176
48173	2.59999999999855	3714	48170-48176
48172.6	3	3714	48170-48176
48173.1	3.5	3715	48170-48177
48173.5	3.90000000000146	3715	48170-48177
48173.9	3.5	3715	48170-48177
48173.5	3.09999999999855	3715	48170-48177
48173.1	3.5	3715	48170-48177
48173.6	4	3716	48170-48178
48174	4.40000000000146	3716	48170-48178
48174.4	4	3716	48170-48178
48174	3.59999999999855	3716	48170-48178
48173.6	4	3716	48170-48178
48174.1	4.5	3717	48170-48179
48174.5	4.90000000000146	3717	48170-48179
48174.9	4.5	3717	48170-48179
48174.5	4.09999999999855	3717	48170-48179
48174.1	4.5	3717	48170-48179
48174.6	5	3718	48170-48180
48175	5.40000000000146	3718	48170-48180
48175.4	5	3718	48170-48180
48175	4.59999999999855	3718	48170-48180
48174.6	5	3718	48170-48180
48175.1	5.5	3719	48170-48181
48175.5	5.90000000000146	3719	48170-48181
48175.9	5.5	3719	48170-48181
48175.5	5.09999999999855	3719	48170-48181
48175.1	5.5	3719	48170-48181
48175.6	6	3720	48170-48182
48176	6.40000000000146	3720	48170-48182
48176.4	6	3720	48170-48182
48176	5.59999999999855	3720	48170-48182
48175.6	6	3720	48170-48182
48176.1	6.5	3721	48170-48183
48176.5	6.90000000000146	3721	48170-48183
48176.9	6.5	3721	48170-48183
48176.5	6.09999999999855	3721	48170-48183
48176.1	6.5	3721	48170-48183
48176.6	7	3722	48170-48184
48177	7.40000000000146	3722	48170-48184
48177.4	7	3722	48170-48184
48177	6.59999999999855	3722	48170-48184
48176.6	7	3722	48170-48184
48177.1	7.5	3723	48170-48185
48177.5	7.90000000000146	3723	48170-48185
48177.9	7.5	3723	48170-48185
48177.5	7.09999999999855	3723	48170-48185
48177.1	7.5	3723	48170-48185
48177.6	8	3724	48170-48186
48178	8.40000000000146	3724	48170-48186
48178.4	8	3724	48170-48186
48178	7.59999999999855	3724	48170-48186
48177.6	8	3724	48170-48186
48178.1	8.5	3725	48170-48187
48178.5	8.90000000000146	3725	48170-48187
48178.9	8.5	3725	48170-48187
48178.5	8.09999999999855	3725	48170-48187
48178.1	8.5	3725	48170-48187
48178.6	9	3726	48170-48188
48179	9.40000000000146	3726	48170-48188
48179.4	9	3726	48170-48188
48179	8.59999999999855	3726	48170-48188
48178.6	9	3726	48170-48188
48179.1	9.5	3727	48170-48189
48179.5	9.90000000000146	3727	48170-48189
48179.9	9.5	3727	48170-48189
48179.5	9.09999999999854	3727	48170-48189
48179.1	9.5	3727	48170-48189
48179.6	10	3728	48170-48190
48180	10.4000000000015	3728	48170-48190
48180.4	10	3728	48170-48190
48180	9.59999999999854	3728	48170-48190
48179.6	10	3728	48170-48190
48180.1	10.5	3729	48170-48191
48180.5	10.9000000000015	3729	48170-48191
48180.9	10.5	3729	48170-48191
48180.5	10.0999999999985	3729	48170-48191
48180.1	10.5	3729	48170-48191
48180.6	11	3730	48170-48192
48181	11.4000000000015	3730	48170-48192
48181.4	11	3730	48170-48192
48181	10.5999999999985	3730	48170-48192
48180.6	11	3730	48170-48192
48181.1	11.5	3731	48170-48193
48181.5	11.9000000000015	3731	48170-48193
48181.9	11.5	3731	48170-48193
48181.5	11.0999999999985	3731	48170-48193
48181.1	11.5	3731	48170-48193
48181.6	12	3732	48170-48194
48182	12.4000000000015	3732	48170-48194
48182.4	12	3732	48170-48194
48182	11.5999999999985	3732	48170-48194
48181.6	12	3732	48170-48194
48182.1	12.5	3733	48170-48195
48182.5	12.9000000000015	3733	48170-48195
48182.9	12.5	3733	48170-48195
48182.5	12.0999999999985	3733	48170-48195
48182.1	12.5	3733	48170-48195
48182.6	13	3734	48170-48196
48183	13.4000000000015	3734	48170-48196
48183.4	13	3734	48170-48196
48183	12.5999999999985	3734	48170-48196
48182.6	13	3734	48170-48196
48183.1	13.5	3735	48170-48197
48183.5	13.9000000000015	3735	48170-48197
48183.9	13.5	3735	48170-48197
48183.5	13.0999999999985	3735	48170-48197
48183.1	13.5	3735	48170-48197
48183.6	14	3736	48170-48198
48184	14.4000000000015	3736	48170-48198
48184.4	14	3736	48170-48198
48184	13.5999999999985	3736	48170-48198
48183.6	14	3736	48170-48198
48184.1	14.5	3737	48170-48199
48184.5	14.9000000000015	3737	48170-48199
48184.9	14.5	3737	48170-48199
48184.5	14.0999999999985	3737	48170-48199
48184.1	14.5	3737	48170-48199
48170.6	0	3738	48171-48171
48171	0.400000000001455	3738	48171-48171
48171.4	0	3738	48171-48171
48171	-0.400000000001455	3738	48171-48171
48170.6	0	3738	48171-48171
48171.1	0.5	3739	48171-48172
48171.5	0.900000000001455	3739	48171-48172
48171.9	0.5	3739	48171-48172
48171.5	0.0999999999985448	3739	48171-48172
48171.1	0.5	3739	48171-48172
48171.6	1	3740	48171-48173
48172	1.40000000000146	3740	48171-48173
48172.4	1	3740	48171-48173
48172	0.599999999998545	3740	48171-48173
48171.6	1	3740	48171-48173
48172.1	1.5	3741	48171-48174
48172.5	1.90000000000146	3741	48171-48174
48172.9	1.5	3741	48171-48174
48172.5	1.09999999999854	3741	48171-48174
48172.1	1.5	3741	48171-48174
48172.6	2	3742	48171-48175
48173	2.40000000000146	3742	48171-48175
48173.4	2	3742	48171-48175
48173	1.59999999999854	3742	48171-48175
48172.6	2	3742	48171-48175
48173.1	2.5	3743	48171-48176
48173.5	2.90000000000146	3743	48171-48176
48173.9	2.5	3743	48171-48176
48173.5	2.09999999999854	3743	48171-48176
48173.1	2.5	3743	48171-48176
48173.6	3	3744	48171-48177
48174	3.40000000000146	3744	48171-48177
48174.4	3	3744	48171-48177
48174	2.59999999999855	3744	48171-48177
48173.6	3	3744	48171-48177
48174.1	3.5	3745	48171-48178
48174.5	3.90000000000146	3745	48171-48178
48174.9	3.5	3745	48171-48178
48174.5	3.09999999999855	3745	48171-48178
48174.1	3.5	3745	48171-48178
48174.6	4	3746	48171-48179
48175	4.40000000000146	3746	48171-48179
48175.4	4	3746	48171-48179
48175	3.59999999999855	3746	48171-48179
48174.6	4	3746	48171-48179
48175.1	4.5	3747	48171-48180
48175.5	4.90000000000146	3747	48171-48180
48175.9	4.5	3747	48171-48180
48175.5	4.09999999999855	3747	48171-48180
48175.1	4.5	3747	48171-48180
48175.6	5	3748	48171-48181
48176	5.40000000000146	3748	48171-48181
48176.4	5	3748	48171-48181
48176	4.59999999999855	3748	48171-48181
48175.6	5	3748	48171-48181
48176.1	5.5	3749	48171-48182
48176.5	5.90000000000146	3749	48171-48182
48176.9	5.5	3749	48171-48182
48176.5	5.09999999999855	3749	48171-48182
48176.1	5.5	3749	48171-48182
48176.6	6	3750	48171-48183
48177	6.40000000000146	3750	48171-48183
48177.4	6	3750	48171-48183
48177	5.59999999999855	3750	48171-48183
48176.6	6	3750	48171-48183
48177.1	6.5	3751	48171-48184
48177.5	6.90000000000146	3751	48171-48184
48177.9	6.5	3751	48171-48184
48177.5	6.09999999999855	3751	48171-48184
48177.1	6.5	3751	48171-48184
48177.6	7	3752	48171-48185
48178	7.40000000000146	3752	48171-48185
48178.4	7	3752	48171-48185
48178	6.59999999999855	3752	48171-48185
48177.6	7	3752	48171-48185
48178.1	7.5	3753	48171-48186
48178.5	7.90000000000146	3753	48171-48186
48178.9	7.5	3753	48171-48186
48178.5	7.09999999999855	3753	48171-48186
48178.1	7.5	3753	48171-48186
48178.6	8	3754	48171-48187
48179	8.40000000000146	3754	48171-48187
48179.4	8	3754	48171-48187
48179	7.59999999999855	3754	48171-48187
48178.6	8	3754	48171-48187
48179.1	8.5	3755	48171-48188
48179.5	8.90000000000146	3755	48171-48188
48179.9	8.5	3755	48171-48188
48179.5	8.09999999999855	3755	48171-48188
48179.1	8.5	3755	48171-48188
48179.6	9	3756	48171-48189
48180	9.40000000000146	3756	48171-48189
48180.4	9	3756	48171-48189
48180	8.59999999999855	3756	48171-48189
48179.6	9	3756	48171-48189
48180.1	9.5	3757	48171-48190
48180.5	9.90000000000146	3757	48171-48190
48180.9	9.5	3757	48171-48190
48180.5	9.09999999999854	3757	48171-48190
48180.1	9.5	3757	48171-48190
48180.6	10	3758	48171-48191
48181	10.4000000000015	3758	48171-48191
48181.4	10	3758	48171-48191
48181	9.59999999999854	3758	48171-48191
48180.6	10	3758	48171-48191
48181.1	10.5	3759	48171-48192
48181.5	10.9000000000015	3759	48171-48192
48181.9	10.5	3759	48171-48192
48181.5	10.0999999999985	3759	48171-48192
48181.1	10.5	3759	48171-48192
48181.6	11	3760	48171-48193
48182	11.4000000000015	3760	48171-48193
48182.4	11	3760	48171-48193
48182	10.5999999999985	3760	48171-48193
48181.6	11	3760	48171-48193
48182.1	11.5	3761	48171-48194
48182.5	11.9000000000015	3761	48171-48194
48182.9	11.5	3761	48171-48194
48182.5	11.0999999999985	3761	48171-48194
48182.1	11.5	3761	48171-48194
48182.6	12	3762	48171-48195
48183	12.4000000000015	3762	48171-48195
48183.4	12	3762	48171-48195
48183	11.5999999999985	3762	48171-48195
48182.6	12	3762	48171-48195
48183.1	12.5	3763	48171-48196
48183.5	12.9000000000015	3763	48171-48196
48183.9	12.5	3763	48171-48196
48183.5	12.0999999999985	3763	48171-48196
48183.1	12.5	3763	48171-48196
48183.6	13	3764	48171-48197
48184	13.4000000000015	3764	48171-48197
48184.4	13	3764	48171-48197
48184	12.5999999999985	3764	48171-48197
48183.6	13	3764	48171-48197
48184.1	13.5	3765	48171-48198
48184.5	13.9000000000015	3765	48171-48198
48184.9	13.5	3765	48171-48198
48184.5	13.0999999999985	3765	48171-48198
48184.1	13.5	3765	48171-48198
48184.6	14	3766	48171-48199
48185	14.4000000000015	3766	48171-48199
48185.4	14	3766	48171-48199
48185	13.5999999999985	3766	48171-48199
48184.6	14	3766	48171-48199
48171.6	0	3767	48172-48172
48172	0.400000000001455	3767	48172-48172
48172.4	0	3767	48172-48172
48172	-0.400000000001455	3767	48172-48172
48171.6	0	3767	48172-48172
48172.1	0.5	3768	48172-48173
48172.5	0.900000000001455	3768	48172-48173
48172.9	0.5	3768	48172-48173
48172.5	0.0999999999985448	3768	48172-48173
48172.1	0.5	3768	48172-48173
48172.6	1	3769	48172-48174
48173	1.40000000000146	3769	48172-48174
48173.4	1	3769	48172-48174
48173	0.599999999998545	3769	48172-48174
48172.6	1	3769	48172-48174
48173.1	1.5	3770	48172-48175
48173.5	1.90000000000146	3770	48172-48175
48173.9	1.5	3770	48172-48175
48173.5	1.09999999999854	3770	48172-48175
48173.1	1.5	3770	48172-48175
48173.6	2	3771	48172-48176
48174	2.40000000000146	3771	48172-48176
48174.4	2	3771	48172-48176
48174	1.59999999999854	3771	48172-48176
48173.6	2	3771	48172-48176
48174.1	2.5	3772	48172-48177
48174.5	2.90000000000146	3772	48172-48177
48174.9	2.5	3772	48172-48177
48174.5	2.09999999999854	3772	48172-48177
48174.1	2.5	3772	48172-48177
48174.6	3	3773	48172-48178
48175	3.40000000000146	3773	48172-48178
48175.4	3	3773	48172-48178
48175	2.59999999999855	3773	48172-48178
48174.6	3	3773	48172-48178
48175.1	3.5	3774	48172-48179
48175.5	3.90000000000146	3774	48172-48179
48175.9	3.5	3774	48172-48179
48175.5	3.09999999999855	3774	48172-48179
48175.1	3.5	3774	48172-48179
48175.6	4	3775	48172-48180
48176	4.40000000000146	3775	48172-48180
48176.4	4	3775	48172-48180
48176	3.59999999999855	3775	48172-48180
48175.6	4	3775	48172-48180
48176.1	4.5	3776	48172-48181
48176.5	4.90000000000146	3776	48172-48181
48176.9	4.5	3776	48172-48181
48176.5	4.09999999999855	3776	48172-48181
48176.1	4.5	3776	48172-48181
48176.6	5	3777	48172-48182
48177	5.40000000000146	3777	48172-48182
48177.4	5	3777	48172-48182
48177	4.59999999999855	3777	48172-48182
48176.6	5	3777	48172-48182
48177.1	5.5	3778	48172-48183
48177.5	5.90000000000146	3778	48172-48183
48177.9	5.5	3778	48172-48183
48177.5	5.09999999999855	3778	48172-48183
48177.1	5.5	3778	48172-48183
48177.6	6	3779	48172-48184
48178	6.40000000000146	3779	48172-48184
48178.4	6	3779	48172-48184
48178	5.59999999999855	3779	48172-48184
48177.6	6	3779	48172-48184
48178.1	6.5	3780	48172-48185
48178.5	6.90000000000146	3780	48172-48185
48178.9	6.5	3780	48172-48185
48178.5	6.09999999999855	3780	48172-48185
48178.1	6.5	3780	48172-48185
48178.6	7	3781	48172-48186
48179	7.40000000000146	3781	48172-48186
48179.4	7	3781	48172-48186
48179	6.59999999999855	3781	48172-48186
48178.6	7	3781	48172-48186
48179.1	7.5	3782	48172-48187
48179.5	7.90000000000146	3782	48172-48187
48179.9	7.5	3782	48172-48187
48179.5	7.09999999999855	3782	48172-48187
48179.1	7.5	3782	48172-48187
48179.6	8	3783	48172-48188
48180	8.40000000000146	3783	48172-48188
48180.4	8	3783	48172-48188
48180	7.59999999999855	3783	48172-48188
48179.6	8	3783	48172-48188
48180.1	8.5	3784	48172-48189
48180.5	8.90000000000146	3784	48172-48189
48180.9	8.5	3784	48172-48189
48180.5	8.09999999999855	3784	48172-48189
48180.1	8.5	3784	48172-48189
48180.6	9	3785	48172-48190
48181	9.40000000000146	3785	48172-48190
48181.4	9	3785	48172-48190
48181	8.59999999999855	3785	48172-48190
48180.6	9	3785	48172-48190
48181.1	9.5	3786	48172-48191
48181.5	9.90000000000146	3786	48172-48191
48181.9	9.5	3786	48172-48191
48181.5	9.09999999999854	3786	48172-48191
48181.1	9.5	3786	48172-48191
48181.6	10	3787	48172-48192
48182	10.4000000000015	3787	48172-48192
48182.4	10	3787	48172-48192
48182	9.59999999999854	3787	48172-48192
48181.6	10	3787	48172-48192
48182.1	10.5	3788	48172-48193
48182.5	10.9000000000015	3788	48172-48193
48182.9	10.5	3788	48172-48193
48182.5	10.0999999999985	3788	48172-48193
48182.1	10.5	3788	48172-48193
48182.6	11	3789	48172-48194
48183	11.4000000000015	3789	48172-48194
48183.4	11	3789	48172-48194
48183	10.5999999999985	3789	48172-48194
48182.6	11	3789	48172-48194
48183.1	11.5	3790	48172-48195
48183.5	11.9000000000015	3790	48172-48195
48183.9	11.5	3790	48172-48195
48183.5	11.0999999999985	3790	48172-48195
48183.1	11.5	3790	48172-48195
48183.6	12	3791	48172-48196
48184	12.4000000000015	3791	48172-48196
48184.4	12	3791	48172-48196
48184	11.5999999999985	3791	48172-48196
48183.6	12	3791	48172-48196
48184.1	12.5	3792	48172-48197
48184.5	12.9000000000015	3792	48172-48197
48184.9	12.5	3792	48172-48197
48184.5	12.0999999999985	3792	48172-48197
48184.1	12.5	3792	48172-48197
48184.6	13	3793	48172-48198
48185	13.4000000000015	3793	48172-48198
48185.4	13	3793	48172-48198
48185	12.5999999999985	3793	48172-48198
48184.6	13	3793	48172-48198
48185.1	13.5	3794	48172-48199
48185.5	13.9000000000015	3794	48172-48199
48185.9	13.5	3794	48172-48199
48185.5	13.0999999999985	3794	48172-48199
48185.1	13.5	3794	48172-48199
48172.6	0	3795	48173-48173
48173	0.400000000001455	3795	48173-48173
48173.4	0	3795	48173-48173
48173	-0.400000000001455	3795	48173-48173
48172.6	0	3795	48173-48173
48173.1	0.5	3796	48173-48174
48173.5	0.900000000001455	3796	48173-48174
48173.9	0.5	3796	48173-48174
48173.5	0.0999999999985448	3796	48173-48174
48173.1	0.5	3796	48173-48174
48173.6	1	3797	48173-48175
48174	1.40000000000146	3797	48173-48175
48174.4	1	3797	48173-48175
48174	0.599999999998545	3797	48173-48175
48173.6	1	3797	48173-48175
48174.1	1.5	3798	48173-48176
48174.5	1.90000000000146	3798	48173-48176
48174.9	1.5	3798	48173-48176
48174.5	1.09999999999854	3798	48173-48176
48174.1	1.5	3798	48173-48176
48174.6	2	3799	48173-48177
48175	2.40000000000146	3799	48173-48177
48175.4	2	3799	48173-48177
48175	1.59999999999854	3799	48173-48177
48174.6	2	3799	48173-48177
48175.1	2.5	3800	48173-48178
48175.5	2.90000000000146	3800	48173-48178
48175.9	2.5	3800	48173-48178
48175.5	2.09999999999854	3800	48173-48178
48175.1	2.5	3800	48173-48178
48175.6	3	3801	48173-48179
48176	3.40000000000146	3801	48173-48179
48176.4	3	3801	48173-48179
48176	2.59999999999855	3801	48173-48179
48175.6	3	3801	48173-48179
48176.1	3.5	3802	48173-48180
48176.5	3.90000000000146	3802	48173-48180
48176.9	3.5	3802	48173-48180
48176.5	3.09999999999855	3802	48173-48180
48176.1	3.5	3802	48173-48180
48176.6	4	3803	48173-48181
48177	4.40000000000146	3803	48173-48181
48177.4	4	3803	48173-48181
48177	3.59999999999855	3803	48173-48181
48176.6	4	3803	48173-48181
48177.1	4.5	3804	48173-48182
48177.5	4.90000000000146	3804	48173-48182
48177.9	4.5	3804	48173-48182
48177.5	4.09999999999855	3804	48173-48182
48177.1	4.5	3804	48173-48182
48177.6	5	3805	48173-48183
48178	5.40000000000146	3805	48173-48183
48178.4	5	3805	48173-48183
48178	4.59999999999855	3805	48173-48183
48177.6	5	3805	48173-48183
48178.1	5.5	3806	48173-48184
48178.5	5.90000000000146	3806	48173-48184
48178.9	5.5	3806	48173-48184
48178.5	5.09999999999855	3806	48173-48184
48178.1	5.5	3806	48173-48184
48178.6	6	3807	48173-48185
48179	6.40000000000146	3807	48173-48185
48179.4	6	3807	48173-48185
48179	5.59999999999855	3807	48173-48185
48178.6	6	3807	48173-48185
48179.1	6.5	3808	48173-48186
48179.5	6.90000000000146	3808	48173-48186
48179.9	6.5	3808	48173-48186
48179.5	6.09999999999855	3808	48173-48186
48179.1	6.5	3808	48173-48186
48179.6	7	3809	48173-48187
48180	7.40000000000146	3809	48173-48187
48180.4	7	3809	48173-48187
48180	6.59999999999855	3809	48173-48187
48179.6	7	3809	48173-48187
48180.1	7.5	3810	48173-48188
48180.5	7.90000000000146	3810	48173-48188
48180.9	7.5	3810	48173-48188
48180.5	7.09999999999855	3810	48173-48188
48180.1	7.5	3810	48173-48188
48180.6	8	3811	48173-48189
48181	8.40000000000146	3811	48173-48189
48181.4	8	3811	48173-48189
48181	7.59999999999855	3811	48173-48189
48180.6	8	3811	48173-48189
48181.1	8.5	3812	48173-48190
48181.5	8.90000000000146	3812	48173-48190
48181.9	8.5	3812	48173-48190
48181.5	8.09999999999855	3812	48173-48190
48181.1	8.5	3812	48173-48190
48181.6	9	3813	48173-48191
48182	9.40000000000146	3813	48173-48191
48182.4	9	3813	48173-48191
48182	8.59999999999855	3813	48173-48191
48181.6	9	3813	48173-48191
48182.1	9.5	3814	48173-48192
48182.5	9.90000000000146	3814	48173-48192
48182.9	9.5	3814	48173-48192
48182.5	9.09999999999854	3814	48173-48192
48182.1	9.5	3814	48173-48192
48182.6	10	3815	48173-48193
48183	10.4000000000015	3815	48173-48193
48183.4	10	3815	48173-48193
48183	9.59999999999854	3815	48173-48193
48182.6	10	3815	48173-48193
48183.1	10.5	3816	48173-48194
48183.5	10.9000000000015	3816	48173-48194
48183.9	10.5	3816	48173-48194
48183.5	10.0999999999985	3816	48173-48194
48183.1	10.5	3816	48173-48194
48183.6	11	3817	48173-48195
48184	11.4000000000015	3817	48173-48195
48184.4	11	3817	48173-48195
48184	10.5999999999985	3817	48173-48195
48183.6	11	3817	48173-48195
48184.1	11.5	3818	48173-48196
48184.5	11.9000000000015	3818	48173-48196
48184.9	11.5	3818	48173-48196
48184.5	11.0999999999985	3818	48173-48196
48184.1	11.5	3818	48173-48196
48184.6	12	3819	48173-48197
48185	12.4000000000015	3819	48173-48197
48185.4	12	3819	48173-48197
48185	11.5999999999985	3819	48173-48197
48184.6	12	3819	48173-48197
48185.1	12.5	3820	48173-48198
48185.5	12.9000000000015	3820	48173-48198
48185.9	12.5	3820	48173-48198
48185.5	12.0999999999985	3820	48173-48198
48185.1	12.5	3820	48173-48198
48185.6	13	3821	48173-48199
48186	13.4000000000015	3821	48173-48199
48186.4	13	3821	48173-48199
48186	12.5999999999985	3821	48173-48199
48185.6	13	3821	48173-48199
48173.6	0	3822	48174-48174
48174	0.400000000001455	3822	48174-48174
48174.4	0	3822	48174-48174
48174	-0.400000000001455	3822	48174-48174
48173.6	0	3822	48174-48174
48174.1	0.5	3823	48174-48175
48174.5	0.900000000001455	3823	48174-48175
48174.9	0.5	3823	48174-48175
48174.5	0.0999999999985448	3823	48174-48175
48174.1	0.5	3823	48174-48175
48174.6	1	3824	48174-48176
48175	1.40000000000146	3824	48174-48176
48175.4	1	3824	48174-48176
48175	0.599999999998545	3824	48174-48176
48174.6	1	3824	48174-48176
48175.1	1.5	3825	48174-48177
48175.5	1.90000000000146	3825	48174-48177
48175.9	1.5	3825	48174-48177
48175.5	1.09999999999854	3825	48174-48177
48175.1	1.5	3825	48174-48177
48175.6	2	3826	48174-48178
48176	2.40000000000146	3826	48174-48178
48176.4	2	3826	48174-48178
48176	1.59999999999854	3826	48174-48178
48175.6	2	3826	48174-48178
48176.1	2.5	3827	48174-48179
48176.5	2.90000000000146	3827	48174-48179
48176.9	2.5	3827	48174-48179
48176.5	2.09999999999854	3827	48174-48179
48176.1	2.5	3827	48174-48179
48176.6	3	3828	48174-48180
48177	3.40000000000146	3828	48174-48180
48177.4	3	3828	48174-48180
48177	2.59999999999855	3828	48174-48180
48176.6	3	3828	48174-48180
48177.1	3.5	3829	48174-48181
48177.5	3.90000000000146	3829	48174-48181
48177.9	3.5	3829	48174-48181
48177.5	3.09999999999855	3829	48174-48181
48177.1	3.5	3829	48174-48181
48177.6	4	3830	48174-48182
48178	4.40000000000146	3830	48174-48182
48178.4	4	3830	48174-48182
48178	3.59999999999855	3830	48174-48182
48177.6	4	3830	48174-48182
48178.1	4.5	3831	48174-48183
48178.5	4.90000000000146	3831	48174-48183
48178.9	4.5	3831	48174-48183
48178.5	4.09999999999855	3831	48174-48183
48178.1	4.5	3831	48174-48183
48178.6	5	3832	48174-48184
48179	5.40000000000146	3832	48174-48184
48179.4	5	3832	48174-48184
48179	4.59999999999855	3832	48174-48184
48178.6	5	3832	48174-48184
48179.1	5.5	3833	48174-48185
48179.5	5.90000000000146	3833	48174-48185
48179.9	5.5	3833	48174-48185
48179.5	5.09999999999855	3833	48174-48185
48179.1	5.5	3833	48174-48185
48179.6	6	3834	48174-48186
48180	6.40000000000146	3834	48174-48186
48180.4	6	3834	48174-48186
48180	5.59999999999855	3834	48174-48186
48179.6	6	3834	48174-48186
48180.1	6.5	3835	48174-48187
48180.5	6.90000000000146	3835	48174-48187
48180.9	6.5	3835	48174-48187
48180.5	6.09999999999855	3835	48174-48187
48180.1	6.5	3835	48174-48187
48180.6	7	3836	48174-48188
48181	7.40000000000146	3836	48174-48188
48181.4	7	3836	48174-48188
48181	6.59999999999855	3836	48174-48188
48180.6	7	3836	48174-48188
48181.1	7.5	3837	48174-48189
48181.5	7.90000000000146	3837	48174-48189
48181.9	7.5	3837	48174-48189
48181.5	7.09999999999855	3837	48174-48189
48181.1	7.5	3837	48174-48189
48181.6	8	3838	48174-48190
48182	8.40000000000146	3838	48174-48190
48182.4	8	3838	48174-48190
48182	7.59999999999855	3838	48174-48190
48181.6	8	3838	48174-48190
48182.1	8.5	3839	48174-48191
48182.5	8.90000000000146	3839	48174-48191
48182.9	8.5	3839	48174-48191
48182.5	8.09999999999855	3839	48174-48191
48182.1	8.5	3839	48174-48191
48182.6	9	3840	48174-48192
48183	9.40000000000146	3840	48174-48192
48183.4	9	3840	48174-48192
48183	8.59999999999855	3840	48174-48192
48182.6	9	3840	48174-48192
48183.1	9.5	3841	48174-48193
48183.5	9.90000000000146	3841	48174-48193
48183.9	9.5	3841	48174-48193
48183.5	9.09999999999854	3841	48174-48193
48183.1	9.5	3841	48174-48193
48183.6	10	3842	48174-48194
48184	10.4000000000015	3842	48174-48194
48184.4	10	3842	48174-48194
48184	9.59999999999854	3842	48174-48194
48183.6	10	3842	48174-48194
48184.1	10.5	3843	48174-48195
48184.5	10.9000000000015	3843	48174-48195
48184.9	10.5	3843	48174-48195
48184.5	10.0999999999985	3843	48174-48195
48184.1	10.5	3843	48174-48195
48184.6	11	3844	48174-48196
48185	11.4000000000015	3844	48174-48196
48185.4	11	3844	48174-48196
48185	10.5999999999985	3844	48174-48196
48184.6	11	3844	48174-48196
48185.1	11.5	3845	48174-48197
48185.5	11.9000000000015	3845	48174-48197
48185.9	11.5	3845	48174-48197
48185.5	11.0999999999985	3845	48174-48197
48185.1	11.5	3845	48174-48197
48185.6	12	3846	48174-48198
48186	12.4000000000015	3846	48174-48198
48186.4	12	3846	48174-48198
48186	11.5999999999985	3846	48174-48198
48185.6	12	3846	48174-48198
48186.1	12.5	3847	48174-48199
48186.5	12.9000000000015	3847	48174-48199
48186.9	12.5	3847	48174-48199
48186.5	12.0999999999985	3847	48174-48199
48186.1	12.5	3847	48174-48199
48174.6	0	3848	48175-48175
48175	0.400000000001455	3848	48175-48175
48175.4	0	3848	48175-48175
48175	-0.400000000001455	3848	48175-48175
48174.6	0	3848	48175-48175
48175.1	0.5	3849	48175-48176
48175.5	0.900000000001455	3849	48175-48176
48175.9	0.5	3849	48175-48176
48175.5	0.0999999999985448	3849	48175-48176
48175.1	0.5	3849	48175-48176
48175.6	1	3850	48175-48177
48176	1.40000000000146	3850	48175-48177
48176.4	1	3850	48175-48177
48176	0.599999999998545	3850	48175-48177
48175.6	1	3850	48175-48177
48176.1	1.5	3851	48175-48178
48176.5	1.90000000000146	3851	48175-48178
48176.9	1.5	3851	48175-48178
48176.5	1.09999999999854	3851	48175-48178
48176.1	1.5	3851	48175-48178
48176.6	2	3852	48175-48179
48177	2.40000000000146	3852	48175-48179
48177.4	2	3852	48175-48179
48177	1.59999999999854	3852	48175-48179
48176.6	2	3852	48175-48179
48177.1	2.5	3853	48175-48180
48177.5	2.90000000000146	3853	48175-48180
48177.9	2.5	3853	48175-48180
48177.5	2.09999999999854	3853	48175-48180
48177.1	2.5	3853	48175-48180
48177.6	3	3854	48175-48181
48178	3.40000000000146	3854	48175-48181
48178.4	3	3854	48175-48181
48178	2.59999999999855	3854	48175-48181
48177.6	3	3854	48175-48181
48178.1	3.5	3855	48175-48182
48178.5	3.90000000000146	3855	48175-48182
48178.9	3.5	3855	48175-48182
48178.5	3.09999999999855	3855	48175-48182
48178.1	3.5	3855	48175-48182
48178.6	4	3856	48175-48183
48179	4.40000000000146	3856	48175-48183
48179.4	4	3856	48175-48183
48179	3.59999999999855	3856	48175-48183
48178.6	4	3856	48175-48183
48179.1	4.5	3857	48175-48184
48179.5	4.90000000000146	3857	48175-48184
48179.9	4.5	3857	48175-48184
48179.5	4.09999999999855	3857	48175-48184
48179.1	4.5	3857	48175-48184
48179.6	5	3858	48175-48185
48180	5.40000000000146	3858	48175-48185
48180.4	5	3858	48175-48185
48180	4.59999999999855	3858	48175-48185
48179.6	5	3858	48175-48185
48180.1	5.5	3859	48175-48186
48180.5	5.90000000000146	3859	48175-48186
48180.9	5.5	3859	48175-48186
48180.5	5.09999999999855	3859	48175-48186
48180.1	5.5	3859	48175-48186
48180.6	6	3860	48175-48187
48181	6.40000000000146	3860	48175-48187
48181.4	6	3860	48175-48187
48181	5.59999999999855	3860	48175-48187
48180.6	6	3860	48175-48187
48181.1	6.5	3861	48175-48188
48181.5	6.90000000000146	3861	48175-48188
48181.9	6.5	3861	48175-48188
48181.5	6.09999999999855	3861	48175-48188
48181.1	6.5	3861	48175-48188
48181.6	7	3862	48175-48189
48182	7.40000000000146	3862	48175-48189
48182.4	7	3862	48175-48189
48182	6.59999999999855	3862	48175-48189
48181.6	7	3862	48175-48189
48182.1	7.5	3863	48175-48190
48182.5	7.90000000000146	3863	48175-48190
48182.9	7.5	3863	48175-48190
48182.5	7.09999999999855	3863	48175-48190
48182.1	7.5	3863	48175-48190
48182.6	8	3864	48175-48191
48183	8.40000000000146	3864	48175-48191
48183.4	8	3864	48175-48191
48183	7.59999999999855	3864	48175-48191
48182.6	8	3864	48175-48191
48183.1	8.5	3865	48175-48192
48183.5	8.90000000000146	3865	48175-48192
48183.9	8.5	3865	48175-48192
48183.5	8.09999999999855	3865	48175-48192
48183.1	8.5	3865	48175-48192
48183.6	9	3866	48175-48193
48184	9.40000000000146	3866	48175-48193
48184.4	9	3866	48175-48193
48184	8.59999999999855	3866	48175-48193
48183.6	9	3866	48175-48193
48184.1	9.5	3867	48175-48194
48184.5	9.90000000000146	3867	48175-48194
48184.9	9.5	3867	48175-48194
48184.5	9.09999999999854	3867	48175-48194
48184.1	9.5	3867	48175-48194
48184.6	10	3868	48175-48195
48185	10.4000000000015	3868	48175-48195
48185.4	10	3868	48175-48195
48185	9.59999999999854	3868	48175-48195
48184.6	10	3868	48175-48195
48185.1	10.5	3869	48175-48196
48185.5	10.9000000000015	3869	48175-48196
48185.9	10.5	3869	48175-48196
48185.5	10.0999999999985	3869	48175-48196
48185.1	10.5	3869	48175-48196
48185.6	11	3870	48175-48197
48186	11.4000000000015	3870	48175-48197
48186.4	11	3870	48175-48197
48186	10.5999999999985	3870	48175-48197
48185.6	11	3870	48175-48197
48186.1	11.5	3871	48175-48198
48186.5	11.9000000000015	3871	48175-48198
48186.9	11.5	3871	48175-48198
48186.5	11.0999999999985	3871	48175-48198
48186.1	11.5	3871	48175-48198
48186.6	12	3872	48175-48199
48187	12.4000000000015	3872	48175-48199
48187.4	12	3872	48175-48199
48187	11.5999999999985	3872	48175-48199
48186.6	12	3872	48175-48199
48175.6	0	3873	48176-48176
48176	0.400000000001455	3873	48176-48176
48176.4	0	3873	48176-48176
48176	-0.400000000001455	3873	48176-48176
48175.6	0	3873	48176-48176
48176.1	0.5	3874	48176-48177
48176.5	0.900000000001455	3874	48176-48177
48176.9	0.5	3874	48176-48177
48176.5	0.0999999999985448	3874	48176-48177
48176.1	0.5	3874	48176-48177
48176.6	1	3875	48176-48178
48177	1.40000000000146	3875	48176-48178
48177.4	1	3875	48176-48178
48177	0.599999999998545	3875	48176-48178
48176.6	1	3875	48176-48178
48177.1	1.5	3876	48176-48179
48177.5	1.90000000000146	3876	48176-48179
48177.9	1.5	3876	48176-48179
48177.5	1.09999999999854	3876	48176-48179
48177.1	1.5	3876	48176-48179
48177.6	2	3877	48176-48180
48178	2.40000000000146	3877	48176-48180
48178.4	2	3877	48176-48180
48178	1.59999999999854	3877	48176-48180
48177.6	2	3877	48176-48180
48178.1	2.5	3878	48176-48181
48178.5	2.90000000000146	3878	48176-48181
48178.9	2.5	3878	48176-48181
48178.5	2.09999999999854	3878	48176-48181
48178.1	2.5	3878	48176-48181
48178.6	3	3879	48176-48182
48179	3.40000000000146	3879	48176-48182
48179.4	3	3879	48176-48182
48179	2.59999999999855	3879	48176-48182
48178.6	3	3879	48176-48182
48179.1	3.5	3880	48176-48183
48179.5	3.90000000000146	3880	48176-48183
48179.9	3.5	3880	48176-48183
48179.5	3.09999999999855	3880	48176-48183
48179.1	3.5	3880	48176-48183
48179.6	4	3881	48176-48184
48180	4.40000000000146	3881	48176-48184
48180.4	4	3881	48176-48184
48180	3.59999999999855	3881	48176-48184
48179.6	4	3881	48176-48184
48180.1	4.5	3882	48176-48185
48180.5	4.90000000000146	3882	48176-48185
48180.9	4.5	3882	48176-48185
48180.5	4.09999999999855	3882	48176-48185
48180.1	4.5	3882	48176-48185
48180.6	5	3883	48176-48186
48181	5.40000000000146	3883	48176-48186
48181.4	5	3883	48176-48186
48181	4.59999999999855	3883	48176-48186
48180.6	5	3883	48176-48186
48181.1	5.5	3884	48176-48187
48181.5	5.90000000000146	3884	48176-48187
48181.9	5.5	3884	48176-48187
48181.5	5.09999999999855	3884	48176-48187
48181.1	5.5	3884	48176-48187
48181.6	6	3885	48176-48188
48182	6.40000000000146	3885	48176-48188
48182.4	6	3885	48176-48188
48182	5.59999999999855	3885	48176-48188
48181.6	6	3885	48176-48188
48182.1	6.5	3886	48176-48189
48182.5	6.90000000000146	3886	48176-48189
48182.9	6.5	3886	48176-48189
48182.5	6.09999999999855	3886	48176-48189
48182.1	6.5	3886	48176-48189
48182.6	7	3887	48176-48190
48183	7.40000000000146	3887	48176-48190
48183.4	7	3887	48176-48190
48183	6.59999999999855	3887	48176-48190
48182.6	7	3887	48176-48190
48183.1	7.5	3888	48176-48191
48183.5	7.90000000000146	3888	48176-48191
48183.9	7.5	3888	48176-48191
48183.5	7.09999999999855	3888	48176-48191
48183.1	7.5	3888	48176-48191
48183.6	8	3889	48176-48192
48184	8.40000000000146	3889	48176-48192
48184.4	8	3889	48176-48192
48184	7.59999999999855	3889	48176-48192
48183.6	8	3889	48176-48192
48184.1	8.5	3890	48176-48193
48184.5	8.90000000000146	3890	48176-48193
48184.9	8.5	3890	48176-48193
48184.5	8.09999999999855	3890	48176-48193
48184.1	8.5	3890	48176-48193
48184.6	9	3891	48176-48194
48185	9.40000000000146	3891	48176-48194
48185.4	9	3891	48176-48194
48185	8.59999999999855	3891	48176-48194
48184.6	9	3891	48176-48194
48185.1	9.5	3892	48176-48195
48185.5	9.90000000000146	3892	48176-48195
48185.9	9.5	3892	48176-48195
48185.5	9.09999999999854	3892	48176-48195
48185.1	9.5	3892	48176-48195
48185.6	10	3893	48176-48196
48186	10.4000000000015	3893	48176-48196
48186.4	10	3893	48176-48196
48186	9.59999999999854	3893	48176-48196
48185.6	10	3893	48176-48196
48186.1	10.5	3894	48176-48197
48186.5	10.9000000000015	3894	48176-48197
48186.9	10.5	3894	48176-48197
48186.5	10.0999999999985	3894	48176-48197
48186.1	10.5	3894	48176-48197
48186.6	11	3895	48176-48198
48187	11.4000000000015	3895	48176-48198
48187.4	11	3895	48176-48198
48187	10.5999999999985	3895	48176-48198
48186.6	11	3895	48176-48198
48187.1	11.5	3896	48176-48199
48187.5	11.9000000000015	3896	48176-48199
48187.9	11.5	3896	48176-48199
48187.5	11.0999999999985	3896	48176-48199
48187.1	11.5	3896	48176-48199
48176.6	0	3897	48177-48177
48177	0.400000000001455	3897	48177-48177
48177.4	0	3897	48177-48177
48177	-0.400000000001455	3897	48177-48177
48176.6	0	3897	48177-48177
48177.1	0.5	3898	48177-48178
48177.5	0.900000000001455	3898	48177-48178
48177.9	0.5	3898	48177-48178
48177.5	0.0999999999985448	3898	48177-48178
48177.1	0.5	3898	48177-48178
48177.6	1	3899	48177-48179
48178	1.40000000000146	3899	48177-48179
48178.4	1	3899	48177-48179
48178	0.599999999998545	3899	48177-48179
48177.6	1	3899	48177-48179
48178.1	1.5	3900	48177-48180
48178.5	1.90000000000146	3900	48177-48180
48178.9	1.5	3900	48177-48180
48178.5	1.09999999999854	3900	48177-48180
48178.1	1.5	3900	48177-48180
48178.6	2	3901	48177-48181
48179	2.40000000000146	3901	48177-48181
48179.4	2	3901	48177-48181
48179	1.59999999999854	3901	48177-48181
48178.6	2	3901	48177-48181
48179.1	2.5	3902	48177-48182
48179.5	2.90000000000146	3902	48177-48182
48179.9	2.5	3902	48177-48182
48179.5	2.09999999999854	3902	48177-48182
48179.1	2.5	3902	48177-48182
48179.6	3	3903	48177-48183
48180	3.40000000000146	3903	48177-48183
48180.4	3	3903	48177-48183
48180	2.59999999999855	3903	48177-48183
48179.6	3	3903	48177-48183
48180.1	3.5	3904	48177-48184
48180.5	3.90000000000146	3904	48177-48184
48180.9	3.5	3904	48177-48184
48180.5	3.09999999999855	3904	48177-48184
48180.1	3.5	3904	48177-48184
48180.6	4	3905	48177-48185
48181	4.40000000000146	3905	48177-48185
48181.4	4	3905	48177-48185
48181	3.59999999999855	3905	48177-48185
48180.6	4	3905	48177-48185
48181.1	4.5	3906	48177-48186
48181.5	4.90000000000146	3906	48177-48186
48181.9	4.5	3906	48177-48186
48181.5	4.09999999999855	3906	48177-48186
48181.1	4.5	3906	48177-48186
48181.6	5	3907	48177-48187
48182	5.40000000000146	3907	48177-48187
48182.4	5	3907	48177-48187
48182	4.59999999999855	3907	48177-48187
48181.6	5	3907	48177-48187
48182.1	5.5	3908	48177-48188
48182.5	5.90000000000146	3908	48177-48188
48182.9	5.5	3908	48177-48188
48182.5	5.09999999999855	3908	48177-48188
48182.1	5.5	3908	48177-48188
48182.6	6	3909	48177-48189
48183	6.40000000000146	3909	48177-48189
48183.4	6	3909	48177-48189
48183	5.59999999999855	3909	48177-48189
48182.6	6	3909	48177-48189
48183.1	6.5	3910	48177-48190
48183.5	6.90000000000146	3910	48177-48190
48183.9	6.5	3910	48177-48190
48183.5	6.09999999999855	3910	48177-48190
48183.1	6.5	3910	48177-48190
48183.6	7	3911	48177-48191
48184	7.40000000000146	3911	48177-48191
48184.4	7	3911	48177-48191
48184	6.59999999999855	3911	48177-48191
48183.6	7	3911	48177-48191
48184.1	7.5	3912	48177-48192
48184.5	7.90000000000146	3912	48177-48192
48184.9	7.5	3912	48177-48192
48184.5	7.09999999999855	3912	48177-48192
48184.1	7.5	3912	48177-48192
48184.6	8	3913	48177-48193
48185	8.40000000000146	3913	48177-48193
48185.4	8	3913	48177-48193
48185	7.59999999999855	3913	48177-48193
48184.6	8	3913	48177-48193
48185.1	8.5	3914	48177-48194
48185.5	8.90000000000146	3914	48177-48194
48185.9	8.5	3914	48177-48194
48185.5	8.09999999999855	3914	48177-48194
48185.1	8.5	3914	48177-48194
48185.6	9	3915	48177-48195
48186	9.40000000000146	3915	48177-48195
48186.4	9	3915	48177-48195
48186	8.59999999999855	3915	48177-48195
48185.6	9	3915	48177-48195
48186.1	9.5	3916	48177-48196
48186.5	9.90000000000146	3916	48177-48196
48186.9	9.5	3916	48177-48196
48186.5	9.09999999999854	3916	48177-48196
48186.1	9.5	3916	48177-48196
48186.6	10	3917	48177-48197
48187	10.4000000000015	3917	48177-48197
48187.4	10	3917	48177-48197
48187	9.59999999999854	3917	48177-48197
48186.6	10	3917	48177-48197
48187.1	10.5	3918	48177-48198
48187.5	10.9000000000015	3918	48177-48198
48187.9	10.5	3918	48177-48198
48187.5	10.0999999999985	3918	48177-48198
48187.1	10.5	3918	48177-48198
48187.6	11	3919	48177-48199
48188	11.4000000000015	3919	48177-48199
48188.4	11	3919	48177-48199
48188	10.5999999999985	3919	48177-48199
48187.6	11	3919	48177-48199
48177.6	0	3920	48178-48178
48178	0.400000000001455	3920	48178-48178
48178.4	0	3920	48178-48178
48178	-0.400000000001455	3920	48178-48178
48177.6	0	3920	48178-48178
48178.1	0.5	3921	48178-48179
48178.5	0.900000000001455	3921	48178-48179
48178.9	0.5	3921	48178-48179
48178.5	0.0999999999985448	3921	48178-48179
48178.1	0.5	3921	48178-48179
48178.6	1	3922	48178-48180
48179	1.40000000000146	3922	48178-48180
48179.4	1	3922	48178-48180
48179	0.599999999998545	3922	48178-48180
48178.6	1	3922	48178-48180
48179.1	1.5	3923	48178-48181
48179.5	1.90000000000146	3923	48178-48181
48179.9	1.5	3923	48178-48181
48179.5	1.09999999999854	3923	48178-48181
48179.1	1.5	3923	48178-48181
48179.6	2	3924	48178-48182
48180	2.40000000000146	3924	48178-48182
48180.4	2	3924	48178-48182
48180	1.59999999999854	3924	48178-48182
48179.6	2	3924	48178-48182
48180.1	2.5	3925	48178-48183
48180.5	2.90000000000146	3925	48178-48183
48180.9	2.5	3925	48178-48183
48180.5	2.09999999999854	3925	48178-48183
48180.1	2.5	3925	48178-48183
48180.6	3	3926	48178-48184
48181	3.40000000000146	3926	48178-48184
48181.4	3	3926	48178-48184
48181	2.59999999999855	3926	48178-48184
48180.6	3	3926	48178-48184
48181.1	3.5	3927	48178-48185
48181.5	3.90000000000146	3927	48178-48185
48181.9	3.5	3927	48178-48185
48181.5	3.09999999999855	3927	48178-48185
48181.1	3.5	3927	48178-48185
48181.6	4	3928	48178-48186
48182	4.40000000000146	3928	48178-48186
48182.4	4	3928	48178-48186
48182	3.59999999999855	3928	48178-48186
48181.6	4	3928	48178-48186
48182.1	4.5	3929	48178-48187
48182.5	4.90000000000146	3929	48178-48187
48182.9	4.5	3929	48178-48187
48182.5	4.09999999999855	3929	48178-48187
48182.1	4.5	3929	48178-48187
48182.6	5	3930	48178-48188
48183	5.40000000000146	3930	48178-48188
48183.4	5	3930	48178-48188
48183	4.59999999999855	3930	48178-48188
48182.6	5	3930	48178-48188
48183.1	5.5	3931	48178-48189
48183.5	5.90000000000146	3931	48178-48189
48183.9	5.5	3931	48178-48189
48183.5	5.09999999999855	3931	48178-48189
48183.1	5.5	3931	48178-48189
48183.6	6	3932	48178-48190
48184	6.40000000000146	3932	48178-48190
48184.4	6	3932	48178-48190
48184	5.59999999999855	3932	48178-48190
48183.6	6	3932	48178-48190
48184.1	6.5	3933	48178-48191
48184.5	6.90000000000146	3933	48178-48191
48184.9	6.5	3933	48178-48191
48184.5	6.09999999999855	3933	48178-48191
48184.1	6.5	3933	48178-48191
48184.6	7	3934	48178-48192
48185	7.40000000000146	3934	48178-48192
48185.4	7	3934	48178-48192
48185	6.59999999999855	3934	48178-48192
48184.6	7	3934	48178-48192
48185.1	7.5	3935	48178-48193
48185.5	7.90000000000146	3935	48178-48193
48185.9	7.5	3935	48178-48193
48185.5	7.09999999999855	3935	48178-48193
48185.1	7.5	3935	48178-48193
48185.6	8	3936	48178-48194
48186	8.40000000000146	3936	48178-48194
48186.4	8	3936	48178-48194
48186	7.59999999999855	3936	48178-48194
48185.6	8	3936	48178-48194
48186.1	8.5	3937	48178-48195
48186.5	8.90000000000146	3937	48178-48195
48186.9	8.5	3937	48178-48195
48186.5	8.09999999999855	3937	48178-48195
48186.1	8.5	3937	48178-48195
48186.6	9	3938	48178-48196
48187	9.40000000000146	3938	48178-48196
48187.4	9	3938	48178-48196
48187	8.59999999999855	3938	48178-48196
48186.6	9	3938	48178-48196
48187.1	9.5	3939	48178-48197
48187.5	9.90000000000146	3939	48178-48197
48187.9	9.5	3939	48178-48197
48187.5	9.09999999999854	3939	48178-48197
48187.1	9.5	3939	48178-48197
48187.6	10	3940	48178-48198
48188	10.4000000000015	3940	48178-48198
48188.4	10	3940	48178-48198
48188	9.59999999999854	3940	48178-48198
48187.6	10	3940	48178-48198
48188.1	10.5	3941	48178-48199
48188.5	10.9000000000015	3941	48178-48199
48188.9	10.5	3941	48178-48199
48188.5	10.0999999999985	3941	48178-48199
48188.1	10.5	3941	48178-48199
48178.6	0	3942	48179-48179
48179	0.400000000001455	3942	48179-48179
48179.4	0	3942	48179-48179
48179	-0.400000000001455	3942	48179-48179
48178.6	0	3942	48179-48179
48179.1	0.5	3943	48179-48180
48179.5	0.900000000001455	3943	48179-48180
48179.9	0.5	3943	48179-48180
48179.5	0.0999999999985448	3943	48179-48180
48179.1	0.5	3943	48179-48180
48179.6	1	3944	48179-48181
48180	1.40000000000146	3944	48179-48181
48180.4	1	3944	48179-48181
48180	0.599999999998545	3944	48179-48181
48179.6	1	3944	48179-48181
48180.1	1.5	3945	48179-48182
48180.5	1.90000000000146	3945	48179-48182
48180.9	1.5	3945	48179-48182
48180.5	1.09999999999854	3945	48179-48182
48180.1	1.5	3945	48179-48182
48180.6	2	3946	48179-48183
48181	2.40000000000146	3946	48179-48183
48181.4	2	3946	48179-48183
48181	1.59999999999854	3946	48179-48183
48180.6	2	3946	48179-48183
48181.1	2.5	3947	48179-48184
48181.5	2.90000000000146	3947	48179-48184
48181.9	2.5	3947	48179-48184
48181.5	2.09999999999854	3947	48179-48184
48181.1	2.5	3947	48179-48184
48181.6	3	3948	48179-48185
48182	3.40000000000146	3948	48179-48185
48182.4	3	3948	48179-48185
48182	2.59999999999855	3948	48179-48185
48181.6	3	3948	48179-48185
48182.1	3.5	3949	48179-48186
48182.5	3.90000000000146	3949	48179-48186
48182.9	3.5	3949	48179-48186
48182.5	3.09999999999855	3949	48179-48186
48182.1	3.5	3949	48179-48186
48182.6	4	3950	48179-48187
48183	4.40000000000146	3950	48179-48187
48183.4	4	3950	48179-48187
48183	3.59999999999855	3950	48179-48187
48182.6	4	3950	48179-48187
48183.1	4.5	3951	48179-48188
48183.5	4.90000000000146	3951	48179-48188
48183.9	4.5	3951	48179-48188
48183.5	4.09999999999855	3951	48179-48188
48183.1	4.5	3951	48179-48188
48183.6	5	3952	48179-48189
48184	5.40000000000146	3952	48179-48189
48184.4	5	3952	48179-48189
48184	4.59999999999855	3952	48179-48189
48183.6	5	3952	48179-48189
48184.1	5.5	3953	48179-48190
48184.5	5.90000000000146	3953	48179-48190
48184.9	5.5	3953	48179-48190
48184.5	5.09999999999855	3953	48179-48190
48184.1	5.5	3953	48179-48190
48184.6	6	3954	48179-48191
48185	6.40000000000146	3954	48179-48191
48185.4	6	3954	48179-48191
48185	5.59999999999855	3954	48179-48191
48184.6	6	3954	48179-48191
48185.1	6.5	3955	48179-48192
48185.5	6.90000000000146	3955	48179-48192
48185.9	6.5	3955	48179-48192
48185.5	6.09999999999855	3955	48179-48192
48185.1	6.5	3955	48179-48192
48185.6	7	3956	48179-48193
48186	7.40000000000146	3956	48179-48193
48186.4	7	3956	48179-48193
48186	6.59999999999855	3956	48179-48193
48185.6	7	3956	48179-48193
48186.1	7.5	3957	48179-48194
48186.5	7.90000000000146	3957	48179-48194
48186.9	7.5	3957	48179-48194
48186.5	7.09999999999855	3957	48179-48194
48186.1	7.5	3957	48179-48194
48186.6	8	3958	48179-48195
48187	8.40000000000146	3958	48179-48195
48187.4	8	3958	48179-48195
48187	7.59999999999855	3958	48179-48195
48186.6	8	3958	48179-48195
48187.1	8.5	3959	48179-48196
48187.5	8.90000000000146	3959	48179-48196
48187.9	8.5	3959	48179-48196
48187.5	8.09999999999855	3959	48179-48196
48187.1	8.5	3959	48179-48196
48187.6	9	3960	48179-48197
48188	9.40000000000146	3960	48179-48197
48188.4	9	3960	48179-48197
48188	8.59999999999855	3960	48179-48197
48187.6	9	3960	48179-48197
48188.1	9.5	3961	48179-48198
48188.5	9.90000000000146	3961	48179-48198
48188.9	9.5	3961	48179-48198
48188.5	9.09999999999854	3961	48179-48198
48188.1	9.5	3961	48179-48198
48188.6	10	3962	48179-48199
48189	10.4000000000015	3962	48179-48199
48189.4	10	3962	48179-48199
48189	9.59999999999854	3962	48179-48199
48188.6	10	3962	48179-48199
48179.6	0	3963	48180-48180
48180	0.400000000001455	3963	48180-48180
48180.4	0	3963	48180-48180
48180	-0.400000000001455	3963	48180-48180
48179.6	0	3963	48180-48180
48180.1	0.5	3964	48180-48181
48180.5	0.900000000001455	3964	48180-48181
48180.9	0.5	3964	48180-48181
48180.5	0.0999999999985448	3964	48180-48181
48180.1	0.5	3964	48180-48181
48180.6	1	3965	48180-48182
48181	1.40000000000146	3965	48180-48182
48181.4	1	3965	48180-48182
48181	0.599999999998545	3965	48180-48182
48180.6	1	3965	48180-48182
48181.1	1.5	3966	48180-48183
48181.5	1.90000000000146	3966	48180-48183
48181.9	1.5	3966	48180-48183
48181.5	1.09999999999854	3966	48180-48183
48181.1	1.5	3966	48180-48183
48181.6	2	3967	48180-48184
48182	2.40000000000146	3967	48180-48184
48182.4	2	3967	48180-48184
48182	1.59999999999854	3967	48180-48184
48181.6	2	3967	48180-48184
48182.1	2.5	3968	48180-48185
48182.5	2.90000000000146	3968	48180-48185
48182.9	2.5	3968	48180-48185
48182.5	2.09999999999854	3968	48180-48185
48182.1	2.5	3968	48180-48185
48182.6	3	3969	48180-48186
48183	3.40000000000146	3969	48180-48186
48183.4	3	3969	48180-48186
48183	2.59999999999855	3969	48180-48186
48182.6	3	3969	48180-48186
48183.1	3.5	3970	48180-48187
48183.5	3.90000000000146	3970	48180-48187
48183.9	3.5	3970	48180-48187
48183.5	3.09999999999855	3970	48180-48187
48183.1	3.5	3970	48180-48187
48183.6	4	3971	48180-48188
48184	4.40000000000146	3971	48180-48188
48184.4	4	3971	48180-48188
48184	3.59999999999855	3971	48180-48188
48183.6	4	3971	48180-48188
48184.1	4.5	3972	48180-48189
48184.5	4.90000000000146	3972	48180-48189
48184.9	4.5	3972	48180-48189
48184.5	4.09999999999855	3972	48180-48189
48184.1	4.5	3972	48180-48189
48184.6	5	3973	48180-48190
48185	5.40000000000146	3973	48180-48190
48185.4	5	3973	48180-48190
48185	4.59999999999855	3973	48180-48190
48184.6	5	3973	48180-48190
48185.1	5.5	3974	48180-48191
48185.5	5.90000000000146	3974	48180-48191
48185.9	5.5	3974	48180-48191
48185.5	5.09999999999855	3974	48180-48191
48185.1	5.5	3974	48180-48191
48185.6	6	3975	48180-48192
48186	6.40000000000146	3975	48180-48192
48186.4	6	3975	48180-48192
48186	5.59999999999855	3975	48180-48192
48185.6	6	3975	48180-48192
48186.1	6.5	3976	48180-48193
48186.5	6.90000000000146	3976	48180-48193
48186.9	6.5	3976	48180-48193
48186.5	6.09999999999855	3976	48180-48193
48186.1	6.5	3976	48180-48193
48186.6	7	3977	48180-48194
48187	7.40000000000146	3977	48180-48194
48187.4	7	3977	48180-48194
48187	6.59999999999855	3977	48180-48194
48186.6	7	3977	48180-48194
48187.1	7.5	3978	48180-48195
48187.5	7.90000000000146	3978	48180-48195
48187.9	7.5	3978	48180-48195
48187.5	7.09999999999855	3978	48180-48195
48187.1	7.5	3978	48180-48195
48187.6	8	3979	48180-48196
48188	8.40000000000146	3979	48180-48196
48188.4	8	3979	48180-48196
48188	7.59999999999855	3979	48180-48196
48187.6	8	3979	48180-48196
48188.1	8.5	3980	48180-48197
48188.5	8.90000000000146	3980	48180-48197
48188.9	8.5	3980	48180-48197
48188.5	8.09999999999855	3980	48180-48197
48188.1	8.5	3980	48180-48197
48188.6	9	3981	48180-48198
48189	9.40000000000146	3981	48180-48198
48189.4	9	3981	48180-48198
48189	8.59999999999855	3981	48180-48198
48188.6	9	3981	48180-48198
48189.1	9.5	3982	48180-48199
48189.5	9.90000000000146	3982	48180-48199
48189.9	9.5	3982	48180-48199
48189.5	9.09999999999854	3982	48180-48199
48189.1	9.5	3982	48180-48199
48180.6	0	3983	48181-48181
48181	0.400000000001455	3983	48181-48181
48181.4	0	3983	48181-48181
48181	-0.400000000001455	3983	48181-48181
48180.6	0	3983	48181-48181
48181.1	0.5	3984	48181-48182
48181.5	0.900000000001455	3984	48181-48182
48181.9	0.5	3984	48181-48182
48181.5	0.0999999999985448	3984	48181-48182
48181.1	0.5	3984	48181-48182
48181.6	1	3985	48181-48183
48182	1.40000000000146	3985	48181-48183
48182.4	1	3985	48181-48183
48182	0.599999999998545	3985	48181-48183
48181.6	1	3985	48181-48183
48182.1	1.5	3986	48181-48184
48182.5	1.90000000000146	3986	48181-48184
48182.9	1.5	3986	48181-48184
48182.5	1.09999999999854	3986	48181-48184
48182.1	1.5	3986	48181-48184
48182.6	2	3987	48181-48185
48183	2.40000000000146	3987	48181-48185
48183.4	2	3987	48181-48185
48183	1.59999999999854	3987	48181-48185
48182.6	2	3987	48181-48185
48183.1	2.5	3988	48181-48186
48183.5	2.90000000000146	3988	48181-48186
48183.9	2.5	3988	48181-48186
48183.5	2.09999999999854	3988	48181-48186
48183.1	2.5	3988	48181-48186
48183.6	3	3989	48181-48187
48184	3.40000000000146	3989	48181-48187
48184.4	3	3989	48181-48187
48184	2.59999999999855	3989	48181-48187
48183.6	3	3989	48181-48187
48184.1	3.5	3990	48181-48188
48184.5	3.90000000000146	3990	48181-48188
48184.9	3.5	3990	48181-48188
48184.5	3.09999999999855	3990	48181-48188
48184.1	3.5	3990	48181-48188
48184.6	4	3991	48181-48189
48185	4.40000000000146	3991	48181-48189
48185.4	4	3991	48181-48189
48185	3.59999999999855	3991	48181-48189
48184.6	4	3991	48181-48189
48185.1	4.5	3992	48181-48190
48185.5	4.90000000000146	3992	48181-48190
48185.9	4.5	3992	48181-48190
48185.5	4.09999999999855	3992	48181-48190
48185.1	4.5	3992	48181-48190
48185.6	5	3993	48181-48191
48186	5.40000000000146	3993	48181-48191
48186.4	5	3993	48181-48191
48186	4.59999999999855	3993	48181-48191
48185.6	5	3993	48181-48191
48186.1	5.5	3994	48181-48192
48186.5	5.90000000000146	3994	48181-48192
48186.9	5.5	3994	48181-48192
48186.5	5.09999999999855	3994	48181-48192
48186.1	5.5	3994	48181-48192
48186.6	6	3995	48181-48193
48187	6.40000000000146	3995	48181-48193
48187.4	6	3995	48181-48193
48187	5.59999999999855	3995	48181-48193
48186.6	6	3995	48181-48193
48187.1	6.5	3996	48181-48194
48187.5	6.90000000000146	3996	48181-48194
48187.9	6.5	3996	48181-48194
48187.5	6.09999999999855	3996	48181-48194
48187.1	6.5	3996	48181-48194
48187.6	7	3997	48181-48195
48188	7.40000000000146	3997	48181-48195
48188.4	7	3997	48181-48195
48188	6.59999999999855	3997	48181-48195
48187.6	7	3997	48181-48195
48188.1	7.5	3998	48181-48196
48188.5	7.90000000000146	3998	48181-48196
48188.9	7.5	3998	48181-48196
48188.5	7.09999999999855	3998	48181-48196
48188.1	7.5	3998	48181-48196
48188.6	8	3999	48181-48197
48189	8.40000000000146	3999	48181-48197
48189.4	8	3999	48181-48197
48189	7.59999999999855	3999	48181-48197
48188.6	8	3999	48181-48197
48189.1	8.5	4000	48181-48198
48189.5	8.90000000000146	4000	48181-48198
48189.9	8.5	4000	48181-48198
48189.5	8.09999999999855	4000	48181-48198
48189.1	8.5	4000	48181-48198
48189.6	9	4001	48181-48199
48190	9.40000000000146	4001	48181-48199
48190.4	9	4001	48181-48199
48190	8.59999999999855	4001	48181-48199
48189.6	9	4001	48181-48199
48181.6	0	4002	48182-48182
48182	0.400000000001455	4002	48182-48182
48182.4	0	4002	48182-48182
48182	-0.400000000001455	4002	48182-48182
48181.6	0	4002	48182-48182
48182.1	0.5	4003	48182-48183
48182.5	0.900000000001455	4003	48182-48183
48182.9	0.5	4003	48182-48183
48182.5	0.0999999999985448	4003	48182-48183
48182.1	0.5	4003	48182-48183
48182.6	1	4004	48182-48184
48183	1.40000000000146	4004	48182-48184
48183.4	1	4004	48182-48184
48183	0.599999999998545	4004	48182-48184
48182.6	1	4004	48182-48184
48183.1	1.5	4005	48182-48185
48183.5	1.90000000000146	4005	48182-48185
48183.9	1.5	4005	48182-48185
48183.5	1.09999999999854	4005	48182-48185
48183.1	1.5	4005	48182-48185
48183.6	2	4006	48182-48186
48184	2.40000000000146	4006	48182-48186
48184.4	2	4006	48182-48186
48184	1.59999999999854	4006	48182-48186
48183.6	2	4006	48182-48186
48184.1	2.5	4007	48182-48187
48184.5	2.90000000000146	4007	48182-48187
48184.9	2.5	4007	48182-48187
48184.5	2.09999999999854	4007	48182-48187
48184.1	2.5	4007	48182-48187
48184.6	3	4008	48182-48188
48185	3.40000000000146	4008	48182-48188
48185.4	3	4008	48182-48188
48185	2.59999999999855	4008	48182-48188
48184.6	3	4008	48182-48188
48185.1	3.5	4009	48182-48189
48185.5	3.90000000000146	4009	48182-48189
48185.9	3.5	4009	48182-48189
48185.5	3.09999999999855	4009	48182-48189
48185.1	3.5	4009	48182-48189
48185.6	4	4010	48182-48190
48186	4.40000000000146	4010	48182-48190
48186.4	4	4010	48182-48190
48186	3.59999999999855	4010	48182-48190
48185.6	4	4010	48182-48190
48186.1	4.5	4011	48182-48191
48186.5	4.90000000000146	4011	48182-48191
48186.9	4.5	4011	48182-48191
48186.5	4.09999999999855	4011	48182-48191
48186.1	4.5	4011	48182-48191
48186.6	5	4012	48182-48192
48187	5.40000000000146	4012	48182-48192
48187.4	5	4012	48182-48192
48187	4.59999999999855	4012	48182-48192
48186.6	5	4012	48182-48192
48187.1	5.5	4013	48182-48193
48187.5	5.90000000000146	4013	48182-48193
48187.9	5.5	4013	48182-48193
48187.5	5.09999999999855	4013	48182-48193
48187.1	5.5	4013	48182-48193
48187.6	6	4014	48182-48194
48188	6.40000000000146	4014	48182-48194
48188.4	6	4014	48182-48194
48188	5.59999999999855	4014	48182-48194
48187.6	6	4014	48182-48194
48188.1	6.5	4015	48182-48195
48188.5	6.90000000000146	4015	48182-48195
48188.9	6.5	4015	48182-48195
48188.5	6.09999999999855	4015	48182-48195
48188.1	6.5	4015	48182-48195
48188.6	7	4016	48182-48196
48189	7.40000000000146	4016	48182-48196
48189.4	7	4016	48182-48196
48189	6.59999999999855	4016	48182-48196
48188.6	7	4016	48182-48196
48189.1	7.5	4017	48182-48197
48189.5	7.90000000000146	4017	48182-48197
48189.9	7.5	4017	48182-48197
48189.5	7.09999999999855	4017	48182-48197
48189.1	7.5	4017	48182-48197
48189.6	8	4018	48182-48198
48190	8.40000000000146	4018	48182-48198
48190.4	8	4018	48182-48198
48190	7.59999999999855	4018	48182-48198
48189.6	8	4018	48182-48198
48190.1	8.5	4019	48182-48199
48190.5	8.90000000000146	4019	48182-48199
48190.9	8.5	4019	48182-48199
48190.5	8.09999999999855	4019	48182-48199
48190.1	8.5	4019	48182-48199
48182.6	0	4020	48183-48183
48183	0.400000000001455	4020	48183-48183
48183.4	0	4020	48183-48183
48183	-0.400000000001455	4020	48183-48183
48182.6	0	4020	48183-48183
48183.1	0.5	4021	48183-48184
48183.5	0.900000000001455	4021	48183-48184
48183.9	0.5	4021	48183-48184
48183.5	0.0999999999985448	4021	48183-48184
48183.1	0.5	4021	48183-48184
48183.6	1	4022	48183-48185
48184	1.40000000000146	4022	48183-48185
48184.4	1	4022	48183-48185
48184	0.599999999998545	4022	48183-48185
48183.6	1	4022	48183-48185
48184.1	1.5	4023	48183-48186
48184.5	1.90000000000146	4023	48183-48186
48184.9	1.5	4023	48183-48186
48184.5	1.09999999999854	4023	48183-48186
48184.1	1.5	4023	48183-48186
48184.6	2	4024	48183-48187
48185	2.40000000000146	4024	48183-48187
48185.4	2	4024	48183-48187
48185	1.59999999999854	4024	48183-48187
48184.6	2	4024	48183-48187
48185.1	2.5	4025	48183-48188
48185.5	2.90000000000146	4025	48183-48188
48185.9	2.5	4025	48183-48188
48185.5	2.09999999999854	4025	48183-48188
48185.1	2.5	4025	48183-48188
48185.6	3	4026	48183-48189
48186	3.40000000000146	4026	48183-48189
48186.4	3	4026	48183-48189
48186	2.59999999999855	4026	48183-48189
48185.6	3	4026	48183-48189
48186.1	3.5	4027	48183-48190
48186.5	3.90000000000146	4027	48183-48190
48186.9	3.5	4027	48183-48190
48186.5	3.09999999999855	4027	48183-48190
48186.1	3.5	4027	48183-48190
48186.6	4	4028	48183-48191
48187	4.40000000000146	4028	48183-48191
48187.4	4	4028	48183-48191
48187	3.59999999999855	4028	48183-48191
48186.6	4	4028	48183-48191
48187.1	4.5	4029	48183-48192
48187.5	4.90000000000146	4029	48183-48192
48187.9	4.5	4029	48183-48192
48187.5	4.09999999999855	4029	48183-48192
48187.1	4.5	4029	48183-48192
48187.6	5	4030	48183-48193
48188	5.40000000000146	4030	48183-48193
48188.4	5	4030	48183-48193
48188	4.59999999999855	4030	48183-48193
48187.6	5	4030	48183-48193
48188.1	5.5	4031	48183-48194
48188.5	5.90000000000146	4031	48183-48194
48188.9	5.5	4031	48183-48194
48188.5	5.09999999999855	4031	48183-48194
48188.1	5.5	4031	48183-48194
48188.6	6	4032	48183-48195
48189	6.40000000000146	4032	48183-48195
48189.4	6	4032	48183-48195
48189	5.59999999999855	4032	48183-48195
48188.6	6	4032	48183-48195
48189.1	6.5	4033	48183-48196
48189.5	6.90000000000146	4033	48183-48196
48189.9	6.5	4033	48183-48196
48189.5	6.09999999999855	4033	48183-48196
48189.1	6.5	4033	48183-48196
48189.6	7	4034	48183-48197
48190	7.40000000000146	4034	48183-48197
48190.4	7	4034	48183-48197
48190	6.59999999999855	4034	48183-48197
48189.6	7	4034	48183-48197
48190.1	7.5	4035	48183-48198
48190.5	7.90000000000146	4035	48183-48198
48190.9	7.5	4035	48183-48198
48190.5	7.09999999999855	4035	48183-48198
48190.1	7.5	4035	48183-48198
48190.6	8	4036	48183-48199
48191	8.40000000000146	4036	48183-48199
48191.4	8	4036	48183-48199
48191	7.59999999999855	4036	48183-48199
48190.6	8	4036	48183-48199
48183.6	0	4037	48184-48184
48184	0.400000000001455	4037	48184-48184
48184.4	0	4037	48184-48184
48184	-0.400000000001455	4037	48184-48184
48183.6	0	4037	48184-48184
48184.1	0.5	4038	48184-48185
48184.5	0.900000000001455	4038	48184-48185
48184.9	0.5	4038	48184-48185
48184.5	0.0999999999985448	4038	48184-48185
48184.1	0.5	4038	48184-48185
48184.6	1	4039	48184-48186
48185	1.40000000000146	4039	48184-48186
48185.4	1	4039	48184-48186
48185	0.599999999998545	4039	48184-48186
48184.6	1	4039	48184-48186
48185.1	1.5	4040	48184-48187
48185.5	1.90000000000146	4040	48184-48187
48185.9	1.5	4040	48184-48187
48185.5	1.09999999999854	4040	48184-48187
48185.1	1.5	4040	48184-48187
48185.6	2	4041	48184-48188
48186	2.40000000000146	4041	48184-48188
48186.4	2	4041	48184-48188
48186	1.59999999999854	4041	48184-48188
48185.6	2	4041	48184-48188
48186.1	2.5	4042	48184-48189
48186.5	2.90000000000146	4042	48184-48189
48186.9	2.5	4042	48184-48189
48186.5	2.09999999999854	4042	48184-48189
48186.1	2.5	4042	48184-48189
48186.6	3	4043	48184-48190
48187	3.40000000000146	4043	48184-48190
48187.4	3	4043	48184-48190
48187	2.59999999999855	4043	48184-48190
48186.6	3	4043	48184-48190
48187.1	3.5	4044	48184-48191
48187.5	3.90000000000146	4044	48184-48191
48187.9	3.5	4044	48184-48191
48187.5	3.09999999999855	4044	48184-48191
48187.1	3.5	4044	48184-48191
48187.6	4	4045	48184-48192
48188	4.40000000000146	4045	48184-48192
48188.4	4	4045	48184-48192
48188	3.59999999999855	4045	48184-48192
48187.6	4	4045	48184-48192
48188.1	4.5	4046	48184-48193
48188.5	4.90000000000146	4046	48184-48193
48188.9	4.5	4046	48184-48193
48188.5	4.09999999999855	4046	48184-48193
48188.1	4.5	4046	48184-48193
48188.6	5	4047	48184-48194
48189	5.40000000000146	4047	48184-48194
48189.4	5	4047	48184-48194
48189	4.59999999999855	4047	48184-48194
48188.6	5	4047	48184-48194
48189.1	5.5	4048	48184-48195
48189.5	5.90000000000146	4048	48184-48195
48189.9	5.5	4048	48184-48195
48189.5	5.09999999999855	4048	48184-48195
48189.1	5.5	4048	48184-48195
48189.6	6	4049	48184-48196
48190	6.40000000000146	4049	48184-48196
48190.4	6	4049	48184-48196
48190	5.59999999999855	4049	48184-48196
48189.6	6	4049	48184-48196
48190.1	6.5	4050	48184-48197
48190.5	6.90000000000146	4050	48184-48197
48190.9	6.5	4050	48184-48197
48190.5	6.09999999999855	4050	48184-48197
48190.1	6.5	4050	48184-48197
48190.6	7	4051	48184-48198
48191	7.40000000000146	4051	48184-48198
48191.4	7	4051	48184-48198
48191	6.59999999999855	4051	48184-48198
48190.6	7	4051	48184-48198
48191.1	7.5	4052	48184-48199
48191.5	7.90000000000146	4052	48184-48199
48191.9	7.5	4052	48184-48199
48191.5	7.09999999999855	4052	48184-48199
48191.1	7.5	4052	48184-48199
48184.6	0	4053	48185-48185
48185	0.400000000001455	4053	48185-48185
48185.4	0	4053	48185-48185
48185	-0.400000000001455	4053	48185-48185
48184.6	0	4053	48185-48185
48185.1	0.5	4054	48185-48186
48185.5	0.900000000001455	4054	48185-48186
48185.9	0.5	4054	48185-48186
48185.5	0.0999999999985448	4054	48185-48186
48185.1	0.5	4054	48185-48186
48185.6	1	4055	48185-48187
48186	1.40000000000146	4055	48185-48187
48186.4	1	4055	48185-48187
48186	0.599999999998545	4055	48185-48187
48185.6	1	4055	48185-48187
48186.1	1.5	4056	48185-48188
48186.5	1.90000000000146	4056	48185-48188
48186.9	1.5	4056	48185-48188
48186.5	1.09999999999854	4056	48185-48188
48186.1	1.5	4056	48185-48188
48186.6	2	4057	48185-48189
48187	2.40000000000146	4057	48185-48189
48187.4	2	4057	48185-48189
48187	1.59999999999854	4057	48185-48189
48186.6	2	4057	48185-48189
48187.1	2.5	4058	48185-48190
48187.5	2.90000000000146	4058	48185-48190
48187.9	2.5	4058	48185-48190
48187.5	2.09999999999854	4058	48185-48190
48187.1	2.5	4058	48185-48190
48187.6	3	4059	48185-48191
48188	3.40000000000146	4059	48185-48191
48188.4	3	4059	48185-48191
48188	2.59999999999855	4059	48185-48191
48187.6	3	4059	48185-48191
48188.1	3.5	4060	48185-48192
48188.5	3.90000000000146	4060	48185-48192
48188.9	3.5	4060	48185-48192
48188.5	3.09999999999855	4060	48185-48192
48188.1	3.5	4060	48185-48192
48188.6	4	4061	48185-48193
48189	4.40000000000146	4061	48185-48193
48189.4	4	4061	48185-48193
48189	3.59999999999855	4061	48185-48193
48188.6	4	4061	48185-48193
48189.1	4.5	4062	48185-48194
48189.5	4.90000000000146	4062	48185-48194
48189.9	4.5	4062	48185-48194
48189.5	4.09999999999855	4062	48185-48194
48189.1	4.5	4062	48185-48194
48189.6	5	4063	48185-48195
48190	5.40000000000146	4063	48185-48195
48190.4	5	4063	48185-48195
48190	4.59999999999855	4063	48185-48195
48189.6	5	4063	48185-48195
48190.1	5.5	4064	48185-48196
48190.5	5.90000000000146	4064	48185-48196
48190.9	5.5	4064	48185-48196
48190.5	5.09999999999855	4064	48185-48196
48190.1	5.5	4064	48185-48196
48190.6	6	4065	48185-48197
48191	6.40000000000146	4065	48185-48197
48191.4	6	4065	48185-48197
48191	5.59999999999855	4065	48185-48197
48190.6	6	4065	48185-48197
48191.1	6.5	4066	48185-48198
48191.5	6.90000000000146	4066	48185-48198
48191.9	6.5	4066	48185-48198
48191.5	6.09999999999855	4066	48185-48198
48191.1	6.5	4066	48185-48198
48191.6	7	4067	48185-48199
48192	7.40000000000146	4067	48185-48199
48192.4	7	4067	48185-48199
48192	6.59999999999855	4067	48185-48199
48191.6	7	4067	48185-48199
48185.6	0	4068	48186-48186
48186	0.400000000001455	4068	48186-48186
48186.4	0	4068	48186-48186
48186	-0.400000000001455	4068	48186-48186
48185.6	0	4068	48186-48186
48186.1	0.5	4069	48186-48187
48186.5	0.900000000001455	4069	48186-48187
48186.9	0.5	4069	48186-48187
48186.5	0.0999999999985448	4069	48186-48187
48186.1	0.5	4069	48186-48187
48186.6	1	4070	48186-48188
48187	1.40000000000146	4070	48186-48188
48187.4	1	4070	48186-48188
48187	0.599999999998545	4070	48186-48188
48186.6	1	4070	48186-48188
48187.1	1.5	4071	48186-48189
48187.5	1.90000000000146	4071	48186-48189
48187.9	1.5	4071	48186-48189
48187.5	1.09999999999854	4071	48186-48189
48187.1	1.5	4071	48186-48189
48187.6	2	4072	48186-48190
48188	2.40000000000146	4072	48186-48190
48188.4	2	4072	48186-48190
48188	1.59999999999854	4072	48186-48190
48187.6	2	4072	48186-48190
48188.1	2.5	4073	48186-48191
48188.5	2.90000000000146	4073	48186-48191
48188.9	2.5	4073	48186-48191
48188.5	2.09999999999854	4073	48186-48191
48188.1	2.5	4073	48186-48191
48188.6	3	4074	48186-48192
48189	3.40000000000146	4074	48186-48192
48189.4	3	4074	48186-48192
48189	2.59999999999855	4074	48186-48192
48188.6	3	4074	48186-48192
48189.1	3.5	4075	48186-48193
48189.5	3.90000000000146	4075	48186-48193
48189.9	3.5	4075	48186-48193
48189.5	3.09999999999855	4075	48186-48193
48189.1	3.5	4075	48186-48193
48189.6	4	4076	48186-48194
48190	4.40000000000146	4076	48186-48194
48190.4	4	4076	48186-48194
48190	3.59999999999855	4076	48186-48194
48189.6	4	4076	48186-48194
48190.1	4.5	4077	48186-48195
48190.5	4.90000000000146	4077	48186-48195
48190.9	4.5	4077	48186-48195
48190.5	4.09999999999855	4077	48186-48195
48190.1	4.5	4077	48186-48195
48190.6	5	4078	48186-48196
48191	5.40000000000146	4078	48186-48196
48191.4	5	4078	48186-48196
48191	4.59999999999855	4078	48186-48196
48190.6	5	4078	48186-48196
48191.1	5.5	4079	48186-48197
48191.5	5.90000000000146	4079	48186-48197
48191.9	5.5	4079	48186-48197
48191.5	5.09999999999855	4079	48186-48197
48191.1	5.5	4079	48186-48197
48191.6	6	4080	48186-48198
48192	6.40000000000146	4080	48186-48198
48192.4	6	4080	48186-48198
48192	5.59999999999855	4080	48186-48198
48191.6	6	4080	48186-48198
48192.1	6.5	4081	48186-48199
48192.5	6.90000000000146	4081	48186-48199
48192.9	6.5	4081	48186-48199
48192.5	6.09999999999855	4081	48186-48199
48192.1	6.5	4081	48186-48199
48186.6	0	4082	48187-48187
48187	0.400000000001455	4082	48187-48187
48187.4	0	4082	48187-48187
48187	-0.400000000001455	4082	48187-48187
48186.6	0	4082	48187-48187
48187.1	0.5	4083	48187-48188
48187.5	0.900000000001455	4083	48187-48188
48187.9	0.5	4083	48187-48188
48187.5	0.0999999999985448	4083	48187-48188
48187.1	0.5	4083	48187-48188
48187.6	1	4084	48187-48189
48188	1.40000000000146	4084	48187-48189
48188.4	1	4084	48187-48189
48188	0.599999999998545	4084	48187-48189
48187.6	1	4084	48187-48189
48188.1	1.5	4085	48187-48190
48188.5	1.90000000000146	4085	48187-48190
48188.9	1.5	4085	48187-48190
48188.5	1.09999999999854	4085	48187-48190
48188.1	1.5	4085	48187-48190
48188.6	2	4086	48187-48191
48189	2.40000000000146	4086	48187-48191
48189.4	2	4086	48187-48191
48189	1.59999999999854	4086	48187-48191
48188.6	2	4086	48187-48191
48189.1	2.5	4087	48187-48192
48189.5	2.90000000000146	4087	48187-48192
48189.9	2.5	4087	48187-48192
48189.5	2.09999999999854	4087	48187-48192
48189.1	2.5	4087	48187-48192
48189.6	3	4088	48187-48193
48190	3.40000000000146	4088	48187-48193
48190.4	3	4088	48187-48193
48190	2.59999999999855	4088	48187-48193
48189.6	3	4088	48187-48193
48190.1	3.5	4089	48187-48194
48190.5	3.90000000000146	4089	48187-48194
48190.9	3.5	4089	48187-48194
48190.5	3.09999999999855	4089	48187-48194
48190.1	3.5	4089	48187-48194
48190.6	4	4090	48187-48195
48191	4.40000000000146	4090	48187-48195
48191.4	4	4090	48187-48195
48191	3.59999999999855	4090	48187-48195
48190.6	4	4090	48187-48195
48191.1	4.5	4091	48187-48196
48191.5	4.90000000000146	4091	48187-48196
48191.9	4.5	4091	48187-48196
48191.5	4.09999999999855	4091	48187-48196
48191.1	4.5	4091	48187-48196
48191.6	5	4092	48187-48197
48192	5.40000000000146	4092	48187-48197
48192.4	5	4092	48187-48197
48192	4.59999999999855	4092	48187-48197
48191.6	5	4092	48187-48197
48192.1	5.5	4093	48187-48198
48192.5	5.90000000000146	4093	48187-48198
48192.9	5.5	4093	48187-48198
48192.5	5.09999999999855	4093	48187-48198
48192.1	5.5	4093	48187-48198
48192.6	6	4094	48187-48199
48193	6.40000000000146	4094	48187-48199
48193.4	6	4094	48187-48199
48193	5.59999999999855	4094	48187-48199
48192.6	6	4094	48187-48199
48187.6	0	4095	48188-48188
48188	0.400000000001455	4095	48188-48188
48188.4	0	4095	48188-48188
48188	-0.400000000001455	4095	48188-48188
48187.6	0	4095	48188-48188
48188.1	0.5	4096	48188-48189
48188.5	0.900000000001455	4096	48188-48189
48188.9	0.5	4096	48188-48189
48188.5	0.0999999999985448	4096	48188-48189
48188.1	0.5	4096	48188-48189
48188.6	1	4097	48188-48190
48189	1.40000000000146	4097	48188-48190
48189.4	1	4097	48188-48190
48189	0.599999999998545	4097	48188-48190
48188.6	1	4097	48188-48190
48189.1	1.5	4098	48188-48191
48189.5	1.90000000000146	4098	48188-48191
48189.9	1.5	4098	48188-48191
48189.5	1.09999999999854	4098	48188-48191
48189.1	1.5	4098	48188-48191
48189.6	2	4099	48188-48192
48190	2.40000000000146	4099	48188-48192
48190.4	2	4099	48188-48192
48190	1.59999999999854	4099	48188-48192
48189.6	2	4099	48188-48192
48190.1	2.5	4100	48188-48193
48190.5	2.90000000000146	4100	48188-48193
48190.9	2.5	4100	48188-48193
48190.5	2.09999999999854	4100	48188-48193
48190.1	2.5	4100	48188-48193
48190.6	3	4101	48188-48194
48191	3.40000000000146	4101	48188-48194
48191.4	3	4101	48188-48194
48191	2.59999999999855	4101	48188-48194
48190.6	3	4101	48188-48194
48191.1	3.5	4102	48188-48195
48191.5	3.90000000000146	4102	48188-48195
48191.9	3.5	4102	48188-48195
48191.5	3.09999999999855	4102	48188-48195
48191.1	3.5	4102	48188-48195
48191.6	4	4103	48188-48196
48192	4.40000000000146	4103	48188-48196
48192.4	4	4103	48188-48196
48192	3.59999999999855	4103	48188-48196
48191.6	4	4103	48188-48196
48192.1	4.5	4104	48188-48197
48192.5	4.90000000000146	4104	48188-48197
48192.9	4.5	4104	48188-48197
48192.5	4.09999999999855	4104	48188-48197
48192.1	4.5	4104	48188-48197
48192.6	5	4105	48188-48198
48193	5.40000000000146	4105	48188-48198
48193.4	5	4105	48188-48198
48193	4.59999999999855	4105	48188-48198
48192.6	5	4105	48188-48198
48193.1	5.5	4106	48188-48199
48193.5	5.90000000000146	4106	48188-48199
48193.9	5.5	4106	48188-48199
48193.5	5.09999999999855	4106	48188-48199
48193.1	5.5	4106	48188-48199
48188.6	0	4107	48189-48189
48189	0.400000000001455	4107	48189-48189
48189.4	0	4107	48189-48189
48189	-0.400000000001455	4107	48189-48189
48188.6	0	4107	48189-48189
48189.1	0.5	4108	48189-48190
48189.5	0.900000000001455	4108	48189-48190
48189.9	0.5	4108	48189-48190
48189.5	0.0999999999985448	4108	48189-48190
48189.1	0.5	4108	48189-48190
48189.6	1	4109	48189-48191
48190	1.40000000000146	4109	48189-48191
48190.4	1	4109	48189-48191
48190	0.599999999998545	4109	48189-48191
48189.6	1	4109	48189-48191
48190.1	1.5	4110	48189-48192
48190.5	1.90000000000146	4110	48189-48192
48190.9	1.5	4110	48189-48192
48190.5	1.09999999999854	4110	48189-48192
48190.1	1.5	4110	48189-48192
48190.6	2	4111	48189-48193
48191	2.40000000000146	4111	48189-48193
48191.4	2	4111	48189-48193
48191	1.59999999999854	4111	48189-48193
48190.6	2	4111	48189-48193
48191.1	2.5	4112	48189-48194
48191.5	2.90000000000146	4112	48189-48194
48191.9	2.5	4112	48189-48194
48191.5	2.09999999999854	4112	48189-48194
48191.1	2.5	4112	48189-48194
48191.6	3	4113	48189-48195
48192	3.40000000000146	4113	48189-48195
48192.4	3	4113	48189-48195
48192	2.59999999999855	4113	48189-48195
48191.6	3	4113	48189-48195
48192.1	3.5	4114	48189-48196
48192.5	3.90000000000146	4114	48189-48196
48192.9	3.5	4114	48189-48196
48192.5	3.09999999999855	4114	48189-48196
48192.1	3.5	4114	48189-48196
48192.6	4	4115	48189-48197
48193	4.40000000000146	4115	48189-48197
48193.4	4	4115	48189-48197
48193	3.59999999999855	4115	48189-48197
48192.6	4	4115	48189-48197
48193.1	4.5	4116	48189-48198
48193.5	4.90000000000146	4116	48189-48198
48193.9	4.5	4116	48189-48198
48193.5	4.09999999999855	4116	48189-48198
48193.1	4.5	4116	48189-48198
48193.6	5	4117	48189-48199
48194	5.40000000000146	4117	48189-48199
48194.4	5	4117	48189-48199
48194	4.59999999999855	4117	48189-48199
48193.6	5	4117	48189-48199
48189.6	0	4118	48190-48190
48190	0.400000000001455	4118	48190-48190
48190.4	0	4118	48190-48190
48190	-0.400000000001455	4118	48190-48190
48189.6	0	4118	48190-48190
48190.1	0.5	4119	48190-48191
48190.5	0.900000000001455	4119	48190-48191
48190.9	0.5	4119	48190-48191
48190.5	0.0999999999985448	4119	48190-48191
48190.1	0.5	4119	48190-48191
48190.6	1	4120	48190-48192
48191	1.40000000000146	4120	48190-48192
48191.4	1	4120	48190-48192
48191	0.599999999998545	4120	48190-48192
48190.6	1	4120	48190-48192
48191.1	1.5	4121	48190-48193
48191.5	1.90000000000146	4121	48190-48193
48191.9	1.5	4121	48190-48193
48191.5	1.09999999999854	4121	48190-48193
48191.1	1.5	4121	48190-48193
48191.6	2	4122	48190-48194
48192	2.40000000000146	4122	48190-48194
48192.4	2	4122	48190-48194
48192	1.59999999999854	4122	48190-48194
48191.6	2	4122	48190-48194
48192.1	2.5	4123	48190-48195
48192.5	2.90000000000146	4123	48190-48195
48192.9	2.5	4123	48190-48195
48192.5	2.09999999999854	4123	48190-48195
48192.1	2.5	4123	48190-48195
48192.6	3	4124	48190-48196
48193	3.40000000000146	4124	48190-48196
48193.4	3	4124	48190-48196
48193	2.59999999999855	4124	48190-48196
48192.6	3	4124	48190-48196
48193.1	3.5	4125	48190-48197
48193.5	3.90000000000146	4125	48190-48197
48193.9	3.5	4125	48190-48197
48193.5	3.09999999999855	4125	48190-48197
48193.1	3.5	4125	48190-48197
48193.6	4	4126	48190-48198
48194	4.40000000000146	4126	48190-48198
48194.4	4	4126	48190-48198
48194	3.59999999999855	4126	48190-48198
48193.6	4	4126	48190-48198
48194.1	4.5	4127	48190-48199
48194.5	4.90000000000146	4127	48190-48199
48194.9	4.5	4127	48190-48199
48194.5	4.09999999999855	4127	48190-48199
48194.1	4.5	4127	48190-48199
48190.6	0	4128	48191-48191
48191	0.400000000001455	4128	48191-48191
48191.4	0	4128	48191-48191
48191	-0.400000000001455	4128	48191-48191
48190.6	0	4128	48191-48191
48191.1	0.5	4129	48191-48192
48191.5	0.900000000001455	4129	48191-48192
48191.9	0.5	4129	48191-48192
48191.5	0.0999999999985448	4129	48191-48192
48191.1	0.5	4129	48191-48192
48191.6	1	4130	48191-48193
48192	1.40000000000146	4130	48191-48193
48192.4	1	4130	48191-48193
48192	0.599999999998545	4130	48191-48193
48191.6	1	4130	48191-48193
48192.1	1.5	4131	48191-48194
48192.5	1.90000000000146	4131	48191-48194
48192.9	1.5	4131	48191-48194
48192.5	1.09999999999854	4131	48191-48194
48192.1	1.5	4131	48191-48194
48192.6	2	4132	48191-48195
48193	2.40000000000146	4132	48191-48195
48193.4	2	4132	48191-48195
48193	1.59999999999854	4132	48191-48195
48192.6	2	4132	48191-48195
48193.1	2.5	4133	48191-48196
48193.5	2.90000000000146	4133	48191-48196
48193.9	2.5	4133	48191-48196
48193.5	2.09999999999854	4133	48191-48196
48193.1	2.5	4133	48191-48196
48193.6	3	4134	48191-48197
48194	3.40000000000146	4134	48191-48197
48194.4	3	4134	48191-48197
48194	2.59999999999855	4134	48191-48197
48193.6	3	4134	48191-48197
48194.1	3.5	4135	48191-48198
48194.5	3.90000000000146	4135	48191-48198
48194.9	3.5	4135	48191-48198
48194.5	3.09999999999855	4135	48191-48198
48194.1	3.5	4135	48191-48198
48194.6	4	4136	48191-48199
48195	4.40000000000146	4136	48191-48199
48195.4	4	4136	48191-48199
48195	3.59999999999855	4136	48191-48199
48194.6	4	4136	48191-48199
48191.6	0	4137	48192-48192
48192	0.400000000001455	4137	48192-48192
48192.4	0	4137	48192-48192
48192	-0.400000000001455	4137	48192-48192
48191.6	0	4137	48192-48192
48192.1	0.5	4138	48192-48193
48192.5	0.900000000001455	4138	48192-48193
48192.9	0.5	4138	48192-48193
48192.5	0.0999999999985448	4138	48192-48193
48192.1	0.5	4138	48192-48193
48192.6	1	4139	48192-48194
48193	1.40000000000146	4139	48192-48194
48193.4	1	4139	48192-48194
48193	0.599999999998545	4139	48192-48194
48192.6	1	4139	48192-48194
48193.1	1.5	4140	48192-48195
48193.5	1.90000000000146	4140	48192-48195
48193.9	1.5	4140	48192-48195
48193.5	1.09999999999854	4140	48192-48195
48193.1	1.5	4140	48192-48195
48193.6	2	4141	48192-48196
48194	2.40000000000146	4141	48192-48196
48194.4	2	4141	48192-48196
48194	1.59999999999854	4141	48192-48196
48193.6	2	4141	48192-48196
48194.1	2.5	4142	48192-48197
48194.5	2.90000000000146	4142	48192-48197
48194.9	2.5	4142	48192-48197
48194.5	2.09999999999854	4142	48192-48197
48194.1	2.5	4142	48192-48197
48194.6	3	4143	48192-48198
48195	3.40000000000146	4143	48192-48198
48195.4	3	4143	48192-48198
48195	2.59999999999855	4143	48192-48198
48194.6	3	4143	48192-48198
48195.1	3.5	4144	48192-48199
48195.5	3.90000000000146	4144	48192-48199
48195.9	3.5	4144	48192-48199
48195.5	3.09999999999855	4144	48192-48199
48195.1	3.5	4144	48192-48199
48192.6	0	4145	48193-48193
48193	0.400000000001455	4145	48193-48193
48193.4	0	4145	48193-48193
48193	-0.400000000001455	4145	48193-48193
48192.6	0	4145	48193-48193
48193.1	0.5	4146	48193-48194
48193.5	0.900000000001455	4146	48193-48194
48193.9	0.5	4146	48193-48194
48193.5	0.0999999999985448	4146	48193-48194
48193.1	0.5	4146	48193-48194
48193.6	1	4147	48193-48195
48194	1.40000000000146	4147	48193-48195
48194.4	1	4147	48193-48195
48194	0.599999999998545	4147	48193-48195
48193.6	1	4147	48193-48195
48194.1	1.5	4148	48193-48196
48194.5	1.90000000000146	4148	48193-48196
48194.9	1.5	4148	48193-48196
48194.5	1.09999999999854	4148	48193-48196
48194.1	1.5	4148	48193-48196
48194.6	2	4149	48193-48197
48195	2.40000000000146	4149	48193-48197
48195.4	2	4149	48193-48197
48195	1.59999999999854	4149	48193-48197
48194.6	2	4149	48193-48197
48195.1	2.5	4150	48193-48198
48195.5	2.90000000000146	4150	48193-48198
48195.9	2.5	4150	48193-48198
48195.5	2.09999999999854	4150	48193-48198
48195.1	2.5	4150	48193-48198
48195.6	3	4151	48193-48199
48196	3.40000000000146	4151	48193-48199
48196.4	3	4151	48193-48199
48196	2.59999999999855	4151	48193-48199
48195.6	3	4151	48193-48199
48193.6	0	4152	48194-48194
48194	0.400000000001455	4152	48194-48194
48194.4	0	4152	48194-48194
48194	-0.400000000001455	4152	48194-48194
48193.6	0	4152	48194-48194
48194.1	0.5	4153	48194-48195
48194.5	0.900000000001455	4153	48194-48195
48194.9	0.5	4153	48194-48195
48194.5	0.0999999999985448	4153	48194-48195
48194.1	0.5	4153	48194-48195
48194.6	1	4154	48194-48196
48195	1.40000000000146	4154	48194-48196
48195.4	1	4154	48194-48196
48195	0.599999999998545	4154	48194-48196
48194.6	1	4154	48194-48196
48195.1	1.5	4155	48194-48197
48195.5	1.90000000000146	4155	48194-48197
48195.9	1.5	4155	48194-48197
48195.5	1.09999999999854	4155	48194-48197
48195.1	1.5	4155	48194-48197
48195.6	2	4156	48194-48198
48196	2.40000000000146	4156	48194-48198
48196.4	2	4156	48194-48198
48196	1.59999999999854	4156	48194-48198
48195.6	2	4156	48194-48198
48196.1	2.5	4157	48194-48199
48196.5	2.90000000000146	4157	48194-48199
48196.9	2.5	4157	48194-48199
48196.5	2.09999999999854	4157	48194-48199
48196.1	2.5	4157	48194-48199
48194.6	0	4158	48195-48195
48195	0.400000000001455	4158	48195-48195
48195.4	0	4158	48195-48195
48195	-0.400000000001455	4158	48195-48195
48194.6	0	4158	48195-48195
48195.1	0.5	4159	48195-48196
48195.5	0.900000000001455	4159	48195-48196
48195.9	0.5	4159	48195-48196
48195.5	0.0999999999985448	4159	48195-48196
48195.1	0.5	4159	48195-48196
48195.6	1	4160	48195-48197
48196	1.40000000000146	4160	48195-48197
48196.4	1	4160	48195-48197
48196	0.599999999998545	4160	48195-48197
48195.6	1	4160	48195-48197
48196.1	1.5	4161	48195-48198
48196.5	1.90000000000146	4161	48195-48198
48196.9	1.5	4161	48195-48198
48196.5	1.09999999999854	4161	48195-48198
48196.1	1.5	4161	48195-48198
48196.6	2	4162	48195-48199
48197	2.40000000000146	4162	48195-48199
48197.4	2	4162	48195-48199
48197	1.59999999999854	4162	48195-48199
48196.6	2	4162	48195-48199
48195.6	0	4163	48196-48196
48196	0.400000000001455	4163	48196-48196
48196.4	0	4163	48196-48196
48196	-0.400000000001455	4163	48196-48196
48195.6	0	4163	48196-48196
48196.1	0.5	4164	48196-48197
48196.5	0.900000000001455	4164	48196-48197
48196.9	0.5	4164	48196-48197
48196.5	0.0999999999985448	4164	48196-48197
48196.1	0.5	4164	48196-48197
48196.6	1	4165	48196-48198
48197	1.40000000000146	4165	48196-48198
48197.4	1	4165	48196-48198
48197	0.599999999998545	4165	48196-48198
48196.6	1	4165	48196-48198
48197.1	1.5	4166	48196-48199
48197.5	1.90000000000146	4166	48196-48199
48197.9	1.5	4166	48196-48199
48197.5	1.09999999999854	4166	48196-48199
48197.1	1.5	4166	48196-48199
48196.6	0	4167	48197-48197
48197	0.400000000001455	4167	48197-48197
48197.4	0	4167	48197-48197
48197	-0.400000000001455	4167	48197-48197
48196.6	0	4167	48197-48197
48197.1	0.5	4168	48197-48198
48197.5	0.900000000001455	4168	48197-48198
48197.9	0.5	4168	48197-48198
48197.5	0.0999999999985448	4168	48197-48198
48197.1	0.5	4168	48197-48198
48197.6	1	4169	48197-48199
48198	1.40000000000146	4169	48197-48199
48198.4	1	4169	48197-48199
48198	0.599999999998545	4169	48197-48199
48197.6	1	4169	48197-48199
48197.6	0	4170	48198-48198
48198	0.400000000001455	4170	48198-48198
48198.4	0	4170	48198-48198
48198	-0.400000000001455	4170	48198-48198
48197.6	0	4170	48198-48198
48198.1	0.5	4171	48198-48199
48198.5	0.900000000001455	4171	48198-48199
48198.9	0.5	4171	48198-48199
48198.5	0.0999999999985448	4171	48198-48199
48198.1	0.5	4171	48198-48199
48198.6	0	4172	48199-48199
48199	0.400000000001455	4172	48199-48199
48199.4	0	4172	48199-48199
48199	-0.400000000001455	4172	48199-48199
48198.6	0	4172	48199-48199
