x	y	clickSelects	showSelected1
0.0735019112837501	0.487119366899226	48092-48092	logFC=-1.5 -log10(p)=6
-0.03157361061826	-0.168894210530588	48092-48093	logFC=-1.5 -log10(p)=9
0.0231571481397601	0.43104088561711	48092-48094	logFC=-1.5 -log10(p)=7
-0.07846820326856	0.300602826857981	48092-48095	logFC=-1.5 -log10(p)=8
-0.06115952590629	0.0913083035927973	48092-48096	logFC=-1 -log10(p)=2
0.0390687149956399	0.0267536642435831	48092-48097	logFC=-1.75 -log10(p)=4
0.030845562119647	-0.294910973043979	48092-48098	logFC=-0.75 -log10(p)=1
0.06490692084658	0.406411035690748	48092-48099	logFC=-1.5 -log10(p)=1
0.040345864331058	0.372569711891572	48092-48100	logFC=-0.5 -log10(p)=0
0.0118131086732019	0.00600551725196134	48092-48101	logFC=0 -log10(p)=0
-0.086334319891254	0.404207265867802	48092-48102	logFC=0.75 -log10(p)=0
0.108915693115561	0.111118792530004	48092-48103	logFC=0.25 -log10(p)=0
-0.102655324161669	0.235169973274679	48092-48104	logFC=0.5 -log10(p)=0
0.115205349924233	0.151626072747632	48092-48105	logFC=0.25 -log10(p)=0
0.035960429437414	0.310527015822165	48092-48106	logFC=-1 -log10(p)=0
0.063060826600112	0.247768272732394	48092-48107	logFC=0.5 -log10(p)=0
0.016627115175975	0.0625465270492054	48092-48108	logFC=0.25 -log10(p)=0
0.01536920306207	0.0607131516888846	48092-48109	logFC=0.25 -log10(p)=0
-0.0266879099613799	0.313039231856208	48092-48110	logFC=-1.25 -log10(p)=0
0.0730646442404199	-0.498166822632783	48092-48111	logFC=-2 -log10(p)=1
0.11964790609123	0.373167238617778	48092-48112	logFC=1 -log10(p)=0
0.10982548290538	0.462926231638111	48092-48113	logFC=-4 -log10(p)=1
-0.0266879099613799	0.313039231856208	48092-48114	logFC=-1.25 -log10(p)=0
0.0224585417025902	-0.0930133827176356	48092-48115	logFC=-3 -log10(p)=1
-0.0279548873698301	0.312842928655189	48092-48116	logFC=-1.25 -log10(p)=0
0.084004098482878	0.0390385236513994	48092-48117	logFC=-0.25 -log10(p)=0
-0.02266443213812	0.317800856675647	48092-48118	logFC=-1.25 -log10(p)=0
-0.0227064980070699	0.317750161176215	48092-48119	logFC=-1.25 -log10(p)=0
0.0178069787213202	-0.0761989818376055	48092-48120	logFC=-3 -log10(p)=1
0.04337930443215	-0.223207183357762	48092-48121	logFC=-2.75 -log10(p)=1
0.00282529932867204	0.218517631294127	48092-48122	logFC=-0.75 -log10(p)=0
-0.12077728022036	-0.353242507116295	48092-48123	logFC=-2.25 -log10(p)=1
0.00491055623066994	-0.384225081542365	48092-48124	logFC=1.75 -log10(p)=1
-0.12105194074326	-0.378137629784277	48092-48126	logFC=-2.25 -log10(p)=1
-0.12022774580066	-0.37697221604399	48092-48127	logFC=-2.25 -log10(p)=1
-0.098042623447677	0.226832788396469	48092-48128	logFC=1 -log10(p)=0
0.022018559108	-0.0938531416453797	48092-48129	logFC=-3 -log10(p)=1
0.082496263237332	0.0395177751743318	48092-48130	logFC=-0.25 -log10(p)=0
-0.0227064980070699	0.317750161176215	48092-48131	logFC=-1.25 -log10(p)=0
0.0730646442404199	-0.498166822632783	48092-48132	logFC=-2 -log10(p)=1
-0.0227064980070699	0.317750161176215	48092-48133	logFC=-1.25 -log10(p)=0
-0.0227064980070699	0.317750161176215	48092-48134	logFC=-1.25 -log10(p)=0
0.0171688058953401	-0.107298471637391	48092-48135	logFC=-3 -log10(p)=1
0.0728945438919399	0.48249935977077	48092-48136	logFC=-2 -log10(p)=0
0.0689830526861099	0.487888357893364	48092-48137	logFC=-2 -log10(p)=0
-0.12105194074326	-0.378137629784277	48092-48138	logFC=-2.25 -log10(p)=1
0.0730646442404199	-0.498166822632783	48092-48139	logFC=-2 -log10(p)=1
0.12147703205525	-0.386919149735263	48092-48140	logFC=-2.5 -log10(p)=1
-0.00242796869564399	0.217499311058925	48092-48141	logFC=-0.75 -log10(p)=0
-0.0214620499517399	-0.176058110605748	48093-48093	logFC=-1.75 -log10(p)=19
0.0155901977997499	-0.0038007790909198	48093-48094	logFC=-1.5 -log10(p)=17
-0.11531345077175	0.298461901696506	48093-48095	logFC=-1.5 -log10(p)=16
-0.0898886369376	-0.434771344923537	48093-48096	logFC=-1.25 -log10(p)=7
0.0421377018909701	0.380201602105512	48093-48097	logFC=-2 -log10(p)=8
0.09339969922936	-0.273825956927704	48093-48098	logFC=-1 -log10(p)=2
-0.0156733442255199	-0.0531001856640703	48093-48099	logFC=-1 -log10(p)=2
0.020006428349408	0.356160185246082	48093-48100	logFC=0.25 -log10(p)=0
0.122836084963957	0.0959609819835794	48093-48101	logFC=0 -log10(p)=0
0.008901965486841	0.162992022658916	48093-48102	logFC=-0.25 -log10(p)=0
0.124247097370314	-0.361406805466281	48093-48103	logFC=-1 -log10(p)=1
0.124660805729035	0.368027991021815	48093-48104	logFC=-0.75 -log10(p)=0
0.05052131043964	0.352448732067747	48093-48105	logFC=0.5 -log10(p)=0
-0.045728560681628	0.411532208320901	48093-48106	logFC=-0.75 -log10(p)=0
0.069796573938589	0.0733178104974537	48093-48107	logFC=-0.25 -log10(p)=0
-0.097410701844683	0.141243078022129	48093-48108	logFC=-0.25 -log10(p)=0
-0.093427560637994	0.15438904257167	48093-48109	logFC=0.5 -log10(p)=0
0.0405773051490201	0.00711469558026212	48093-48110	logFC=-3.25 -log10(p)=1
-0.00595190489936992	0.475337221149318	48093-48111	logFC=-1 -log10(p)=0
-0.12464705940409	-0.346193976623615	48093-48112	logFC=-2.25 -log10(p)=1
-0.0962465298566799	-0.48987389651766	48093-48113	logFC=-1.25 -log10(p)=1
0.00881700410474995	0.375164846968901	48093-48114	logFC=-3.75 -log10(p)=1
0.0178069787213202	-0.0761989818376055	48093-48115	logFC=-3 -log10(p)=1
0.00831918286853101	0.134103307722624	48093-48116	logFC=-0.5 -log10(p)=0
0.0215785670222299	-0.105856303503157	48093-48117	logFC=-3 -log10(p)=1
0.11571676423883	-0.449638706672581	48093-48119	logFC=-4 -log10(p)=2
0.120022196525591	0.0401559264919559	48093-48120	logFC=-0.25 -log10(p)=0
0.0898715064462401	0.410572883217692	48093-48121	logFC=-1.25 -log10(p)=0
0.083553140721178	0.0399412992940366	48093-48122	logFC=-0.25 -log10(p)=0
0.04634248799118	-0.0125290614147511	48093-48123	logFC=-2 -log10(p)=1
-0.062559063597574	0.22639578198474	48093-48124	logFC=0.75 -log10(p)=0
0.013430194200273	0.0606430256734126	48093-48125	logFC=0.25 -log10(p)=0
-0.07921049424	-0.310973637105631	48093-48126	logFC=1.75 -log10(p)=1
0.106964777885778	0.0311087526441201	48093-48127	logFC=0 -log10(p)=0
0.0732348503434499	0.483042957846023	48093-48128	logFC=-2 -log10(p)=0
-0.00296463842320505	0.222354166182952	48093-48129	logFC=-0.75 -log10(p)=0
-0.12436752964166	-0.364549959503359	48093-48130	logFC=-2.25 -log10(p)=1
0.0463359438974398	0.0232716805151774	48093-48131	logFC=-3.25 -log10(p)=1
0.0952329659412698	0.135435765439949	48093-48132	logFC=-3.5 -log10(p)=1
0.016919334293789	0.0608156865347318	48093-48133	logFC=0.25 -log10(p)=0
0.0224585417025902	-0.0930133827176356	48093-48134	logFC=-3 -log10(p)=1
0.03537603724079	0.309268554402933	48093-48135	logFC=-1 -log10(p)=0
-0.08029630828316	0.270205729037492	48093-48136	logFC=-3.5 -log10(p)=1
0.0430161641926401	-0.217085887751115	48093-48137	logFC=-2.75 -log10(p)=1
0.12197628791162	0.360096862188176	48093-48138	logFC=1 -log10(p)=0
-0.12022774580066	-0.37697221604399	48093-48139	logFC=-2.25 -log10(p)=1
0.012082917425871	0.0624941468940538	48093-48140	logFC=0.25 -log10(p)=0
0.06915778677687	0.487996430070766	48093-48141	logFC=-2 -log10(p)=0
0.0730646442404199	-0.498166822632783	48093-48142	logFC=-2 -log10(p)=1
-0.0756494796751299	-0.238696498918131	48094-48094	logFC=-1.25 -log10(p)=22
0.044069101329282	0.245724111992239	48094-48095	logFC=-1 -log10(p)=15
0.0652718756648301	0.356533141114589	48094-48096	logFC=-1.25 -log10(p)=11
-0.10485319783776	0.458589125917566	48094-48097	logFC=-1.5 -log10(p)=14
0.01693458885898	0.494208109293449	48094-48098	logFC=-1.5 -log10(p)=8
-0.078367275065567	-0.140382617709559	48094-48099	logFC=-0.25 -log10(p)=1
0.070731020180982	0.108008117178253	48094-48100	logFC=-1 -log10(p)=3
-0.037877099167228	0.409649345623703	48094-48101	logFC=-0.25 -log10(p)=0
-0.04098715620679	-0.227413357187325	48094-48102	logFC=0.5 -log10(p)=1
0.035442257780462	0.474899862574875	48094-48103	logFC=-0.5 -log10(p)=0
-0.0564428911459001	0.125103809753417	48094-48104	logFC=-1.25 -log10(p)=2
-0.00567774370014795	-0.399600752098462	48094-48105	logFC=-0.75 -log10(p)=1
0.104907288892041	0.00739558251254557	48094-48106	logFC=-1 -log10(p)=1
0.11031857618809	0.397150755425883	48094-48107	logFC=-1.5 -log10(p)=1
-0.11908422666478	-0.333681220510164	48094-48108	logFC=-2 -log10(p)=2
-0.0352645221304799	0.236028675204841	48094-48109	logFC=-1.25 -log10(p)=1
0.079581042403494	0.0334325745186715	48094-48110	logFC=0 -log10(p)=0
-0.0523655008248549	0.0217592965483112	48094-48111	logFC=0 -log10(p)=0
0.00481131556981469	0.0015300152308341	48094-48112	logFC=0 -log10(p)=0
0.0935686765694601	-0.263929740399908	48094-48113	logFC=-1.25 -log10(p)=1
-0.102559397208577	0.377290479797801	48094-48114	logFC=-0.75 -log10(p)=0
0.08985596431545	0.0768629935010368	48094-48115	logFC=-1.75 -log10(p)=1
0.0561381813696	0.175925877507992	48094-48116	logFC=-2.25 -log10(p)=1
-0.05729086931171	-0.105011313541312	48094-48117	logFC=-1.5 -log10(p)=1
-0.105397514743	0.097966289906811	48094-48118	logFC=-4.25 -log10(p)=2
-0.095504756034441	0.370956854243781	48094-48119	logFC=-0.75 -log10(p)=0
0.10164848561287	-0.41196427325517	48094-48120	logFC=-1.25 -log10(p)=1
0.0877791566311701	-0.270110316312398	48094-48121	logFC=-1.75 -log10(p)=1
0.12239632806942	-0.45748020350684	48094-48122	logFC=-1.25 -log10(p)=1
0.0592368315535701	-0.0399673623964295	48094-48123	logFC=-2 -log10(p)=1
0.0566910912557201	0.173429918401391	48094-48124	logFC=-2.25 -log10(p)=1
0.087518663574884	0.30006207333105	48094-48125	logFC=-0.75 -log10(p)=0
0.123558726816134	0.0384210514004542	48094-48126	logFC=-0.25 -log10(p)=0
-0.0531562031250199	-0.181014812733865	48094-48127	logFC=-1.75 -log10(p)=1
0.03882730350304	-0.204784625219331	48094-48128	logFC=-2.75 -log10(p)=1
-0.00772191935613897	0.220448965572615	48094-48129	logFC=-0.75 -log10(p)=0
0.10084301112827	-0.285917826723164	48094-48130	logFC=-1.75 -log10(p)=1
0.063618259972324	0.278133513508217	48094-48131	logFC=-0.75 -log10(p)=0
0.000385900067662981	0.179140652599135	48094-48132	logFC=-0.5 -log10(p)=0
0.0298961034553802	-0.038585904971148	48094-48133	logFC=-3.25 -log10(p)=1
0.052405362783353	0.263774397188101	48094-48134	logFC=-0.75 -log10(p)=0
0.120508310565446	0.0546698370778621	48094-48135	logFC=0 -log10(p)=0
0.03882730350304	-0.204784625219331	48094-48136	logFC=-2.75 -log10(p)=1
-0.00996392380256994	-0.421929896694904	48094-48137	logFC=-1.5 -log10(p)=1
0.124672253454268	0.0383384131052412	48094-48138	logFC=-0.25 -log10(p)=0
0.01869709984163	-0.0747280145947821	48094-48139	logFC=-3 -log10(p)=1
0.0417858260630699	-0.0248879013015216	48094-48140	logFC=-2 -log10(p)=1
0.0903563822933999	0.15227712022473	48094-48141	logFC=-3.5 -log10(p)=1
-0.087282924777246	0.35050010511779	48094-48142	logFC=-0.75 -log10(p)=0
0.010264255596427	0.129959871515153	48094-48143	logFC=-0.5 -log10(p)=0
-0.0452613883942401	0.296662135291811	48095-48095	logFC=-1 -log10(p)=21
-0.000760826751480037	0.446349979572318	48095-48096	logFC=-1 -log10(p)=17
0.11089979830752	-0.399102900539425	48095-48097	logFC=-1.5 -log10(p)=20
-0.0242777309068001	0.151175104795904	48095-48098	logFC=-1.25 -log10(p)=13
-0.079423971266179	0.490336835200706	48095-48099	logFC=-0.75 -log10(p)=6
-0.020608588173482	-0.198470579667463	48095-48100	logFC=-0.5 -log10(p)=3
0.015048547379304	-0.141896658002949	48095-48101	logFC=-0.5 -log10(p)=2
0.122596392867254	0.262109358226923	48095-48102	logFC=-0.25 -log10(p)=0
0.048917295073596	-0.00768609182761271	48095-48103	logFC=-0.5 -log10(p)=1
-0.035431139382882	0.124523687393007	48095-48104	logFC=-0.5 -log10(p)=1
0.023910232263799	-0.170600615887271	48095-48105	logFC=-0.5 -log10(p)=1
-0.10720643392354	-0.254505353660746	48095-48106	logFC=-1.5 -log10(p)=5
-0.0167865804799301	0.179008558450823	48095-48107	logFC=-1 -log10(p)=2
-0.0992953235129	0.41377102124381	48095-48108	logFC=-0.25 -log10(p)=0
0.05740572508549	-0.0446049355523188	48095-48109	logFC=-1.25 -log10(p)=2
0.0123916815941027	0.00918416923286509	48095-48110	logFC=0 -log10(p)=0
-0.012496045335984	0.215420643528345	48095-48111	logFC=-0.25 -log10(p)=0
-0.00324187759398301	0.19611720580733	48095-48112	logFC=0.25 -log10(p)=0
-0.0268688953157501	-0.0833186780759719	48095-48113	logFC=-1 -log10(p)=1
0.108885945410273	-0.430485890051913	48095-48114	logFC=-0.75 -log10(p)=1
-0.01749291599101	0.0150266908144454	48095-48115	logFC=-1.75 -log10(p)=2
-0.11452808674104	0.491388678517016	48095-48116	logFC=-0.5 -log10(p)=0
0.0401228231184501	0.372623748516733	48095-48117	logFC=-2 -log10(p)=2
0.0953929909315601	0.0849541921526744	48095-48118	logFC=-1.5 -log10(p)=1
0.11026065773485	-0.126415997363358	48095-48119	logFC=-1 -log10(p)=1
-0.04288670190184	-0.459272367130564	48095-48120	logFC=-3.5 -log10(p)=4
0.0543970069615298	-0.495943506562478	48095-48121	logFC=-2.25 -log10(p)=4
-0.0664830733252204	0.115193466154933	48095-48122	logFC=-4.25 -log10(p)=6
0.09589087685138	0.268527641106719	48095-48123	logFC=-1.25 -log10(p)=1
0.0682432841987901	-0.414919099353634	48095-48124	logFC=-3 -log10(p)=4
-0.0680846643189701	-0.308737912311977	48095-48125	logFC=-1.75 -log10(p)=2
-0.0239460904979798	0.11623404796337	48095-48126	logFC=-2.75 -log10(p)=3
0.055330198021893	-0.497398441719041	48095-48127	logFC=-1 -log10(p)=1
0.0927997547033699	-0.427483918821214	48095-48128	logFC=-3.25 -log10(p)=3
-0.00667833088080982	-0.0419058425685159	48095-48129	logFC=-2 -log10(p)=2
0.0974824487969599	-0.419275708057278	48095-48130	logFC=-4.75 -log10(p)=3
-0.11650105572548	0.221701716460322	48095-48131	logFC=-1.5 -log10(p)=1
-0.0757715757224502	0.072238833878322	48095-48132	logFC=-2.25 -log10(p)=2
0.00150077579410013	0.441585733207332	48095-48133	logFC=-3 -log10(p)=2
0.045184392847395	0.225716891568452	48095-48134	logFC=-0.5 -log10(p)=0
-0.067300823201441	0.087152845884632	48095-48135	logFC=0.25 -log10(p)=0
0.03643550516644	0.376059728355885	48095-48136	logFC=-2 -log10(p)=1
0.0553961389850699	0.459449063858546	48095-48137	logFC=-2 -log10(p)=1
0.0997437485796999	-0.28558123721522	48095-48138	logFC=-1.25 -log10(p)=1
-0.02674943770682	-0.320291846123503	48095-48139	logFC=-1.25 -log10(p)=1
0.03820140580475	0.462411873815314	48095-48140	logFC=-2 -log10(p)=1
0.072463926371119	0.27231081378457	48095-48141	logFC=-0.75 -log10(p)=0
-0.0719598184299	-0.372217193322411	48095-48142	logFC=-1 -log10(p)=1
0.0862624479108001	-0.29452240716559	48095-48143	logFC=-1.75 -log10(p)=1
-0.12136826518242	0.0822343036898565	48095-48144	logFC=-4.25 -log10(p)=2
-0.0448079096254801	0.234756519563426	48096-48096	logFC=-1.25 -log10(p)=24
-0.0223779295370901	0.422767289397491	48096-48097	logFC=-1 -log10(p)=18
0.103141665986102	-0.136855311281929	48096-48098	logFC=-1 -log10(p)=11
-0.121984373728729	-0.436385531029984	48096-48099	logFC=-0.5 -log10(p)=6
0.060702288855954	-0.00583151475798349	48096-48100	logFC=-0.5 -log10(p)=3
0.0922444736491317	0.258244935427141	48096-48101	logFC=0 -log10(p)=0
-0.113335262181881	0.273184348944643	48096-48102	logFC=0 -log10(p)=0
-0.086970765415883	-0.0947036662721244	48096-48103	logFC=-0.5 -log10(p)=2
0.0894031483322431	0.285626430994034	48096-48104	logFC=-0.75 -log10(p)=2
-0.039620785205664	-0.194913891535048	48096-48105	logFC=-0.75 -log10(p)=3
-0.025185013432548	0.381512939508878	48096-48106	logFC=-0.75 -log10(p)=2
0.08328521793181	0.189136476935308	48096-48107	logFC=-1.25 -log10(p)=3
0.097256339362182	0.155882517038858	48096-48108	logFC=-0.25 -log10(p)=0
-0.09694272958758	-0.0675787845858851	48096-48109	logFC=-1 -log10(p)=2
-0.035183947264466	0.0331984434548059	48096-48110	logFC=0 -log10(p)=0
-0.0421921034033399	-0.229913493155438	48096-48111	logFC=-1 -log10(p)=2
-0.035587330883634	0.296582507160459	48096-48112	logFC=-0.25 -log10(p)=0
-0.066779137206951	-0.0512790506668825	48096-48113	logFC=-0.75 -log10(p)=1
0.10830295074495	0.134381680321145	48096-48114	logFC=-1.5 -log10(p)=2
-0.08067876236647	0.287370312120727	48096-48115	logFC=-1.25 -log10(p)=1
0.09992638429974	-0.0744762308447866	48096-48116	logFC=-1 -log10(p)=1
-0.091173938447024	-0.414606355563741	48096-48117	logFC=-0.5 -log10(p)=1
-0.02465762615357	-0.482715273711408	48096-48118	logFC=-1.25 -log10(p)=2
0.0642325335976701	-0.36462657351645	48096-48119	logFC=-3 -log10(p)=4
0.075727438962183	-0.473430442038003	48096-48120	logFC=-0.75 -log10(p)=1
0.0786601009993699	-0.351022443955058	48096-48121	logFC=-1.75 -log10(p)=2
-0.107999500839413	-0.0409818943655456	48096-48122	logFC=-0.75 -log10(p)=1
-0.046908046332717	0.239438742601286	48096-48123	logFC=-0.25 -log10(p)=0
-0.0915387118159301	-0.0979199129608523	48096-48124	logFC=-1.5 -log10(p)=2
0.0544547276840599	-0.132173426729847	48096-48125	logFC=-2 -log10(p)=2
0.0581552924903401	-0.203877894094651	48096-48126	logFC=-2.75 -log10(p)=3
-0.0106151462777799	0.0690187922681211	48096-48127	logFC=-1.5 -log10(p)=1
0.11490807398392	-0.05245346221614	48096-48128	logFC=-1.25 -log10(p)=1
-0.05610223751052	-0.444546530813115	48096-48129	logFC=-1.75 -log10(p)=2
-0.0187137256110601	-0.169404436635894	48096-48130	logFC=-1.25 -log10(p)=1
-0.04276680195257	-0.121183929707333	48096-48131	logFC=-1.5 -log10(p)=1
0.11294165023525	-0.200681827830855	48096-48132	logFC=-4.25 -log10(p)=2
-0.00247026232448011	0.390119839338254	48096-48133	logFC=-1.5 -log10(p)=1
0.0710274421777599	-0.139147828141562	48096-48134	logFC=-2 -log10(p)=2
0.098374725129303	0.455921929863655	48096-48135	logFC=-0.75 -log10(p)=0
-0.032367039800195	0.152263383391344	48096-48136	logFC=-0.25 -log10(p)=0
0.08775413623702	-0.229898195048555	48096-48137	logFC=-1.5 -log10(p)=1
0.09603455209065	0.0180532979310337	48096-48138	logFC=-5 -log10(p)=3
0.00767923779803992	-0.131064043142905	48096-48139	logFC=-2.25 -log10(p)=2
-0.02577399153495	-0.166096694226922	48096-48140	logFC=-1 -log10(p)=1
-0.09446104893436	-0.23349787424801	48096-48141	logFC=-1 -log10(p)=1
0.031389726192539	0.320342085743399	48096-48142	logFC=-1 -log10(p)=0
-0.11973824600122	0.382985004612088	48096-48143	logFC=-1.75 -log10(p)=1
-0.01115505666974	-0.375444867440636	48096-48144	logFC=-1.5 -log10(p)=1
0.0783873828128301	-0.305560941972034	48096-48145	logFC=-1.75 -log10(p)=1
0.088102355643321	-0.100440021617363	48097-48097	logFC=-0.5 -log10(p)=8
0.043189103780935	0.399676705927364	48097-48098	logFC=-0.25 -log10(p)=2
-0.115237829301213	-0.151932812306686	48097-48099	logFC=0 -log10(p)=1
-0.08735727515032	0.0187801987645191	48097-48100	logFC=0.5 -log10(p)=6
-0.022183061537126	-0.124135464916622	48097-48101	logFC=0.75 -log10(p)=13
0.018647674968173	0.240202420774587	48097-48102	logFC=0.5 -log10(p)=6
-0.094339213413462	-0.224315228867196	48097-48103	logFC=0.25 -log10(p)=1
0.113994803248847	-0.437263752637291	48097-48104	logFC=-0.25 -log10(p)=1
-0.109648908168697	0.393582786973705	48097-48105	logFC=0 -log10(p)=0
0.0988059856725695	0.346846537507287	48097-48106	logFC=0 -log10(p)=0
-0.0565417405641558	0.14736472541606	48097-48107	logFC=0 -log10(p)=0
-0.0195545696155563	0.0410925207577085	48097-48108	logFC=0 -log10(p)=0
0.00440772230444297	0.336645135158809	48097-48109	logFC=-0.5 -log10(p)=2
0.057274129895138	0.487333813844266	48097-48110	logFC=-0.5 -log10(p)=1
0.0412959201470092	0.0668159092142615	48097-48111	logFC=0 -log10(p)=0
-0.0525270165263829	0.0908845593071866	48097-48112	logFC=0 -log10(p)=0
0.116838902935921	0.234005840677592	48097-48113	logFC=-0.25 -log10(p)=0
0.10317776446589	0.0961326872078914	48097-48114	logFC=-0.75 -log10(p)=2
-0.021773295723851	0.428023526796898	48097-48115	logFC=-0.75 -log10(p)=2
-0.094873792272227	-0.244215122555721	48097-48116	logFC=-0.25 -log10(p)=1
-0.053685186783957	0.472008840117491	48097-48117	logFC=-0.5 -log10(p)=1
-0.00972971106632992	0.0159469394534311	48097-48118	logFC=-1 -log10(p)=3
-0.0144753812567	0.0313451592279348	48097-48119	logFC=-1.25 -log10(p)=5
0.0679642240507901	-0.153606096225482	48097-48120	logFC=-1.75 -log10(p)=8
0.00256335440753008	0.392625765828178	48097-48121	logFC=-1.75 -log10(p)=6
-0.0850503498625601	-0.381204187463959	48097-48122	logFC=-2 -log10(p)=9
0.042164480351555	0.488907267575023	48097-48123	logFC=-1 -log10(p)=2
-0.0859834967937701	-0.349042066979789	48097-48124	logFC=-1.75 -log10(p)=6
-0.0677176563939099	-0.0342698569723261	48097-48125	logFC=-1.5 -log10(p)=4
-0.05087285191958	0.398784325801657	48097-48126	logFC=-1.5 -log10(p)=4
0.043659468698116	0.104224321770505	48097-48127	logFC=-1 -log10(p)=2
-0.10730325995224	-0.0529080992060944	48097-48128	logFC=-2 -log10(p)=5
0.0348860967922799	-0.391214914730926	48097-48129	logFC=-1.25 -log10(p)=3
0.0637927177492601	0.0446697010771264	48097-48130	logFC=-1.25 -log10(p)=2
0.08913954565519	0.312666472036899	48097-48131	logFC=-1.5 -log10(p)=2
-0.0951226584184801	0.34684951174119	48097-48132	logFC=-1.25 -log10(p)=3
0.0682792035877899	0.462242798881835	48097-48133	logFC=-2 -log10(p)=4
0.0755680284585341	0.302494318536588	48097-48134	logFC=-1 -log10(p)=1
-0.07411699628855	-0.368391446426043	48097-48135	logFC=-1.75 -log10(p)=5
-0.10506952382302	-0.341594896896966	48097-48136	logFC=-1.25 -log10(p)=3
-0.08557682055308	0.338087999588114	48097-48137	logFC=-1 -log10(p)=2
-0.0878989098840399	-0.374289736141998	48097-48138	logFC=-1 -log10(p)=2
-0.04114938583841	0.235764612765529	48097-48139	logFC=-2 -log10(p)=4
0.0558314422256401	0.311241921131067	48097-48140	logFC=-1.75 -log10(p)=3
-0.07913871192811	0.0858189828245282	48097-48141	logFC=-1.75 -log10(p)=4
-0.05194619528672	0.498246512592509	48097-48142	logFC=-1 -log10(p)=1
0.059939662813427	0.180859117245767	48097-48143	logFC=-1 -log10(p)=1
0.0467014958081	0.189374920674327	48097-48144	logFC=-2 -log10(p)=3
-0.029501826835502	-0.247117998842195	48097-48145	logFC=-0.75 -log10(p)=1
0.0251942386534201	0.183257696936516	48097-48146	logFC=-2 -log10(p)=3
0.09312515253397	0.0290160452789312	48098-48098	logFC=-0.5 -log10(p)=8
0.081524650398459	-0.0807410260992601	48098-48099	logFC=-0.25 -log10(p)=2
0.0509848994858203	0.318003252658326	48098-48100	logFC=0 -log10(p)=0
-0.0875891330781271	-0.427218547836384	48098-48101	logFC=0 -log10(p)=1
-0.104314332243213	-0.367974254798617	48098-48102	logFC=0 -log10(p)=1
-0.104361727733509	-0.456537126422629	48098-48103	logFC=0 -log10(p)=1
0.051424192829305	0.274449065708281	48098-48104	logFC=-0.5 -log10(p)=4
-0.076613732117773	0.167649064438856	48098-48105	logFC=-0.25 -log10(p)=2
0.060172248194532	-0.323034566877432	48098-48106	logFC=-0.5 -log10(p)=4
0.039297291149182	0.18760672890233	48098-48107	logFC=-0.5 -log10(p)=3
-0.028524489926438	0.33986051081255	48098-48108	logFC=-0.25 -log10(p)=1
-0.04288956959891	0.0411432192031214	48098-48109	logFC=-0.5 -log10(p)=3
-0.086313454400049	0.375590895480979	48098-48110	logFC=-0.5 -log10(p)=3
0.039496723047007	-0.347171947772455	48098-48111	logFC=-0.25 -log10(p)=1
0.0797166915930634	0.17927829727033	48098-48112	logFC=0 -log10(p)=0
0.114594551110527	-0.360897478755624	48098-48113	logFC=-0.75 -log10(p)=3
-0.02094905036113	0.248497235397363	48098-48114	logFC=-0.75 -log10(p)=3
-0.103654863737702	-0.0959420663313895	48098-48115	logFC=-0.25 -log10(p)=1
0.095095599246392	0.0929506074022513	48098-48116	logFC=-0.5 -log10(p)=1
0.091501121615169	0.0209975755421841	48098-48117	logFC=-1 -log10(p)=4
0.0740947206596671	0.193896428692013	48098-48118	logFC=-0.75 -log10(p)=2
-0.111555259928248	-0.00273309760987983	48098-48119	logFC=-0.75 -log10(p)=3
0.09301045894536	-0.224667862880009	48098-48120	logFC=-1.25 -log10(p)=6
0.0673650440111899	0.0972967711388115	48098-48121	logFC=-1.25 -log10(p)=5
-0.03540458577809	-0.228677968434644	48098-48122	logFC=-1.75 -log10(p)=8
0.10825433243745	0.418715220743454	48098-48123	logFC=-1.5 -log10(p)=5
-0.02067659790847	0.190506840468047	48098-48124	logFC=-1.25 -log10(p)=4
-0.0681298237977599	-0.0358940767315348	48098-48125	logFC=-1.25 -log10(p)=4
0.0198451745395101	-0.32834256825628	48098-48126	logFC=-1.25 -log10(p)=4
-0.0432036421122599	0.028286510422872	48098-48127	logFC=-1 -log10(p)=3
-0.0878938868683501	0.337861762871612	48098-48128	logFC=-1 -log10(p)=2
-0.06655647036827	-0.283046970158437	48098-48129	logFC=-1.5 -log10(p)=5
-0.0597430436736699	-0.409780480407123	48098-48130	logFC=-1.25 -log10(p)=4
-0.053370190031194	-0.103469328536593	48098-48131	logFC=-0.5 -log10(p)=1
0.05039744483248	0.199509104079866	48098-48132	logFC=-1.5 -log10(p)=4
-0.05285406600898	-0.417763978042233	48098-48133	logFC=-1.25 -log10(p)=4
-0.0117914862266599	0.163880599301391	48098-48134	logFC=-1.5 -log10(p)=3
0.055674866905008	0.0847595046040439	48098-48135	logFC=-1 -log10(p)=2
0.0441620092241799	-0.304489389836435	48098-48136	logFC=-1.5 -log10(p)=4
-0.072292215225838	-0.328019926123898	48098-48137	logFC=-0.75 -log10(p)=2
-0.02379273478864	0.042594052351971	48098-48138	logFC=-1 -log10(p)=2
-0.0154578161075249	0.220932627112669	48098-48139	logFC=-0.75 -log10(p)=1
0.121072797263301	0.427255788666646	48098-48140	logFC=-1 -log10(p)=1
0.01307806131454	-0.295861403334473	48098-48141	logFC=-1.25 -log10(p)=3
0.085005413230231	-0.323428242389296	48098-48142	logFC=-1 -log10(p)=2
-0.07755695140645	-0.322306251894302	48098-48143	logFC=-1 -log10(p)=2
0.0019956210673	0.339364741901487	48098-48144	logFC=-1.25 -log10(p)=2
0.026595170408795	-0.212375439867072	48098-48145	logFC=-0.75 -log10(p)=1
0.052694840905847	0.465787127351904	48098-48146	logFC=-1 -log10(p)=1
0.075117321651987	0.236703029839578	48098-48147	logFC=-1 -log10(p)=1
0.021522476386153	0.299910901099711	48099-48099	logFC=-0.5 -log10(p)=10
-0.058212364166352	0.0259711072002009	48099-48100	logFC=-0.25 -log10(p)=5
-0.0737804114962231	-0.269318965343826	48099-48101	logFC=-0.5 -log10(p)=11
0.067342764366983	0.0541607953116774	48099-48102	logFC=-0.5 -log10(p)=6
0.03380574018075	-0.377756460756973	48099-48103	logFC=-0.5 -log10(p)=6
-0.067569535985904	-0.385584500274332	48099-48104	logFC=-0.75 -log10(p)=11
-0.030281926928005	0.479102932751272	48099-48105	logFC=-0.5 -log10(p)=5
-0.00899428261739499	-0.345970337372432	48099-48106	logFC=-0.75 -log10(p)=9
-0.00991866149973897	0.144128273919877	48099-48107	logFC=-0.5 -log10(p)=4
-0.01150725208006	-0.224871534536977	48099-48108	logFC=-0.5 -log10(p)=4
0.038027917384049	0.0273664962944804	48099-48109	logFC=-0.5 -log10(p)=3
-0.072915077220482	-0.102123987942213	48099-48110	logFC=-0.5 -log10(p)=4
-0.0952353582453487	0.264134271728127	48099-48111	logFC=0 -log10(p)=0
0.067213672146717	-0.443493727302363	48099-48112	logFC=-0.25 -log10(p)=1
0.097698800088011	0.372023106024642	48099-48113	logFC=-0.25 -log10(p)=0
0.12182962339055	-0.386297595110319	48099-48114	logFC=-1.25 -log10(p)=7
0.062754988931159	-0.494454987732039	48099-48115	logFC=-0.5 -log10(p)=2
-0.054051862478455	-0.14845517788789	48099-48116	logFC=-0.25 -log10(p)=1
-0.081143633848773	0.0490750335098871	48099-48117	logFC=-0.5 -log10(p)=2
0.092297619830328	-0.301329237968027	48099-48118	logFC=-1 -log10(p)=4
-0.07079358660554	0.0139547372922717	48099-48119	logFC=-1.25 -log10(p)=7
-0.0348944757396401	0.158523185357079	48099-48120	logFC=-1 -log10(p)=5
-0.09677885210159	-0.00972859990675445	48099-48121	logFC=-1 -log10(p)=5
0.0158913732470001	0.396466519339097	48099-48122	logFC=-1.25 -log10(p)=5
0.0212446072038029	0.331602096250558	48099-48123	logFC=-1 -log10(p)=3
-0.0306469155262701	-0.0919894676256705	48099-48124	logFC=-1.25 -log10(p)=5
-0.054891112785555	0.227707786806808	48099-48125	logFC=-0.75 -log10(p)=2
-0.0665942455908	-0.173757293373262	48099-48126	logFC=-1.75 -log10(p)=7
-0.0048086279917301	-0.00373250550793802	48099-48127	logFC=-1.25 -log10(p)=4
0.088865899520198	0.229460458898513	48099-48128	logFC=-1 -log10(p)=2
0.047660180794644	-0.170731717829862	48099-48129	logFC=-0.5 -log10(p)=1
-0.03700900038174	0.329686911218318	48099-48130	logFC=-1 -log10(p)=2
-0.12321051166255	-0.0561609571876716	48099-48131	logFC=-1.25 -log10(p)=4
-0.08562433754844	0.18751442416468	48099-48132	logFC=-1.75 -log10(p)=5
0.0927869702663899	-0.160184974183305	48099-48133	logFC=-1.25 -log10(p)=3
-0.066295729275006	0.479803842959325	48099-48134	logFC=-0.75 -log10(p)=1
-0.11211275951699	-0.110651361199765	48099-48135	logFC=-1.5 -log10(p)=5
-0.12311632638454	-0.0833723101576016	48099-48136	logFC=-1.75 -log10(p)=6
-0.0953625730954299	0.465787075077124	48099-48137	logFC=-2 -log10(p)=6
0.037052340614775	0.269968551548607	48099-48138	logFC=-0.75 -log10(p)=1
-0.0192700103113099	-0.416523200854476	48099-48139	logFC=-1.25 -log10(p)=3
0.10229262105277	0.247034846808408	48099-48140	logFC=-1.25 -log10(p)=2
-0.0284550325139401	-0.212734245431024	48099-48141	logFC=-1.25 -log10(p)=3
0.043705459752968	-0.366608754620738	48099-48142	logFC=-0.5 -log10(p)=1
0.07606569092574	0.308364325584226	48099-48143	logFC=-2 -log10(p)=5
0.045287173076846	-0.185352525437906	48099-48144	logFC=-1 -log10(p)=2
0.092338614206805	-0.122162788449224	48099-48145	logFC=-0.75 -log10(p)=1
-0.110195640831151	0.232887117443862	48099-48146	logFC=-0.75 -log10(p)=1
0.085489617960912	-0.415945837969347	48099-48147	logFC=-1 -log10(p)=2
0.1017570716723	-0.396235637283108	48099-48148	logFC=-1.5 -log10(p)=3
0.115672639699325	-0.461784567215789	48100-48100	logFC=-0.5 -log10(p)=8
0.072358878408341	-0.241319961050274	48100-48101	logFC=-0.5 -log10(p)=8
-0.121891892502231	0.140347060429753	48100-48102	logFC=-0.25 -log10(p)=5
0.110961544793483	-0.304460297085093	48100-48103	logFC=-0.5 -log10(p)=5
0.00121855949361205	-0.156223380961789	48100-48104	logFC=-0.75 -log10(p)=11
-0.087003850909495	0.448637748760458	48100-48105	logFC=-0.5 -log10(p)=7
-0.044778505624306	0.445814581594451	48100-48106	logFC=-0.75 -log10(p)=10
0.066798014115036	-0.386171661958755	48100-48107	logFC=-0.5 -log10(p)=4
-0.07404062428918	0.0346532909695889	48100-48108	logFC=-0.25 -log10(p)=2
-0.033967825587738	0.109573307197258	48100-48109	logFC=-0.5 -log10(p)=4
0.024136390573242	-0.0314061926331508	48100-48110	logFC=-0.75 -log10(p)=6
0.121603781197663	0.00808904398812338	48100-48111	logFC=-0.5 -log10(p)=2
-0.101384748301608	0.296255018818388	48100-48112	logFC=0 -log10(p)=0
0.093516890716281	-0.301346849221445	48100-48113	logFC=-0.5 -log10(p)=2
0.054561517393204	-0.190161624027025	48100-48114	logFC=-0.5 -log10(p)=2
-0.104900860398929	0.353735064449145	48100-48115	logFC=-0.75 -log10(p)=4
-0.00285447358351099	0.0949327330560341	48100-48116	logFC=-0.5 -log10(p)=2
0.073883262454664	0.0017505639593236	48100-48117	logFC=-0.75 -log10(p)=3
-0.0762249213969399	0.244167162333217	48100-48118	logFC=-1 -log10(p)=5
-0.0644679230202661	-0.125862210193374	48100-48119	logFC=-0.75 -log10(p)=4
0.0573260866127701	0.146483405436204	48100-48120	logFC=-1.25 -log10(p)=7
0.024425413261543	-0.246923329707885	48100-48121	logFC=-1 -log10(p)=5
-0.00839084011353997	-0.437272313606264	48100-48122	logFC=-1 -log10(p)=5
0.122764497764949	-0.20672487009725	48100-48123	logFC=-0.75 -log10(p)=2
0.0667141106942699	-0.477226399040328	48100-48124	logFC=-1.25 -log10(p)=5
0.00185870049174008	0.184260481491138	48100-48125	logFC=-1.5 -log10(p)=7
-0.0848401027375301	-0.331874493623295	48100-48126	logFC=-1 -log10(p)=4
-0.0327379958584499	-0.282372325383415	48100-48127	logFC=-1 -log10(p)=3
-0.0373444062235899	0.355566669526877	48100-48128	logFC=-1 -log10(p)=3
-0.0236422803074099	0.326791426606505	48100-48129	logFC=-1.25 -log10(p)=4
-0.014183299384902	0.118082346543227	48100-48130	logFC=-0.75 -log10(p)=2
0.1220981906606	0.146480294600734	48100-48131	logFC=-1.5 -log10(p)=4
0.083899873832255	0.252810945393378	48100-48132	logFC=-1 -log10(p)=2
0.05894861759088	-0.0315348335785237	48100-48133	logFC=-1.5 -log10(p)=4
0.0290128523514099	0.352535279059084	48100-48134	logFC=-1.75 -log10(p)=6
0.0035725790627501	0.320299111435204	48100-48135	logFC=-1.75 -log10(p)=5
-0.0828440563287201	0.368257995178416	48100-48136	logFC=-1.25 -log10(p)=4
-0.11223161855016	-0.414678512132774	48100-48137	logFC=-1.25 -log10(p)=4
-0.11298697419659	0.450800071321243	48100-48138	logFC=-1.25 -log10(p)=4
0.0619769201654701	0.449787334961409	48100-48139	logFC=-1.5 -log10(p)=4
0.03681395633619	-0.38995021070122	48100-48140	logFC=-1.25 -log10(p)=3
-0.11043526328693	-0.481887275412928	48100-48141	logFC=-1 -log10(p)=3
-0.1107114203668	0.0564006857806625	48100-48142	logFC=-1.5 -log10(p)=4
0.031976616639213	-0.369034986458813	48100-48143	logFC=-0.5 -log10(p)=1
0.109733200306578	0.491712533506447	48100-48144	logFC=-0.5 -log10(p)=0
0.115102395507471	0.352221494276602	48100-48145	logFC=-1 -log10(p)=1
-0.03816525708633	-0.492029797800528	48100-48146	logFC=-1 -log10(p)=3
-0.04636644153419	0.105956071378246	48100-48147	logFC=-1 -log10(p)=2
0.119987496421433	-0.356138492184213	48100-48148	logFC=-1 -log10(p)=2
-0.03107889027931	0.0460478220406688	48100-48149	logFC=-0.75 -log10(p)=1
0.069632763676998	0.304879105042968	48101-48101	logFC=-0.75 -log10(p)=16
-0.083522738399976	0.485259279698796	48101-48102	logFC=-0.25 -log10(p)=5
-0.114279481930395	0.019995700729079	48101-48103	logFC=-0.25 -log10(p)=5
-0.0631550966817061	0.399158585950708	48101-48104	logFC=-0.75 -log10(p)=13
-0.091419136879185	-0.209555795910926	48101-48105	logFC=-0.5 -log10(p)=8
0.070232324231544	0.399911846219521	48101-48106	logFC=-0.75 -log10(p)=9
-0.069548155503281	-0.410996461361507	48101-48107	logFC=-0.25 -log10(p)=3
-0.0174121335296188	0.0587687113865673	48101-48108	logFC=0 -log10(p)=0
0.123139562840718	-0.0613629702346206	48101-48109	logFC=-0.75 -log10(p)=6
-0.073205516237033	-0.485397846556015	48101-48110	logFC=-0.75 -log10(p)=8
-0.090541011113183	0.00261398245412714	48101-48111	logFC=-0.5 -log10(p)=4
-0.042539620976008	0.208400549944005	48101-48112	logFC=-0.25 -log10(p)=1
0.056890128715268	-0.359785947784999	48101-48113	logFC=-0.25 -log10(p)=1
0.050132470330864	-0.396739471006224	48101-48114	logFC=-1 -log10(p)=6
0.105598303811585	0.0402868298839034	48101-48115	logFC=-0.75 -log10(p)=3
-0.086981318206152	0.482938518107093	48101-48116	logFC=-0.75 -log10(p)=4
-0.068162494950427	-0.374889312507949	48101-48117	logFC=-0.5 -log10(p)=3
-0.071525775525686	0.138165930194329	48101-48118	logFC=-0.75 -log10(p)=4
-0.110850765056853	-0.0189526508018778	48101-48119	logFC=-0.5 -log10(p)=3
-0.11172025768765	-0.394052357364543	48101-48120	logFC=-1 -log10(p)=7
-0.0516600650114301	-0.493741064359124	48101-48121	logFC=-1.5 -log10(p)=9
0.071758650394659	-0.498774771556526	48101-48122	logFC=-1 -log10(p)=4
-0.0447355541988099	-0.378809740823561	48101-48123	logFC=-1 -log10(p)=4
-0.0124753191706299	0.411679066604397	48101-48124	logFC=-1.25 -log10(p)=5
-0.09463222899376	-0.327073431613455	48101-48125	logFC=-1.25 -log10(p)=6
0.0985081997767501	0.069567008536958	48101-48126	logFC=-1.25 -log10(p)=4
-0.092434062608258	-0.194685313110043	48101-48127	logFC=-0.75 -log10(p)=3
0.115377719515853	-0.41167523360438	48101-48128	logFC=-0.75 -log10(p)=2
0.09810987510367	-0.349545198959177	48101-48129	logFC=-1.25 -log10(p)=4
0.11860232295931	-0.0308124387587583	48101-48130	logFC=-1.25 -log10(p)=4
0.097536778066581	0.0471024581186752	48101-48131	logFC=-1 -log10(p)=2
0.0128845440873	0.463684764540669	48101-48132	logFC=-1.5 -log10(p)=5
-0.00339106439878001	0.0314615797910331	48101-48133	logFC=-1.25 -log10(p)=4
0.04864975404074	0.0609407288079993	48101-48134	logFC=-1.25 -log10(p)=3
-0.10921970147898	-0.154001075674723	48101-48135	logFC=-1.5 -log10(p)=5
-0.0329162896170199	-0.44022871754867	48101-48136	logFC=-2 -log10(p)=8
-0.120044219137261	0.319973846231297	48101-48137	logFC=-0.75 -log10(p)=2
-0.0123525362661601	0.188291240724461	48101-48138	logFC=-1.5 -log10(p)=4
0.065959579726819	0.207173860804469	48101-48139	logFC=-1 -log10(p)=2
0.0474894004793001	-0.426839723892828	48101-48140	logFC=-1.25 -log10(p)=3
-0.07279631556887	-0.325486604754023	48101-48141	logFC=-1.75 -log10(p)=5
-0.00609437623026699	0.181000877312924	48101-48142	logFC=-0.75 -log10(p)=1
-0.0739567519833799	0.329902163224549	48101-48143	logFC=-1.25 -log10(p)=3
-0.0930200277520998	-0.11021687773364	48101-48144	logFC=-2 -log10(p)=6
0.0853828131322601	0.351218731441375	48101-48145	logFC=-1 -log10(p)=1
0.10898804383888	0.176989500457578	48101-48146	logFC=-1.75 -log10(p)=4
-0.044485254963736	-0.237331211427366	48101-48147	logFC=-0.5 -log10(p)=1
0.080808666470967	0.462201999940808	48101-48148	logFC=-1 -log10(p)=1
-0.11291305245284	-0.0120994677083299	48101-48149	logFC=-1 -log10(p)=2
0.021477518804829	-0.29798381302868	48101-48150	logFC=-0.5 -log10(p)=1
-0.0646734334882621	-0.244918545005717	48102-48102	logFC=-0.5 -log10(p)=13
-0.096395019906313	-0.299554301884049	48102-48103	logFC=-0.25 -log10(p)=6
-0.00491374971940595	-0.193885547486124	48102-48104	logFC=-0.5 -log10(p)=8
0.021983468312786	-0.48542666826319	48102-48105	logFC=-0.5 -log10(p)=7
0.00334334910059703	-0.339449340161201	48102-48106	logFC=-0.5 -log10(p)=7
0.00641646904448501	-0.0491316295635977	48102-48107	logFC=-0.25 -log10(p)=2
0.042108181726533	0.367608936009785	48102-48108	logFC=-0.25 -log10(p)=1
0.084981889318768	-0.306203045370214	48102-48109	logFC=-0.5 -log10(p)=4
0.015932347403288	-0.0462593449733642	48102-48110	logFC=-0.5 -log10(p)=4
-0.104370548607385	0.209092333585682	48102-48111	logFC=-0.25 -log10(p)=2
0.12463287751108	0.443223146345655	48102-48112	logFC=-0.25 -log10(p)=0
-0.0930877822884	-0.278239375784786	48102-48113	logFC=-0.25 -log10(p)=2
0.0519168904827501	-0.156253843547797	48102-48114	logFC=-0.75 -log10(p)=5
-0.047013120984949	0.0827538215277865	48102-48115	logFC=-0.75 -log10(p)=5
-0.00947800474548799	0.316500376949107	48102-48116	logFC=-0.5 -log10(p)=2
0.083247696185735	0.31441722321032	48102-48117	logFC=-1 -log10(p)=6
0.017833659085967	0.26294728635041	48102-48118	logFC=-0.75 -log10(p)=4
0.056828319585734	0.304075303560733	48102-48119	logFC=-0.75 -log10(p)=4
0.0121522794231299	-0.180252943210979	48102-48120	logFC=-1.25 -log10(p)=9
-0.08933381064269	-0.28312735695846	48102-48121	logFC=-1 -log10(p)=6
0.106018843592714	-0.0456870898956252	48102-48122	logFC=-1 -log10(p)=4
0.085275549281288	-0.163609922477372	48102-48123	logFC=-1 -log10(p)=4
0.0357848318779299	0.321355704041681	48102-48124	logFC=-1.25 -log10(p)=6
0.10912075451048	-0.240842284705579	48102-48125	logFC=-1.25 -log10(p)=5
0.11860994436901	-0.435869522373163	48102-48126	logFC=-1.25 -log10(p)=5
0.0654507461762801	-0.321304926634632	48102-48127	logFC=-1.25 -log10(p)=6
-0.119942494517061	-0.0286382255795452	48102-48128	logFC=-0.75 -log10(p)=3
-0.0927342146269401	0.352035506620088	48102-48129	logFC=-1.25 -log10(p)=6
0.0552909165692701	0.420465182981791	48102-48130	logFC=-1.25 -log10(p)=4
0.0212698065866599	0.0449976991737993	48102-48131	logFC=-1.25 -log10(p)=5
0.06076010362625	0.248760745318799	48102-48132	logFC=-1.5 -log10(p)=5
0.08842960974625	0.14264576844392	48102-48133	logFC=-1.25 -log10(p)=4
-0.0778469463898801	0.473308235152492	48102-48134	logFC=-1 -log10(p)=3
-0.03216380318506	-0.392563243801751	48102-48135	logFC=-1.25 -log10(p)=5
0.03765450068025	0.266717146599365	48102-48136	logFC=-1.25 -log10(p)=4
0.0168013187706499	-0.034933513545818	48102-48137	logFC=-1.5 -log10(p)=5
-0.0146373583421	0.479443236787252	48102-48138	logFC=-1.25 -log10(p)=3
0.0239568409066699	-0.0391834768714094	48102-48139	logFC=-1.5 -log10(p)=5
0.0202728149042899	0.0494532136112076	48102-48140	logFC=-1.25 -log10(p)=4
-0.09551224652668	-0.0898227840890069	48102-48141	logFC=-1 -log10(p)=3
0.05048151252891	0.466361016335024	48102-48142	logFC=-1.75 -log10(p)=4
-0.10733326692951	-0.324590637247399	48102-48143	logFC=-1 -log10(p)=3
-0.11735207027494	0.290825006544581	48102-48144	logFC=-2 -log10(p)=7
-0.09754818306556	0.439396544724513	48102-48145	logFC=-1 -log10(p)=2
-0.115934214623222	-0.0470946762556743	48102-48146	logFC=-0.75 -log10(p)=2
-0.0399209816349699	-0.338262242118785	48102-48147	logFC=-1 -log10(p)=3
0.0295083467837101	-0.0667135869678055	48102-48148	logFC=-1.25 -log10(p)=3
-0.0811302697601599	0.251821788325018	48102-48149	logFC=-1 -log10(p)=2
0.022883702877658	-0.288510135441995	48102-48150	logFC=-0.5 -log10(p)=1
-0.07971097825063	-0.239507068836977	48102-48151	logFC=-1 -log10(p)=3
0.00898547397376603	-0.161973804582697	48103-48103	logFC=-0.75 -log10(p)=17
-0.056483046008551	0.49961254034028	48103-48104	logFC=-0.5 -log10(p)=11
0.039294857126441	0.165248549037211	48103-48105	logFC=-0.5 -log10(p)=7
-0.00550149417963097	0.234186584881066	48103-48106	logFC=-0.5 -log10(p)=8
-0.052185078662577	0.210922143631765	48103-48107	logFC=-0.25 -log10(p)=3
0.115034905178874	0.101185240971798	48103-48108	logFC=-0.5 -log10(p)=4
0.089378402970136	0.0519320148309639	48103-48109	logFC=-0.5 -log10(p)=4
0.055556588446211	0.238968893556795	48103-48110	logFC=-0.5 -log10(p)=4
0.119475369786342	-0.44875709260951	48103-48111	logFC=0 -log10(p)=1
0.00819845730736402	0.472947516334341	48103-48112	logFC=0.25 -log10(p)=1
0.11163353890393	-0.448257536541346	48103-48113	logFC=-0.25 -log10(p)=1
-0.066396007406679	0.170701414205315	48103-48114	logFC=-0.5 -log10(p)=4
-0.091043926509735	0.0804667273104487	48103-48115	logFC=-0.5 -log10(p)=4
-0.00775096280916399	0.106303718000065	48103-48116	logFC=-0.25 -log10(p)=1
0.079224346964369	-0.307451951392745	48103-48117	logFC=-0.75 -log10(p)=5
0.045562986326259	0.473034026861054	48103-48118	logFC=-0.75 -log10(p)=4
-0.077205558567284	0.374173897293296	48103-48119	logFC=-0.75 -log10(p)=6
0.034762070922336	0.312574121457647	48103-48120	logFC=-0.5 -log10(p)=2
0.039907989069314	0.00166877047369507	48103-48121	logFC=-0.5 -log10(p)=2
-0.103805006016285	0.484526062069535	48103-48122	logFC=-0.5 -log10(p)=2
-0.030003282314344	-0.219271198930094	48103-48123	logFC=-0.25 -log10(p)=1
-0.0206444463740001	-0.300582004085504	48103-48124	logFC=-1 -log10(p)=5
0.011295991018053	-0.378971684373622	48103-48125	logFC=-0.5 -log10(p)=2
-0.05008193266774	0.395207544805841	48103-48126	logFC=-1.25 -log10(p)=6
-0.07885029608011	0.135665723890083	48103-48127	logFC=-0.75 -log10(p)=3
0.065071741845992	0.467258568400538	48103-48128	logFC=-1 -log10(p)=3
-0.07462360126676	0.278838253778728	48103-48129	logFC=-1.25 -log10(p)=6
0.044083769986072	-0.0977554124522633	48103-48130	logFC=-1 -log10(p)=4
-0.03451959587386	0.441772183109253	48103-48131	logFC=-1.25 -log10(p)=5
0.08815443270348	0.186027248189243	48103-48132	logFC=-1.75 -log10(p)=9
0.09959212470582	-0.251494916688033	48103-48133	logFC=-1.75 -log10(p)=9
0.10528872664998	0.0176243681515142	48103-48134	logFC=-1.5 -log10(p)=5
-0.04314205787377	-0.234617370297519	48103-48135	logFC=-1.25 -log10(p)=5
-0.1109139019097	-0.390244669304945	48103-48136	logFC=-1 -log10(p)=4
0.0384149174961601	0.0700506746817924	48103-48137	logFC=-1.25 -log10(p)=4
-0.076016761543387	0.166181547669465	48103-48138	logFC=-0.75 -log10(p)=2
-0.027443814178239	0.439095899540278	48103-48139	logFC=-0.75 -log10(p)=2
0.0674585808360999	0.102412520163978	48103-48140	logFC=-1.25 -log10(p)=4
0.0942485985183199	-0.1044017511814	48103-48141	logFC=-1.5 -log10(p)=5
-0.0933229442397801	-0.280751467115858	48103-48142	logFC=-1.25 -log10(p)=5
0.046792093917852	-0.313699256034319	48103-48143	logFC=-0.75 -log10(p)=2
0.102193234700031	-0.473855869776757	48103-48144	logFC=-1 -log10(p)=3
-0.0887867051860101	0.346690990956576	48103-48145	logFC=-1.25 -log10(p)=3
-0.11480743965053	0.404230259532143	48103-48146	logFC=-1 -log10(p)=3
0.051283362504479	0.251031653394047	48103-48147	logFC=-1 -log10(p)=2
-0.00942721105295008	-0.465025930218811	48103-48148	logFC=-1 -log10(p)=3
-0.021660843166225	-0.492840053718766	48103-48149	logFC=-0.75 -log10(p)=2
0.048963295877517	-0.238376842933787	48103-48150	logFC=-0.5 -log10(p)=1
0.116172728923926	0.135810492766345	48103-48151	logFC=-0.75 -log10(p)=1
0.11845820106685	0.138872126812987	48103-48152	logFC=-1.25 -log10(p)=3
0.106560265833457	-0.234300029568443	48104-48104	logFC=-0.75 -log10(p)=16
-0.060358805017222	0.102505988478197	48104-48105	logFC=-0.25 -log10(p)=5
0.0969931015282151	0.184594969461029	48104-48106	logFC=-0.75 -log10(p)=12
-0.048323462254957	0.0406080379545082	48104-48107	logFC=-0.25 -log10(p)=3
-0.026532606178616	-0.394102289131864	48104-48108	logFC=-0.25 -log10(p)=3
0.100794559033833	-0.400586563108829	48104-48109	logFC=-0.5 -log10(p)=5
0.120043956124514	-0.151490890867311	48104-48110	logFC=-0.5 -log10(p)=4
-0.086452172512767	-0.0110534027839646	48104-48111	logFC=0.25 -log10(p)=1
0.031615629812055	-0.0876311977054818	48104-48112	logFC=0.25 -log10(p)=2
0.0619095568047238	0.222941733192307	48104-48113	logFC=0 -log10(p)=0
-0.016859928485244	0.137903628972882	48104-48114	logFC=-0.5 -log10(p)=4
-0.091144904027813	-0.131985292028254	48104-48115	logFC=-0.25 -log10(p)=2
0.112906572554326	-0.460059207645447	48104-48116	logFC=-0.25 -log10(p)=1
0.013227046118898	-0.0410677179802059	48104-48117	logFC=-0.5 -log10(p)=3
0.117226893331535	0.0636382985552051	48104-48118	logFC=-0.5 -log10(p)=2
0.00299138537447502	0.139700510385955	48104-48119	logFC=-0.5 -log10(p)=3
-0.031980399330199	-0.42376155330976	48104-48120	logFC=-0.5 -log10(p)=4
0.059651424857128	0.178509096212784	48104-48121	logFC=-0.75 -log10(p)=4
-0.08822534672084	-0.2487093969042	48104-48122	logFC=-0.5 -log10(p)=3
0.00255621055749	0.172626073950602	48104-48123	logFC=-0.5 -log10(p)=2
0.055968780861544	0.308927283510621	48104-48124	logFC=-0.75 -log10(p)=3
-0.105181871007723	0.164883825166134	48104-48125	logFC=-0.25 -log10(p)=1
-0.044716119049937	-0.210733220556401	48104-48126	logFC=-0.5 -log10(p)=2
0.046861215573679	-0.111913309616463	48104-48127	logFC=-0.75 -log10(p)=3
-0.0412874018087701	0.139656149609468	48104-48128	logFC=-1 -log10(p)=5
-0.065184307348799	-0.219059677190811	48104-48129	logFC=-0.75 -log10(p)=4
-0.0979131232643	-0.152271830460458	48104-48130	logFC=-0.75 -log10(p)=4
-0.000391212672739893	0.208390590870424	48104-48131	logFC=-1 -log10(p)=4
-0.107274328331722	0.46644872939387	48104-48132	logFC=-0.75 -log10(p)=3
0.0972729267394601	-0.247294785224365	48104-48133	logFC=-1.5 -log10(p)=7
0.03394844000061	-0.153605478407416	48104-48134	logFC=-1.5 -log10(p)=6
-0.0290662328628299	0.0159187282336921	48104-48135	logFC=-1 -log10(p)=4
0.0672953343320599	-0.468827867468047	48104-48136	logFC=-1.25 -log10(p)=5
-0.12121025982425	0.413898622227926	48104-48137	logFC=-1 -log10(p)=4
-0.11102286136121	0.214817752669096	48104-48138	logFC=-1 -log10(p)=4
-0.102193488720636	0.374286984522982	48104-48139	logFC=-0.75 -log10(p)=2
0.107124555871003	-0.0409097721564375	48104-48140	logFC=-1 -log10(p)=3
0.12439676549476	0.40892966584713	48104-48141	logFC=-1.5 -log10(p)=5
-0.093144652074748	0.260172457718777	48104-48142	logFC=-0.5 -log10(p)=1
-0.00111940186993009	-0.327637970223417	48104-48143	logFC=-1.25 -log10(p)=5
-0.10356058407846	0.447183846598501	48104-48144	logFC=-0.75 -log10(p)=2
-0.09149018304621	-0.278355796253845	48104-48145	logFC=-0.75 -log10(p)=2
0.0521891446168199	-0.0974735807225335	48104-48146	logFC=-1.25 -log10(p)=4
-0.0575519618503499	0.37469534338777	48104-48147	logFC=-1.5 -log10(p)=5
0.0154777113771001	-0.376285047892147	48104-48148	logFC=-1.25 -log10(p)=4
0.080013920318736	0.42081777370317	48104-48149	logFC=-0.75 -log10(p)=1
-0.109306347443361	-0.386238903211408	48104-48150	logFC=-0.25 -log10(p)=1
-0.070096598276693	0.354579897194293	48104-48151	logFC=-0.5 -log10(p)=1
-0.064459728754849	0.0741210518414759	48104-48152	logFC=-0.75 -log10(p)=2
0.063203325002579	-0.141129938942799	48104-48153	logFC=-1 -log10(p)=3
-0.103008673964529	0.205323903055065	48105-48105	logFC=-0.5 -log10(p)=14
-0.031661825390038	-0.355593229637679	48105-48106	logFC=-0.5 -log10(p)=11
-0.124725634669213	0.284546004173167	48105-48107	logFC=-0.25 -log10(p)=5
-0.068669588262314	-0.442674251810423	48105-48108	logFC=-0.25 -log10(p)=4
-0.026075715448483	0.382062784430557	48105-48109	logFC=-0.5 -log10(p)=7
0.040200252353183	-0.414553127354323	48105-48110	logFC=-0.5 -log10(p)=6
-0.112852611213802	-0.365953844051239	48105-48111	logFC=0 -log10(p)=1
-0.087760632998696	-0.0430684284139246	48105-48112	logFC=0.25 -log10(p)=1
0.050517143783755	0.162779150922546	48105-48113	logFC=-0.25 -log10(p)=1
-0.042320091237911	-0.126972294521585	48105-48114	logFC=-0.5 -log10(p)=5
-0.01133369782803	0.318054138114054	48105-48115	logFC=-0.75 -log10(p)=7
0.106292238649481	-0.415067975553797	48105-48116	logFC=-0.25 -log10(p)=1
0.02830446107175	0.124856667416574	48105-48117	logFC=-0.25 -log10(p)=1
0.045505936885674	-0.119815046503886	48105-48118	logFC=-0.5 -log10(p)=3
0.119637688566381	0.262464404964401	48105-48119	logFC=-0.5 -log10(p)=2
-0.022453444252211	-0.320016188635068	48105-48120	logFC=-0.5 -log10(p)=4
-0.000266970730333993	-0.0563033472834095	48105-48121	logFC=-0.25 -log10(p)=1
-0.051021394765333	0.132409660457406	48105-48122	logFC=-0.75 -log10(p)=5
-0.094646474241344	0.241559501223815	48105-48123	logFC=-0.25 -log10(p)=1
-0.089318905747216	-0.126762867694346	48105-48124	logFC=-0.5 -log10(p)=3
0.067131759507675	0.453269963731412	48105-48125	logFC=-0.5 -log10(p)=1
-0.113096153957846	-0.455501393209213	48105-48126	logFC=-0.5 -log10(p)=3
0.037933520477313	-0.116305380168462	48105-48127	logFC=-1 -log10(p)=5
-0.04342102198777	0.208327712583895	48105-48128	logFC=-1 -log10(p)=5
0.086374840837266	-0.183412480742913	48105-48129	logFC=-0.75 -log10(p)=3
-0.105354598136401	-0.242265122824977	48105-48130	logFC=-0.75 -log10(p)=4
0.092920123257295	-0.130659399035931	48105-48131	logFC=-1 -log10(p)=4
0.010816536351817	0.0896862249294737	48105-48132	logFC=-1 -log10(p)=5
-0.1034183697023	-0.285625173519001	48105-48133	logFC=-1.25 -log10(p)=8
0.00514474040089996	-0.469553740413728	48105-48134	logFC=-1.25 -log10(p)=6
0.066002373804198	0.224089077531227	48105-48135	logFC=-0.5 -log10(p)=1
-0.00139450869590996	0.280477181755373	48105-48136	logFC=-0.5 -log10(p)=1
0.07301396608442	-0.129072057891439	48105-48137	logFC=-1 -log10(p)=4
0.10485699095721	0.184085635921118	48105-48138	logFC=-1.5 -log10(p)=6
0.05693533776856	-0.415780029924454	48105-48139	logFC=-1.25 -log10(p)=6
0.11942028364793	0.257074699599569	48105-48140	logFC=-1.5 -log10(p)=5
-0.02149455022771	-0.1506897895687	48105-48141	logFC=-1.25 -log10(p)=6
0.0606119148095701	0.135193052646462	48105-48142	logFC=-1.5 -log10(p)=6
0.102253631444525	0.124957249444862	48105-48143	logFC=-1 -log10(p)=3
0.0640560693253191	-0.461725837725008	48105-48144	logFC=-1 -log10(p)=4
0.114598306283825	0.168484287716019	48105-48145	logFC=-1 -log10(p)=2
0.0853377164150799	0.2422257590529	48105-48146	logFC=-1.25 -log10(p)=4
-0.11474762399527	-0.0798432455461384	48105-48147	logFC=-1.25 -log10(p)=5
-0.06502307470369	-0.261088964515985	48105-48148	logFC=-1 -log10(p)=4
0.01063401341174	-0.296972897742643	48105-48149	logFC=-1 -log10(p)=3
-0.122709110751366	0.452346257634054	48105-48150	logFC=-0.5 -log10(p)=1
0.069760116920592	-0.10511875233983	48105-48151	logFC=-0.5 -log10(p)=1
0.079032123086082	0.134796089451105	48105-48152	logFC=-1 -log10(p)=3
0.032197344896773	-0.035862736659023	48105-48153	logFC=-0.5 -log10(p)=1
-0.069958886643037	-0.379610461517701	48105-48154	logFC=-0.75 -log10(p)=3
0.025152545546636	0.479323716108606	48106-48106	logFC=-0.75 -log10(p)=18
0.105456708616047	0.0348600851633867	48106-48107	logFC=-0.5 -log10(p)=7
-0.094917721961458	0.134432274908677	48106-48108	logFC=-0.5 -log10(p)=10
0.028862168796535	0.354693980040324	48106-48109	logFC=-0.75 -log10(p)=13
-0.042306844850529	0.0794385791312937	48106-48110	logFC=-0.75 -log10(p)=14
0.092518892600789	0.105886754082355	48106-48111	logFC=-0.25 -log10(p)=1
-0.0359991920668946	0.154797318828695	48106-48112	logFC=0 -log10(p)=0
-0.114484155090673	0.0684669972853791	48106-48113	logFC=-0.25 -log10(p)=3
0.032099718525799	0.368574169848742	48106-48114	logFC=-0.5 -log10(p)=4
0.036835234749795	-0.16377500506332	48106-48115	logFC=-0.5 -log10(p)=4
0.106099962896264	-0.323508297425002	48106-48116	logFC=-0.25 -log10(p)=1
0.096592647793935	0.0332236909193697	48106-48117	logFC=-0.5 -log10(p)=3
0.016547359231584	0.16675278888938	48106-48118	logFC=-0.25 -log10(p)=1
-0.044689351899414	0.237902041411811	48106-48119	logFC=-0.5 -log10(p)=4
-0.051560982129856	0.0354609241396107	48106-48120	logFC=-0.5 -log10(p)=4
-0.118869625702659	-0.228279080868499	48106-48121	logFC=-0.25 -log10(p)=2
0.069452540151174	-0.0480195693668031	48106-48122	logFC=-0.5 -log10(p)=2
-0.00460837658687796	0.219840742680639	48106-48123	logFC=-0.5 -log10(p)=2
0.107951513808996	-0.419772311028244	48106-48124	logFC=-0.5 -log10(p)=2
0.060688006480497	-0.404220127130703	48106-48125	logFC=-0.5 -log10(p)=2
0.073994262371604	-0.370119391903015	48106-48126	logFC=-0.5 -log10(p)=2
0.024274246861109	-0.143472448604502	48106-48127	logFC=-0.5 -log10(p)=2
0.093893849917555	-0.266647795308395	48106-48128	logFC=-1 -log10(p)=5
-0.05617321284586	0.102733162789439	48106-48129	logFC=-0.75 -log10(p)=4
-0.088051564147604	-0.474680350902924	48106-48130	logFC=-0.5 -log10(p)=3
0.075168763545042	-0.0488938352997512	48106-48131	logFC=-0.75 -log10(p)=3
-0.0420121857964699	-0.34195234794294	48106-48132	logFC=-1.25 -log10(p)=8
-0.00109305059663001	-0.269179409628378	48106-48133	logFC=-1.25 -log10(p)=7
0.07824952532109	0.218739166750911	48106-48134	logFC=-0.75 -log10(p)=2
0.096371054421258	0.345091968355856	48106-48135	logFC=-0.75 -log10(p)=2
-0.021291873265499	-0.388945294408104	48106-48136	logFC=-0.5 -log10(p)=2
0.000433085558467994	-0.00884961131256912	48106-48137	logFC=-0.75 -log10(p)=3
-0.00792146316891795	-0.145138857773658	48106-48138	logFC=-0.75 -log10(p)=3
-0.11106871431918	-0.402940347408661	48106-48139	logFC=-1 -log10(p)=5
0.00974743434395009	0.104920868978041	48106-48140	logFC=-1.25 -log10(p)=6
-0.0543040963388199	-0.0939246124262167	48106-48141	logFC=-1 -log10(p)=5
-0.0332438653590901	0.201521519079561	48106-48142	logFC=-1 -log10(p)=3
0.060017922073543	0.121618687624835	48106-48143	logFC=-1 -log10(p)=3
-0.039710761177792	0.488880986910286	48106-48144	logFC=-0.75 -log10(p)=2
0.0129510888739161	-0.173375864312878	48106-48145	logFC=-0.75 -log10(p)=2
0.039428990126285	0.217832068383722	48106-48146	logFC=-0.75 -log10(p)=2
0.0961464940715599	-0.194091360257745	48106-48147	logFC=-0.75 -log10(p)=2
0.100083819741975	-0.189490051709522	48106-48148	logFC=-0.75 -log10(p)=2
0.102278464817733	-0.244891383458046	48106-48149	logFC=-0.5 -log10(p)=1
0.064122640697805	-0.209326942933342	48106-48150	logFC=-1 -log10(p)=3
-0.049895477193275	-0.485753526583225	48106-48151	logFC=-0.5 -log10(p)=2
0.00646780661049595	0.362786926904261	48106-48152	logFC=-0.75 -log10(p)=2
-0.090847614915704	-0.222863973765299	48106-48153	logFC=-0.25 -log10(p)=1
-0.11667054618517	0.212936188820049	48106-48154	logFC=0.25 -log10(p)=0
-0.0953995078633525	0.160715581657972	48106-48155	logFC=0 -log10(p)=0
0.041374677504628	-0.368329099104269	48107-48107	logFC=-0.75 -log10(p)=18
0.080629724512325	-0.0797304892665363	48107-48108	logFC=-0.5 -log10(p)=8
0.00745607618998401	-0.274332483114202	48107-48109	logFC=-0.75 -log10(p)=16
-0.018924056688843	-0.266282244645248	48107-48110	logFC=-0.75 -log10(p)=15
0.062298915367271	0.432282786583939	48107-48111	logFC=-0.25 -log10(p)=1
-0.0397772290131066	0.181079884958183	48107-48112	logFC=0 -log10(p)=0
-0.098806850941772	0.211930900269071	48107-48113	logFC=-0.25 -log10(p)=3
0.058408634283309	0.1997353838182	48107-48114	logFC=-0.5 -log10(p)=4
0.031977588556569	0.23535783353231	48107-48115	logFC=-0.5 -log10(p)=4
0.052969686987305	0.0603528124070498	48107-48116	logFC=-0.25 -log10(p)=1
-0.105404215449204	-0.279485567460561	48107-48117	logFC=-0.25 -log10(p)=3
-0.035511206555411	0.120020450538045	48107-48118	logFC=0 -log10(p)=0
-0.0156349738273889	0.0492897616199122	48107-48119	logFC=0 -log10(p)=0
0.113121824269593	-0.424243624635392	48107-48120	logFC=-0.25 -log10(p)=1
0.05125032037051	-0.181969424774209	48107-48121	logFC=-0.25 -log10(p)=1
0.022410143157505	-0.137323796243005	48107-48122	logFC=-0.25 -log10(p)=1
-0.0693505088737907	0.173023986865091	48107-48123	logFC=0 -log10(p)=0
-0.014370044315643	-0.103165723651542	48107-48124	logFC=-0.25 -log10(p)=1
0.109748397323219	0.498068501578519	48107-48125	logFC=-0.5 -log10(p)=1
-0.115157131494408	0.46570604425644	48107-48126	logFC=-0.25 -log10(p)=1
-0.022063171806012	-0.130147859392496	48107-48127	logFC=-0.25 -log10(p)=1
0.122076716126776	0.474351800259201	48107-48128	logFC=-0.5 -log10(p)=1
0.105279395737678	0.498371892961881	48107-48129	logFC=-0.5 -log10(p)=1
-0.081236503298825	0.14212430562312	48107-48130	logFC=-0.25 -log10(p)=1
0.048718801994129	-0.285590124412952	48107-48131	logFC=-0.5 -log10(p)=2
-0.107321276369798	-0.124083428768354	48107-48132	logFC=-0.75 -log10(p)=5
0.00314650865900301	-0.152013683930393	48107-48133	logFC=-1 -log10(p)=6
0.115575918839812	0.0169938034748158	48107-48134	logFC=-1 -log10(p)=4
0.058991511659617	-0.300837968801629	48107-48135	logFC=-0.75 -log10(p)=3
0.040642312270775	0.270728360081823	48107-48136	logFC=-0.5 -log10(p)=1
0.023674767039129	-0.436493806444478	48107-48137	logFC=-0.25 -log10(p)=1
0.00328363129727899	0.498183579863095	48107-48138	logFC=-0.5 -log10(p)=1
0.076715704591695	0.228118747394989	48107-48139	logFC=-0.5 -log10(p)=1
0.045171294161428	0.357583933638662	48107-48140	logFC=-1 -log10(p)=4
-0.068140158079786	0.200093564215365	48107-48141	logFC=-0.75 -log10(p)=3
-0.116837685367637	-0.219581424611842	48107-48142	logFC=-0.5 -log10(p)=2
-0.10821547315474	-0.0931163003019106	48107-48143	logFC=-0.75 -log10(p)=3
0.090086607296196	0.328988006182283	48107-48144	logFC=-1 -log10(p)=3
0.034956902137328	0.34589825695574	48107-48145	logFC=-0.25 -log10(p)=0
0.064469203609852	0.371749671062823	48107-48146	logFC=-0.75 -log10(p)=2
0.065336161521014	0.11316787726516	48107-48147	logFC=-0.5 -log10(p)=1
0.047943741941682	0.421769339744163	48107-48148	logFC=-0.25 -log10(p)=0
0.04541591514581	0.341590335208384	48107-48149	logFC=-0.25 -log10(p)=0
-0.023376437382805	-0.43665918324333	48107-48150	logFC=-0.25 -log10(p)=1
-0.028902022001745	-0.458653342726135	48107-48151	logFC=-0.25 -log10(p)=1
-0.03417333866411	-0.39579183774222	48107-48152	logFC=-0.25 -log10(p)=1
0.101466256697304	0.149878588473477	48107-48153	logFC=0 -log10(p)=0
0.025368669637547	-0.423509273761784	48107-48154	logFC=0.25 -log10(p)=1
0.088260706761886	0.318081637734976	48107-48155	logFC=-0.25 -log10(p)=0
0.115175373210761	-0.147146135127608	48107-48156	logFC=0.25 -log10(p)=1
0.089842715167901	-0.279709753935238	48108-48108	logFC=-0.75 -log10(p)=16
0.123229963391941	-0.450008404935882	48108-48109	logFC=-0.5 -log10(p)=7
0.06165792744688	-0.20547607334809	48108-48110	logFC=-0.5 -log10(p)=7
0.12417817865122	-0.112860321446855	48108-48111	logFC=-0.25 -log10(p)=1
0.079180507374905	0.245812204826152	48108-48112	logFC=-0.25 -log10(p)=1
0.048102680641544	0.400885185352579	48108-48113	logFC=-0.25 -log10(p)=1
0.12394501409117	0.367194634556515	48108-48114	logFC=-0.5 -log10(p)=3
-0.109144301743455	-0.318294865713133	48108-48115	logFC=-0.5 -log10(p)=7
-0.124263283003339	-0.411331358961556	48108-48116	logFC=0 -log10(p)=1
0.080100716303841	-0.094893242340629	48108-48117	logFC=-0.25 -log10(p)=1
-0.0189060994359004	0.0632300250756811	48108-48118	logFC=0 -log10(p)=0
0.08088099563608	0.320755871694426	48108-48119	logFC=0 -log10(p)=0
0.081815344356474	-0.21289437484997	48108-48120	logFC=-0.25 -log10(p)=1
0.049882461198734	-0.170860148901579	48108-48121	logFC=-0.25 -log10(p)=1
0.115926483473053	-0.0895403269303876	48108-48122	logFC=-0.5 -log10(p)=2
-0.020274098449963	0.0831865617223966	48108-48123	logFC=-0.25 -log10(p)=1
0.094386049796027	-0.186344880959057	48108-48124	logFC=-0.5 -log10(p)=2
-0.061801453450907	0.103773136371012	48108-48125	logFC=-0.25 -log10(p)=1
0.055466220378246	-0.0313153332366793	48108-48126	logFC=-0.5 -log10(p)=2
-0.010074471906233	-0.115559580062919	48108-48127	logFC=-0.25 -log10(p)=1
-0.00399461005871599	-0.151377277133388	48108-48128	logFC=-0.25 -log10(p)=1
-0.122594914847863	0.217245385161932	48108-48129	logFC=-0.5 -log10(p)=3
-0.0922586107390356	0.216474557666745	48108-48130	logFC=0 -log10(p)=0
-0.011649828786285	-0.192712056438644	48108-48131	logFC=-0.75 -log10(p)=4
-0.105603281489396	-0.422526325929105	48108-48132	logFC=-0.75 -log10(p)=5
0.0977084798947501	-0.344746881806723	48108-48133	logFC=-1.25 -log10(p)=7
-0.03351580290228	0.0937814401506154	48108-48134	logFC=-1 -log10(p)=5
-0.00616705867373102	-0.378369388318746	48108-48135	logFC=-0.5 -log10(p)=2
0.092685909744316	0.322162036023699	48108-48136	logFC=-0.25 -log10(p)=0
-0.029919099078053	-0.334447402376182	48108-48137	logFC=-0.25 -log10(p)=1
-0.016181004826703	-0.289279604446192	48108-48138	logFC=-0.5 -log10(p)=2
-0.042138498776164	-0.478613451918164	48108-48139	logFC=-0.5 -log10(p)=2
0.094597331032542	0.0956321752331029	48108-48140	logFC=-1 -log10(p)=4
-0.0563083484891001	-0.266391808026926	48108-48141	logFC=-1 -log10(p)=5
0.035476123762078	0.258423037139615	48108-48142	logFC=-0.75 -log10(p)=2
-0.03951962121845	-0.498071088691444	48108-48143	logFC=-0.5 -log10(p)=2
-0.07711804194462	-0.457065084191255	48108-48144	logFC=-1 -log10(p)=5
-0.00513837239282999	-0.375520545334423	48108-48145	logFC=-1 -log10(p)=4
0.110914484237231	0.0849930538125991	48108-48146	logFC=-0.75 -log10(p)=2
0.105141475812975	-0.089035538850378	48108-48147	logFC=-0.5 -log10(p)=1
-0.075138848805397	-0.284537608590906	48108-48148	logFC=-0.75 -log10(p)=3
0.122397867920427	-0.250218882270429	48108-48149	logFC=-0.75 -log10(p)=2
0.090750794293724	-0.0420623994980204	48108-48150	logFC=-0.5 -log10(p)=1
0.00165934825055	-0.487426796778115	48108-48151	logFC=-0.25 -log10(p)=1
0.082312182562492	0.00547048274635031	48108-48152	logFC=-0.5 -log10(p)=1
0.039884019387479	0.0278091027984857	48108-48153	logFC=-0.5 -log10(p)=1
0.052771215325054	0.0840197693010932	48108-48154	logFC=0 -log10(p)=0
0.0454870986946206	0.071077548535581	48108-48155	logFC=0 -log10(p)=0
0.075514242402874	0.0158910568329964	48108-48156	logFC=-0.5 -log10(p)=1
-0.060668665921272	0.0988169355906304	48108-48157	logFC=0 -log10(p)=0
0.113856739256632	0.476649492765777	48109-48109	logFC=-0.75 -log10(p)=15
-0.123192856836099	0.443795551977143	48109-48110	logFC=-0.25 -log10(p)=6
0.031106415333222	0.255551846262758	48109-48111	logFC=-0.25 -log10(p)=2
-0.114742431949649	-0.496471904445279	48109-48112	logFC=-0.25 -log10(p)=5
-0.068480491281508	0.345593619314136	48109-48113	logFC=-0.25 -log10(p)=3
-0.078455629456944	0.407866493496715	48109-48114	logFC=-0.5 -log10(p)=7
-0.116752864295567	-0.304970134731054	48109-48115	logFC=-0.5 -log10(p)=8
-0.00545846711921899	0.0278960482746076	48109-48116	logFC=-0.25 -log10(p)=2
-0.088117124019449	-0.0260366041676781	48109-48117	logFC=-0.25 -log10(p)=3
0.061422196549254	0.0615031956500274	48109-48118	logFC=-0.25 -log10(p)=1
0.00599936697510101	-0.474835681207082	48109-48119	logFC=-0.25 -log10(p)=2
0.0801843695639913	0.308825355676792	48109-48120	logFC=0 -log10(p)=0
0.00943059122476853	0.0261578110025767	48109-48121	logFC=0 -log10(p)=0
-0.00707072079856903	0.0172455249589113	48109-48122	logFC=0 -log10(p)=0
0.0944050928007449	0.270629532867073	48109-48123	logFC=0 -log10(p)=0
-0.024584375936367	0.0935863040806209	48109-48124	logFC=-0.25 -log10(p)=1
0.0280981544670313	0.0617345470701296	48109-48125	logFC=0 -log10(p)=0
0.00247127169497299	-0.0726081934482312	48109-48126	logFC=-0.25 -log10(p)=1
0.079265744299127	-0.10167877289416	48109-48127	logFC=-0.5 -log10(p)=2
0.097559821443895	-0.351644913903647	48109-48128	logFC=-0.5 -log10(p)=2
-0.036198690257409	0.154250016081286	48109-48129	logFC=-0.25 -log10(p)=1
-0.00500343410182702	-0.0939719895534136	48109-48130	logFC=-0.25 -log10(p)=1
-0.00766716910830201	0.290243389095892	48109-48131	logFC=-0.5 -log10(p)=2
-0.066449871427795	0.0694637731851806	48109-48132	logFC=-0.25 -log10(p)=1
-0.036986644003837	-0.0471242747656064	48109-48133	logFC=-0.75 -log10(p)=4
-0.105588844336476	-0.378900963722518	48109-48134	logFC=-0.5 -log10(p)=3
0.032479759684963	-0.286186495076727	48109-48135	logFC=-0.5 -log10(p)=2
-0.027790541993079	-0.28857305230505	48109-48136	logFC=-0.25 -log10(p)=1
-0.080224698994008	-0.33517322283231	48109-48137	logFC=-0.75 -log10(p)=4
0.04292302355675	0.467601247208977	48109-48138	logFC=-0.5 -log10(p)=1
0.017815238117924	0.254072115790809	48109-48139	logFC=-0.75 -log10(p)=3
-0.121014531636703	0.380473851785667	48109-48140	logFC=-0.5 -log10(p)=2
-0.097281628311014	-0.402404275351707	48109-48141	logFC=-0.75 -log10(p)=4
0.10902064463513	0.0887533237276201	48109-48142	logFC=-0.5 -log10(p)=1
0.00171047833534499	-0.024172233975654	48109-48143	logFC=-0.75 -log10(p)=3
-0.077527071035696	-0.139427883104378	48109-48144	logFC=-0.25 -log10(p)=1
0.064841254425777	0.274593799459646	48109-48145	logFC=-0.75 -log10(p)=2
0.099340243085018	0.247030321668984	48109-48146	logFC=-0.75 -log10(p)=2
-0.031279369674434	-0.370875988669371	48109-48147	logFC=-0.25 -log10(p)=1
-0.106296331336253	-0.216305146566548	48109-48148	logFC=-0.25 -log10(p)=1
0.100084569180499	0.248641637997472	48109-48149	logFC=-0.25 -log10(p)=0
0.010561275918787	0.0157509995086693	48109-48150	logFC=0 -log10(p)=0
-0.048339857521383	-0.195878138323864	48109-48151	logFC=-0.25 -log10(p)=1
0.088544499821569	0.160839671557028	48109-48152	logFC=-0.5 -log10(p)=1
0.118393532205794	0.238528210618477	48109-48153	logFC=-0.25 -log10(p)=0
-0.100805295859394	0.289899894882844	48109-48154	logFC=0.25 -log10(p)=0
-0.042213117752864	-0.247889023964357	48109-48155	logFC=-0.25 -log10(p)=1
-0.0425848326280201	0.0743955948780081	48109-48156	logFC=0 -log10(p)=0
0.09860631205742	0.314824636868804	48109-48157	logFC=-0.25 -log10(p)=0
0.0148454478597362	0.0231204592654118	48109-48158	logFC=0 -log10(p)=0
-0.046042943651576	-0.00498988906346476	48110-48110	logFC=-0.5 -log10(p)=12
-0.022306375435858	0.00121181919834346	48110-48111	logFC=-0.25 -log10(p)=4
-0.01908997659623	0.0784873682946747	48110-48112	logFC=-0.25 -log10(p)=3
0.09492330209239	0.0461755845817207	48110-48113	logFC=-0.5 -log10(p)=5
-0.113173872036076	0.134559515426288	48110-48114	logFC=-0.5 -log10(p)=9
0.025071748204671	-0.149888595848081	48110-48115	logFC=-0.5 -log10(p)=6
-0.0272931439143737	0.117610289634925	48110-48116	logFC=0 -log10(p)=0
0.063036102543313	0.312599040381213	48110-48117	logFC=-0.25 -log10(p)=1
-0.0233449156086778	0.0882018620389185	48110-48118	logFC=0 -log10(p)=0
0.044761272075845	0.248392660364661	48110-48119	logFC=-0.25 -log10(p)=1
0.0323612314039972	0.107965053357748	48110-48120	logFC=0 -log10(p)=0
0.122591485680859	0.47558035557509	48110-48121	logFC=0 -log10(p)=0
0.103817442520553	0.345334978956444	48110-48122	logFC=0 -log10(p)=0
0.01605869647855	0.0402032105798219	48110-48123	logFC=0 -log10(p)=0
0.043474439561103	-0.185257048198092	48110-48124	logFC=-0.25 -log10(p)=1
-0.049389767880055	-0.279800206992875	48110-48125	logFC=0.25 -log10(p)=1
0.0728360881416248	0.192294950765193	48110-48126	logFC=0 -log10(p)=0
0.102175674414224	0.446942808347913	48110-48127	logFC=-0.25 -log10(p)=0
0.036876482511129	-0.312313776497737	48110-48128	logFC=-0.25 -log10(p)=1
0.109910943063201	-0.0280186678598871	48110-48129	logFC=-0.5 -log10(p)=2
-0.0953559478940217	0.227054972347749	48110-48130	logFC=0 -log10(p)=0
0.07775102096215	0.467844842488307	48110-48131	logFC=-0.25 -log10(p)=0
0.081285664854037	-0.153166355527009	48110-48132	logFC=-0.5 -log10(p)=2
0.00142002363591498	-0.491616069899957	48110-48133	logFC=-0.75 -log10(p)=4
0.01436799130589	0.331997791868943	48110-48134	logFC=-0.75 -log10(p)=3
-0.0774702404682354	0.147474276606273	48110-48135	logFC=0 -log10(p)=0
-0.05769902962309	0.196508278602379	48110-48136	logFC=-0.5 -log10(p)=2
-0.022054433368728	-0.27780017613047	48110-48137	logFC=-0.25 -log10(p)=1
0.067901090984925	-0.497286040822848	48110-48138	logFC=-0.75 -log10(p)=3
-0.073578870404718	-0.190014458953115	48110-48139	logFC=-0.75 -log10(p)=4
0.045358859254186	0.49925268078721	48110-48140	logFC=-0.5 -log10(p)=1
0.063142657277342	-0.24760300419103	48110-48141	logFC=-0.75 -log10(p)=3
-0.017738483874652	-0.266282818546643	48110-48142	logFC=-0.5 -log10(p)=2
-0.06388210307632	0.0909103762599424	48110-48143	logFC=-0.75 -log10(p)=3
-0.065958980657741	-0.0611061638536981	48110-48144	logFC=-0.5 -log10(p)=2
-0.108440786706804	-0.034737721752705	48110-48145	logFC=-0.75 -log10(p)=3
-0.037439656329782	0.219908095825915	48110-48146	logFC=-0.75 -log10(p)=3
0.071402167595326	0.0209028921199685	48110-48147	logFC=-0.5 -log10(p)=1
-0.094052853938811	-0.114598682132197	48110-48148	logFC=-0.25 -log10(p)=1
0.050752771070021	0.36276560188585	48110-48149	logFC=-0.25 -log10(p)=0
0.119152047897934	0.210889220180622	48110-48150	logFC=-0.25 -log10(p)=0
0.092099880692918	0.0350243695116448	48110-48151	logFC=-0.5 -log10(p)=1
-0.0711091936944867	0.113374623171766	48110-48152	logFC=0 -log10(p)=0
0.029419683054872	0.488331646059723	48110-48153	logFC=-0.25 -log10(p)=0
0.084881975402121	-0.252447771445366	48110-48154	logFC=0.25 -log10(p)=1
0.0500822055555355	0.087658803678832	48110-48155	logFC=0 -log10(p)=0
0.103188482326983	0.191965674256136	48110-48156	logFC=0 -log10(p)=0
0.049884956330489	-0.213642670652298	48110-48157	logFC=0.25 -log10(p)=1
-0.08142680684933	0.322139375456342	48110-48158	logFC=0.25 -log10(p)=0
-0.075181662839523	-0.122463281702002	48110-48159	logFC=-0.25 -log10(p)=1
-0.093411493927725	-0.282904733105283	48111-48111	logFC=-0.5 -log10(p)=14
0.086333086318224	0.247087761758507	48111-48112	logFC=-0.5 -log10(p)=7
-0.095020807435384	-0.252487331622667	48111-48113	logFC=-0.5 -log10(p)=11
-0.0414852203141181	-0.413063589431992	48111-48114	logFC=-0.75 -log10(p)=15
-0.038981092594122	0.0912324070728037	48111-48115	logFC=-0.5 -log10(p)=8
0.020476651488893	0.0652894376794038	48111-48116	logFC=-0.25 -log10(p)=2
0.001082458114537	-0.470981864120381	48111-48117	logFC=-0.5 -log10(p)=7
-0.064733064838381	-0.290445186674186	48111-48118	logFC=-0.25 -log10(p)=3
-0.112883824842696	-0.000947133302980241	48111-48119	logFC=-0.25 -log10(p)=3
0.119860572085337	-0.354236297426389	48111-48120	logFC=-0.25 -log10(p)=1
0.116410602640339	0.488968048368119	48111-48121	logFC=0 -log10(p)=0
-0.100579326316176	0.352086723043989	48111-48122	logFC=0 -log10(p)=0
-0.0532583853327975	0.155837764788201	48111-48123	logFC=0 -log10(p)=0
0.0912205548436298	0.27444007190029	48111-48124	logFC=0 -log10(p)=0
-0.0275230854337179	0.0694744328366326	48111-48125	logFC=0 -log10(p)=0
-0.115673578088037	0.366196449587259	48111-48126	logFC=0 -log10(p)=0
0.053098108398486	0.202369756391181	48111-48127	logFC=-0.5 -log10(p)=2
0.0542002344528629	0.129083702840528	48111-48128	logFC=0 -log10(p)=0
-0.080601007984021	0.497152002355958	48111-48129	logFC=-0.25 -log10(p)=1
0.078503642260193	-0.425717103277051	48111-48130	logFC=-0.25 -log10(p)=1
0.086378524375655	0.494777042126211	48111-48131	logFC=-0.25 -log10(p)=0
-0.107463976888838	0.336967794675983	48111-48132	logFC=-0.5 -log10(p)=3
-0.061363133058519	-0.209161461047788	48111-48133	logFC=-0.75 -log10(p)=5
-0.015229509067721	-0.144121228644597	48111-48134	logFC=-0.75 -log10(p)=4
0.08243575536619	0.388460299699428	48111-48135	logFC=-0.25 -log10(p)=0
-0.051646567941083	-0.131952155307929	48111-48136	logFC=-0.25 -log10(p)=1
-0.100239264961501	0.0636641391130188	48111-48137	logFC=-0.25 -log10(p)=1
0.062435943129036	0.20698165933946	48111-48138	logFC=-0.75 -log10(p)=3
-0.085487737355046	0.154457252789901	48111-48139	logFC=-0.5 -log10(p)=2
0.097716734982658	-0.160708976816832	48111-48140	logFC=-0.75 -log10(p)=3
0.079526996822161	0.40844661781083	48111-48141	logFC=-0.5 -log10(p)=1
-0.037702462317982	-0.224130372317654	48111-48142	logFC=-0.5 -log10(p)=2
0.002820233977611	-0.403649825477881	48111-48143	logFC=-0.5 -log10(p)=2
-0.064035388885619	0.435138222259909	48111-48144	logFC=-0.75 -log10(p)=3
0.080127441327264	0.0681335868182305	48111-48145	logFC=-0.75 -log10(p)=2
-0.057644023407899	0.086745686451478	48111-48146	logFC=-0.75 -log10(p)=3
0.04635922133231	0.412420897302714	48111-48147	logFC=-0.75 -log10(p)=2
-0.037603669680113	-0.405890667141629	48111-48148	logFC=-0.25 -log10(p)=1
-0.118246507697941	-0.259351710596522	48111-48149	logFC=-0.25 -log10(p)=1
0.121400585417913	-0.0831931294556553	48111-48150	logFC=-0.5 -log10(p)=1
-0.014412077964229	-0.390376035227379	48111-48151	logFC=-0.25 -log10(p)=1
0.076012017072336	0.0799546999549829	48111-48152	logFC=-0.5 -log10(p)=1
-0.059440431574566	0.38683998365499	48111-48153	logFC=0.25 -log10(p)=0
-0.027291420745273	-0.480997607286543	48111-48154	logFC=0.25 -log10(p)=1
0.117884184145338	0.252874190121187	48111-48155	logFC=0 -log10(p)=0
0.011549024478965	-0.38729429171797	48111-48156	logFC=0.25 -log10(p)=1
-0.049106480099459	-0.239758248441272	48111-48157	logFC=-0.25 -log10(p)=1
-0.091147424206865	0.327718970527999	48111-48158	logFC=0.25 -log10(p)=0
0.069387614345069	0.380143565333375	48111-48159	logFC=-0.25 -log10(p)=0
0.095965371029062	-0.0212927877694431	48111-48160	logFC=0.25 -log10(p)=1
-0.048277647234339	0.422619639795478	48112-48112	logFC=-0.75 -log10(p)=19
0.11517244053292	-0.358824803567019	48112-48113	logFC=-0.5 -log10(p)=7
0.071778043231185	0.199323616742651	48112-48114	logFC=-0.75 -log10(p)=13
0.055761618780583	0.413582450444101	48112-48115	logFC=-0.5 -log10(p)=6
-0.049869307822572	0.292237998222225	48112-48116	logFC=0 -log10(p)=0
-0.072682857108978	-0.120736337697364	48112-48117	logFC=-0.25 -log10(p)=4
0.107319104781464	-0.342906176720195	48112-48118	logFC=0 -log10(p)=1
-0.016638336634004	0.0639148789386512	48112-48119	logFC=0 -log10(p)=0
-0.045290706356276	0.343182219792026	48112-48120	logFC=0.25 -log10(p)=1
-0.081591385923383	0.347304304871631	48112-48121	logFC=0.5 -log10(p)=3
-0.061076479484818	-0.159136198111722	48112-48122	logFC=0.25 -log10(p)=1
0.030492269994773	0.33991680789458	48112-48123	logFC=0.25 -log10(p)=1
-0.0127535341108842	0.0334340095350365	48112-48124	logFC=0 -log10(p)=0
0.075669795689856	0.497558811616827	48112-48125	logFC=0.25 -log10(p)=1
-0.0531991097979667	0.150031048660143	48112-48126	logFC=0 -log10(p)=0
0.0658024995373494	0.172257769434072	48112-48127	logFC=0 -log10(p)=0
-0.0447835623803465	0.116354974845271	48112-48128	logFC=0 -log10(p)=0
-0.0990849254982736	0.303089758213491	48112-48129	logFC=0 -log10(p)=0
0.10785790404026	0.33281442728387	48112-48130	logFC=0 -log10(p)=0
-0.085903703165538	-0.457960234006307	48112-48131	logFC=0.25 -log10(p)=1
-0.12085855996333	0.368703623739488	48112-48132	logFC=0 -log10(p)=0
-0.051804708177659	-0.274914408063485	48112-48133	logFC=-0.75 -log10(p)=5
-0.121738986800463	0.242321161114891	48112-48134	logFC=-0.25 -log10(p)=1
-0.0168542774032137	0.0292805660148866	48112-48135	logFC=0 -log10(p)=0
-0.046951269687395	-0.174242514197442	48112-48136	logFC=-0.25 -log10(p)=1
-0.044333039469204	0.292681231673742	48112-48137	logFC=-0.5 -log10(p)=2
-0.08685231744207	0.0462444824153336	48112-48138	logFC=-0.25 -log10(p)=1
0.032750075367603	-0.45230128809944	48112-48139	logFC=-0.25 -log10(p)=1
0.082979416788065	-0.127117855994439	48112-48140	logFC=-0.75 -log10(p)=3
0.00861497448988802	-0.173151411434942	48112-48141	logFC=-0.5 -log10(p)=2
0.075006158806348	0.22434116011008	48112-48142	logFC=-0.5 -log10(p)=1
0.0849675323086641	-0.483458988699461	48112-48143	logFC=-0.75 -log10(p)=3
-0.00338615296909905	-0.242748849255224	48112-48144	logFC=-0.5 -log10(p)=2
0.073778066568107	-0.00521347174244835	48112-48145	logFC=-0.5 -log10(p)=1
-0.0364496901210291	-0.225278121359908	48112-48146	logFC=-0.5 -log10(p)=2
0.059427340305413	0.181901643918677	48112-48147	logFC=-0.5 -log10(p)=1
-0.049386822734794	-0.277229682408773	48112-48148	logFC=-0.5 -log10(p)=2
-0.082185751019967	-0.405455937616162	48112-48149	logFC=-0.5 -log10(p)=2
-0.119394571523564	0.206690159724679	48112-48150	logFC=0 -log10(p)=0
-0.038431441939902	0.0610790681079683	48112-48151	logFC=0 -log10(p)=0
0.0798574273606592	0.13437028129521	48112-48152	logFC=0 -log10(p)=0
-0.116791086578399	0.023948862141802	48112-48153	logFC=0.5 -log10(p)=1
0.015544580054961	-0.313877249472001	48112-48154	logFC=0.25 -log10(p)=1
0.11676746246477	-0.0906683202404643	48112-48155	logFC=0.25 -log10(p)=1
-0.119503743453023	-0.0108956867341519	48112-48156	logFC=0.5 -log10(p)=1
-0.066960604313631	0.395057994222543	48112-48157	logFC=0.25 -log10(p)=0
-3.86854262225471e-05	0.000196033763816751	48112-48158	logFC=0 -log10(p)=0
0.054381790110571	-0.176729360204963	48112-48159	logFC=0.25 -log10(p)=1
-0.0877891316167058	0.158412859970835	48112-48160	logFC=0 -log10(p)=0
-0.061069241648006	-0.282777156094288	48112-48161	logFC=-0.25 -log10(p)=1
0.00141756428798001	0.115377049425113	48113-48113	logFC=-0.75 -log10(p)=18
-0.095472220828108	0.0133451573254533	48113-48114	logFC=-0.5 -log10(p)=12
0.053396224440411	-0.263407593194117	48113-48115	logFC=-0.75 -log10(p)=14
0.050833667746298	-0.300095010131789	48113-48116	logFC=-0.5 -log10(p)=8
-0.085460601006187	-0.0514174547432997	48113-48117	logFC=-0.5 -log10(p)=10
0.061722420649521	0.395023056872375	48113-48118	logFC=-0.5 -log10(p)=5
-0.085615220904151	0.253420238659142	48113-48119	logFC=-0.25 -log10(p)=3
0.0619342482465332	0.284844772515171	48113-48120	logFC=0 -log10(p)=0
0.124454054271534	-0.394514788058455	48113-48121	logFC=0 -log10(p)=1
0.0719796854952128	0.259957357441182	48113-48122	logFC=0 -log10(p)=0
0.022195998335133	0.428940502894617	48113-48123	logFC=0.25 -log10(p)=1
0.121605653233533	0.457935085937345	48113-48124	logFC=0 -log10(p)=0
-0.022488715855511	-0.0628152806252521	48113-48125	logFC=0.25 -log10(p)=1
0.035983894222636	-0.122528475252061	48113-48126	logFC=-0.25 -log10(p)=1
0.085238346916731	-0.439816655106873	48113-48127	logFC=-0.25 -log10(p)=1
-0.0354059284465027	0.0907434165725089	48113-48128	logFC=0 -log10(p)=0
-0.0293035917706827	0.0778859298974167	48113-48129	logFC=0 -log10(p)=0
0.0755974033146046	0.210850250555334	48113-48130	logFC=0 -log10(p)=0
-0.091337262632297	-0.43541785172034	48113-48131	logFC=-0.25 -log10(p)=2
0.105475710204096	0.463138447229117	48113-48132	logFC=-0.25 -log10(p)=0
0.046431182641572	0.218725851364862	48113-48133	logFC=-0.5 -log10(p)=2
-0.0645530588735061	0.177749757908675	48113-48134	logFC=-0.5 -log10(p)=2
0.01826446376823	-0.338792566635244	48113-48135	logFC=-0.25 -log10(p)=1
-0.0759808525639962	0.165156931896461	48113-48136	logFC=0 -log10(p)=0
-0.0941617924887001	-0.0880373339412435	48113-48137	logFC=-0.5 -log10(p)=3
0.0608413706357	-0.343974279243418	48113-48138	logFC=-0.5 -log10(p)=2
-0.038832891790375	0.298096954361768	48113-48139	logFC=-0.5 -log10(p)=2
-0.028353922805021	0.256159466570416	48113-48140	logFC=-0.5 -log10(p)=2
-0.08022698071555	0.497313172753402	48113-48141	logFC=-0.5 -log10(p)=2
-0.104683110589258	0.462623728486577	48113-48142	logFC=-0.5 -log10(p)=2
-0.109943242651239	0.139002415104728	48113-48143	logFC=-0.25 -log10(p)=1
-0.061020400976065	-0.0719014499621582	48113-48144	logFC=-0.25 -log10(p)=1
-0.00652272686187547	0.0103604962962082	48113-48145	logFC=0 -log10(p)=0
-0.113687870335606	0.2681488196268	48113-48146	logFC=-0.5 -log10(p)=2
-0.106824415723822	-0.00876446952552634	48113-48147	logFC=-0.25 -log10(p)=1
-0.012613527680098	-0.0150215207122382	48113-48148	logFC=-0.75 -log10(p)=3
-0.031998595046746	-0.429250164859344	48113-48149	logFC=-0.25 -log10(p)=1
0.055677168511376	-0.301010010507891	48113-48150	logFC=0.25 -log10(p)=1
0.00441506139303434	0.00709184140609978	48113-48151	logFC=0 -log10(p)=0
0.012961399077359	0.0207819825066052	48113-48152	logFC=0 -log10(p)=0
0.0870954220186974	0.163932693271046	48113-48153	logFC=0 -log10(p)=0
-0.0108310421477441	0.0181920491781907	48113-48154	logFC=0 -log10(p)=0
-0.095538906868097	0.322174266106903	48113-48155	logFC=0.25 -log10(p)=0
-0.124870765426461	0.246524005051062	48113-48156	logFC=0 -log10(p)=0
-0.1120702163286	0.287146938043163	48113-48157	logFC=0.25 -log10(p)=0
0.047739422582762	-0.148974000242641	48113-48158	logFC=0.25 -log10(p)=1
-0.00714315449876975	0.0112422138064564	48113-48159	logFC=0 -log10(p)=0
0.0474012532460676	0.0846109982159786	48113-48160	logFC=0 -log10(p)=0
-0.019743185803444	-0.498637762401163	48113-48161	logFC=0.25 -log10(p)=1
-0.0824430697535895	0.145513544367598	48113-48162	logFC=0 -log10(p)=0
-0.10151161568334	0.148565362148887	48114-48114	logFC=-0.5 -log10(p)=14
0.113615311886415	0.232857911025679	48114-48115	logFC=-0.5 -log10(p)=7
-0.026633483943044	0.24404366992662	48114-48116	logFC=-0.5 -log10(p)=10
0.07344592544643	-0.0178529996208479	48114-48117	logFC=-0.75 -log10(p)=13
-0.010129853472983	-0.453535169553865	48114-48118	logFC=-0.5 -log10(p)=8
0.07209434647551	0.0296820981010368	48114-48119	logFC=-0.5 -log10(p)=5
-0.040907935349883	-0.352116456333607	48114-48120	logFC=-0.25 -log10(p)=3
0.00956105561654	-0.445539405403974	48114-48121	logFC=-0.25 -log10(p)=2
0.097980782837542	-0.294053570080925	48114-48122	logFC=-0.25 -log10(p)=1
-0.104254587442637	0.387927240282417	48114-48123	logFC=0 -log10(p)=0
-0.0468617651015418	0.161350347476241	48114-48124	logFC=0 -log10(p)=0
0.0736721901863465	0.239434073937815	48114-48125	logFC=0 -log10(p)=0
0.107216298472242	-0.431901569996118	48114-48126	logFC=-0.25 -log10(p)=1
-0.0781478432229239	0.257947099037385	48114-48127	logFC=0 -log10(p)=0
0.012815167426628	0.102549257124049	48114-48128	logFC=-0.25 -log10(p)=1
0.029293857718553	0.0372046406000963	48114-48129	logFC=-0.25 -log10(p)=1
-0.0997808351524173	0.352536478686383	48114-48130	logFC=0 -log10(p)=0
0.0694071789980055	0.219568121136169	48114-48131	logFC=0 -log10(p)=0
-0.048602739079135	-0.290749594849329	48114-48132	logFC=-0.25 -log10(p)=2
-0.043773390700578	0.127909736040236	48114-48133	logFC=-0.5 -log10(p)=4
0.115005395078176	0.421900051028865	48114-48134	logFC=-0.25 -log10(p)=0
-0.0344525385614552	0.0825723222968354	48114-48135	logFC=0 -log10(p)=0
0.045547902913061	-0.384717536558564	48114-48136	logFC=-0.25 -log10(p)=1
-0.023910270525851	-0.0969113304838864	48114-48137	logFC=-0.5 -log10(p)=3
-0.080330044438418	-0.14696429454491	48114-48138	logFC=-0.5 -log10(p)=3
0.00081657433582899	-0.0436418995559003	48114-48139	logFC=-0.25 -log10(p)=1
-0.059594614832945	0.160349825974238	48114-48140	logFC=-0.25 -log10(p)=1
0.067647279545875	-0.438653318551334	48114-48141	logFC=-0.25 -log10(p)=1
0.109448775566444	0.36591452382592	48114-48142	logFC=-0.25 -log10(p)=0
0.047171528858569	-0.107413787444424	48114-48143	logFC=-0.5 -log10(p)=2
0.055816576871248	-0.392894059343445	48114-48144	logFC=-0.25 -log10(p)=1
-0.04222777585625	-0.0775219304492341	48114-48145	logFC=-0.25 -log10(p)=1
-0.081105233971744	0.199547690193601	48114-48146	logFC=0 -log10(p)=0
0.0350971743119732	0.0716707447237157	48114-48147	logFC=0 -log10(p)=0
0.036561569238285	-0.409177815601988	48114-48148	logFC=-0.25 -log10(p)=1
-0.0816808567358264	0.15476965402181	48114-48149	logFC=0 -log10(p)=0
-0.041952026341174	-0.459102092478509	48114-48150	logFC=0.25 -log10(p)=1
-0.00301816771111434	0.00572577449664167	48114-48151	logFC=0 -log10(p)=0
0.00309484313102501	-0.278560608369494	48114-48152	logFC=-0.25 -log10(p)=1
-0.059714658583492	-0.47066674686072	48114-48153	logFC=0.25 -log10(p)=1
-0.121326412191482	0.292632153709226	48114-48154	logFC=0.25 -log10(p)=0
0.0361267465067144	0.0740970037280979	48114-48155	logFC=0 -log10(p)=0
-0.0321887623096522	0.0601783554445202	48114-48156	logFC=0 -log10(p)=0
-0.0459114287040118	0.0904418380142347	48114-48157	logFC=0 -log10(p)=0
-0.056798725070338	-0.433095777635546	48114-48158	logFC=0.25 -log10(p)=1
0.0778778822737714	0.183264281222355	48114-48159	logFC=0 -log10(p)=0
-0.108321981255817	0.253262117855303	48114-48160	logFC=0 -log10(p)=0
0.0803935452563788	0.169906713047999	48114-48161	logFC=0 -log10(p)=0
0.114338608584236	0.253559133385189	48114-48162	logFC=0 -log10(p)=0
-0.092259215622175	0.292937925727344	48114-48163	logFC=0.25 -log10(p)=0
-0.096665965314167	0.408683261794414	48115-48115	logFC=-0.5 -log10(p)=14
-0.018037668356074	0.186656134783856	48115-48116	logFC=-0.5 -log10(p)=10
-0.002001814844106	-0.0763467468199686	48115-48117	logFC=-0.75 -log10(p)=14
0.113176822696285	-0.352067138938031	48115-48118	logFC=-0.75 -log10(p)=11
-0.083069214437798	0.177340199093054	48115-48119	logFC=-0.5 -log10(p)=8
0.00399488993231401	0.0133136807984786	48115-48120	logFC=-0.25 -log10(p)=2
-0.0526625931648256	0.208906782187774	48115-48121	logFC=0 -log10(p)=0
0.069947364646143	0.380911799810027	48115-48122	logFC=-0.5 -log10(p)=3
-0.0494636460163094	0.161940136435463	48115-48123	logFC=0 -log10(p)=0
0.035111216016003	0.087808784391135	48115-48124	logFC=-0.25 -log10(p)=1
-0.113265934807635	0.405285288947778	48115-48125	logFC=0 -log10(p)=0
-0.0788918521286682	0.261996030369015	48115-48126	logFC=0 -log10(p)=0
0.100079725336949	-0.376303715923215	48115-48127	logFC=-0.25 -log10(p)=1
0.104368907901627	-0.415339604791953	48115-48128	logFC=-0.25 -log10(p)=1
0.026778952953443	0.113724208067123	48115-48129	logFC=-0.25 -log10(p)=1
0.106928679120465	-0.458172723662571	48115-48130	logFC=-0.25 -log10(p)=1
-0.0243969744708867	0.068336648587204	48115-48131	logFC=0 -log10(p)=0
-0.00778887424170399	0.380199257277079	48115-48132	logFC=-0.25 -log10(p)=1
0.123685495544082	0.194156750943084	48115-48133	logFC=-0.5 -log10(p)=2
0.082275402864133	-0.447637135798637	48115-48134	logFC=-0.25 -log10(p)=1
0.00111571809232	-0.13688507228357	48115-48135	logFC=-0.25 -log10(p)=1
0.080176084233982	0.484846769654525	48115-48136	logFC=-0.25 -log10(p)=0
0.115308586117693	0.410082949468117	48115-48137	logFC=-0.25 -log10(p)=0
-0.120522926799251	-0.396181436862528	48115-48138	logFC=-0.25 -log10(p)=2
-0.031505593020195	-0.157881436730092	48115-48139	logFC=-0.5 -log10(p)=3
0.029059083662563	0.256134072588792	48115-48140	logFC=-0.5 -log10(p)=2
0.067026341095841	-0.0359318371065145	48115-48141	logFC=-0.5 -log10(p)=2
-0.094240126367101	0.260511694447328	48115-48142	logFC=-0.25 -log10(p)=1
0.023688099354268	-0.315715945176941	48115-48143	logFC=-0.25 -log10(p)=1
0.063387829259704	-0.450107319088297	48115-48144	logFC=-0.25 -log10(p)=1
-0.026446013584376	-0.163906621216174	48115-48145	logFC=-0.25 -log10(p)=1
-0.043580305421361	-0.0634423043373323	48115-48146	logFC=-0.25 -log10(p)=1
0.0205982644784957	0.0408856039335928	48115-48147	logFC=0 -log10(p)=0
0.033469395600918	-0.407770797168757	48115-48148	logFC=-0.25 -log10(p)=1
-0.124014337551268	0.271586051972545	48115-48149	logFC=0.25 -log10(p)=0
0.0379556317300624	0.0693376625198715	48115-48150	logFC=0 -log10(p)=0
-0.0095846535396876	0.0172579178051649	48115-48151	logFC=0 -log10(p)=0
0.025604514446609	-0.390566397564706	48115-48152	logFC=-0.25 -log10(p)=1
-0.116672815330226	0.433647850968208	48115-48153	logFC=0.5 -log10(p)=1
-0.0303899872558568	0.0564219424418767	48115-48154	logFC=0 -log10(p)=0
0.013040887174455	-0.3647982097471	48115-48155	logFC=-0.25 -log10(p)=1
0.1021254730945	0.353149725941317	48115-48156	logFC=-0.25 -log10(p)=0
-0.0992760767323208	0.241706883987032	48115-48157	logFC=0 -log10(p)=0
0.071546555180969	-0.478665949577028	48115-48158	logFC=-0.25 -log10(p)=1
0.09523866028245	0.406275715763626	48115-48159	logFC=-0.5 -log10(p)=1
0.06572747396944	0.497364198305197	48115-48160	logFC=-0.25 -log10(p)=0
0.114758847610832	-0.493919620567238	48115-48161	logFC=0.5 -log10(p)=3
0.0120180458596024	0.0207260441085311	48115-48162	logFC=0 -log10(p)=0
0.000561569832775999	-0.490712563301245	48115-48163	logFC=0.25 -log10(p)=1
0.114886558772291	-0.176650045420156	48115-48164	logFC=0.25 -log10(p)=1
0.035782688531977	-0.205141271665468	48116-48116	logFC=-0.75 -log10(p)=18
-0.048961058472355	0.384887841235853	48116-48117	logFC=-0.5 -log10(p)=11
0.070855841296921	-0.0795695890670674	48116-48118	logFC=-0.5 -log10(p)=7
0.086364040787389	-0.262105367493054	48116-48119	logFC=-0.5 -log10(p)=6
0.0956720223296362	-0.400954736745971	48116-48120	logFC=0 -log10(p)=1
-0.062547508969942	0.342879539491903	48116-48121	logFC=0.25 -log10(p)=1
-0.0325937868482755	0.118861567024756	48116-48122	logFC=0 -log10(p)=0
0.062418085334815	0.23655448033987	48116-48123	logFC=0 -log10(p)=0
-0.108968610880084	-0.312202223683936	48116-48124	logFC=0.25 -log10(p)=1
-0.116157417344433	-0.437469778380008	48116-48125	logFC=0.25 -log10(p)=1
-0.117218468489218	-0.404081928545921	48116-48126	logFC=0.25 -log10(p)=1
0.017654366927698	-0.476134220524793	48116-48127	logFC=0.25 -log10(p)=2
-0.064517623417696	-0.173312080415411	48116-48128	logFC=0.25 -log10(p)=1
0.0275237507669177	0.0858827725401351	48116-48129	logFC=0 -log10(p)=0
-0.103289021938964	-0.398254565609725	48116-48130	logFC=0.25 -log10(p)=1
0.058679845350121	-0.285375713766532	48116-48131	logFC=0.25 -log10(p)=2
-0.0275143945481459	0.0796296551783831	48116-48132	logFC=0 -log10(p)=0
0.050250606847415	-0.140527474609233	48116-48133	logFC=-0.25 -log10(p)=1
0.113040552099034	-0.235420731451031	48116-48134	logFC=-0.5 -log10(p)=2
-0.118174496299112	0.377020733782535	48116-48135	logFC=0.25 -log10(p)=0
-0.006414199303765	0.012608868457384	48116-48136	logFC=0 -log10(p)=0
0.070400072779037	-0.431845053468857	48116-48137	logFC=-0.25 -log10(p)=1
0.026142240166836	-0.0519496830940815	48116-48138	logFC=-0.5 -log10(p)=2
-0.00740518837500098	-0.166505584364243	48116-48139	logFC=-0.25 -log10(p)=1
-0.0920792035676	0.401642133413036	48116-48140	logFC=-0.25 -log10(p)=1
-0.082149433083309	-0.0641905676571888	48116-48141	logFC=-0.5 -log10(p)=3
0.03550861175697	-0.378703086690549	48116-48142	logFC=-0.25 -log10(p)=1
0.103501028256925	0.395599070180757	48116-48143	logFC=-0.5 -log10(p)=1
-0.0199104132089192	0.0399483233861551	48116-48144	logFC=0 -log10(p)=0
0.063864616669998	0.428013397767995	48116-48145	logFC=-0.25 -log10(p)=0
0.046509483487752	-0.190218865973834	48116-48146	logFC=-0.5 -log10(p)=2
-0.01414839573844	-0.242539537535397	48116-48147	logFC=-0.25 -log10(p)=1
-0.00135710207365503	-0.168105895419021	48116-48148	logFC=-0.5 -log10(p)=2
0.104885812863744	0.313245491161619	48116-48149	logFC=-0.25 -log10(p)=0
0.102166533231731	0.206765683230497	48116-48150	logFC=0 -log10(p)=0
0.105777139644255	0.230303635732082	48116-48151	logFC=0 -log10(p)=0
-0.046076139293775	-0.191465968775801	48116-48152	logFC=-0.25 -log10(p)=1
-0.086732079630828	0.394973991901057	48116-48153	logFC=0.25 -log10(p)=0
-0.00299918538520799	-0.351740536491654	48116-48154	logFC=0.25 -log10(p)=1
0.058898415245351	-0.0961051063466026	48116-48155	logFC=0.25 -log10(p)=1
-0.097634604994026	0.354264051721789	48116-48156	logFC=0.25 -log10(p)=0
0.068294736220329	-0.0515822555658243	48116-48157	logFC=0.25 -log10(p)=1
0.0141863484481496	0.0262875124296647	48116-48158	logFC=0 -log10(p)=0
0.092311460578703	0.387058731073022	48116-48159	logFC=-0.25 -log10(p)=0
-0.0415476968348775	0.0813226295353868	48116-48160	logFC=0 -log10(p)=0
0.090713016680273	0.321161663949646	48116-48161	logFC=-0.25 -log10(p)=0
0.053162524568098	0.0937861210088779	48116-48162	logFC=0 -log10(p)=0
0.013922949289457	0.48455331375983	48116-48163	logFC=0.25 -log10(p)=0
0.0695446547037982	0.112705863874421	48116-48164	logFC=0 -log10(p)=0
-0.011597136008513	-0.433483715072611	48116-48165	logFC=-0.25 -log10(p)=1
-0.027415544724726	-0.000763711772011178	48117-48117	logFC=-0.5 -log10(p)=12
0.10505939569495	0.0740950744639344	48117-48118	logFC=-0.5 -log10(p)=7
0.086984673034695	-0.311435053767241	48117-48119	logFC=-0.5 -log10(p)=7
0.0308882595271737	0.166091607969971	48117-48120	logFC=0 -log10(p)=0
-0.097030802541134	0.118926619995831	48117-48121	logFC=0.25 -log10(p)=1
-0.0830803448221783	0.406679828348844	48117-48122	logFC=0 -log10(p)=0
-0.0611193696558042	0.26369846345863	48117-48123	logFC=0 -log10(p)=0
0.119444903525473	-0.370054560661514	48117-48124	logFC=0 -log10(p)=1
0.036272381344377	0.0013273603598285	48117-48125	logFC=0.25 -log10(p)=2
0.062180558522453	0.173877856465038	48117-48126	logFC=0.25 -log10(p)=2
0.039752134630284	-0.0204902441594952	48117-48127	logFC=0.25 -log10(p)=2
-0.089582797465888	-0.218823384798429	48117-48128	logFC=0.25 -log10(p)=1
-0.076872782177129	-0.0795385786315651	48117-48129	logFC=0.25 -log10(p)=1
0.073770543404762	0.277348065563472	48117-48130	logFC=0.25 -log10(p)=2
-0.049333636931976	0.0720967387580862	48117-48131	logFC=0.25 -log10(p)=1
0.114754172541426	0.496778113895485	48117-48132	logFC=0 -log10(p)=0
0.055923285671329	0.246988747165913	48117-48133	logFC=-0.5 -log10(p)=3
0.095538779164891	-0.432300177169771	48117-48134	logFC=-0.25 -log10(p)=1
-0.066705665126644	-0.352803772468987	48117-48135	logFC=0.25 -log10(p)=1
0.0246939123906669	0.0601916512193121	48117-48136	logFC=0 -log10(p)=0
0.1238557103042	0.394436309342567	48117-48137	logFC=0 -log10(p)=0
0.03341604429942	-0.211375219163026	48117-48138	logFC=-0.25 -log10(p)=1
-0.098207866401096	0.403078211429184	48117-48139	logFC=-0.25 -log10(p)=1
0.054454380901606	0.28963587229012	48117-48140	logFC=-0.5 -log10(p)=2
-0.061470159403559	0.221863092953815	48117-48141	logFC=-0.25 -log10(p)=1
-0.0403494810158295	0.0908528551768357	48117-48142	logFC=0 -log10(p)=0
-0.012660326521369	-0.111219036117215	48117-48143	logFC=-0.25 -log10(p)=1
0.043712023477526	-0.388637319149501	48117-48144	logFC=-0.25 -log10(p)=1
-0.0426956610846	-0.0435658022851718	48117-48145	logFC=-0.25 -log10(p)=1
0.00630413959592908	0.0124217850201304	48117-48146	logFC=0 -log10(p)=0
-0.121144823618463	0.297241670163211	48117-48147	logFC=0 -log10(p)=0
-0.072322341276973	-0.0374331940935646	48117-48148	logFC=-0.25 -log10(p)=1
-0.076617407840236	-0.0175097682677445	48117-48149	logFC=-0.25 -log10(p)=1
-0.0463605334169494	0.0873432617228347	48117-48150	logFC=0 -log10(p)=0
-0.037172532650566	-0.469067723522892	48117-48151	logFC=0.25 -log10(p)=1
0.10224972880863	0.216421800847899	48117-48152	logFC=0 -log10(p)=0
0.00460695563232699	-0.267532531086271	48117-48153	logFC=0.25 -log10(p)=1
-0.068746103516393	0.463043350903396	48117-48154	logFC=0.25 -log10(p)=0
0.04308881610593	-0.094826272562858	48117-48155	logFC=0.25 -log10(p)=1
-0.00342372830630799	-0.300881407673365	48117-48156	logFC=0.25 -log10(p)=1
0.037141424408393	-0.0613892301897145	48117-48157	logFC=0.25 -log10(p)=1
0.103034216949031	0.222233291080403	48117-48158	logFC=0 -log10(p)=0
-0.0407173219701222	0.0916556743459829	48117-48159	logFC=0 -log10(p)=0
0.116294673858002	0.317660718831358	48117-48160	logFC=-0.25 -log10(p)=0
-0.057962394233183	0.433093102765774	48117-48161	logFC=0.25 -log10(p)=0
-0.023235706298785	-0.275989124647109	48117-48162	logFC=-0.25 -log10(p)=1
0.043371857231752	0.379589990415973	48117-48163	logFC=-0.25 -log10(p)=0
0.0151923454621373	0.0245982090403672	48117-48164	logFC=0 -log10(p)=0
0.082302646319369	0.0759345192736314	48117-48165	logFC=-0.5 -log10(p)=1
-0.040216559659462	-0.0666632667722865	48117-48166	logFC=0.75 -log10(p)=1
-0.00913165431265906	0.39574479025034	48118-48118	logFC=-0.75 -log10(p)=18
0.00707172059682701	0.401768839786872	48118-48119	logFC=-0.25 -log10(p)=3
0.109451437219573	0.251543093275985	48118-48120	logFC=-0.25 -log10(p)=1
-0.0528844038904032	0.283968599310908	48118-48121	logFC=0 -log10(p)=0
0.115956807259658	-0.00823541237014158	48118-48122	logFC=-0.5 -log10(p)=4
0.034955992077784	-0.475008944952877	48118-48123	logFC=-0.25 -log10(p)=2
0.00262005962477199	-0.171239162166798	48118-48124	logFC=-0.25 -log10(p)=2
0.067647397516136	0.0281616617974987	48118-48125	logFC=-0.25 -log10(p)=1
0.102610702844511	0.472595494484584	48118-48126	logFC=0 -log10(p)=0
0.037880652257446	-0.351946664747739	48118-48127	logFC=0.5 -log10(p)=6
-0.052830814469609	0.0680340238379449	48118-48128	logFC=0.25 -log10(p)=1
0.0972680951987004	0.416410519117946	48118-48129	logFC=0 -log10(p)=0
0.100034664982205	0.477189968717585	48118-48130	logFC=0.25 -log10(p)=2
0.0234868821380054	0.0716983130320994	48118-48131	logFC=0 -log10(p)=0
-0.102286000299528	0.398383318086001	48118-48132	logFC=-0.25 -log10(p)=2
0.00346004460633498	-0.204388328546792	48118-48133	logFC=-0.5 -log10(p)=4
-0.00517879273391797	0.117053816453446	48118-48134	logFC=-0.5 -log10(p)=3
-0.0877259377511529	0.259003347622414	48118-48135	logFC=0 -log10(p)=0
0.0231603294608724	0.0533957629629254	48118-48136	logFC=0 -log10(p)=0
0.0686867233369288	0.196549523489663	48118-48137	logFC=0 -log10(p)=0
0.051862247244515	0.15499387261326	48118-48138	logFC=0.25 -log10(p)=1
0.085182581439616	0.249229747223221	48118-48139	logFC=-0.75 -log10(p)=4
-0.034888025473616	0.123760057367482	48118-48140	logFC=-0.25 -log10(p)=1
-0.044914166588268	0.104514857158612	48118-48141	logFC=-0.25 -log10(p)=1
-0.0328088846306188	0.0670572538228359	48118-48142	logFC=0 -log10(p)=0
-0.0908189131526841	0.197709631799149	48118-48143	logFC=0 -log10(p)=0
-0.01369496561005	0.250992212081953	48118-48144	logFC=-0.5 -log10(p)=2
0.0564679840418603	0.109553159493137	48118-48145	logFC=0 -log10(p)=0
0.046947489477304	-0.467938947004479	48118-48146	logFC=-0.75 -log10(p)=4
0.121269881396441	0.287235384075748	48118-48147	logFC=-0.25 -log10(p)=0
-0.102507023423787	0.0606776502043593	48118-48148	logFC=-0.25 -log10(p)=1
-0.040309305884853	-0.249683850201412	48118-48149	logFC=-0.25 -log10(p)=1
-0.084251698665683	0.379840540360904	48118-48150	logFC=0.25 -log10(p)=0
-0.110493033382352	0.231490569378784	48118-48151	logFC=0 -log10(p)=0
0.0633662590711707	0.126824126475699	48118-48152	logFC=0 -log10(p)=0
0.0865628690201894	0.184929052590623	48118-48153	logFC=0 -log10(p)=0
-0.075020541706419	0.398637395137942	48118-48154	logFC=0.25 -log10(p)=0
-0.00742041472687205	0.0139236406621804	48118-48155	logFC=0 -log10(p)=0
-0.087923510998456	0.385312853626695	48118-48156	logFC=0.25 -log10(p)=0
0.0758138680456893	0.162388564190804	48118-48157	logFC=0 -log10(p)=0
-0.0967663706007063	0.220102030132177	48118-48158	logFC=0 -log10(p)=0
0.117650659597994	0.347603900016854	48118-48159	logFC=-0.5 -log10(p)=1
0.100465447426588	0.230815299549733	48118-48160	logFC=-0.5 -log10(p)=1
0.010874081127697	-0.463793508212647	48118-48161	logFC=-0.25 -log10(p)=1
-0.044815638568449	-0.271574112398651	48118-48162	logFC=-0.25 -log10(p)=1
0.076197017125032	0.305636714116658	48118-48163	logFC=-0.25 -log10(p)=0
0.041708584593386	0.132572157878954	48118-48164	logFC=-0.5 -log10(p)=1
0.115243828460146	0.221065641066748	48118-48165	logFC=-0.25 -log10(p)=0
0.093030245125746	0.241960975387809	48118-48166	logFC=0.75 -log10(p)=1
-0.05056680177772	-0.299060721153123	48118-48167	logFC=-0.25 -log10(p)=1
0.110682438146814	0.452537611898258	48119-48119	logFC=-0.75 -log10(p)=15
-0.099871468395905	-0.143950486017324	48119-48120	logFC=-0.25 -log10(p)=6
0.076494375669727	-0.440847537627715	48119-48121	logFC=-0.25 -log10(p)=2
-0.00494494015186903	0.425567687471214	48119-48122	logFC=-0.25 -log10(p)=2
-0.088088461445776	-0.4698721757249	48119-48123	logFC=-0.25 -log10(p)=4
0.024001842661128	-0.157164798919698	48119-48124	logFC=-0.25 -log10(p)=2
-0.0506669043439095	0.220011204405904	48119-48125	logFC=0 -log10(p)=0
-0.049069560461032	0.21168398578645	48119-48126	logFC=0 -log10(p)=0
-0.11122361790031	-0.0503896645448201	48119-48127	logFC=0.5 -log10(p)=4
-0.112909014192683	0.448744106844003	48119-48128	logFC=0.5 -log10(p)=3
-0.009714658852118	-0.356106673928326	48119-48129	logFC=0.25 -log10(p)=2
0.107708635688488	-0.483480244639969	48119-48130	logFC=0 -log10(p)=1
0.103181894860855	0.452795482536418	48119-48131	logFC=0 -log10(p)=0
0.062345388652247	0.028965473894653	48119-48132	logFC=-0.25 -log10(p)=1
0.02889789904016	0.144218904986205	48119-48133	logFC=-0.25 -log10(p)=1
0.01572314372386	0.19657255609012	48119-48134	logFC=-0.5 -log10(p)=3
-0.0485469305956666	0.147163242148605	48119-48135	logFC=0 -log10(p)=0
0.101610385338808	0.338692354355266	48119-48136	logFC=0 -log10(p)=0
-0.0595608924011488	0.179485849872556	48119-48137	logFC=0 -log10(p)=0
-0.000128707645253025	0.000357541982001266	48119-48138	logFC=0 -log10(p)=0
0.092802974464994	-0.441017685180847	48119-48139	logFC=-0.25 -log10(p)=1
-0.103920326734891	-0.359558889911424	48119-48140	logFC=-0.25 -log10(p)=2
-0.06040981774038	0.282161154905592	48119-48141	logFC=-0.25 -log10(p)=1
-0.118262614941235	0.434512792687409	48119-48142	logFC=-0.25 -log10(p)=1
-0.0315710552447449	0.0685555686844596	48119-48143	logFC=0 -log10(p)=0
-0.0936437237405915	0.239005135009301	48119-48144	logFC=0 -log10(p)=0
-0.01408330366608	-0.258343306247745	48119-48145	logFC=-0.25 -log10(p)=1
0.0393472402580087	0.0862417445437653	48119-48146	logFC=0 -log10(p)=0
0.11971098912197	0.314389722821093	48119-48147	logFC=-0.25 -log10(p)=0
0.097951290805324	0.340447540625243	48119-48148	logFC=-0.25 -log10(p)=0
0.109452473815483	0.0733734941213362	48119-48149	logFC=0.25 -log10(p)=1
0.102557688375184	0.0882139718442259	48119-48150	logFC=0.25 -log10(p)=1
0.0266812798287828	0.0495603575887132	48119-48151	logFC=0 -log10(p)=0
-0.0588833073524136	0.123288074636651	48119-48152	logFC=0 -log10(p)=0
-0.050958875644285	0.47194879846826	48119-48153	logFC=0.25 -log10(p)=0
0.123657405591553	0.263965825300009	48119-48154	logFC=0.25 -log10(p)=1
-0.089044607253005	0.38893966458843	48119-48155	logFC=0.25 -log10(p)=0
-0.0198794072904845	0.038961138572448	48119-48156	logFC=0 -log10(p)=0
-0.039480277225587	-0.45183809552724	48119-48157	logFC=0.25 -log10(p)=1
0.038388216982748	0.143105700425559	48119-48158	logFC=0.5 -log10(p)=2
-0.065089390346438	-0.494761524017981	48119-48159	logFC=0.25 -log10(p)=1
0.031812587993209	-0.447742439773798	48119-48160	logFC=-0.25 -log10(p)=1
0.099304660705234	0.287789483006476	48119-48161	logFC=-0.25 -log10(p)=0
0.11931802401539	0.154170619500931	48119-48162	logFC=-0.5 -log10(p)=1
-0.013672251570938	-0.489745015218987	48119-48163	logFC=0.25 -log10(p)=1
-0.12459288227853	0.24586963022023	48119-48164	logFC=0.25 -log10(p)=0
0.109519261550748	0.243379793138123	48119-48165	logFC=-0.25 -log10(p)=0
-0.124691892952025	-0.471663282741196	48119-48166	logFC=1 -log10(p)=2
-0.00709154443691047	0.0114731041141714	48119-48167	logFC=0 -log10(p)=0
0.0111492884468215	0.0175892431540793	48119-48168	logFC=0 -log10(p)=0
0.020867333576956	-0.160230901408941	48120-48120	logFC=-0.5 -log10(p)=11
0.063988539083697	0.206622269536936	48120-48121	logFC=-0.25 -log10(p)=2
-0.076164415961585	0.255761664935363	48120-48122	logFC=-0.25 -log10(p)=4
-0.072031083366868	-0.323329825935863	48120-48123	logFC=-0.25 -log10(p)=4
-0.050259797934409	0.262505681884039	48120-48124	logFC=-0.25 -log10(p)=3
-0.021065279163721	0.456317104114481	48120-48125	logFC=-0.25 -log10(p)=2
-0.112705108806258	-0.329665573115652	48120-48126	logFC=0 -log10(p)=1
0.00748757349942313	0.0284447319776729	48120-48127	logFC=0 -log10(p)=0
0.103179860893797	-0.475377590498883	48120-48128	logFC=0 -log10(p)=1
0.0843248330293444	0.41741709675002	48120-48129	logFC=0 -log10(p)=0
0.104502450326757	-0.150408799258593	48120-48130	logFC=-0.25 -log10(p)=1
0.0334603402367982	0.129233202342617	48120-48131	logFC=0 -log10(p)=0
0.00773295771311995	0.0259054790754329	48120-48132	logFC=0 -log10(p)=0
-0.065697644759209	0.186820655430825	48120-48133	logFC=-0.25 -log10(p)=2
0.02211613838203	-0.476732046247092	48120-48134	logFC=-0.5 -log10(p)=4
0.0612725709762331	0.213162104345683	48120-48135	logFC=0 -log10(p)=0
0.100020936013422	0.340179759845281	48120-48136	logFC=0 -log10(p)=0
-0.0754327337129023	0.253801542897796	48120-48137	logFC=0 -log10(p)=0
0.0173795435938011	0.0463641358033843	48120-48138	logFC=0 -log10(p)=0
0.0150991800353269	0.0393637897221249	48120-48139	logFC=0 -log10(p)=0
0.068301516011342	-0.335866285185428	48120-48140	logFC=-0.25 -log10(p)=1
-0.11432913415743	0.346765948597718	48120-48141	logFC=0 -log10(p)=0
-0.008527966318298	-0.131070143536875	48120-48142	logFC=-0.25 -log10(p)=1
0.0130983112715092	0.028490802768901	48120-48143	logFC=0 -log10(p)=0
-0.002276500884144	-0.114296816653538	48120-48144	logFC=-0.25 -log10(p)=1
0.0749292439987478	0.159148125387855	48120-48145	logFC=0 -log10(p)=0
-0.097104038878521	0.22912923309032	48120-48146	logFC=-0.25 -log10(p)=1
-0.079608709137583	0.110938539164565	48120-48147	logFC=-0.25 -log10(p)=1
-0.00777954027178296	-0.0707324062331061	48120-48148	logFC=-0.5 -log10(p)=2
-0.070422695817362	0.409610767276882	48120-48149	logFC=0.25 -log10(p)=0
0.054631673764776	-0.116189870433212	48120-48150	logFC=0.25 -log10(p)=1
-0.10420122007492	0.440702396424012	48120-48151	logFC=0.5 -log10(p)=1
0.073567474422009	-0.0352546990250986	48120-48152	logFC=0.25 -log10(p)=1
0.10399561356759	-0.278395090071161	48120-48153	logFC=0.5 -log10(p)=3
-0.122262637270101	-0.452860464820496	48120-48154	logFC=0.75 -log10(p)=3
0.010264819881912	-0.127338221392947	48120-48155	logFC=0.25 -log10(p)=1
-0.003178493957293	-0.259960661603066	48120-48156	logFC=0.25 -log10(p)=1
-0.015554449943607	-0.323751334599076	48120-48157	logFC=0.25 -log10(p)=1
-0.002451424914721	-0.127558978762623	48120-48158	logFC=0.5 -log10(p)=2
-0.00796860250760301	-0.314594232447839	48120-48159	logFC=0.25 -log10(p)=1
-0.0815287704696843	0.164210394439084	48120-48160	logFC=0 -log10(p)=0
0.087977711212065	0.276330388065277	48120-48161	logFC=-0.5 -log10(p)=1
-0.014537955700681	-0.312174624699806	48120-48162	logFC=-0.25 -log10(p)=1
0.104797508908548	0.278048731993456	48120-48163	logFC=-0.25 -log10(p)=0
-0.109273240609891	0.303576303484986	48120-48164	logFC=0.25 -log10(p)=0
-0.0558257206319578	0.0952170920808887	48120-48165	logFC=0 -log10(p)=0
0.00911695333056101	0.272312544621408	48120-48166	logFC=0.25 -log10(p)=0
0.000772830694324558	0.00139036151306607	48120-48167	logFC=0 -log10(p)=0
-0.0292119253180697	0.0502545420608658	48120-48168	logFC=0 -log10(p)=0
0.045333172032802	-0.473922869960002	48120-48169	logFC=-0.25 -log10(p)=1
0.056859366241974	-0.383926014983487	48121-48121	logFC=-0.5 -log10(p)=10
-0.106116434255002	0.166320954392129	48121-48122	logFC=-0.25 -log10(p)=6
-0.067677128454233	0.158415467769446	48121-48123	logFC=-0.5 -log10(p)=11
0.113707844004009	-0.201180406695907	48121-48124	logFC=-0.5 -log10(p)=6
-0.069276473888555	-0.263883628641102	48121-48125	logFC=-0.25 -log10(p)=4
0.073057874699196	-0.46619267549801	48121-48126	logFC=-0.25 -log10(p)=2
0.117344013581965	-0.257790745680184	48121-48127	logFC=0 -log10(p)=1
0.051414830969353	-0.21615140194549	48121-48128	logFC=0.25 -log10(p)=3
0.052879698924578	0.00830462523530784	48121-48129	logFC=0.25 -log10(p)=3
-0.047171437020434	0.464879809567299	48121-48130	logFC=0.25 -log10(p)=1
0.110664839396129	0.473181441122806	48121-48131	logFC=0.25 -log10(p)=3
-0.059050821447824	0.414770137538238	48121-48132	logFC=0.5 -log10(p)=4
0.0412664578072518	0.147593628128633	48121-48133	logFC=0 -log10(p)=0
-0.1082000012196	0.425782446961923	48121-48134	logFC=0 -log10(p)=0
0.114777146340905	0.428715593207679	48121-48135	logFC=0 -log10(p)=0
0.045964161660601	-0.3751288965384	48121-48136	logFC=0.25 -log10(p)=2
-0.11403481048628	-0.482454176979001	48121-48137	logFC=0.25 -log10(p)=1
-0.039042144720425	0.0629160070732193	48121-48138	logFC=0.5 -log10(p)=3
-0.001264552649832	0.0257984964433045	48121-48139	logFC=0.25 -log10(p)=1
-0.064041068205755	-0.386092276534337	48121-48140	logFC=0.25 -log10(p)=1
0.053656553347665	-0.377122565392067	48121-48141	logFC=-0.25 -log10(p)=1
0.122714730108526	0.331909080526992	48121-48142	logFC=0 -log10(p)=0
-0.113197697671472	0.370217979591247	48121-48143	logFC=0.25 -log10(p)=0
0.0635914852355105	0.147282037250252	48121-48144	logFC=0 -log10(p)=0
0.030172279052101	-0.332547797187726	48121-48145	logFC=0.25 -log10(p)=1
-0.0875474339819253	0.200250946746111	48121-48146	logFC=0 -log10(p)=0
0.093455335594803	0.165723373237067	48121-48147	logFC=0.25 -log10(p)=1
-0.00881273838220098	-0.31820090490021	48121-48148	logFC=-0.25 -log10(p)=1
-0.079550857847076	0.374907649120116	48121-48149	logFC=0.25 -log10(p)=0
-0.085316060379043	0.229480402553443	48121-48150	logFC=0.5 -log10(p)=1
-0.06461164646355	-0.0372405528751529	48121-48151	logFC=0.75 -log10(p)=3
-0.111878844909442	0.0493279111558982	48121-48152	logFC=0.75 -log10(p)=3
-0.00103300829034197	-0.108078645694115	48121-48153	logFC=0.5 -log10(p)=2
-0.010433040121225	-0.306741907864055	48121-48154	logFC=0.25 -log10(p)=1
0.045979986820637	0.0647960076333327	48121-48155	logFC=0.25 -log10(p)=1
0.062279723256978	0.0471214713614523	48121-48156	logFC=0.25 -log10(p)=1
0.00148520409710795	0.244747112050998	48121-48157	logFC=0.75 -log10(p)=3
-0.097561850842877	-0.490266651579592	48121-48158	logFC=0.75 -log10(p)=3
-0.093127191864741	0.353797926416317	48121-48159	logFC=0.25 -log10(p)=0
0.056071612267382	0.461871345616486	48121-48160	logFC=-0.25 -log10(p)=0
-0.07795976356349	0.360571874975438	48121-48161	logFC=0.25 -log10(p)=0
-0.0802754925473227	0.150225819304703	48121-48162	logFC=0 -log10(p)=0
0.0325043124793482	0.0446893472192231	48121-48163	logFC=0 -log10(p)=0
-0.014065245980893	-0.335179100874113	48121-48164	logFC=-0.25 -log10(p)=1
0.0106168189548537	0.0165491353841581	48121-48165	logFC=0 -log10(p)=0
-0.011820159248238	0.250432052128334	48121-48166	logFC=0.25 -log10(p)=0
-0.0815419052052979	0.153917696506231	48121-48167	logFC=0 -log10(p)=0
0.020331989966046	-0.354873858210776	48121-48168	logFC=0.25 -log10(p)=1
0.047840215709133	-0.238231335078854	48121-48169	logFC=0.25 -log10(p)=1
-0.083550191274669	0.180513187202279	48121-48170	logFC=0.5 -log10(p)=1
-0.104409749165097	-0.109462373326924	48122-48122	logFC=-0.5 -log10(p)=14
0.022722355283287	0.0269638775883245	48122-48123	logFC=-0.25 -log10(p)=3
-0.116925773965043	-0.021155084643829	48122-48124	logFC=0 -log10(p)=1
0.05748562313449	-0.304736404014015	48122-48125	logFC=-0.25 -log10(p)=2
-0.0548162311738474	0.300176277095159	48122-48126	logFC=0 -log10(p)=0
-0.044499386167324	-0.423358166761867	48122-48127	logFC=0.25 -log10(p)=2
-0.030296562808835	0.45462709787589	48122-48128	logFC=0.5 -log10(p)=5
-0.056222403535207	-0.114186606321918	48122-48129	logFC=0.5 -log10(p)=5
0.019618912303423	0.373111818179364	48122-48130	logFC=0.25 -log10(p)=2
-0.053048924786342	0.424973945812645	48122-48131	logFC=0.5 -log10(p)=4
-0.060212614201554	-0.455108950709377	48122-48132	logFC=0.5 -log10(p)=5
0.0694772993305788	0.267590814713652	48122-48133	logFC=0 -log10(p)=0
0.0655180973477822	0.226920084941161	48122-48134	logFC=0 -log10(p)=0
0.082276850603469	0.0514160525366907	48122-48135	logFC=0.25 -log10(p)=2
0.0301013209896629	0.0926741012924712	48122-48136	logFC=0 -log10(p)=0
0.102711844629208	0.349839840095464	48122-48137	logFC=0 -log10(p)=0
-0.0870854192999479	0.050565727672458	48122-48138	logFC=0.75 -log10(p)=5
0.102991805449663	-0.230297345459942	48122-48139	logFC=0.25 -log10(p)=2
0.040765271783361	0.225068437990805	48122-48140	logFC=0.25 -log10(p)=1
0.0710904885213688	0.172698471597877	48122-48141	logFC=0 -log10(p)=0
-0.022720142195164	-0.311137520785	48122-48142	logFC=0.25 -log10(p)=1
0.108553553897294	0.420015868137304	48122-48143	logFC=0.25 -log10(p)=1
0.035903861735409	-0.366343493953125	48122-48144	logFC=-0.25 -log10(p)=1
-0.044320979785776	0.477613861846073	48122-48145	logFC=0.25 -log10(p)=0
0.059941805549712	-0.0324898498435258	48122-48146	logFC=0.25 -log10(p)=1
0.00738978578798599	-0.0391382950391388	48122-48147	logFC=0.75 -log10(p)=3
-0.0947842375955975	0.182073918509376	48122-48148	logFC=0 -log10(p)=0
0.0783354258203485	0.138145089334168	48122-48149	logFC=0 -log10(p)=0
-0.083835744739026	0.424113450495906	48122-48150	logFC=0.75 -log10(p)=2
0.00702989249093999	0.0766667621407917	48122-48151	logFC=1 -log10(p)=5
-0.121509735327047	0.0796079886160568	48122-48152	logFC=1 -log10(p)=4
-0.022835262363889	0.496776576804338	48122-48153	logFC=0.5 -log10(p)=1
0.096575496242104	0.242937492747853	48122-48154	logFC=0.5 -log10(p)=2
0.0916224101681	0.0362996074242625	48122-48155	logFC=0.75 -log10(p)=5
0.108512850265362	0.350979389695137	48122-48156	logFC=0.5 -log10(p)=2
-0.080754475177041	0.302545985185568	48122-48157	logFC=0.5 -log10(p)=1
0.021656242646554	0.440388422615485	48122-48158	logFC=0.75 -log10(p)=3
0.112290000839369	0.00426167535950195	48122-48159	logFC=0.25 -log10(p)=1
-0.040910908613109	0.30730803283912	48122-48160	logFC=0.5 -log10(p)=1
0.0179707271846955	0.0284621770556677	48122-48161	logFC=0 -log10(p)=0
0.0146015430565319	0.0230891601193079	48122-48162	logFC=0 -log10(p)=0
-0.00270313280946	0.464115373217443	48122-48163	logFC=0.25 -log10(p)=0
-0.119520743808886	0.252387018944038	48122-48164	logFC=0.25 -log10(p)=0
-0.085186447470835	0.286243689054944	48122-48165	logFC=0.25 -log10(p)=0
0.0458038054771526	0.0373839150948295	48122-48166	logFC=0 -log10(p)=0
-0.106344584483206	0.269288167519149	48122-48167	logFC=0.25 -log10(p)=0
0.020863395338493	-0.41813115466788	48122-48168	logFC=0.25 -log10(p)=1
-0.0945447224714059	0.167820744760431	48122-48169	logFC=0 -log10(p)=0
0.00381968928590298	-0.454709156945888	48122-48170	logFC=0.25 -log10(p)=1
0.00730385856295244	0.0100650423576114	48122-48171	logFC=0 -log10(p)=0
-0.0653543862146741	-0.274772396631587	48123-48123	logFC=-0.5 -log10(p)=13
0.077530251102635	-0.0737797635043063	48123-48124	logFC=-0.25 -log10(p)=2
0.032878949935477	0.159450575132915	48123-48125	logFC=-0.25 -log10(p)=2
0.077073048471554	0.405546692976645	48123-48126	logFC=-0.25 -log10(p)=1
0.107228437859429	-0.354318457614201	48123-48127	logFC=0 -log10(p)=1
0.107430322945768	-0.477239374699044	48123-48128	logFC=0.25 -log10(p)=4
0.084820035657094	0.32407879610451	48123-48129	logFC=0.25 -log10(p)=3
0.070465506755715	-0.119822961936988	48123-48130	logFC=0.25 -log10(p)=3
0.057139875855621	-0.473111196280689	48123-48131	logFC=0.25 -log10(p)=3
0.027986674110281	0.107900399005144	48123-48132	logFC=0.25 -log10(p)=2
-0.0221608487216225	0.0700311396834504	48123-48133	logFC=0 -log10(p)=0
-0.116206451581319	0.408119019367851	48123-48134	logFC=0 -log10(p)=0
0.029463605327416	-0.443624557242481	48123-48135	logFC=0.25 -log10(p)=2
-0.031229551923393	0.0868800243406922	48123-48136	logFC=0.25 -log10(p)=1
0.081828046979222	-0.177289022518245	48123-48137	logFC=0.25 -log10(p)=2
0.023199298270503	0.396777898832287	48123-48138	logFC=0.5 -log10(p)=3
0.00920751282573795	-0.0112504614444173	48123-48139	logFC=0.5 -log10(p)=3
-0.01924078006518	0.426537897031126	48123-48140	logFC=0.5 -log10(p)=2
0.069308768053585	0.164037219364246	48123-48141	logFC=0.25 -log10(p)=1
-0.091708373832144	0.397788583213184	48123-48142	logFC=0.25 -log10(p)=0
0.00710699030085304	-0.161192767008264	48123-48143	logFC=0.75 -log10(p)=4
-0.078449240002558	-0.451892846398073	48123-48144	logFC=0.5 -log10(p)=2
-0.122754726920881	0.082192348413265	48123-48145	logFC=0.5 -log10(p)=1
-0.053282529235725	0.474294923679628	48123-48146	logFC=0.25 -log10(p)=0
0.067962785640437	-0.198177103953235	48123-48147	logFC=0.25 -log10(p)=1
-0.033128407532504	0.42168908458169	48123-48148	logFC=0.25 -log10(p)=0
0.0958649184345201	-0.118069489793647	48123-48149	logFC=0.5 -log10(p)=2
0.018154295762487	-0.186296718252265	48123-48150	logFC=0.5 -log10(p)=2
0.12418243510421	0.195463673516825	48123-48151	logFC=1 -log10(p)=6
-0.119558345736695	-0.0251241429725195	48123-48152	logFC=1 -log10(p)=4
0.0614060444548501	0.354373581877493	48123-48153	logFC=1.25 -log10(p)=6
0.02627458363554	0.0777143009423726	48123-48154	logFC=1 -log10(p)=5
0.123689043346497	-0.0151646055020453	48123-48155	logFC=0.5 -log10(p)=3
0.041744597991994	0.246565452605486	48123-48156	logFC=0.75 -log10(p)=3
-0.10505702589162	-0.113782763889901	48123-48157	logFC=1.25 -log10(p)=6
-0.101492091327529	-0.169005615495436	48123-48158	logFC=1 -log10(p)=4
0.00751873484035803	0.465725385767252	48123-48159	logFC=0.5 -log10(p)=1
-0.070155292675024	0.324704303800359	48123-48160	logFC=0.25 -log10(p)=0
0.07784086775197	0.326183885890891	48123-48161	logFC=-0.25 -log10(p)=0
0.0117016561577356	0.0168070288852903	48123-48162	logFC=0 -log10(p)=0
0.085933277601336	-0.411540244349112	48123-48163	logFC=0.5 -log10(p)=2
0.050092758257528	-0.297702721765865	48123-48164	logFC=0.25 -log10(p)=1
-0.003634820589413	-0.469225410647817	48123-48165	logFC=0.25 -log10(p)=1
-0.104111034150949	-0.122522554869375	48123-48166	logFC=0.75 -log10(p)=1
0.067405248088709	-0.203220049665203	48123-48167	logFC=0.25 -log10(p)=1
0.070146985931484	-0.250964803834703	48123-48168	logFC=0.25 -log10(p)=1
-0.099097365664548	0.298697756606755	48123-48169	logFC=0.25 -log10(p)=0
-0.087364455952399	-0.0239366634016504	48123-48170	logFC=0.5 -log10(p)=1
-0.078663413194098	0.311459113129124	48123-48171	logFC=0.25 -log10(p)=0
0.059531567599224	0.32044835463188	48123-48172	logFC=-0.25 -log10(p)=0
-0.03703482965301	0.340599323893342	48124-48124	logFC=-0.5 -log10(p)=12
-0.03699314239689	0.356188622619364	48124-48125	logFC=-0.25 -log10(p)=4
-0.012446468318697	-0.339591889887228	48124-48126	logFC=-0.25 -log10(p)=4
-0.00139074270152545	0.00656332243213767	48124-48127	logFC=0 -log10(p)=0
0.111059962350629	-0.256014539505343	48124-48128	logFC=0 -log10(p)=1
0.0580421448047884	0.334948148819942	48124-48129	logFC=0 -log10(p)=0
-0.0156502595554266	0.0713666835155143	48124-48130	logFC=0 -log10(p)=0
0.0634565023736921	0.322613470963028	48124-48131	logFC=0 -log10(p)=0
0.052671881248474	-0.266942630905761	48124-48132	logFC=0.25 -log10(p)=3
-0.0205597883445739	0.0761976593683402	48124-48133	logFC=0 -log10(p)=0
0.085330369316245	-0.195108128290159	48124-48134	logFC=-0.25 -log10(p)=1
0.0895282023790032	0.362059035484761	48124-48135	logFC=0 -log10(p)=0
0.0853518679833774	0.321590223880873	48124-48136	logFC=0 -log10(p)=0
-0.022660366829068	0.210664914394898	48124-48137	logFC=0.25 -log10(p)=1
-0.077781536546413	-0.266230172231593	48124-48138	logFC=0.25 -log10(p)=1
-0.076978989056962	-0.337156046997654	48124-48139	logFC=0.25 -log10(p)=1
-0.042618060435597	-0.171091088620927	48124-48140	logFC=0.25 -log10(p)=1
0.0107411561286291	0.0255889698006724	48124-48141	logFC=0 -log10(p)=0
-0.032202109522402	-0.268170065610523	48124-48142	logFC=0.25 -log10(p)=1
0.032450572868767	0.0472107279957106	48124-48143	logFC=0.25 -log10(p)=1
-0.069024514349774	-0.422301562337786	48124-48144	logFC=0.25 -log10(p)=1
0.039045099579666	0.239314462215265	48124-48145	logFC=0.5 -log10(p)=2
-0.085325902055747	0.462150949217134	48124-48146	logFC=0.25 -log10(p)=0
0.011972268768733	-0.243325092232439	48124-48147	logFC=0.25 -log10(p)=1
0.049570139118398	-0.0892140885969699	48124-48148	logFC=0.25 -log10(p)=1
-0.075662811742222	0.291091622590586	48124-48149	logFC=0.5 -log10(p)=1
-0.036510669893842	-0.431986973984971	48124-48150	logFC=0.5 -log10(p)=2
0.114539746072702	-0.36808394804036	48124-48151	logFC=0.5 -log10(p)=3
0.000535757728103992	-0.236787409125347	48124-48152	logFC=0.75 -log10(p)=4
-0.014690154855622	-0.189684285687218	48124-48153	logFC=0.5 -log10(p)=2
0.023728702500511	0.150303990069139	48124-48154	logFC=0.75 -log10(p)=4
0.081545847345963	-0.182312785571991	48124-48155	logFC=0.5 -log10(p)=3
-0.094470256865847	-0.0531651809863396	48124-48156	logFC=0.75 -log10(p)=3
-0.021265880151512	0.464147139891192	48124-48157	logFC=0.75 -log10(p)=3
0.086776007885582	0.361671228539223	48124-48158	logFC=0.5 -log10(p)=2
-0.101309683946627	0.324447757551227	48124-48159	logFC=0.25 -log10(p)=0
-0.030466559824133	-0.255286528035455	48124-48160	logFC=-0.25 -log10(p)=1
0.0913771482438526	0.15972726525238	48124-48161	logFC=0 -log10(p)=0
-0.01228247371068	-0.388627301827713	48124-48162	logFC=-0.25 -log10(p)=1
-0.105742608027712	-0.212227961798528	48124-48163	logFC=-0.25 -log10(p)=1
0.0648777737411	0.35208627203297	48124-48164	logFC=-0.25 -log10(p)=0
0.0309963738199699	0.0450259766948429	48124-48165	logFC=0 -log10(p)=0
0.055851205038494	0.3433288761312	48124-48166	logFC=0.25 -log10(p)=0
0.032885744044696	-0.30111814215372	48124-48167	logFC=0.25 -log10(p)=1
0.03033254554286	0.468856129758051	48124-48168	logFC=-0.25 -log10(p)=0
-0.090816911590246	0.233443918584283	48124-48169	logFC=0.5 -log10(p)=1
-0.045426068967195	0.431405133877104	48124-48170	logFC=0.25 -log10(p)=0
0.018052244804342	0.481025973170461	48124-48171	logFC=-0.25 -log10(p)=0
-0.088392437702296	-0.32283219333442	48124-48172	logFC=-0.25 -log10(p)=1
0.0157055327744031	0.0216460988067014	48124-48173	logFC=0 -log10(p)=0
-0.030519097132377	0.14489523063285	48125-48125	logFC=-0.5 -log10(p)=12
-0.035567177538135	0.390789062546702	48125-48126	logFC=-0.25 -log10(p)=4
-0.122206586222127	-0.0645321508121303	48125-48127	logFC=0 -log10(p)=1
-0.0414473726549169	0.206351082422221	48125-48128	logFC=0 -log10(p)=0
0.115836447272912	-0.0380260179561326	48125-48129	logFC=-0.25 -log10(p)=1
-0.08167318303087	-0.163816561490481	48125-48130	logFC=-0.25 -log10(p)=4
0.050225699731023	0.221638034529572	48125-48131	logFC=-0.5 -log10(p)=5
0.00932605829088543	0.0354881727757777	48125-48132	logFC=0 -log10(p)=0
0.041398650932485	0.28723603434018	48125-48133	logFC=-0.25 -log10(p)=1
-0.047503107367712	-0.0581175739825233	48125-48134	logFC=-0.25 -log10(p)=2
0.0476072923127966	0.15489842958789	48125-48135	logFC=0 -log10(p)=0
0.0756867493077191	0.271781053227	48125-48136	logFC=0 -log10(p)=0
0.0862777573027939	0.312810621526955	48125-48137	logFC=0 -log10(p)=0
0.046499782151577	-0.399746154309042	48125-48138	logFC=0.25 -log10(p)=2
-0.019359634872672	-0.030836979046371	48125-48139	logFC=0.25 -log10(p)=1
-0.111310573530641	-0.013006252228593	48125-48140	logFC=0.5 -log10(p)=2
0.124888847723778	0.364764377605599	48125-48141	logFC=-0.25 -log10(p)=0
0.030589481323446	-0.0326070883179557	48125-48142	logFC=0.25 -log10(p)=1
0.082026632118927	0.258268928357321	48125-48143	logFC=0.25 -log10(p)=1
-0.082362768890195	-0.233145611379221	48125-48144	logFC=0.5 -log10(p)=2
-0.094678807115347	-0.273823573775998	48125-48145	logFC=0.75 -log10(p)=3
-0.046918300754656	0.0935986942027171	48125-48146	logFC=0 -log10(p)=0
0.0596698244167344	0.111196520467489	48125-48147	logFC=0 -log10(p)=0
0.0119758647824196	0.0205110090622865	48125-48148	logFC=0 -log10(p)=0
-0.065303943105865	0.233343734449535	48125-48149	logFC=0.5 -log10(p)=1
-0.035056391170034	-0.45105419901167	48125-48150	logFC=0.5 -log10(p)=2
0.044308810345949	-0.250251486259984	48125-48151	logFC=0.75 -log10(p)=4
-0.03356606211675	0.137057309993176	48125-48152	logFC=0.75 -log10(p)=3
0.065404205374087	0.384153241093825	48125-48153	logFC=0.75 -log10(p)=3
0.022170157481752	-0.154986570981734	48125-48154	logFC=0.5 -log10(p)=2
-0.08564365860382	-0.158767308290926	48125-48155	logFC=1 -log10(p)=5
0.090556852345657	-0.0635261950431755	48125-48156	logFC=0.25 -log10(p)=1
-0.0931974244965099	-0.299556904094864	48125-48157	logFC=1.25 -log10(p)=6
0.095808597800102	-0.031294239265951	48125-48158	logFC=0.75 -log10(p)=4
0.047486632073703	-0.0415084002739128	48125-48159	logFC=0.5 -log10(p)=2
-0.095005499300615	0.187416307795264	48125-48160	logFC=0.5 -log10(p)=1
-0.095266431935548	0.289964206470075	48125-48161	logFC=0.25 -log10(p)=0
0.0082467326814281	0.0117968054710038	48125-48162	logFC=0 -log10(p)=0
0.021809364058139	0.171364822647096	48125-48163	logFC=0.5 -log10(p)=1
0.015637837000748	-0.45392870799623	48125-48164	logFC=0.25 -log10(p)=1
0.0581393093386475	0.0903225590383906	48125-48165	logFC=0 -log10(p)=0
-0.0980085311992001	0.401367320454498	48125-48166	logFC=1 -log10(p)=1
0.0390986830564617	0.0628600475347675	48125-48167	logFC=0 -log10(p)=0
-0.03810380190277	0.431234643502609	48125-48168	logFC=0.25 -log10(p)=0
0.068918197722772	-0.253147880061864	48125-48169	logFC=0.25 -log10(p)=1
-0.049872253574014	0.17209238708311	48125-48170	logFC=0.5 -log10(p)=1
0.0551410886599363	0.073615576177386	48125-48171	logFC=0 -log10(p)=0
0.026526013332554	0.00542535791369958	48125-48172	logFC=-0.5 -log10(p)=1
0.0584250290130755	0.0795547540614635	48125-48173	logFC=0 -log10(p)=0
-0.018546409213197	0.119997291358079	48125-48174	logFC=0.5 -log10(p)=1
-0.043538186049267	0.488674221983221	48126-48126	logFC=-0.5 -log10(p)=12
-0.0274494893086148	0.156499618752314	48126-48127	logFC=0 -log10(p)=0
0.086247204342997	0.393219718048913	48126-48128	logFC=-0.25 -log10(p)=1
-0.082261122096487	0.0958643008574107	48126-48129	logFC=-0.25 -log10(p)=4
0.122880968735035	0.227461541409363	48126-48130	logFC=-0.5 -log10(p)=5
0.00335533240322999	0.415329521515562	48126-48131	logFC=-0.5 -log10(p)=7
-0.0196012116107779	0.0811555229878764	48126-48132	logFC=0 -log10(p)=0
-0.090372354048487	-0.0658247270856345	48126-48133	logFC=-0.25 -log10(p)=3
-0.058732200653531	0.174753473251798	48126-48134	logFC=-0.25 -log10(p)=2
-0.05544121525306	0.202353431850063	48126-48135	logFC=0 -log10(p)=0
-0.0174644072424894	0.0534297289752705	48126-48136	logFC=0 -log10(p)=0
-0.0217143443467237	0.0685141320229061	48126-48137	logFC=0 -log10(p)=0
0.04350322737879	-0.401900007666001	48126-48138	logFC=0.25 -log10(p)=2
-0.042703123059046	-0.163358292777454	48126-48139	logFC=0.25 -log10(p)=1
-0.110492463133555	0.37564429264993	48126-48140	logFC=0 -log10(p)=0
-0.00816758424039937	0.0192558205993411	48126-48141	logFC=0 -log10(p)=0
-0.03795892665578	-0.29210987614426	48126-48142	logFC=0.25 -log10(p)=1
-0.082355144213563	-0.498396184328064	48126-48143	logFC=0.25 -log10(p)=1
0.0096130906143969	0.0207508795854389	48126-48144	logFC=0 -log10(p)=0
0.0276407556819806	0.0532201999776495	48126-48145	logFC=0 -log10(p)=0
0.036510905621335	-0.0898618500651819	48126-48146	logFC=0.25 -log10(p)=1
-0.122233103946252	0.293614688938053	48126-48147	logFC=0.5 -log10(p)=1
-0.109562235833931	0.309026506135754	48126-48148	logFC=0.25 -log10(p)=0
-0.05191824890626	0.42817989455568	48126-48149	logFC=0.5 -log10(p)=1
-0.118297636982001	0.215225430026096	48126-48150	logFC=0.5 -log10(p)=1
-0.047378329388755	-0.386509797010547	48126-48151	logFC=0.5 -log10(p)=2
-0.0693837398348311	0.134606041943642	48126-48152	logFC=0 -log10(p)=0
-0.012238112308238	-0.231166418621655	48126-48153	logFC=0.5 -log10(p)=2
0.115999338156933	0.445119965068669	48126-48154	logFC=0.5 -log10(p)=2
-0.00567836470766001	-0.317186357858483	48126-48155	logFC=0.25 -log10(p)=1
0.084955373736491	0.445485174643966	48126-48156	logFC=0.5 -log10(p)=2
0.121337056169403	0.13312937433622	48126-48157	logFC=0.75 -log10(p)=4
-0.056347263050408	0.486970478688205	48126-48158	logFC=0.5 -log10(p)=1
-0.063352948368004	0.395169418717723	48126-48159	logFC=0.5 -log10(p)=1
0.0721444961813308	0.132493109220372	48126-48160	logFC=0 -log10(p)=0
0.023264059286891	0.475609954193615	48126-48161	logFC=-0.25 -log10(p)=0
-0.067587913480355	-0.275343027855018	48126-48162	logFC=-0.25 -log10(p)=1
-0.0794585884500432	0.113373106088439	48126-48163	logFC=0 -log10(p)=0
-0.0294890639494273	0.0436325549182796	48126-48164	logFC=0 -log10(p)=0
-0.00935754344401796	0.254008847072347	48126-48165	logFC=-0.5 -log10(p)=1
-0.053020655645263	0.492183256230331	48126-48166	logFC=0.5 -log10(p)=0
0.008810289424694	-0.476668053243098	48126-48167	logFC=-0.25 -log10(p)=1
0.118629283548869	0.23337179475278	48126-48168	logFC=-0.25 -log10(p)=0
0.015896780486612	-0.486312306399218	48126-48169	logFC=-0.25 -log10(p)=1
-0.016084399486994	-0.474379099728299	48126-48170	logFC=0.25 -log10(p)=1
0.056376567876708	0.144083677719588	48126-48171	logFC=-0.5 -log10(p)=1
-0.047832487020988	-0.390312336546209	48126-48172	logFC=-0.25 -log10(p)=1
-0.111417329930822	0.229734783397341	48126-48173	logFC=0.25 -log10(p)=0
-0.107229704108776	0.168555867200194	48126-48174	logFC=0 -log10(p)=0
-0.00920884057315068	0.0120008759259274	48126-48175	logFC=0 -log10(p)=0
0.111809919859084	0.21061417714963	48127-48127	logFC=-0.75 -log10(p)=15
0.02179268743268	-0.227719458061864	48127-48128	logFC=-0.25 -log10(p)=3
-0.0935475579871803	-0.285738288229684	48127-48129	logFC=0 -log10(p)=1
-0.0886508289414808	-0.362148738330228	48127-48130	logFC=0 -log10(p)=1
0.104895210754856	0.140903213913314	48127-48131	logFC=-0.25 -log10(p)=1
0.0121849420348817	0.0511470101691349	48127-48132	logFC=0 -log10(p)=0
0.064620778709724	0.274050030871212	48127-48133	logFC=-0.25 -log10(p)=1
-0.096032343798444	-0.207912306985444	48127-48134	logFC=-0.25 -log10(p)=3
0.048477955884363	0.177568039608347	48127-48135	logFC=0 -log10(p)=0
0.038149668440543	0.130398531228977	48127-48136	logFC=-0.25 -log10(p)=1
0.0573497455565746	0.21708278521356	48127-48137	logFC=0 -log10(p)=0
0.0375896588079546	0.121512981729015	48127-48138	logFC=0 -log10(p)=0
-0.090313111339928	-0.379121255302931	48127-48139	logFC=0.25 -log10(p)=1
0.123987330454	0.45233281442499	48127-48140	logFC=-0.25 -log10(p)=0
-0.087720310528642	-0.325190270880009	48127-48141	logFC=-0.25 -log10(p)=2
-0.0427004374143981	0.109203943548574	48127-48142	logFC=0 -log10(p)=0
0.033436772032087	-0.191033038835004	48127-48143	logFC=-0.25 -log10(p)=1
0.0732767515325575	0.191094047156829	48127-48144	logFC=0 -log10(p)=0
0.00581205750914798	-0.155503668330472	48127-48145	logFC=0.25 -log10(p)=1
0.101359660236849	0.46558714896396	48127-48146	logFC=-0.25 -log10(p)=0
0.0459123427060924	0.101733062125682	48127-48147	logFC=0 -log10(p)=0
-0.070986592919489	0.0329131584880551	48127-48148	logFC=-0.25 -log10(p)=1
-0.059623832366651	0.122683768126859	48127-48149	logFC=0 -log10(p)=0
0.089232502124373	0.0483597035334742	48127-48150	logFC=0.25 -log10(p)=1
-0.048978169381628	-0.2481006599678	48127-48151	logFC=0.5 -log10(p)=2
-0.045335049399156	-0.416774809831058	48127-48152	logFC=0.25 -log10(p)=1
-0.022450867529651	-0.337881498727846	48127-48153	logFC=0.25 -log10(p)=1
-0.093576506459808	0.0123237328459451	48127-48154	logFC=0.75 -log10(p)=3
0.023430165968813	0.186701089513112	48127-48155	logFC=0.5 -log10(p)=2
0.017137250846091	-0.231222955134004	48127-48156	logFC=0.25 -log10(p)=1
-0.058628401651578	-0.469496005246865	48127-48157	logFC=0.25 -log10(p)=1
0.116586216519716	0.301035608445756	48127-48158	logFC=0.25 -log10(p)=1
0.0460338369331879	0.0856258670992201	48127-48159	logFC=0 -log10(p)=0
-0.0790111275030391	0.167508628226946	48127-48160	logFC=0 -log10(p)=0
-0.115364169321938	0.217225805652073	48127-48161	logFC=0 -log10(p)=0
0.116266248066585	0.0950482796612953	48127-48162	logFC=-0.5 -log10(p)=1
0.085705793511979	0.271704485426695	48127-48163	logFC=-0.25 -log10(p)=0
-0.00714470220667501	-0.486314853744931	48127-48164	logFC=-0.25 -log10(p)=1
-0.053113080436772	-0.372251305175328	48127-48165	logFC=-0.25 -log10(p)=1
0.026824706474535	0.205862790711533	48127-48166	logFC=0.25 -log10(p)=0
-0.069522697466517	-0.217816167379014	48127-48167	logFC=-0.25 -log10(p)=1
-0.107726537147127	-0.0575073726052712	48127-48168	logFC=-0.25 -log10(p)=1
0.088627920487004	0.341733289481988	48127-48169	logFC=-0.25 -log10(p)=0
-0.121178666780169	0.23596241067125	48127-48170	logFC=0 -log10(p)=0
0.073951104406423	0.219197292388869	48127-48171	logFC=-0.5 -log10(p)=1
-0.083333306182499	-0.319653088531939	48127-48172	logFC=-0.5 -log10(p)=2
-0.095493243479139	-0.284398519809081	48127-48173	logFC=-0.25 -log10(p)=1
0.0269006030430921	-0.358470910500649	48127-48174	logFC=-0.75 -log10(p)=3
0.055929013621311	0.140189074954972	48127-48175	logFC=-0.75 -log10(p)=2
0.00619514408011301	0.490839859715449	48127-48176	logFC=-0.25 -log10(p)=0
-0.04735638997162	-0.0038541158963632	48128-48128	logFC=-0.75 -log10(p)=19
-0.106929277118491	0.0285386613356353	48128-48129	logFC=-0.25 -log10(p)=6
0.034445438480126	-0.0530296379957145	48128-48130	logFC=-0.5 -log10(p)=8
-0.060822067970931	0.0849698319966699	48128-48131	logFC=-0.5 -log10(p)=9
-0.0225424522605781	0.468914561194601	48128-48132	logFC=-0.5 -log10(p)=7
0.100661141630992	-0.43108297075492	48128-48133	logFC=-0.75 -log10(p)=9
0.119815747699075	0.0731073524685679	48128-48134	logFC=-0.5 -log10(p)=3
0.092487731845501	-0.208298271778879	48128-48135	logFC=-0.25 -log10(p)=1
0.031937021023452	0.166816692158441	48128-48136	logFC=-0.25 -log10(p)=1
-0.10924156522331	0.462172843939332	48128-48137	logFC=0 -log10(p)=0
0.120362535573404	-0.473979826427675	48128-48138	logFC=-0.25 -log10(p)=1
0.061770783681266	-0.16071944657546	48128-48139	logFC=-0.25 -log10(p)=1
-0.057531426646949	0.143166801279615	48128-48140	logFC=-0.5 -log10(p)=4
-0.088992158185085	0.390768167687272	48128-48141	logFC=-0.5 -log10(p)=4
-0.031052411985657	0.128402678122338	48128-48142	logFC=-0.5 -log10(p)=3
0.02507922066196	-0.186747769149321	48128-48143	logFC=-0.25 -log10(p)=1
0.111251099948808	0.425073388211453	48128-48144	logFC=-0.25 -log10(p)=0
-0.0949621062750596	0.234837259176565	48128-48145	logFC=0 -log10(p)=0
-0.0920575435563446	0.246769015657788	48128-48146	logFC=0 -log10(p)=0
-0.067068479265688	0.170433726500788	48128-48147	logFC=-0.25 -log10(p)=1
-0.016047333016557	-0.101776558943518	48128-48148	logFC=-0.25 -log10(p)=1
0.034205728299393	-0.447194151697389	48128-48149	logFC=-0.25 -log10(p)=1
0.060438411584556	0.493709193722572	48128-48150	logFC=-0.25 -log10(p)=0
0.112007114225123	0.284121526386167	48128-48151	logFC=0 -log10(p)=0
-0.00424689236023701	-0.272670968434379	48128-48152	logFC=-0.25 -log10(p)=1
-0.0607878935234406	0.122711649075507	48128-48153	logFC=0 -log10(p)=0
0.015319355557085	-0.175084216129038	48128-48154	logFC=0.25 -log10(p)=1
-0.068775376943134	-0.211129684062978	48128-48155	logFC=0.5 -log10(p)=2
-0.030779890871805	-0.418562977641478	48128-48156	logFC=0.25 -log10(p)=1
-0.032433708354527	-0.382691405473993	48128-48157	logFC=0.25 -log10(p)=1
0.0993124813888816	0.233353472765367	48128-48158	logFC=0 -log10(p)=0
0.107979758377275	0.312290167008206	48128-48159	logFC=-0.5 -log10(p)=1
-0.02959304143302	-0.224104835888914	48128-48160	logFC=-0.25 -log10(p)=1
0.077154701624862	0.207558975632319	48128-48161	logFC=-0.5 -log10(p)=1
0.0718891295134163	0.121826782449725	48128-48162	logFC=0 -log10(p)=0
-0.035117311159842	-0.449090896339555	48128-48163	logFC=-0.25 -log10(p)=1
0.112701378262639	0.234711596626656	48128-48164	logFC=-0.25 -log10(p)=0
0.04049807960746	0.108059399905535	48128-48165	logFC=-0.5 -log10(p)=1
-0.113867941215469	-0.221993663932694	48128-48166	logFC=0.75 -log10(p)=1
-0.031994366617412	-0.378650739711829	48128-48167	logFC=-0.5 -log10(p)=2
0.063509501087204	0.380365032176011	48128-48168	logFC=-0.25 -log10(p)=0
-0.032870061989518	-0.192769734619309	48128-48169	logFC=-0.25 -log10(p)=1
-0.065090686662225	-0.117697717245758	48128-48170	logFC=-0.25 -log10(p)=1
-0.071079063739032	-0.190091384095955	48128-48171	logFC=-0.25 -log10(p)=1
0.040961039990708	0.113470211562395	48128-48172	logFC=-0.5 -log10(p)=1
0.068883397235778	0.297050030315689	48128-48173	logFC=-0.25 -log10(p)=0
0.034424947719007	0.247763074432989	48128-48174	logFC=-0.75 -log10(p)=2
-0.094078583215462	0.0619640455273052	48128-48175	logFC=-0.75 -log10(p)=3
0.00420735102882999	0.46967447626744	48128-48176	logFC=-0.25 -log10(p)=0
-0.096499049819128	-0.285921722059185	48128-48177	logFC=-0.25 -log10(p)=1
-0.041521554782248	0.185589901925269	48129-48129	logFC=-0.75 -log10(p)=20
-0.023658544697153	0.113373675690395	48129-48130	logFC=-0.5 -log10(p)=11
-0.027620922917917	0.104958139263552	48129-48131	logFC=-0.75 -log10(p)=15
-0.061971122250746	-0.340772668186764	48129-48132	logFC=-0.5 -log10(p)=9
-0.079278552341124	-0.141657261360491	48129-48133	logFC=-0.75 -log10(p)=13
-0.010636381208376	0.432738946852993	48129-48134	logFC=-0.5 -log10(p)=5
-0.104274220518749	-0.111683109597672	48129-48135	logFC=-0.25 -log10(p)=3
0.059804346062261	0.0530716011329988	48129-48136	logFC=-0.25 -log10(p)=1
0.056066473338339	0.101343196390519	48129-48137	logFC=-0.25 -log10(p)=1
-0.092151842979293	0.327670776367458	48129-48138	logFC=-0.25 -log10(p)=2
0.097526904204105	-0.337842348104396	48129-48139	logFC=-0.25 -log10(p)=1
-0.084208745749064	0.201524271904582	48129-48140	logFC=-0.25 -log10(p)=2
0.122573948910761	0.261556792457832	48129-48141	logFC=-0.75 -log10(p)=5
-0.034278549367899	0.349708699178865	48129-48142	logFC=-0.25 -log10(p)=1
0.110584896460534	0.483207058749702	48129-48143	logFC=-0.25 -log10(p)=0
-0.046198920873294	0.456560972423833	48129-48144	logFC=-0.25 -log10(p)=1
0.017745571410975	-0.187713769565389	48129-48145	logFC=-0.25 -log10(p)=1
0.072615605446129	-0.378823480527595	48129-48146	logFC=-0.25 -log10(p)=1
-0.116493183345546	0.305908403886201	48129-48147	logFC=0 -log10(p)=0
0.013641823314197	0.232587119090827	48129-48148	logFC=-0.5 -log10(p)=2
-0.0656757736342798	0.148813965457507	48129-48149	logFC=0 -log10(p)=0
0.121633260657233	-0.484241395839946	48129-48150	logFC=0.25 -log10(p)=2
-0.0233012750721684	0.049126476671819	48129-48151	logFC=0 -log10(p)=0
-0.113493020011674	0.348746386041915	48129-48152	logFC=0.25 -log10(p)=0
-0.0656214503624945	0.152333211697231	48129-48153	logFC=0 -log10(p)=0
0.020706688639302	-0.110952310355477	48129-48154	logFC=0.25 -log10(p)=1
-0.019450751881398	-0.249342015933478	48129-48155	logFC=0.25 -log10(p)=1
-0.061410781887774	-0.445971017435738	48129-48156	logFC=0.25 -log10(p)=1
-0.0268729102094371	0.0573361379523741	48129-48157	logFC=0 -log10(p)=0
0.046271706607561	0.100946047801457	48129-48158	logFC=0 -log10(p)=0
-0.00215171527333602	0.158613751179397	48129-48159	logFC=-0.5 -log10(p)=2
-0.102509409384219	0.175149788300224	48129-48160	logFC=-0.25 -log10(p)=1
-0.0126043124637	-0.296574638906053	48129-48161	logFC=-0.25 -log10(p)=1
0.024562509197806	-0.0464766334621332	48129-48162	logFC=-0.75 -log10(p)=3
-0.119603025779639	0.207005718498781	48129-48163	logFC=0 -log10(p)=0
-0.00479277713486304	-0.488590312610924	48129-48164	logFC=-0.5 -log10(p)=2
-0.0688057611458924	0.114452074859313	48129-48165	logFC=0 -log10(p)=0
-0.025165995955162	-0.433393178218146	48129-48166	logFC=0.5 -log10(p)=1
-0.050430781860092	-0.0889696539225755	48129-48167	logFC=-0.5 -log10(p)=2
0.098811487236262	0.219157945601408	48129-48168	logFC=-0.5 -log10(p)=1
-0.0590946425322024	0.121796151776151	48129-48169	logFC=0 -log10(p)=0
0.039967307851269	-0.349840552104752	48129-48170	logFC=-0.5 -log10(p)=2
0.059797529482041	-0.412012219959153	48129-48171	logFC=-0.75 -log10(p)=3
0.093860091096215	0.282469041562207	48129-48172	logFC=-0.25 -log10(p)=0
-0.070435035005859	-0.356909899102405	48129-48173	logFC=-0.25 -log10(p)=1
0.059483780950812	0.264378833723703	48129-48174	logFC=-0.5 -log10(p)=1
0.0492539535132701	0.0481079537832736	48129-48175	logFC=-1.25 -log10(p)=6
0.059907419265205	0.305696041933689	48129-48176	logFC=-0.5 -log10(p)=1
-0.060753850438317	-0.338164822664407	48129-48177	logFC=-0.25 -log10(p)=1
-0.076166344988774	-0.409534561662818	48129-48178	logFC=-0.5 -log10(p)=2
-0.111352063648756	0.406702627624874	48130-48130	logFC=-0.5 -log10(p)=14
0.07357663742085	0.401493302259918	48130-48131	logFC=-0.5 -log10(p)=7
-0.01231480264513	-0.0708158195760325	48130-48132	logFC=-0.25 -log10(p)=3
-0.017693744611011	0.163389784804425	48130-48133	logFC=-0.5 -log10(p)=7
0.034827919535309	0.275751868531748	48130-48134	logFC=-0.5 -log10(p)=5
0.046227672882741	0.341111031250047	48130-48135	logFC=-0.25 -log10(p)=1
-0.123430032496118	-0.426327637227997	48130-48136	logFC=0 -log10(p)=1
0.077682492240761	-0.0263037372101869	48130-48137	logFC=-0.25 -log10(p)=1
-0.109751407235891	-0.48737976217845	48130-48138	logFC=0 -log10(p)=1
-0.0257672901978655	0.0866258124465999	48130-48139	logFC=0 -log10(p)=0
0.00491619884811001	0.3480591725262	48130-48140	logFC=-0.25 -log10(p)=1
0.096211004649428	-0.300054233549409	48130-48141	logFC=-0.5 -log10(p)=3
-0.039372107139881	0.106832207985964	48130-48142	logFC=0 -log10(p)=0
0.049447466447004	-0.138350212551696	48130-48143	logFC=-0.25 -log10(p)=1
-0.109887769359623	0.374528342577909	48130-48144	logFC=0 -log10(p)=0
0.000900168154660491	0.00204428624856225	48130-48145	logFC=0 -log10(p)=0
-0.0152433759120016	0.0367061435948517	48130-48146	logFC=0 -log10(p)=0
0.07501857878185	-0.453460671914406	48130-48147	logFC=-0.25 -log10(p)=1
0.061670892667212	-0.0618736415913204	48130-48148	logFC=-0.5 -log10(p)=2
-0.00234989066594302	0.0046447144014777	48130-48149	logFC=0 -log10(p)=0
-0.0105696131898318	0.0214760438738354	48130-48150	logFC=0 -log10(p)=0
-0.07934896139832	-0.49096023822766	48130-48151	logFC=0.25 -log10(p)=1
-0.0332135940569441	0.0725207020601566	48130-48152	logFC=0 -log10(p)=0
0.043461056433599	0.0146199326523551	48130-48153	logFC=0.25 -log10(p)=1
-0.00673822133405	-0.176550316252609	48130-48154	logFC=0.25 -log10(p)=1
0.0477494559418889	0.10992957595508	48130-48155	logFC=0 -log10(p)=0
0.118385787586359	0.396582900611611	48130-48156	logFC=0.25 -log10(p)=1
-0.0496132029787245	0.112887420186142	48130-48157	logFC=0 -log10(p)=0
-0.114282057313605	0.360769746456673	48130-48158	logFC=0.25 -log10(p)=0
0.045315456511978	-0.42057204635728	48130-48159	logFC=-0.25 -log10(p)=1
0.124281175189816	0.292836721251045	48130-48160	logFC=-0.5 -log10(p)=1
-0.10277490404909	0.203007156635941	48130-48161	logFC=0 -log10(p)=0
-0.097314248755093	0.0118844144954875	48130-48162	logFC=-0.25 -log10(p)=1
-0.072285137650356	-0.0954750235502423	48130-48163	logFC=0.5 -log10(p)=1
0.048825625171645	0.407825567087246	48130-48164	logFC=-0.25 -log10(p)=0
0.072021559360511	0.0860866881956492	48130-48165	logFC=-0.75 -log10(p)=2
0.058773654138431	0.303364173898409	48130-48166	logFC=0.25 -log10(p)=0
-0.119901531209648	0.245433538920588	48130-48167	logFC=0 -log10(p)=0
-0.080853557294604	0.350292043227953	48130-48168	logFC=0.25 -log10(p)=0
-0.021186018176979	0.0349542566011687	48130-48169	logFC=-0.5 -log10(p)=2
0.036643820659335	-0.457791844114994	48130-48170	logFC=-0.25 -log10(p)=1
-0.077721932168215	-0.112564213429988	48130-48171	logFC=-0.25 -log10(p)=1
-0.03963809102703	-0.330033364758801	48130-48172	logFC=-0.5 -log10(p)=2
-0.12448912881103	-0.13434049489398	48130-48173	logFC=-0.5 -log10(p)=2
-0.121961250828736	0.35271828873386	48130-48174	logFC=-0.5 -log10(p)=2
0.094823866375218	0.0593244970516855	48130-48175	logFC=-0.5 -log10(p)=1
-0.077401991117813	0.1075504523043	48130-48176	logFC=-0.75 -log10(p)=3
-0.012571894530968	-0.444752801440813	48130-48177	logFC=-0.25 -log10(p)=1
-0.031668485115612	-0.428842855828168	48130-48178	logFC=-0.75 -log10(p)=3
0.072666140663292	-0.0827053273058429	48130-48179	logFC=-0.5 -log10(p)=1
-0.114857237737215	-0.425100111458441	48131-48131	logFC=-0.5 -log10(p)=15
-0.043213091900547	0.44944083140649	48131-48132	logFC=-0.25 -log10(p)=4
-0.067029193148386	-0.327297543972371	48131-48133	logFC=-0.5 -log10(p)=10
-0.024607085214165	-0.153228542201777	48131-48134	logFC=-0.75 -log10(p)=13
-0.115119891753647	-0.169653319145162	48131-48135	logFC=-0.5 -log10(p)=9
0.07786203238987	0.190357311994422	48131-48136	logFC=-0.5 -log10(p)=4
0.109572915326718	-0.177634474715313	48131-48137	logFC=-0.5 -log10(p)=4
-0.038061048476428	0.140440075463393	48131-48138	logFC=-0.25 -log10(p)=2
-0.059211691626818	0.329984542286743	48131-48139	logFC=-0.25 -log10(p)=2
0.10318043154321	0.207042113716902	48131-48140	logFC=-0.5 -log10(p)=3
0.081245084597758	0.0686588734435967	48131-48141	logFC=-0.5 -log10(p)=3
-0.055462084249535	-0.4420742534532	48131-48142	logFC=-0.25 -log10(p)=2
0.043105063451482	-0.116890736184042	48131-48143	logFC=-0.25 -log10(p)=1
-0.039159983886705	0.495239067989327	48131-48144	logFC=-0.25 -log10(p)=1
0.028497233603638	-0.22589753384026	48131-48145	logFC=-0.25 -log10(p)=1
-0.064765337036787	0.427392736193641	48131-48146	logFC=-0.25 -log10(p)=1
0.047713392618983	-0.337130187310384	48131-48147	logFC=-0.25 -log10(p)=1
-0.058608096843393	0.198715352473959	48131-48148	logFC=-0.25 -log10(p)=1
0.0918321773187545	0.231057425623382	48131-48149	logFC=0 -log10(p)=0
0.0139538312659895	0.0301337863421686	48131-48150	logFC=0 -log10(p)=0
0.0162746170639329	0.0342391231252891	48131-48151	logFC=0 -log10(p)=0
-0.107220546463849	0.352857170745311	48131-48152	logFC=0.25 -log10(p)=0
-0.053137590825332	-0.395564063777704	48131-48153	logFC=0.25 -log10(p)=1
-0.06234913683534	-0.116777855035676	48131-48154	logFC=0.5 -log10(p)=2
0.048970147510925	0.120618433495853	48131-48155	logFC=0.25 -log10(p)=1
0.10339793364566	0.188541919619885	48131-48156	logFC=0.25 -log10(p)=1
-0.002630066624179	-0.257264005289412	48131-48157	logFC=0.25 -log10(p)=1
-0.10868262151801	0.370842376753661	48131-48158	logFC=0.25 -log10(p)=0
-0.109175574899848	0.35067587706936	48131-48159	logFC=0.25 -log10(p)=0
-0.10121652756413	0.215832667274487	48131-48160	logFC=0 -log10(p)=0
0.0562044791567815	0.102439161949384	48131-48161	logFC=0 -log10(p)=0
-0.049715941733923	-0.162301015664527	48131-48162	logFC=-0.5 -log10(p)=2
-0.040766588057808	-0.408284856133647	48131-48163	logFC=-0.25 -log10(p)=1
0.046529267224467	0.416491291193219	48131-48164	logFC=-0.25 -log10(p)=0
-0.030093655523429	-0.375997212946186	48131-48165	logFC=-0.25 -log10(p)=1
0.121846427498744	-0.0484428006784824	48131-48166	logFC=0.5 -log10(p)=1
0.082169009277089	0.343350266884904	48131-48167	logFC=-0.25 -log10(p)=0
0.096127901372007	0.435685602588187	48131-48168	logFC=-0.75 -log10(p)=2
-0.070727039736426	-0.0361775743076147	48131-48169	logFC=-0.25 -log10(p)=1
-0.090835049098328	0.0760489849109485	48131-48170	logFC=-0.5 -log10(p)=2
-0.045165517382813	-0.492576055355948	48131-48171	logFC=-0.5 -log10(p)=2
-0.0316384722665199	-0.288479474658843	48131-48172	logFC=-0.75 -log10(p)=3
-0.024722766596936	0.452951913672736	48131-48173	logFC=-0.5 -log10(p)=1
-0.075491191673954	-0.13750333959065	48131-48174	logFC=-0.75 -log10(p)=3
-0.093748175844961	-0.135472939047583	48131-48175	logFC=-0.75 -log10(p)=3
-0.123759869873826	-0.397605740861825	48131-48176	logFC=-0.5 -log10(p)=2
0.048992891744881	-0.00968856371969273	48131-48177	logFC=-0.5 -log10(p)=1
-0.100285494312794	-0.283260138361409	48131-48178	logFC=-0.5 -log10(p)=2
-0.032922179799328	0.0826892276171867	48131-48179	logFC=-0.75 -log10(p)=2
-0.0819474424620199	0.468889221041262	48131-48180	logFC=-1 -log10(p)=2
0.00685603742415797	-0.163522902837382	48132-48132	logFC=-0.75 -log10(p)=18
-0.074764546625848	-0.445146230969957	48132-48133	logFC=-0.5 -log10(p)=13
-0.042800659252733	-0.190163192480584	48132-48134	logFC=-0.5 -log10(p)=10
-0.053475875306838	0.152192447524232	48132-48135	logFC=-0.5 -log10(p)=9
0.039711760579035	-0.406158153016762	48132-48136	logFC=-0.5 -log10(p)=6
0.066070361422122	0.165469721178365	48132-48137	logFC=-0.5 -log10(p)=5
-0.103395212673637	0.46895739528754	48132-48138	logFC=-0.25 -log10(p)=3
0.06798493654633	-0.241817159433918	48132-48139	logFC=-0.5 -log10(p)=5
0.063995949408219	-0.405914001926294	48132-48140	logFC=-0.5 -log10(p)=5
0.044249364476732	0.455204322207155	48132-48141	logFC=-0.5 -log10(p)=4
-0.04295575220408	0.0102865319494434	48132-48142	logFC=-0.5 -log10(p)=5
0.011806806015271	-0.0136706453441025	48132-48143	logFC=-0.5 -log10(p)=4
-0.00385248289743401	0.333720457239343	48132-48144	logFC=-0.25 -log10(p)=1
-0.029672539243369	0.441889142535235	48132-48145	logFC=-0.25 -log10(p)=1
-0.065291295665835	-0.215812741870599	48132-48146	logFC=-0.25 -log10(p)=2
-0.068498457052847	-0.294645082883935	48132-48147	logFC=-0.25 -log10(p)=2
-0.036061275600243	0.339810763476962	48132-48148	logFC=-0.25 -log10(p)=1
-0.106080942325011	0.314580080921243	48132-48149	logFC=0 -log10(p)=0
0.0640652916312148	0.16069732272778	48132-48150	logFC=0 -log10(p)=0
0.0128636141165633	0.0291899211096169	48132-48151	logFC=0 -log10(p)=0
-0.0417209074855905	0.103034176227777	48132-48152	logFC=0 -log10(p)=0
-0.0491816834957509	0.123352252448521	48132-48153	logFC=0 -log10(p)=0
0.102748570523123	0.441261971303775	48132-48154	logFC=-0.25 -log10(p)=0
-0.109572304481519	0.311448327918294	48132-48155	logFC=0 -log10(p)=0
0.0663079247669256	0.165971864626472	48132-48156	logFC=0 -log10(p)=0
-0.014347773752586	-0.0150349958650363	48132-48157	logFC=-0.25 -log10(p)=1
-0.1083756976504	-0.438616590512092	48132-48158	logFC=-0.25 -log10(p)=2
-0.027330358198666	0.0389957997391797	48132-48159	logFC=-0.25 -log10(p)=1
0.021749692265784	0.206758789581252	48132-48160	logFC=-0.5 -log10(p)=2
-7.65607948982616e-07	-0.352186799180002	48132-48161	logFC=-0.25 -log10(p)=1
0.091565286857216	0.446562842565184	48132-48162	logFC=-0.5 -log10(p)=1
-0.10188211566775	-0.163932313487648	48132-48163	logFC=-0.5 -log10(p)=2
-0.00574849489564699	0.199573839333969	48132-48164	logFC=-0.75 -log10(p)=3
-0.020185604530762	-0.401450329683333	48132-48165	logFC=-0.25 -log10(p)=1
-0.0304560759430601	0.0663905835233534	48132-48166	logFC=-1.25 -log10(p)=2
0.054325379235655	-0.431766588985133	48132-48167	logFC=-0.5 -log10(p)=2
0.0999635655754521	-0.338640805320618	48132-48168	logFC=-0.75 -log10(p)=3
-0.025422105912641	-0.315262041717767	48132-48169	logFC=-0.75 -log10(p)=5
-0.103016835526301	-0.32118539274777	48132-48170	logFC=-0.5 -log10(p)=3
0.051788345545313	0.311693126322882	48132-48171	logFC=-1 -log10(p)=4
0.118234112298249	0.309563794016868	48132-48172	logFC=-0.75 -log10(p)=2
-0.108530896332075	0.404963345350104	48132-48173	logFC=-0.75 -log10(p)=3
0.000939841832080957	-0.00391240214253719	48132-48174	logFC=-0.75 -log10(p)=3
0.056734332454687	0.213194952021341	48132-48175	logFC=-1 -log10(p)=4
0.036404784144894	0.37363049244865	48132-48176	logFC=-0.5 -log10(p)=1
0.056477969740076	0.326283315225834	48132-48177	logFC=-0.75 -log10(p)=2
0.05391021343612	-0.0688293650458718	48132-48178	logFC=-1.25 -log10(p)=6
0.0855473688895401	-0.254184503481702	48132-48179	logFC=-1.5 -log10(p)=6
0.117203932560752	0.498218824975553	48132-48180	logFC=-1 -log10(p)=2
0.0742604794741999	0.242489040344272	48132-48181	logFC=-1.25 -log10(p)=2
-0.115878340306813	-0.27680221288129	48133-48133	logFC=-0.5 -log10(p)=15
-0.019082503878037	-0.376358328472474	48133-48134	logFC=-0.5 -log10(p)=11
-0.091999621541208	0.085002347786169	48133-48135	logFC=-0.5 -log10(p)=11
-0.104590708994454	-0.335439397854412	48133-48136	logFC=-0.5 -log10(p)=10
0.00929675207730801	0.454712391421382	48133-48137	logFC=-0.5 -log10(p)=7
-0.084246725777567	-0.254883930112345	48133-48138	logFC=-0.25 -log10(p)=4
0.039739321934284	-0.311317654036764	48133-48139	logFC=-0.25 -log10(p)=2
-0.054998574480213	-0.171389070396407	48133-48140	logFC=-0.25 -log10(p)=3
0.012633816029115	-0.221215218594691	48133-48141	logFC=-0.25 -log10(p)=2
0.046267867951782	-0.0473025543990726	48133-48142	logFC=-0.5 -log10(p)=4
0.095610671774828	-0.250737355697092	48133-48143	logFC=-0.25 -log10(p)=1
-0.110404511372809	0.471724440793767	48133-48144	logFC=0 -log10(p)=0
0.090220910087922	-0.301923502538821	48133-48145	logFC=-0.5 -log10(p)=3
0.029968906168163	0.123943263798239	48133-48146	logFC=-0.25 -log10(p)=1
-0.083357741643862	-0.0642574964419087	48133-48147	logFC=-0.25 -log10(p)=2
0.047402213227007	-0.173193103729757	48133-48148	logFC=-0.5 -log10(p)=3
0.0260413834732271	0.0692365747120922	48133-48149	logFC=0 -log10(p)=0
0.01244497352815	-0.019159724417502	48133-48150	logFC=-0.25 -log10(p)=1
-0.059797232102482	0.459847348457377	48133-48151	logFC=-0.25 -log10(p)=1
0.121357835465548	0.417511876465278	48133-48152	logFC=-0.25 -log10(p)=0
0.109169626436381	0.121529150431513	48133-48153	logFC=-0.5 -log10(p)=2
0.0373399439252853	0.0956356660877715	48133-48154	logFC=0 -log10(p)=0
-0.12172419004569	-0.234223533257963	48133-48155	logFC=-0.25 -log10(p)=2
0.0714390373848655	0.193496527541961	48133-48156	logFC=0 -log10(p)=0
0.04186246146409	-0.18965940589732	48133-48157	logFC=-0.25 -log10(p)=1
0.045740541976774	-0.225110144030441	48133-48158	logFC=-0.25 -log10(p)=1
-0.04990462843858	0.183781745951037	48133-48159	logFC=-0.5 -log10(p)=3
-0.0658703798322841	0.159397927437051	48133-48160	logFC=-0.5 -log10(p)=3
-0.00238131593153701	0.0127758591897447	48133-48161	logFC=-0.5 -log10(p)=2
-0.03221482025932	0.010882348997713	48133-48162	logFC=-1 -log10(p)=6
-0.0582167363949415	0.0967192031702004	48133-48163	logFC=0 -log10(p)=0
0.049817458704445	0.452589646723051	48133-48164	logFC=-0.25 -log10(p)=0
0.019062354057533	-0.163610051450083	48133-48165	logFC=-0.75 -log10(p)=3
-0.077322222320785	0.393088634103446	48133-48166	logFC=-0.25 -log10(p)=0
0.109342750637744	0.23255865700498	48133-48167	logFC=-1 -log10(p)=4
0.030910404930552	-0.174687514115106	48133-48168	logFC=-0.5 -log10(p)=2
0.105118662800157	0.167963341043904	48133-48169	logFC=-1 -log10(p)=5
-0.0260616024253419	0.147683970929622	48133-48170	logFC=-0.75 -log10(p)=4
-0.0132146411072001	-0.371798022691297	48133-48171	logFC=-1.25 -log10(p)=8
-0.092810979161783	-0.140444190284091	48133-48172	logFC=-0.25 -log10(p)=1
-0.015472708573199	0.0795459470495592	48133-48173	logFC=-0.75 -log10(p)=3
0.072326398321913	-0.421116341003588	48133-48174	logFC=-1 -log10(p)=5
-0.039657003818305	0.439137480426183	48133-48175	logFC=-0.75 -log10(p)=3
-0.117251870639599	0.100012872185947	48133-48176	logFC=-0.5 -log10(p)=2
0.070911112129716	0.207388309258562	48133-48177	logFC=-0.75 -log10(p)=2
0.11421018162021	-0.486509664058098	48133-48178	logFC=-1.5 -log10(p)=7
0.0874498961064401	-0.499360004849393	48133-48179	logFC=-1.25 -log10(p)=5
0.05436912411831	-0.271557830999307	48133-48180	logFC=-1 -log10(p)=3
-0.0567964256505298	0.13455385125954	48133-48181	logFC=-2 -log10(p)=5
0.11109747981794	-0.0567920718419792	48133-48182	logFC=-3 -log10(p)=7
0.041487588176777	-0.0425997765937289	48134-48134	logFC=-0.75 -log10(p)=17
0.094880737348764	0.0926946840483902	48134-48135	logFC=-0.5 -log10(p)=7
0.101536002065055	0.40889239714052	48134-48136	logFC=-0.5 -log10(p)=5
0.11308630426078	-0.371779426312307	48134-48137	logFC=-0.5 -log10(p)=6
0.102147961554031	0.0950384991510911	48134-48138	logFC=-0.25 -log10(p)=1
-0.0309640053226751	0.145005752814375	48134-48139	logFC=0 -log10(p)=0
0.046587758390483	-0.453498501106072	48134-48140	logFC=-0.25 -log10(p)=2
-0.0693776860419759	0.318519703280187	48134-48141	logFC=0 -log10(p)=0
0.124438112675391	-0.454537401637541	48134-48142	logFC=-0.25 -log10(p)=1
0.032936862136826	0.113849635463364	48134-48143	logFC=0 -log10(p)=0
-0.1024844219659	0.388265298206445	48134-48144	logFC=0 -log10(p)=0
0.00694417332139415	0.0190284469506198	48134-48145	logFC=0 -log10(p)=0
0.028592372499411	0.0248569907323961	48134-48146	logFC=-0.25 -log10(p)=1
-0.0811292438536914	0.259923308646911	48134-48147	logFC=0 -log10(p)=0
0.012984140666701	-0.0466080244733671	48134-48148	logFC=-0.25 -log10(p)=1
-0.045184144847549	-0.219498835291723	48134-48149	logFC=0.25 -log10(p)=1
0.055523612371913	-0.34635939749327	48134-48150	logFC=-0.25 -log10(p)=1
0.042034124841604	-0.246417902275669	48134-48151	logFC=-0.25 -log10(p)=1
-0.0615177820574744	0.162406497480258	48134-48152	logFC=0 -log10(p)=0
0.0763900496975577	0.194686612639345	48134-48153	logFC=0 -log10(p)=0
-0.075860999349055	-0.41066485056318	48134-48154	logFC=0.25 -log10(p)=1
-0.0450152018645792	0.111594128782721	48134-48155	logFC=0 -log10(p)=0
0.00693227242157426	0.0151048190180838	48134-48156	logFC=0 -log10(p)=0
-0.076943966554809	0.488825448037243	48134-48157	logFC=0.25 -log10(p)=0
-0.00829286490462669	0.0181069553105299	48134-48158	logFC=0 -log10(p)=0
0.0332907705442205	0.0743658747359765	48134-48159	logFC=0 -log10(p)=0
0.123782504365004	0.331580624379462	48134-48160	logFC=-0.5 -log10(p)=1
0.047830827543801	-0.485463902972611	48134-48161	logFC=-0.5 -log10(p)=2
0.028179131620896	-0.463736789334582	48134-48162	logFC=-1 -log10(p)=5
-0.00555569764994601	0.380729738929003	48134-48163	logFC=-0.5 -log10(p)=1
-0.0845907762778127	0.153554872855912	48134-48164	logFC=0 -log10(p)=0
-0.115909833075398	0.268183762056954	48134-48165	logFC=-0.75 -log10(p)=3
0.018359338002789	-0.355578586144978	48134-48166	logFC=0.5 -log10(p)=1
-0.021571782642957	-0.18593407375246	48134-48167	logFC=-0.5 -log10(p)=2
0.086402184788496	0.102334191835343	48134-48168	logFC=-0.5 -log10(p)=1
0.074665456624052	0.00554417098074334	48134-48169	logFC=-0.75 -log10(p)=3
-0.056245194914706	0.161060885008171	48134-48170	logFC=-0.5 -log10(p)=2
-0.036255104965641	0.00896750232934052	48134-48171	logFC=-0.75 -log10(p)=3
0.119090692873406	0.022486873225962	48134-48172	logFC=-1 -log10(p)=3
0.1017494392545	-0.208197077225851	48134-48173	logFC=-0.75 -log10(p)=2
-0.0267240054272621	-0.0861055425123194	48134-48174	logFC=-0.75 -log10(p)=3
-0.054528446154543	0.472008231619721	48134-48175	logFC=-0.5 -log10(p)=1
0.034679487719618	0.40365555320446	48134-48176	logFC=-0.25 -log10(p)=0
0.008664236636372	0.159131943429968	48134-48177	logFC=-0.5 -log10(p)=1
-0.0319202771462099	0.150144041116985	48134-48178	logFC=-1 -log10(p)=3
0.043745168670971	-0.328882140044842	48134-48179	logFC=-1 -log10(p)=3
0.025614916782199	-0.475381353305425	48134-48180	logFC=-1 -log10(p)=3
0.0803599445062102	0.0173654915786114	48134-48181	logFC=-2.25 -log10(p)=4
0.0774017756073799	0.398990930366348	48134-48182	logFC=-1.25 -log10(p)=2
-0.0538532006868602	-0.328565998271405	48134-48183	logFC=-2 -log10(p)=3
-0.099340418095915	-0.0203748312125196	48135-48135	logFC=-0.5 -log10(p)=14
-0.00493787682506602	-0.258307019076951	48135-48136	logFC=-0.25 -log10(p)=4
0.078879703328899	-0.350788657157894	48135-48137	logFC=-0.5 -log10(p)=8
-0.0913954230341722	-0.358615489670529	48135-48138	logFC=0 -log10(p)=1
0.112935948352122	0.00424255078419855	48135-48139	logFC=-0.25 -log10(p)=1
-0.021327937790889	0.493103931383782	48135-48140	logFC=-0.25 -log10(p)=2
0.048488448408673	0.451271941763664	48135-48141	logFC=-0.25 -log10(p)=1
0.0338403755947287	0.123899725322711	48135-48142	logFC=0 -log10(p)=0
-0.109765915254742	-0.321339459569858	48135-48143	logFC=0.25 -log10(p)=1
-0.086023793883017	-0.172889334514816	48135-48144	logFC=0.25 -log10(p)=1
-0.0220595135701388	0.0614993796878195	48135-48145	logFC=0 -log10(p)=0
-0.0824935027224408	0.290241125417429	48135-48146	logFC=0 -log10(p)=0
0.052276228025651	-0.219590245307862	48135-48147	logFC=-0.25 -log10(p)=1
0.00740876860315541	0.0181951052744034	48135-48148	logFC=0 -log10(p)=0
-0.033590306278039	-0.200307271580544	48135-48149	logFC=0.25 -log10(p)=1
-0.00541211401619199	-0.0319143865805707	48135-48150	logFC=0.25 -log10(p)=1
-0.124272942712422	-0.222270946379777	48135-48151	logFC=0.5 -log10(p)=2
0.121072230789165	0.353803244853301	48135-48152	logFC=0 -log10(p)=0
0.00785533901005797	-0.472124475689951	48135-48153	logFC=0.5 -log10(p)=3
-0.076917080497705	-0.463037160010095	48135-48154	logFC=0.25 -log10(p)=1
0.015120272175691	0.13812951445927	48135-48155	logFC=0.25 -log10(p)=1
0.046087107764559	0.213232034273201	48135-48156	logFC=0.25 -log10(p)=1
0.113801397204111	-0.452215932961445	48135-48157	logFC=0.25 -log10(p)=2
-0.021873943519313	-0.185843029296564	48135-48158	logFC=0.25 -log10(p)=1
0.097732158070023	0.417726047326287	48135-48159	logFC=-0.25 -log10(p)=0
-0.121328276176715	0.282434717826113	48135-48160	logFC=0 -log10(p)=0
0.049073774976241	-0.329967224645652	48135-48161	logFC=-0.5 -log10(p)=2
0.067329661815453	0.428284548144858	48135-48162	logFC=-0.25 -log10(p)=0
-0.101936487959738	-0.0655215707410355	48135-48163	logFC=-0.5 -log10(p)=2
0.028915478163624	0.497543308466761	48135-48164	logFC=-0.25 -log10(p)=0
-0.023102394673466	-0.326534374497997	48135-48165	logFC=-0.25 -log10(p)=1
0.024726150631546	0.322463130909288	48135-48166	logFC=0.25 -log10(p)=0
0.0128404658158098	0.0213771578150288	48135-48167	logFC=0 -log10(p)=0
0.00915180814128298	0.0141402063892526	48135-48168	logFC=0 -log10(p)=0
-0.00786510847632999	-0.269337854666406	48135-48169	logFC=-0.25 -log10(p)=1
-0.00829395307221698	-0.374439883941365	48135-48170	logFC=-0.25 -log10(p)=1
0.012832184839038	-0.230141336457688	48135-48171	logFC=-1 -log10(p)=4
0.00605470881972803	-0.419405574824466	48135-48172	logFC=-1 -log10(p)=4
0.010749520199596	-0.206115974786681	48135-48173	logFC=-1 -log10(p)=4
-0.023150851872993	-0.168095678808049	48135-48174	logFC=-0.75 -log10(p)=3
-0.094653714123364	-0.249938561589614	48135-48175	logFC=-0.25 -log10(p)=1
0.062731732648991	-0.205962633455162	48135-48176	logFC=-1 -log10(p)=3
-0.08990629526	-0.345165943276311	48135-48177	logFC=-0.25 -log10(p)=1
-0.087608641825472	-0.302299403354243	48135-48178	logFC=-0.25 -log10(p)=1
0.084973906021128	-0.482886438064692	48135-48179	logFC=-0.75 -log10(p)=2
-0.051945249244401	-0.260231761348939	48135-48180	logFC=-0.75 -log10(p)=2
0.0772592104168399	-0.492196497473014	48135-48181	logFC=-1.25 -log10(p)=3
-0.0428145345622699	0.13600968349759	48135-48182	logFC=-1.25 -log10(p)=2
-0.04984493602801	-0.197065332900253	48135-48183	logFC=-2.25 -log10(p)=3
-0.1073569891354	0.278490391563131	48135-48184	logFC=-1.5 -log10(p)=1
0.109043452341221	0.139035262893421	48136-48136	logFC=-0.75 -log10(p)=15
-0.113461617994359	-0.452945486887169	48136-48137	logFC=-0.25 -log10(p)=7
-0.00969795062732681	0.0470031310610757	48136-48138	logFC=0 -log10(p)=0
-0.121466994075682	-0.161056429579904	48136-48139	logFC=0 -log10(p)=1
-0.05705599368266	-0.0349030358862605	48136-48140	logFC=-0.25 -log10(p)=3
0.073576533012445	0.146442967042224	48136-48141	logFC=-0.25 -log10(p)=1
-0.034692848176134	0.129579414822107	48136-48142	logFC=0 -log10(p)=0
-0.016386218476587	0.432944115412148	48136-48143	logFC=0.25 -log10(p)=1
0.0626882928062425	0.22740061005649	48136-48144	logFC=0 -log10(p)=0
-0.0362998551033987	0.106415245306834	48136-48145	logFC=0 -log10(p)=0
-0.0878503355964014	0.308364031965707	48136-48146	logFC=0 -log10(p)=0
0.0536424723474128	0.161866451237726	48136-48147	logFC=0 -log10(p)=0
-0.123323886011631	-0.199016838805754	48136-48148	logFC=-0.25 -log10(p)=2
-0.059134463083608	-0.329712641612181	48136-48149	logFC=0.25 -log10(p)=1
0.070770734161048	0.305767827602145	48136-48150	logFC=0.5 -log10(p)=3
-0.00976534900864601	0.488278959667873	48136-48151	logFC=0.75 -log10(p)=5
-0.020781603247108	-0.405710027029921	48136-48152	logFC=0.5 -log10(p)=3
-0.084301816505778	-0.476654043239777	48136-48153	logFC=0.25 -log10(p)=1
0.00500849728280595	-0.380206715736081	48136-48154	logFC=0.5 -log10(p)=3
0.076479174435878	-0.476982330066836	48136-48155	logFC=0.25 -log10(p)=2
0.111647455161543	0.312969041659484	48136-48156	logFC=0 -log10(p)=0
-0.024796572650758	0.295299786461366	48136-48157	logFC=0.5 -log10(p)=2
0.0934910469098547	0.228370946139382	48136-48158	logFC=0 -log10(p)=0
0.112610240141385	0.33861914574715	48136-48159	logFC=-0.25 -log10(p)=0
-0.097668386840795	0.0930814750434759	48136-48160	logFC=-0.25 -log10(p)=1
-0.024897852875191	0.059894826875607	48136-48161	logFC=-0.5 -log10(p)=2
-0.116438981931144	0.0782756185341018	48136-48162	logFC=-0.25 -log10(p)=1
-0.123838025435205	-0.00209953546931863	48136-48163	logFC=-0.25 -log10(p)=1
0.098527414857534	0.327716365947857	48136-48164	logFC=-0.25 -log10(p)=0
0.077947329137461	0.341795215286813	48136-48165	logFC=-0.25 -log10(p)=0
-0.0552552040222258	0.047633026242382	48136-48166	logFC=0 -log10(p)=0
0.02919699389858	0.497353466600517	48136-48167	logFC=-0.25 -log10(p)=0
0.049908423864151	0.406059810698262	48136-48168	logFC=-0.25 -log10(p)=0
-0.081532210191371	-0.0848194083073118	48136-48169	logFC=-0.25 -log10(p)=1
0.04000827329424	-0.131341471465797	48136-48170	logFC=-0.75 -log10(p)=3
0.0849847317800561	0.108549074613232	48136-48171	logFC=-0.75 -log10(p)=2
-0.074862216402746	0.368687708536723	48136-48172	logFC=-0.5 -log10(p)=1
-0.1141035295302	-0.098731249721415	48136-48173	logFC=-1 -log10(p)=4
-0.0229179127499615	0.0342586665057641	48136-48174	logFC=0 -log10(p)=0
0.0497405577686451	-0.252473423530707	48136-48175	logFC=-0.75 -log10(p)=2
0.058003690008033	-0.00591808446393272	48136-48176	logFC=-0.5 -log10(p)=1
-0.00190629421031302	0.443799988233986	48136-48177	logFC=-0.25 -log10(p)=0
-0.122240918193415	-0.229940871370022	48136-48178	logFC=-0.25 -log10(p)=1
0.049956110324716	-0.283553084006009	48136-48179	logFC=-1 -log10(p)=3
-0.0452602193945499	-0.472099806313838	48136-48180	logFC=-1 -log10(p)=3
0.0783260282484399	-0.0806337580588306	48136-48181	logFC=-1.75 -log10(p)=4
0.10264431218879	-0.118998500825053	48136-48182	logFC=-1.25 -log10(p)=2
-0.0178500591847399	-0.209578789328517	48136-48183	logFC=-1.5 -log10(p)=2
-0.0760712787406299	-0.00797830104385966	48136-48184	logFC=-1 -log10(p)=1
-0.033602283696711	0.485429642425462	48136-48185	logFC=-0.75 -log10(p)=0
0.086245652472941	-0.416726973880245	48137-48137	logFC=-0.75 -log10(p)=17
-0.011070809703603	-0.35733206243916	48137-48138	logFC=-0.25 -log10(p)=4
0.081264880522657	-0.38629157135593	48137-48139	logFC=-0.25 -log10(p)=2
-0.073694564254414	-0.167454643802951	48137-48140	logFC=-0.25 -log10(p)=4
-0.064412736213321	0.11992106132065	48137-48141	logFC=-0.25 -log10(p)=3
-0.094473266902377	0.0201832720883339	48137-48142	logFC=-0.25 -log10(p)=3
-0.014921514936128	0.0553456897212693	48137-48143	logFC=0 -log10(p)=0
0.0959508005609916	0.436014446881747	48137-48144	logFC=0 -log10(p)=0
0.0387211033434278	0.133732075203363	48137-48145	logFC=0 -log10(p)=0
0.100537926798141	-0.283693235403454	48137-48146	logFC=-0.25 -log10(p)=1
-0.018381377905275	0.0574281105214886	48137-48147	logFC=0 -log10(p)=0
0.021994260675383	0.156318863975974	48137-48148	logFC=-0.5 -log10(p)=3
0.110839614156159	0.388393187405125	48137-48149	logFC=0 -log10(p)=0
0.124672914114276	0.457227601089208	48137-48150	logFC=0 -log10(p)=0
-0.00605127943252458	0.0154305137633013	48137-48151	logFC=0 -log10(p)=0
-0.078830980528062	-0.355920316551647	48137-48152	logFC=0.25 -log10(p)=1
-0.008106080428637	0.0328579215182441	48137-48153	logFC=0.25 -log10(p)=1
-0.00736615641751801	-0.00660919232747315	48137-48154	logFC=0.25 -log10(p)=1
0.0388249234955703	0.105379693496136	48137-48155	logFC=0 -log10(p)=0
0.0757132491656977	0.225564605198447	48137-48156	logFC=0 -log10(p)=0
-0.110608472284618	0.457702476362804	48137-48157	logFC=0.25 -log10(p)=0
0.0563980254097357	0.148041116250029	48137-48158	logFC=0 -log10(p)=0
-0.00227700491373295	-0.25079136106219	48137-48159	logFC=-0.5 -log10(p)=3
0.076251202120758	-0.137644386436965	48137-48160	logFC=-0.5 -log10(p)=2
-0.024243343087111	-0.158735688323421	48137-48161	logFC=-0.25 -log10(p)=1
-0.073257194343851	0.449175196033146	48137-48162	logFC=-0.75 -log10(p)=3
0.077456047323154	0.0626779413820462	48137-48163	logFC=-0.5 -log10(p)=1
-0.084394697117526	-0.104719096061242	48137-48164	logFC=-0.25 -log10(p)=1
0.080754952890543	0.19682696327738	48137-48165	logFC=-0.5 -log10(p)=1
0.0655086264319261	0.0644571299317402	48137-48166	logFC=0 -log10(p)=0
-0.094908457645673	0.0442189674499058	48137-48167	logFC=-0.25 -log10(p)=1
0.095859046750339	-0.317628251234208	48137-48168	logFC=-0.75 -log10(p)=3
-0.123258783996735	-0.213336651721139	48137-48169	logFC=-0.5 -log10(p)=3
0.062337355497476	-0.0111712330846401	48137-48170	logFC=-0.75 -log10(p)=3
-0.01522454085889	-0.187237116640275	48137-48171	logFC=-1 -log10(p)=5
-0.022593314142709	-0.432185798934039	48137-48172	logFC=-0.75 -log10(p)=3
0.011293259075264	0.420301527139131	48137-48173	logFC=-0.75 -log10(p)=2
-0.0412021760674901	-0.320571180053764	48137-48174	logFC=-1 -log10(p)=5
-0.118386573661207	0.106186211199642	48137-48175	logFC=-0.5 -log10(p)=2
-0.01046174758605	0.236189701035208	48137-48176	logFC=-1 -log10(p)=4
0.122065250418279	-0.326353754070194	48137-48177	logFC=-0.75 -log10(p)=2
-0.099888828606697	-0.280963681472273	48137-48178	logFC=-0.25 -log10(p)=1
-0.0507257031072099	0.363133960987531	48137-48179	logFC=-1 -log10(p)=3
-0.0786858826847401	0.0296264542580107	48137-48180	logFC=-1 -log10(p)=3
-0.075830111178092	-0.0320187290087457	48137-48181	logFC=-0.5 -log10(p)=1
0.11760486812814	0.309720948107704	48137-48182	logFC=-1.75 -log10(p)=3
0.09970821651535	-0.0481744283511446	48137-48183	logFC=-1 -log10(p)=1
-0.00931297992144997	0.199429689861695	48137-48184	logFC=-1.75 -log10(p)=1
-0.0353760530114999	-0.126249407743164	48137-48185	logFC=-1 -log10(p)=1
0.0921746420544496	0.249947513332457	48137-48186	logFC=-4.75 -log10(p)=2
0.114978092696959	0.454055041892202	48138-48138	logFC=-0.75 -log10(p)=15
0.00810387085994602	-0.0710088957387267	48138-48139	logFC=-0.5 -log10(p)=10
-0.122564218486562	-0.496866829728445	48138-48140	logFC=-0.5 -log10(p)=12
-0.038171457087379	-0.250474214161268	48138-48141	logFC=-0.5 -log10(p)=8
0.095537047198702	0.496916018688756	48138-48142	logFC=-0.5 -log10(p)=4
0.0377367606851245	0.166760827922596	48138-48143	logFC=0 -log10(p)=0
-0.0881062998059557	0.429999533161482	48138-48144	logFC=0 -log10(p)=0
0.083112702681185	-0.117676326179031	48138-48145	logFC=-0.25 -log10(p)=1
0.083890954880598	-0.0710532717982253	48138-48146	logFC=-0.25 -log10(p)=1
0.013565419495911	0.449846669313635	48138-48147	logFC=-0.25 -log10(p)=1
0.079213498803251	-0.167514639022685	48138-48148	logFC=-0.75 -log10(p)=6
0.11315871056475	-0.467674217443086	48138-48149	logFC=-0.25 -log10(p)=1
-0.0263517491880542	0.0734217318749284	48138-48150	logFC=0 -log10(p)=0
-0.094719329579177	-0.366796869031753	48138-48151	logFC=0.25 -log10(p)=1
0.0449941957698917	0.135644858288056	48138-48152	logFC=0 -log10(p)=0
-0.017296989188963	0.00312785450975395	48138-48153	logFC=0.25 -log10(p)=1
0.107515654478069	-0.278413439201006	48138-48154	logFC=0.25 -log10(p)=2
-0.013181578937788	0.140223069074815	48138-48155	logFC=0.25 -log10(p)=1
-0.0133634243374811	0.0353025393630563	48138-48156	logFC=0 -log10(p)=0
0.0551647469774342	0.147282426563288	48138-48157	logFC=0 -log10(p)=0
0.104214046472774	0.336204145878853	48138-48158	logFC=0 -log10(p)=0
0.068894024292581	0.242985264128399	48138-48159	logFC=-0.75 -log10(p)=4
-0.039838047043579	-0.422135122977137	48138-48160	logFC=-0.5 -log10(p)=3
0.053851933453514	0.26723474624721	48138-48161	logFC=-0.75 -log10(p)=3
0.043872486114805	0.222158372477066	48138-48162	logFC=-0.75 -log10(p)=3
-0.062226767439536	0.410250897891211	48138-48163	logFC=0.25 -log10(p)=0
-0.085427384188295	0.381694327070147	48138-48164	logFC=-0.5 -log10(p)=2
0.10667518363361	0.0675624705298368	48138-48165	logFC=-0.5 -log10(p)=1
0.0637808989574516	0.0581101859003185	48138-48166	logFC=0 -log10(p)=0
-0.091245825023431	0.443996426767404	48138-48167	logFC=-0.5 -log10(p)=2
-0.00859969577222697	-0.229892195924631	48138-48168	logFC=-0.5 -log10(p)=2
-0.108496707246938	-0.337749714976884	48138-48169	logFC=-0.5 -log10(p)=3
-0.011449829994946	-0.354517288044059	48138-48170	logFC=-0.75 -log10(p)=4
-0.014725960538308	-0.204995699344191	48138-48171	logFC=-0.75 -log10(p)=3
0.024903750224048	0.103552471558879	48138-48172	logFC=-0.75 -log10(p)=2
-0.0383189161736199	-0.0090337704490473	48138-48173	logFC=-1 -log10(p)=4
0.019384466239505	0.418751411578398	48138-48174	logFC=-0.5 -log10(p)=1
-0.08976046263822	-0.226012506309816	48138-48175	logFC=-1 -log10(p)=5
0.029013468048366	0.240623795872259	48138-48176	logFC=-0.5 -log10(p)=1
0.08710219676124	0.299026212368283	48138-48177	logFC=-1.25 -log10(p)=4
-0.0400968475460299	0.302912172914721	48138-48178	logFC=-1 -log10(p)=3
-0.0818420679012699	0.0905608540449125	48138-48179	logFC=-1 -log10(p)=3
-0.08947733470387	-0.246089665023032	48138-48180	logFC=-1.5 -log10(p)=5
-0.11279354795533	0.292855447603081	48138-48181	logFC=-1 -log10(p)=2
0.0345861716286602	0.427555160851858	48138-48182	logFC=-2.5 -log10(p)=4
0.0432959708307901	-0.453441108305406	48138-48183	logFC=-1.5 -log10(p)=2
-0.047611027116875	0.153969076083867	48138-48184	logFC=-0.25 -log10(p)=0
-0.10928221521558	0.347445395092941	48138-48185	logFC=-1.5 -log10(p)=1
-0.120600807450509	0.35716921831739	48138-48186	logFC=-0.75 -log10(p)=0
-0.00365840483554153	0.00123100476885248	48138-48187	logFC=0 -log10(p)=0
0.00511394751447403	0.441517579850427	48139-48139	logFC=-0.75 -log10(p)=18
0.069993578170525	-0.111405175243733	48139-48140	logFC=-0.5 -log10(p)=8
0.112107347579651	-0.28085791746198	48139-48141	logFC=-0.5 -log10(p)=6
0.010286302886086	0.261326377976549	48139-48142	logFC=-0.25 -log10(p)=2
0.0673114647648272	0.35469142981375	48139-48143	logFC=0 -log10(p)=0
-0.110109604175516	-0.354013917734922	48139-48144	logFC=0 -log10(p)=1
0.028934541060166	-0.447571514099466	48139-48145	logFC=-0.25 -log10(p)=2
-0.058268249206652	-0.460738237857459	48139-48146	logFC=-0.25 -log10(p)=3
0.02363603327352	-0.290290483653186	48139-48147	logFC=-0.5 -log10(p)=5
-0.011487957757919	0.249911221967542	48139-48148	logFC=-0.75 -log10(p)=8
-0.0598491302419535	0.214419241938109	48139-48149	logFC=0 -log10(p)=0
0.034803879571494	0.0652048487610359	48139-48150	logFC=-0.25 -log10(p)=1
0.093536443905825	-0.300992534978734	48139-48151	logFC=-0.25 -log10(p)=1
-0.118429273601839	0.455185290095277	48139-48152	logFC=0 -log10(p)=0
0.035099147865173	0.0634342149220055	48139-48153	logFC=-0.25 -log10(p)=1
0.047223030829504	-0.0559712275562616	48139-48154	logFC=-0.25 -log10(p)=1
-0.00489212786697399	0.0132049298403983	48139-48155	logFC=0 -log10(p)=0
-0.104942994047709	0.345931373482828	48139-48156	logFC=0 -log10(p)=0
0.02628455975725	-0.0213880470151394	48139-48157	logFC=-0.25 -log10(p)=1
0.048047380053773	-0.101484461620905	48139-48158	logFC=-0.25 -log10(p)=1
-0.119212956751113	-0.134997791028955	48139-48159	logFC=-0.25 -log10(p)=2
0.066784129536107	0.167076246919976	48139-48160	logFC=-0.75 -log10(p)=4
-0.054538916195901	-0.0135748499038781	48139-48161	logFC=-0.25 -log10(p)=1
-0.121781968083791	-0.303712223940277	48139-48162	logFC=-0.75 -log10(p)=5
-0.011588682211812	-0.393152278576711	48139-48163	logFC=-0.25 -log10(p)=1
-0.120647102617251	0.104310304882112	48139-48164	logFC=-0.25 -log10(p)=1
0.100140848806809	-0.329210331368026	48139-48165	logFC=-0.75 -log10(p)=3
-0.023947933345021	-0.376814768310485	48139-48166	logFC=0.5 -log10(p)=1
-0.082236331578458	0.339870026209521	48139-48167	logFC=-0.5 -log10(p)=2
0.057524892573865	0.0791998702367662	48139-48168	logFC=-0.75 -log10(p)=3
-0.045020498429688	-0.433120803653053	48139-48169	logFC=-0.75 -log10(p)=5
-0.0244346563715401	0.488709285165754	48139-48170	logFC=-1.25 -log10(p)=8
-0.02044224713067	-0.0900375723383311	48139-48171	logFC=-1.25 -log10(p)=7
0.036550876515609	0.051611540322384	48139-48172	logFC=-0.5 -log10(p)=1
0.041196569097794	-0.267436726767464	48139-48173	logFC=-1 -log10(p)=4
0.124185066934394	0.0578039408943694	48139-48174	logFC=-1 -log10(p)=4
-0.0977238622352301	-0.0296386065767598	48139-48175	logFC=-1 -log10(p)=5
0.0088286464757199	0.222063525780792	48139-48176	logFC=-1.25 -log10(p)=5
-0.042943088058627	-0.441200782427958	48139-48177	logFC=-0.75 -log10(p)=3
0.039848309436002	0.142043855474106	48139-48178	logFC=-0.5 -log10(p)=1
0.08093882047518	-0.0533194539315516	48139-48179	logFC=-1.25 -log10(p)=4
0.112371753769131	0.303616832826954	48139-48180	logFC=-0.75 -log10(p)=1
0.0230275073364801	0.100055277968461	48139-48181	logFC=-2 -log10(p)=4
-0.04631738197199	-0.268545182973401	48139-48182	logFC=-1.25 -log10(p)=3
-0.10074208407874	-0.0645558884482456	48139-48183	logFC=-1 -log10(p)=1
-0.068341175731097	0.0691976502854553	48139-48184	logFC=0.25 -log10(p)=0
-6.61884274200109e-05	-0.186926685398726	48139-48185	logFC=-1.25 -log10(p)=1
-0.00692016410291996	0.190021571265993	48139-48186	logFC=-1.75 -log10(p)=1
-0.0158076491077701	-0.484326018384019	48139-48187	logFC=1.25 -log10(p)=1
0.07946489551683	-0.299436507247205	48139-48188	logFC=-1.75 -log10(p)=1
0.0301829593484	-0.364069769191985	48140-48140	logFC=-0.75 -log10(p)=18
-0.114473574321795	-0.0589193983189249	48140-48141	logFC=-0.25 -log10(p)=6
-0.023830154626635	0.183297234618848	48140-48142	logFC=-0.5 -log10(p)=8
0.117448584351859	-0.0695308052751059	48140-48143	logFC=-0.25 -log10(p)=1
0.110718154653295	-0.29312187736426	48140-48144	logFC=-0.5 -log10(p)=5
0.110444476885091	0.097547435064774	48140-48145	logFC=-0.5 -log10(p)=4
0.031449004130699	-0.286660711021748	48140-48146	logFC=-0.5 -log10(p)=6
0.036876609410477	0.0958273562593366	48140-48147	logFC=-0.5 -log10(p)=5
0.123421098971063	0.087995460408365	48140-48148	logFC=-0.75 -log10(p)=7
-0.053296080455895	0.343388499483348	48140-48149	logFC=-0.25 -log10(p)=2
0.119743516651425	-0.0463768224879608	48140-48150	logFC=-0.5 -log10(p)=3
-0.08907684134205	0.219968149874206	48140-48151	logFC=-0.25 -log10(p)=2
0.10026916105599	-0.318640284465817	48140-48152	logFC=-0.25 -log10(p)=1
0.021831089072366	0.205754282034633	48140-48153	logFC=-0.25 -log10(p)=1
-0.0941561083900395	0.367907572517087	48140-48154	logFC=0 -log10(p)=0
0.032781102946344	0.0718784613416603	48140-48155	logFC=-0.25 -log10(p)=1
-0.119771420039926	0.425236909243121	48140-48156	logFC=0 -log10(p)=0
-0.031455986285114	0.487432954515785	48140-48157	logFC=-0.25 -log10(p)=1
0.079082025289928	-0.195679403405031	48140-48158	logFC=-0.5 -log10(p)=3
0.04083360262443	-0.17694851736198	48140-48159	logFC=-0.75 -log10(p)=6
0.077555895824669	0.46540066580644	48140-48160	logFC=-0.75 -log10(p)=4
-0.115681128278814	0.305050765514428	48140-48161	logFC=0 -log10(p)=0
0.113941803321769	0.0294459860793981	48140-48162	logFC=-0.75 -log10(p)=3
-0.01029546097268	0.227738656084066	48140-48163	logFC=-0.75 -log10(p)=3
-0.052764378733987	0.116398445866688	48140-48164	logFC=-0.5 -log10(p)=2
-0.107024601453966	-0.01220868226779	48140-48165	logFC=-0.75 -log10(p)=4
-0.0725175114618396	0.0718015145030802	48140-48166	logFC=0 -log10(p)=0
0.014873346019346	-0.178578533157799	48140-48167	logFC=-0.5 -log10(p)=2
-0.0947652814066999	0.265463914496367	48140-48168	logFC=-1 -log10(p)=6
0.0501279080079881	0.0933461155742492	48140-48169	logFC=-0.75 -log10(p)=4
-0.0270040522105901	0.231878424971324	48140-48170	logFC=-1 -log10(p)=6
-0.03664941772921	-0.0153092604355765	48140-48171	logFC=-1.25 -log10(p)=8
0.0201644290962699	0.122203532082795	48140-48172	logFC=-1.5 -log10(p)=7
0.123046493876634	-0.136268672104297	48140-48173	logFC=-1 -log10(p)=4
0.10607804274346	0.287926457125383	48140-48174	logFC=-1.25 -log10(p)=6
-0.0267864612723401	-0.0484030003507847	48140-48175	logFC=-1 -log10(p)=5
-0.0599401232730901	-0.200277020442589	48140-48176	logFC=-1 -log10(p)=5
0.080701864346007	-0.333087031252413	48140-48177	logFC=-1 -log10(p)=4
0.122969742197403	0.265101828954674	48140-48178	logFC=-0.75 -log10(p)=2
-0.07346391441078	-0.38956988124913	48140-48179	logFC=-1 -log10(p)=4
-0.0282624599793699	-0.0666994223623885	48140-48180	logFC=-2.75 -log10(p)=10
-0.12360561339379	0.282906360869391	48140-48181	logFC=-1.5 -log10(p)=4
-0.0442403909051801	-0.362948061696807	48140-48182	logFC=-1.5 -log10(p)=4
-0.09541861244145	0.375471488644831	48140-48183	logFC=-1 -log10(p)=1
0.0010286689461943	0.000277965927313019	48140-48184	logFC=0 -log10(p)=0
0.065357629406439	0.0674491593931165	48140-48185	logFC=-0.25 -log10(p)=0
-0.0555952839988201	-0.186423156788373	48140-48186	logFC=-1.75 -log10(p)=1
-0.076049394499234	0.0608563515084157	48140-48187	logFC=0.25 -log10(p)=0
-0.0871333238602401	0.228278031403485	48140-48188	logFC=-3.5 -log10(p)=1
-0.12077728022036	-0.353242507116295	48140-48189	logFC=-2.25 -log10(p)=1
-0.118402677894074	0.490231198762347	48141-48141	logFC=-0.5 -log10(p)=14
-0.085101722151832	-0.446453521691428	48141-48142	logFC=-0.5 -log10(p)=13
0.00944122288006299	-0.221742788424777	48141-48143	logFC=-0.25 -log10(p)=3
-0.115438272032383	0.07156185616999	48141-48144	logFC=-0.25 -log10(p)=5
0.024666079684139	-0.444439657724968	48141-48145	logFC=-0.5 -log10(p)=7
0.09146024526767	0.160851569897968	48141-48146	logFC=-0.75 -log10(p)=11
0.113865384627608	-0.452650982837543	48141-48147	logFC=-0.75 -log10(p)=10
0.0715466815409021	0.314842253359091	48141-48148	logFC=-0.75 -log10(p)=8
0.093664283901607	0.214688614513806	48141-48149	logFC=-0.5 -log10(p)=4
-0.0168162887436381	-0.470489780628811	48141-48150	logFC=-0.5 -log10(p)=6
-0.108566999382947	-0.452429737072569	48141-48151	logFC=-0.5 -log10(p)=7
-0.013720586896981	0.0913921048629511	48141-48152	logFC=-0.5 -log10(p)=5
0.011713596895621	0.333054842192464	48141-48153	logFC=-0.25 -log10(p)=1
0.120706866835774	-0.287467744991228	48141-48154	logFC=-0.5 -log10(p)=3
-0.082340240073392	-0.00191943046032694	48141-48155	logFC=-0.5 -log10(p)=5
0.031102302749171	0.323314232669103	48141-48156	logFC=-0.5 -log10(p)=3
-0.109159194831121	0.482082715373573	48141-48157	logFC=-0.25 -log10(p)=2
-0.103806440104289	0.431610778802105	48141-48158	logFC=-0.25 -log10(p)=2
-0.123248875318047	0.376154565445846	48141-48159	logFC=-0.5 -log10(p)=5
0.070464388358927	0.149311140832745	48141-48160	logFC=-0.75 -log10(p)=5
-0.094085842811012	0.129587315447099	48141-48161	logFC=-0.5 -log10(p)=3
-0.0403628467123141	-0.374887699662543	48141-48162	logFC=-0.5 -log10(p)=3
0.059151823554072	0.267478984642169	48141-48163	logFC=-0.5 -log10(p)=1
0.047215232904678	0.471170431879708	48141-48164	logFC=-1 -log10(p)=5
-0.112506459123969	0.352938781418704	48141-48165	logFC=-0.75 -log10(p)=4
0.0489419128731219	0.0442678377867723	48141-48166	logFC=0 -log10(p)=0
-0.11426416357557	0.00662990200885272	48141-48167	logFC=-0.75 -log10(p)=5
-0.012907863626083	0.211958033114125	48141-48168	logFC=-0.75 -log10(p)=4
0.103800730434359	-0.229463853051413	48141-48169	logFC=-1 -log10(p)=7
0.12147988624189	0.301312215934667	48141-48170	logFC=-1 -log10(p)=5
0.024620650560933	0.364893027599037	48141-48171	logFC=-1 -log10(p)=5
0.0864211884573139	-0.209543075557561	48141-48172	logFC=-1 -log10(p)=4
-0.10358480688199	0.483873780458433	48141-48173	logFC=-0.75 -log10(p)=3
-0.0163817638800401	-0.195969567172326	48141-48174	logFC=-1.25 -log10(p)=8
-0.071581506791694	-0.200378377348618	48141-48175	logFC=-0.75 -log10(p)=4
0.00985871744684497	-0.458685825800417	48141-48176	logFC=-1 -log10(p)=5
0.0670817454786099	-0.418171048221788	48141-48177	logFC=-1.25 -log10(p)=6
-0.03426973827901	0.40812829788296	48141-48178	logFC=-1.25 -log10(p)=6
-0.0361740773010599	0.422676104257765	48141-48179	logFC=-1.25 -log10(p)=5
-0.0792061962317101	-0.186528580604624	48141-48180	logFC=-1.75 -log10(p)=7
-0.0557720201385599	0.373680137163863	48141-48181	logFC=-2.25 -log10(p)=7
0.00379377296919992	0.39509017848148	48141-48182	logFC=-1.75 -log10(p)=3
-0.01337440940018	0.478931738911657	48141-48183	logFC=-1.5 -log10(p)=1
-0.0244239079994599	-0.412543808398455	48141-48184	logFC=-1.5 -log10(p)=1
0.0231541294850199	0.375916964276253	48141-48185	logFC=-3.75 -log10(p)=1
0.1240148091038	0.0489654656355891	48141-48186	logFC=-4.5 -log10(p)=2
-0.101220655837108	0.37075295985307	48141-48187	logFC=-0.75 -log10(p)=0
-0.11052547070355	0.113433429586421	48141-48188	logFC=-4.25 -log10(p)=2
-0.12008376334205	0.490777429544992	48141-48189	logFC=-3.75 -log10(p)=1
0.06023647539519	-0.427713556598899	48142-48142	logFC=-0.75 -log10(p)=17
0.084312293060346	-0.10948748907874	48142-48143	logFC=-0.5 -log10(p)=8
-0.079978023740988	-0.245025527865701	48142-48144	logFC=-0.5 -log10(p)=11
-0.041994775357283	-0.31822854909964	48142-48145	logFC=-0.5 -log10(p)=9
0.00979370117720302	-0.0863435405923259	48142-48146	logFC=-0.75 -log10(p)=14
-0.051831408940005	0.409057381455288	48142-48147	logFC=-0.75 -log10(p)=14
-0.105581251059884	-0.1770668697015	48142-48148	logFC=-0.75 -log10(p)=13
0.091889919240715	-0.402935247374724	48142-48149	logFC=-0.5 -log10(p)=5
0.064524101309754	-0.292863782693074	48142-48150	logFC=-0.5 -log10(p)=5
-0.03933684828838	0.293179492946617	48142-48151	logFC=-0.25 -log10(p)=2
0.118485552038919	0.278998441937202	48142-48152	logFC=-0.5 -log10(p)=3
0.092980439501884	-0.222758686522647	48142-48153	logFC=-0.25 -log10(p)=1
-0.050715047582693	-0.0617471991303442	48142-48154	logFC=-0.25 -log10(p)=2
-0.0499381006181	0.0274804904049382	48142-48155	logFC=-0.25 -log10(p)=2
0.033542837709372	0.468535217825281	48142-48156	logFC=-0.5 -log10(p)=3
-0.013792570448606	0.474067256966965	48142-48157	logFC=-0.25 -log10(p)=1
0.076926155074747	-0.209659868433212	48142-48158	logFC=-0.25 -log10(p)=1
-0.082758914285285	-0.103812984910299	48142-48159	logFC=-0.75 -log10(p)=8
-0.017554389831159	-0.0282852005965024	48142-48160	logFC=-0.75 -log10(p)=6
-0.119904566051112	0.0211461504490713	48142-48161	logFC=-0.5 -log10(p)=3
-0.102258512625668	-0.0302400497519786	48142-48162	logFC=-0.5 -log10(p)=3
-0.050976133836624	-0.0526550542029758	48142-48163	logFC=-0.5 -log10(p)=2
0.078834732577174	-0.0660135596013047	48142-48164	logFC=-1 -log10(p)=5
0.098724425555959	-0.0833698997657946	48142-48165	logFC=-1 -log10(p)=5
-0.00972779483714018	0.00986930449931532	48142-48166	logFC=0 -log10(p)=0
-0.020908133565488	0.250727582059517	48142-48167	logFC=-0.5 -log10(p)=2
0.0572127340787531	0.400102415861388	48142-48168	logFC=-0.75 -log10(p)=3
0.048845267944964	0.313790802157362	48142-48169	logFC=-1 -log10(p)=6
-0.027139086059994	0.427111232564495	48142-48170	logFC=-0.5 -log10(p)=2
-0.0117587814209299	-0.303440926637814	48142-48171	logFC=-1.5 -log10(p)=9
0.0105169269115399	0.127676397296593	48142-48172	logFC=-1.25 -log10(p)=6
0.11381148862257	-0.297549289143056	48142-48173	logFC=-1.25 -log10(p)=6
-0.0458659463089599	0.089791766398414	48142-48174	logFC=-1 -log10(p)=5
0.09715719000612	-0.121767965237074	48142-48175	logFC=-1 -log10(p)=4
-0.056839828326877	-0.281442769199956	48142-48176	logFC=-0.5 -log10(p)=2
0.037932277227136	-0.341807537832479	48142-48177	logFC=-1 -log10(p)=4
-0.0728368498208101	0.418020790099705	48142-48178	logFC=-1 -log10(p)=4
-0.031872299435422	-0.0291420077852338	48142-48179	logFC=-0.75 -log10(p)=2
0.0422694834986499	-0.202975542575495	48142-48180	logFC=-1.25 -log10(p)=4
-0.0211606458850699	0.479957933094651	48142-48181	logFC=-1.75 -log10(p)=3
0.05840348013687	0.422292020336712	48142-48182	logFC=-1.5 -log10(p)=2
0.0344728501929601	0.364538882282901	48142-48183	logFC=-2.5 -log10(p)=2
-0.1180960543337	0.478858764407096	48142-48184	logFC=-2 -log10(p)=1
0.110651648680771	0.158133535139661	48142-48185	logFC=0.25 -log10(p)=0
0.08341603650033	-0.273026624032124	48142-48186	logFC=-1.75 -log10(p)=1
-0.072089647129945	0.109348779317133	48142-48187	logFC=-0.25 -log10(p)=0
0.09560661211649	-0.278938802283448	48142-48188	logFC=-1.75 -log10(p)=1
0.0331061400970598	0.251535620546177	48142-48189	logFC=-2.25 -log10(p)=1
0.05692340998255	-0.418049518949662	48142-48190	logFC=1 -log10(p)=1
0.0898715064462401	0.410572883217692	48142-48191	logFC=-1.25 -log10(p)=0
-0.086965057194182	-0.0677103432380566	48143-48143	logFC=-0.5 -log10(p)=14
-0.116110845270236	0.0715766791386789	48143-48144	logFC=-0.25 -log10(p)=6
-0.083009655766447	0.277042687675436	48143-48145	logFC=-0.25 -log10(p)=4
-0.053799281232933	-0.0482355565516546	48143-48146	logFC=-0.75 -log10(p)=16
-0.08842221702426	0.405169860712997	48143-48147	logFC=-0.75 -log10(p)=15
0.019643455736566	-0.105316097155486	48143-48148	logFC=-0.75 -log10(p)=10
-0.109201565872942	-0.231232391785445	48143-48149	logFC=-0.5 -log10(p)=9
0.013660883812565	0.427388017706295	48143-48150	logFC=-0.5 -log10(p)=5
0.123457955911645	-0.499315501348235	48143-48151	logFC=-0.5 -log10(p)=4
-0.020035764279641	-0.124044828702068	48143-48152	logFC=-0.25 -log10(p)=2
-0.081204963827628	0.178618781479899	48143-48153	logFC=-0.25 -log10(p)=2
-0.122185080185457	-0.122900922721726	48143-48154	logFC=-0.25 -log10(p)=3
-0.082412893311106	0.334283930973646	48143-48155	logFC=0 -log10(p)=0
-0.011641273419546	-0.457325358052314	48143-48156	logFC=-0.25 -log10(p)=2
-0.071438073216394	0.103149133028294	48143-48157	logFC=-0.25 -log10(p)=2
0.046538258550485	0.0470112012819286	48143-48158	logFC=-0.25 -log10(p)=1
0.100897538255363	0.407394528858077	48143-48159	logFC=-0.75 -log10(p)=5
-0.051873570627562	0.277187588179553	48143-48160	logFC=-0.75 -log10(p)=6
0.095856717732043	-0.379975695006652	48143-48161	logFC=-0.75 -log10(p)=4
0.113117257138879	0.459029206764467	48143-48162	logFC=-1 -log10(p)=5
0.038302235535611	-0.406275190611579	48143-48163	logFC=-1 -log10(p)=5
-0.056975617008978	-0.0232501225026001	48143-48164	logFC=-0.75 -log10(p)=4
0.071447776117659	-0.0950440000538118	48143-48165	logFC=-1 -log10(p)=5
-0.048655504980607	0.259435277568649	48143-48166	logFC=0.25 -log10(p)=0
-0.042760111787606	-0.287435392174046	48143-48167	logFC=-0.75 -log10(p)=5
0.0771614244161361	0.0778716304101796	48143-48168	logFC=-0.75 -log10(p)=3
-0.014104421037991	-0.176034457973427	48143-48169	logFC=-0.75 -log10(p)=5
-0.0311354878055901	-0.378252588784238	48143-48170	logFC=-1 -log10(p)=7
-0.0900151400012501	-0.375198425579765	48143-48171	logFC=-1 -log10(p)=6
-0.020451721499319	-0.218975840751544	48143-48172	logFC=-0.75 -log10(p)=3
-0.05889111736695	-0.464215732079261	48143-48173	logFC=-1 -log10(p)=5
0.04163999028865	-0.178021801919512	48143-48174	logFC=-1.25 -log10(p)=7
0.014989108798884	0.0133121271739958	48143-48175	logFC=-1 -log10(p)=4
0.073054454487655	0.475176421622315	48143-48176	logFC=-0.75 -log10(p)=2
0.043797537699766	0.356514542994412	48143-48177	logFC=-0.75 -log10(p)=2
-0.00476165464730993	-0.402072065734822	48143-48178	logFC=-1 -log10(p)=5
-0.07874624727804	0.043270894317117	48143-48179	logFC=-1.25 -log10(p)=4
0.08294724371255	0.478000811727913	48143-48180	logFC=-1.5 -log10(p)=5
0.0550987987148399	-0.193626105159427	48143-48181	logFC=-1.5 -log10(p)=4
-0.11636717573874	0.430254986965601	48143-48182	logFC=-1.5 -log10(p)=3
0.060352228603086	0.104323774915663	48143-48183	logFC=-0.25 -log10(p)=0
-0.0812257321982599	-0.265956794009746	48143-48184	logFC=-1 -log10(p)=1
0.0421295350180999	-0.00479602563172321	48143-48185	logFC=-2 -log10(p)=1
0.0952329659412698	0.135435765439949	48143-48186	logFC=-3.5 -log10(p)=1
-0.03610288954525	-0.314144397193521	48143-48187	logFC=-1.25 -log10(p)=1
0.0218380584948998	0.365393507277739	48143-48188	logFC=-3.75 -log10(p)=1
-0.0877724690554	0.22722152352137	48143-48189	logFC=-3.5 -log10(p)=1
0.103753868610042	0.107190571458302	48143-48190	logFC=0.25 -log10(p)=0
-0.0986243145366901	0.49278465435728	48143-48191	logFC=-1.25 -log10(p)=0
-0.0160477715045799	-0.480892134808691	48143-48192	logFC=1.25 -log10(p)=1
-0.124281715646148	-0.440651282366613	48144-48144	logFC=-0.5 -log10(p)=16
-0.05956074872796	-0.242573319935944	48144-48145	logFC=-0.25 -log10(p)=5
-0.00803136790860504	-0.24406425770845	48144-48146	logFC=-0.75 -log10(p)=16
0.09056625076547	0.342025293421191	48144-48147	logFC=-1 -log10(p)=18
-0.044224038673899	-0.00641556836846569	48144-48148	logFC=-0.75 -log10(p)=13
-0.079056778369916	0.291662914062657	48144-48149	logFC=-0.5 -log10(p)=8
-0.0162594396842221	-0.253014074297983	48144-48150	logFC=-0.5 -log10(p)=7
0.067954513700073	-0.374413225582582	48144-48151	logFC=-0.5 -log10(p)=5
0.091205278378757	0.184371720670789	48144-48152	logFC=-0.5 -log10(p)=4
-0.000645301978924984	-0.265819053075387	48144-48153	logFC=-0.25 -log10(p)=2
-0.078981570235963	-0.365287893691243	48144-48154	logFC=-0.25 -log10(p)=3
0.098707007541951	-0.466174744434789	48144-48155	logFC=-0.5 -log10(p)=4
-0.0655623835235941	0.251598481854217	48144-48156	logFC=0 -log10(p)=0
0.073576039582743	-0.436707720524089	48144-48157	logFC=-0.5 -log10(p)=4
-0.02063882509473	-0.157826698648713	48144-48158	logFC=-0.25 -log10(p)=2
-0.112327368876452	-0.0944971095635596	48144-48159	logFC=-0.5 -log10(p)=5
0.042160894661274	-0.466287970989138	48144-48160	logFC=-0.75 -log10(p)=6
-0.124375634722066	-0.254615289713159	48144-48161	logFC=-0.5 -log10(p)=4
-0.050952091930358	-0.215487571995086	48144-48162	logFC=-0.75 -log10(p)=5
-0.0815987788994199	0.101866674381999	48144-48163	logFC=-1 -log10(p)=6
0.0165762788134241	-0.184014767522101	48144-48164	logFC=-0.75 -log10(p)=4
0.094973692584102	-0.262944605618654	48144-48165	logFC=-1 -log10(p)=5
-0.075565238723239	0.46991707208759	48144-48166	logFC=-0.25 -log10(p)=0
0.010102018839148	0.234176463291898	48144-48167	logFC=-0.75 -log10(p)=4
0.09228483262829	0.168352881301512	48144-48168	logFC=-1 -log10(p)=5
0.048293084051046	0.351852083558815	48144-48169	logFC=-0.75 -log10(p)=4
-0.120610132869129	-0.383197283067559	48144-48170	logFC=-0.75 -log10(p)=6
-0.021988935401676	0.241769102589999	48144-48171	logFC=-0.75 -log10(p)=3
-0.0381541848092	-0.184376006249001	48144-48172	logFC=-1 -log10(p)=5
0.080644132003167	0.436030339212431	48144-48173	logFC=-1 -log10(p)=3
0.00552953649036003	0.381171081003689	48144-48174	logFC=-1.25 -log10(p)=7
-0.11829286022776	-0.462268948598876	48144-48175	logFC=-0.75 -log10(p)=4
0.072417181675416	0.178358325716629	48144-48176	logFC=-1 -log10(p)=4
0.12406678920826	-0.328832651700785	48144-48177	logFC=-1.25 -log10(p)=5
0.051189381701771	-0.475030623264009	48144-48178	logFC=-0.75 -log10(p)=3
-0.00510619615945007	0.0566471749449304	48144-48179	logFC=-1.5 -log10(p)=6
-0.0975678348560001	0.238855322835296	48144-48180	logFC=-1.5 -log10(p)=5
-0.12109288254728	0.0105492552358868	48144-48181	logFC=-1.5 -log10(p)=4
0.070575202823	0.426756174321203	48144-48182	logFC=-2 -log10(p)=3
0.09241152811993	0.266555116658965	48144-48183	logFC=-1.25 -log10(p)=1
-0.0732631883406201	-0.262811027232248	48144-48184	logFC=-1 -log10(p)=1
0.09998068813648	-0.00386381647366107	48144-48185	logFC=-1.75 -log10(p)=1
0.066498548656767	0.27499569118701	48144-48186	logFC=-0.75 -log10(p)=0
-0.0433214429025099	-0.45934901541636	48144-48187	logFC=-2 -log10(p)=2
0.005771420192627	0.459867025339278	48144-48188	logFC=-1 -log10(p)=0
0.119816939767873	0.156758876228604	48144-48189	logFC=0.25 -log10(p)=0
-0.0565135018352601	0.221275655912326	48144-48190	logFC=0.75 -log10(p)=0
-0.01292234805368	0.457914257666372	48144-48191	logFC=-1 -log10(p)=0
-0.121666156742592	0.243460333101612	48144-48192	logFC=0.75 -log10(p)=0
0.0911244332402199	0.402523457519122	48144-48193	logFC=-1.25 -log10(p)=0
0.00451901793302101	-0.000828673083628218	48145-48145	logFC=-0.75 -log10(p)=18
-0.020961507906298	-0.447342424709293	48145-48146	logFC=-0.5 -log10(p)=11
-0.00713312649141895	0.310879045409124	48145-48147	logFC=-0.75 -log10(p)=15
0.10108388847964	-0.0685809268447244	48145-48148	logFC=-0.75 -log10(p)=9
0.034297447620275	-0.21568641616289	48145-48149	logFC=-0.5 -log10(p)=7
-0.029600401694206	0.325055717200565	48145-48150	logFC=-0.5 -log10(p)=7
0.097290507823527	0.165786059665247	48145-48151	logFC=-0.5 -log10(p)=4
-0.00387332225485604	-0.181086947592211	48145-48152	logFC=-0.5 -log10(p)=6
0.075014165531871	0.104389611635958	48145-48153	logFC=-0.25 -log10(p)=1
-0.101513926318787	-0.00746454797356844	48145-48154	logFC=-0.25 -log10(p)=3
0.079347231769339	-0.487116931351837	48145-48155	logFC=-0.5 -log10(p)=4
-0.123437965725321	-0.222227592600888	48145-48156	logFC=-0.25 -log10(p)=3
0.006511750941081	0.451631931506509	48145-48157	logFC=-0.25 -log10(p)=1
-0.023224501170841	-0.142381194043949	48145-48158	logFC=-0.25 -log10(p)=2
0.101268818121552	-0.166562219734979	48145-48159	logFC=-0.5 -log10(p)=3
-0.0103202476102799	-0.260093493953391	48145-48160	logFC=-1 -log10(p)=9
0.042707505653789	0.232838230414396	48145-48161	logFC=-1 -log10(p)=6
0.067421727775577	0.265001771483368	48145-48162	logFC=-0.75 -log10(p)=3
-0.00446242933560992	0.34403559413816	48145-48163	logFC=-1 -log10(p)=4
-0.00151508281061008	0.184500644934856	48145-48164	logFC=-1.25 -log10(p)=7
-0.117006164402963	-0.42509424298575	48145-48165	logFC=-0.75 -log10(p)=4
-0.0839602774516994	0.0799421029527622	48145-48166	logFC=0 -log10(p)=0
0.101667262916706	0.381417019514255	48145-48167	logFC=-0.5 -log10(p)=1
0.102075082888167	-0.215001458359857	48145-48168	logFC=-0.75 -log10(p)=3
0.045012176144397	-0.25124485983816	48145-48169	logFC=-0.75 -log10(p)=4
-0.104466335242164	-0.130903865857777	48145-48170	logFC=-0.75 -log10(p)=5
0.00704442219992996	0.0695258500123002	48145-48171	logFC=-1.25 -log10(p)=7
-0.11966547863499	-0.336580301390819	48145-48172	logFC=-1.25 -log10(p)=6
-0.120012800930621	0.448454805321151	48145-48173	logFC=-0.75 -log10(p)=3
-0.0538132160778699	0.445994580090079	48145-48174	logFC=-1 -log10(p)=5
-0.027769304618969	-0.0125031812479555	48145-48175	logFC=-0.75 -log10(p)=3
0.07339928976539	0.333326129731947	48145-48176	logFC=-0.75 -log10(p)=2
0.04464917023204	0.121595988724636	48145-48177	logFC=-1.25 -log10(p)=5
-0.0698670474057499	0.133362030689898	48145-48178	logFC=-1 -log10(p)=4
0.00548922392799101	-0.258084310593937	48145-48179	logFC=-0.75 -log10(p)=2
-0.0485163453905499	0.000156949686854979	48145-48180	logFC=-1.25 -log10(p)=3
0.0885116026530299	-0.19525132778841	48145-48181	logFC=-1.25 -log10(p)=2
-0.09641384695917	-0.00908169414281557	48145-48182	logFC=-1.25 -log10(p)=2
0.038009231729539	-0.162227499167682	48145-48183	logFC=-1 -log10(p)=1
-0.0659559737503099	0.290997138637733	48145-48184	logFC=-2.25 -log10(p)=1
-0.10777217083921	0.10336042751965	48145-48185	logFC=-4.25 -log10(p)=2
0.0422685562871919	0.266469385196085	48145-48186	logFC=-0.75 -log10(p)=0
0.0336330102240399	0.00352167734932785	48145-48187	logFC=-3.25 -log10(p)=1
0.010264255596427	0.129959871515153	48145-48188	logFC=-0.5 -log10(p)=0
-0.12077728022036	-0.353242507116295	48145-48189	logFC=-2.25 -log10(p)=1
0.00768996779914	-0.411885445194207	48145-48190	logFC=-1.5 -log10(p)=1
0.083618683570672	0.0399234824969689	48145-48191	logFC=-0.25 -log10(p)=0
0.0879910255416301	0.401692766286543	48145-48192	logFC=-1.25 -log10(p)=0
0.0468439765639301	0.00904969056632066	48145-48193	logFC=-3.25 -log10(p)=1
0.10242430074892	-0.467091304346331	48145-48194	logFC=-4.25 -log10(p)=2
0.057334556360488	-0.335380592405929	48146-48146	logFC=-0.75 -log10(p)=18
0.060790036513314	-0.0665842687440641	48146-48147	logFC=-0.5 -log10(p)=9
-0.00201678406168504	0.372201688093904	48146-48148	logFC=-0.5 -log10(p)=7
-0.026066707389123	0.465949248513599	48146-48149	logFC=-0.25 -log10(p)=3
-0.015523017876022	0.337251673246128	48146-48150	logFC=-0.5 -log10(p)=8
0.069274899230416	-0.340855683513687	48146-48151	logFC=-0.5 -log10(p)=6
-0.073867398020476	0.392381874579651	48146-48152	logFC=-0.25 -log10(p)=3
0.066394354169926	0.293765839055922	48146-48153	logFC=-0.25 -log10(p)=1
-0.071599636167507	0.158117668931625	48146-48154	logFC=-0.5 -log10(p)=7
-0.060285482193764	0.257487759656327	48146-48155	logFC=-0.5 -log10(p)=6
-0.058667256142436	-0.495184576951671	48146-48156	logFC=-0.25 -log10(p)=3
-0.013809677316402	-0.202773253406873	48146-48157	logFC=-0.25 -log10(p)=2
-0.111225727634629	-0.471678796479811	48146-48158	logFC=0 -log10(p)=1
-0.040003251575127	0.151586486172814	48146-48159	logFC=-0.5 -log10(p)=5
-0.025079894158493	0.211082813579011	48146-48160	logFC=-0.75 -log10(p)=7
-0.10550409498317	0.357271231600209	48146-48161	logFC=-0.75 -log10(p)=6
0.016935360576195	0.142249394379246	48146-48162	logFC=-1 -log10(p)=7
0.109864486406793	0.250945007020459	48146-48163	logFC=-1 -log10(p)=4
-0.0600497849263431	-0.171735552151428	48146-48164	logFC=-0.75 -log10(p)=5
0.00820349780845597	-0.0551958309852116	48146-48165	logFC=-0.75 -log10(p)=4
0.110160917305044	-0.392675611699754	48146-48166	logFC=-0.5 -log10(p)=1
0.106712763552053	-0.367546460895843	48146-48167	logFC=-1 -log10(p)=6
0.111206397162507	0.277319063961811	48146-48168	logFC=-0.75 -log10(p)=3
-0.06219976416482	-0.0548941548107669	48146-48169	logFC=-0.75 -log10(p)=6
0.023588609039325	-0.116689683267857	48146-48170	logFC=-0.75 -log10(p)=5
-0.040152823209375	0.0370344747194054	48146-48171	logFC=-0.75 -log10(p)=4
0.00181669009857011	-0.410818833548048	48146-48172	logFC=-1.25 -log10(p)=8
0.11802611023263	0.237636152843228	48146-48173	logFC=-1.75 -log10(p)=9
-0.0923393165725499	0.343665711338621	48146-48174	logFC=-1 -log10(p)=6
0.00691288573756599	0.0986575730100228	48146-48175	logFC=-1 -log10(p)=5
-0.0427096038229861	-0.491330617765581	48146-48176	logFC=-0.75 -log10(p)=4
-0.0699954762063441	0.340579830186063	48146-48177	logFC=-0.75 -log10(p)=3
0.0811646480874999	0.364014685958733	48146-48178	logFC=-1.5 -log10(p)=7
0.011084785346087	-0.184150557080957	48146-48179	logFC=-1 -log10(p)=4
0.00605307066606997	-0.326597645506663	48146-48180	logFC=-1.5 -log10(p)=6
0.11631643888647	0.150542910264377	48146-48181	logFC=-1.75 -log10(p)=4
0.0128926169527199	0.115145395292782	48146-48182	logFC=-1.5 -log10(p)=3
-0.04943931312075	-0.421283581235463	48146-48183	logFC=-1.75 -log10(p)=3
-0.11044931180778	-0.0236192654431903	48146-48184	logFC=-1.25 -log10(p)=1
0.0657615930061	0.269468861455886	48146-48185	logFC=-1.5 -log10(p)=1
-0.06304782095382	0.063048318277437	48146-48186	logFC=0.25 -log10(p)=0
0.03350493757647	-0.216132861907246	48146-48187	logFC=-2.75 -log10(p)=1
-0.0156063265049804	-0.454749555036998	48146-48188	logFC=-4 -log10(p)=2
-0.12077728022036	-0.353242507116295	48146-48189	logFC=-2.25 -log10(p)=1
0.104312810664985	0.0295687453035863	48146-48190	logFC=0 -log10(p)=0
-0.01658760692461	-0.48207127453164	48146-48191	logFC=1.25 -log10(p)=1
0.01869709984163	-0.0747280145947821	48146-48192	logFC=-3 -log10(p)=1
-0.069876157010986	0.150875003667045	48146-48193	logFC=-0.25 -log10(p)=0
0.10588234761866	-0.414096776046505	48146-48194	logFC=-1.25 -log10(p)=1
0.087572468830435	0.0378701197110707	48146-48195	logFC=-0.25 -log10(p)=0
0.049769105569586	-0.0706033106273978	48147-48147	logFC=-0.75 -log10(p)=17
0.116755695356632	-0.0883622796511805	48147-48148	logFC=-0.75 -log10(p)=12
-0.10717260390084	-0.0469974856697126	48147-48149	logFC=-0.25 -log10(p)=6
-0.024484519244228	-0.272002574438522	48147-48150	logFC=-0.5 -log10(p)=9
0.079663451354276	-0.150184487335693	48147-48151	logFC=-0.5 -log10(p)=6
-0.107637491131702	0.251330237541871	48147-48152	logFC=-0.25 -log10(p)=4
0.011068344933609	-0.0307649819679898	48147-48153	logFC=-0.25 -log10(p)=2
-0.08116303390105	-0.260783013271332	48147-48154	logFC=-0.5 -log10(p)=7
-0.063307018895561	0.315318259892607	48147-48155	logFC=-0.5 -log10(p)=6
-0.067709822145577	0.403030286702353	48147-48156	logFC=-0.25 -log10(p)=2
0.123767739127229	-0.356179184615366	48147-48157	logFC=-0.25 -log10(p)=1
-0.0113241184371282	0.0407734986213813	48147-48158	logFC=0 -log10(p)=0
0.066358712519953	-0.489348623387695	48147-48159	logFC=-0.5 -log10(p)=4
0.120053381938244	-0.109712904654863	48147-48160	logFC=-0.75 -log10(p)=5
0.064666253694864	0.482905417372151	48147-48161	logFC=-0.75 -log10(p)=4
0.100602501270135	0.231504120965902	48147-48162	logFC=-1 -log10(p)=6
0.07399382114135	-0.290339677277848	48147-48163	logFC=-1.25 -log10(p)=7
-0.054130459858318	0.467492233827947	48147-48164	logFC=-0.75 -log10(p)=4
0.089439172458518	0.172943002820317	48147-48165	logFC=-0.75 -log10(p)=3
0.062793664049075	0.212294101968495	48147-48166	logFC=-0.75 -log10(p)=1
-0.039638966922656	-0.326443944302103	48147-48167	logFC=-0.75 -log10(p)=5
-0.038937187155594	0.269148532625858	48147-48168	logFC=-0.5 -log10(p)=2
0.0364894431874711	0.378535179890087	48147-48169	logFC=-0.75 -log10(p)=4
0.00788468260664399	-0.406469549152742	48147-48170	logFC=-0.75 -log10(p)=5
-0.09823721379479	-0.114687911898611	48147-48171	logFC=-1 -log10(p)=7
-0.0818625350893301	0.36367855961986	48147-48172	logFC=-1 -log10(p)=5
-0.116200975935944	0.0678190714389442	48147-48173	logFC=-0.5 -log10(p)=2
0.00537923561723797	0.265211681832841	48147-48174	logFC=-1 -log10(p)=5
0.079062526785129	-0.427718738658333	48147-48175	logFC=-1 -log10(p)=5
-0.074791389985182	-0.0977752802399797	48147-48176	logFC=-0.25 -log10(p)=1
-0.040570698332132	0.415911309074216	48147-48177	logFC=-0.5 -log10(p)=1
0.0346813990647501	0.115849207349741	48147-48178	logFC=-1.25 -log10(p)=6
-0.0411252347761999	-0.126327209512421	48147-48179	logFC=-1 -log10(p)=3
0.00783015701893097	0.0791362657973243	48147-48180	logFC=-1 -log10(p)=3
0.11640982308671	0.195016383039437	48147-48181	logFC=-2 -log10(p)=5
-0.11144172127079	-0.459011706561557	48147-48182	logFC=-2.25 -log10(p)=6
-0.10366328134328	0.0696779017042868	48147-48183	logFC=-1.75 -log10(p)=2
-0.0130917247215601	0.468043525137073	48147-48184	logFC=-1.75 -log10(p)=1
0.088599356446653	0.22714087621672	48147-48185	logFC=-0.5 -log10(p)=0
0.11870804371418	-0.254022073152212	48147-48186	logFC=-4.25 -log10(p)=2
-0.082441882565742	0.11210910573069	48147-48187	logFC=-0.25 -log10(p)=0
0.0179472119013702	0.415851590609636	48147-48188	logFC=-3.75 -log10(p)=1
0.0881213585995	0.0410504323037484	48147-48189	logFC=-3.5 -log10(p)=1
0.08874160818647	0.415783773151019	48147-48190	logFC=-1.25 -log10(p)=0
-0.0217077135468564	0.0080401366878729	48147-48191	logFC=0 -log10(p)=0
0.113536694578966	0.113902208608992	48147-48192	logFC=0.25 -log10(p)=0
0.0430161641926401	-0.217085887751115	48147-48193	logFC=-2.75 -log10(p)=1
-0.0184934432512502	-0.346125739345607	48147-48194	logFC=-4 -log10(p)=2
0.0894448301720199	0.13210462412278	48147-48195	logFC=-3.5 -log10(p)=1
-0.00475293206662697	0.182642927055074	48147-48196	logFC=-0.5 -log10(p)=0
0.0203303443953879	-0.464967995922066	48148-48148	logFC=-0.75 -log10(p)=18
0.092656607171959	0.146825425356953	48148-48149	logFC=-0.75 -log10(p)=13
-0.108949504633405	0.0783117230589792	48148-48150	logFC=-0.5 -log10(p)=9
-0.097631725327529	0.236336241374135	48148-48151	logFC=-0.5 -log10(p)=8
-0.119448456733344	0.462064668930701	48148-48152	logFC=-0.5 -log10(p)=8
-0.002870998263514	-0.223282275310799	48148-48153	logFC=-0.5 -log10(p)=6
0.0718337724579961	0.155811427614397	48148-48154	logFC=-0.75 -log10(p)=8
0.084406336185865	-0.431678951744804	48148-48155	logFC=-0.75 -log10(p)=8
0.106599385047896	0.203781138878786	48148-48156	logFC=-0.5 -log10(p)=3
-0.020705182268409	-0.00309164355077396	48148-48157	logFC=-0.5 -log10(p)=5
-0.0151397531897845	0.051576113528365	48148-48158	logFC=0 -log10(p)=0
-0.051417128036829	-0.285462783630446	48148-48159	logFC=-0.5 -log10(p)=5
-0.106103974092	-0.186157941900171	48148-48160	logFC=-0.25 -log10(p)=2
-0.099963668672139	0.468905692464192	48148-48161	logFC=-0.25 -log10(p)=1
-0.088450466997791	-0.390733718029646	48148-48162	logFC=-0.75 -log10(p)=6
-0.110446309082168	0.171949525654201	48148-48163	logFC=-0.25 -log10(p)=1
0.011693957836518	-0.301803900835635	48148-48164	logFC=-0.25 -log10(p)=1
-0.04503353203634	0.205875992566725	48148-48165	logFC=-1 -log10(p)=6
-0.067817837696643	-0.305131083240504	48148-48166	logFC=-0.75 -log10(p)=2
0.050264348172319	0.136863262926699	48148-48167	logFC=-1 -log10(p)=6
0.090255669503701	0.259872181987595	48148-48168	logFC=-0.75 -log10(p)=3
0.085977898714376	-0.157327147470606	48148-48169	logFC=-0.5 -log10(p)=2
-0.081661928936662	0.372445867054926	48148-48170	logFC=-0.75 -log10(p)=5
-0.029308296916256	0.0259158605210477	48148-48171	logFC=-0.75 -log10(p)=4
-0.013685333909898	0.176192555992357	48148-48172	logFC=-0.75 -log10(p)=3
0.102010101435983	0.265409223968608	48148-48173	logFC=-0.5 -log10(p)=1
0.022680863690893	0.339400263279738	48148-48174	logFC=-0.75 -log10(p)=3
0.00559600334909005	0.387280656519614	48148-48175	logFC=-1.25 -log10(p)=7
0.0735997753350081	0.312879736860069	48148-48176	logFC=-0.75 -log10(p)=2
0.020129418173389	0.296732732867926	48148-48177	logFC=-1 -log10(p)=4
-0.0963190835847001	0.151416949074338	48148-48178	logFC=-1 -log10(p)=5
-0.09127447319013	0.105323016441895	48148-48179	logFC=-1 -log10(p)=4
-0.0839640367321499	-0.175302544901088	48148-48180	logFC=-1.5 -log10(p)=7
0.12486716387814	-0.217776685147168	48148-48181	logFC=-2.25 -log10(p)=6
-0.12085762815777	-0.126471430040018	48148-48182	logFC=-2.75 -log10(p)=9
-0.02874676005974	0.426663586562771	48148-48183	logFC=-1.75 -log10(p)=2
0.10360681472405	0.23012437697927	48148-48184	logFC=-2.5 -log10(p)=2
-0.097168769626884	0.377346581538484	48148-48185	logFC=-0.75 -log10(p)=0
-0.12410348902455	-0.455354869271219	48148-48186	logFC=-3.75 -log10(p)=2
-0.01704637106052	-0.396248503023514	48148-48187	logFC=-1.5 -log10(p)=1
-0.0693574228169398	0.467963710387944	48148-48188	logFC=-4.5 -log10(p)=2
0.06560591561352	-0.279407548717173	48148-48189	logFC=-1.5 -log10(p)=1
-0.11014967371096	0.0209564116975915	48148-48190	logFC=-4.25 -log10(p)=2
-0.0509846357689201	-0.164730170145965	48148-48191	logFC=-1.75 -log10(p)=1
0.0416028494062899	0.216907828011745	48148-48192	logFC=-2.25 -log10(p)=1
-0.11870343006242	0.0439980102084059	48148-48193	logFC=-4.25 -log10(p)=2
0.10113874306353	0.142231141911609	48148-48194	logFC=-3.5 -log10(p)=1
-0.10618875080861	0.109365089227768	48148-48195	logFC=-4.25 -log10(p)=2
0.011445362452558	0.131779185926008	48148-48196	logFC=-0.5 -log10(p)=0
-0.06340716375273	-0.166646558307001	48148-48197	logFC=-1.75 -log10(p)=1
-0.032835866530193	0.384195059824148	48149-48149	logFC=-0.75 -log10(p)=18
-0.063266785375562	0.336970242819119	48149-48150	logFC=-0.5 -log10(p)=11
0.057575753015187	0.259931313424569	48149-48151	logFC=-0.5 -log10(p)=6
0.065788777396518	-0.0707587959678291	48149-48152	logFC=-0.5 -log10(p)=6
0.121985988718364	0.281006440266539	48149-48153	logFC=-0.5 -log10(p)=4
-0.092686891215858	0.344479532666618	48149-48154	logFC=-0.5 -log10(p)=8
-0.039064086533268	0.474123216054444	48149-48155	logFC=-0.5 -log10(p)=6
0.070393195704973	0.128064921273325	48149-48156	logFC=-0.25 -log10(p)=1
0.114005108777991	-0.239562858309917	48149-48157	logFC=-0.25 -log10(p)=1
0.047656335885208	0.182846996268778	48149-48158	logFC=0 -log10(p)=0
0.076661735167406	0.461798697166058	48149-48159	logFC=-0.5 -log10(p)=3
0.01983504527044	0.282076507633523	48149-48160	logFC=-0.5 -log10(p)=3
-0.074099365000834	0.479220764476885	48149-48161	logFC=-0.5 -log10(p)=3
0.023119769506182	-0.379124228200835	48149-48162	logFC=-1 -log10(p)=7
-0.094795595480716	0.302417103460275	48149-48163	logFC=-0.5 -log10(p)=2
0.110440487843615	0.247678399407318	48149-48164	logFC=-0.5 -log10(p)=1
-0.000186309878293045	-0.477124172707297	48149-48165	logFC=-0.75 -log10(p)=4
0.023133770830835	-0.0558709479090482	48149-48166	logFC=-1 -log10(p)=2
0.096454218815444	0.345293856755473	48149-48167	logFC=-0.5 -log10(p)=1
-0.122312174585587	0.332263659870326	48149-48168	logFC=-0.25 -log10(p)=1
-0.079481585266543	0.344961262010237	48149-48169	logFC=-0.5 -log10(p)=3
0.094810724441728	-0.278349682203788	48149-48170	logFC=-0.5 -log10(p)=2
0.0271797582818371	0.199019414412478	48149-48171	logFC=-1 -log10(p)=5
0.053092602539156	0.35486043403739	48149-48172	logFC=-0.5 -log10(p)=1
-0.063572025220628	-0.0891009407627785	48149-48173	logFC=-0.75 -log10(p)=3
0.014764428169035	-0.0674744829850411	48149-48174	logFC=-0.75 -log10(p)=3
-0.0175103951811899	-0.0299987104041515	48149-48175	logFC=-1 -log10(p)=5
-0.05983778253789	-0.226412673599815	48149-48176	logFC=-0.25 -log10(p)=1
-0.115361841907899	-0.175422092087096	48149-48177	logFC=-0.5 -log10(p)=2
-0.094599160344613	0.0822770863419353	48149-48178	logFC=-0.75 -log10(p)=3
0.038571637168024	0.430475743966375	48149-48179	logFC=-1 -log10(p)=3
-0.074748803552026	-0.218445790306995	48149-48180	logFC=-0.75 -log10(p)=2
0.0163233180028	-0.357157604434855	48149-48181	logFC=-1.5 -log10(p)=3
-0.0392927463166299	0.230638080332124	48149-48182	logFC=-2.25 -log10(p)=5
0.0557546034745799	-0.143542205480111	48149-48183	logFC=-1.5 -log10(p)=2
-0.09744700451116	-0.486048151191871	48149-48184	logFC=-1.25 -log10(p)=1
0.0357584291780197	0.144653355113347	48149-48185	logFC=-5 -log10(p)=3
0.0818305279742999	0.0953476536618596	48149-48186	logFC=-3.5 -log10(p)=1
-0.12436752964166	-0.364549959503359	48149-48187	logFC=-2.25 -log10(p)=1
-0.08094347399383	0.355182840897083	48149-48188	logFC=-2.25 -log10(p)=1
-0.10438476461434	0.0535183439427289	48149-48189	logFC=-4.25 -log10(p)=2
0.109456333725959	0.111382110184092	48149-48190	logFC=0.25 -log10(p)=0
0.0968669294633	0.179165206746728	48149-48191	logFC=-3.5 -log10(p)=1
0.0909380114915201	0.16645038615211	48149-48192	logFC=-3.5 -log10(p)=1
-0.0147654575943601	0.43323310711937	48149-48193	logFC=-1 -log10(p)=0
0.02524119881844	-0.0407842321613765	48149-48194	logFC=-2 -log10(p)=1
0.0288705891735699	-0.0785552585635981	48149-48195	logFC=-3.25 -log10(p)=1
0.12421674868799	-0.376613199876337	48149-48196	logFC=-2.5 -log10(p)=1
-0.0722188424038799	0.253250152088337	48149-48197	logFC=-3.5 -log10(p)=1
0.011808101434314	0.453785047647	48149-48198	logFC=-1 -log10(p)=0
0.092074376696708	0.107177258673186	48150-48150	logFC=-1 -log10(p)=23
0.045491548323668	-0.3083790848533	48150-48151	logFC=-0.5 -log10(p)=9
0.109562798457037	0.335657842607217	48150-48152	logFC=-0.5 -log10(p)=6
0.036517004278817	0.246295061949658	48150-48153	logFC=-0.5 -log10(p)=7
-0.099040165684864	-0.0809850802833729	48150-48154	logFC=-0.75 -log10(p)=16
-0.016493546398364	0.152335702643228	48150-48155	logFC=-0.5 -log10(p)=7
0.016497081628336	-0.0988278335635724	48150-48156	logFC=-0.25 -log10(p)=2
0.0288715553796563	0.128019927804454	48150-48157	logFC=0 -log10(p)=0
0.00504674242453801	0.166431819779412	48150-48158	logFC=0.25 -log10(p)=2
0.071106004918896	-0.0610105528199396	48150-48159	logFC=-0.5 -log10(p)=4
-0.029796120817143	0.174048916550229	48150-48160	logFC=-0.75 -log10(p)=8
-0.025052160127555	-0.258538766857343	48150-48161	logFC=-0.5 -log10(p)=4
0.034664096432015	0.327918661240145	48150-48162	logFC=-0.75 -log10(p)=5
-0.015734600122097	-0.464951443573723	48150-48163	logFC=-0.5 -log10(p)=3
-1.89183874639842e-05	-0.149420251859604	48150-48164	logFC=-0.25 -log10(p)=1
-0.012417016447934	-0.0742892958492754	48150-48165	logFC=-0.25 -log10(p)=1
-0.085477562230265	0.202690539486919	48150-48166	logFC=0.25 -log10(p)=0
0.093416200448627	-0.0237471803610752	48150-48167	logFC=-0.5 -log10(p)=2
-0.10222021036847	0.451131609983164	48150-48168	logFC=-0.25 -log10(p)=1
0.070808364492102	0.371121881973581	48150-48169	logFC=-0.5 -log10(p)=2
0.080704057411624	0.0292861184765827	48150-48170	logFC=-0.5 -log10(p)=2
-0.011858146289917	0.177065679053203	48150-48171	logFC=-0.5 -log10(p)=2
0.115827794155911	0.31435240006637	48150-48172	logFC=-0.75 -log10(p)=2
0.11846254967541	0.371511234859467	48150-48173	logFC=-1.25 -log10(p)=5
0.0473214611033801	-0.118588478368139	48150-48174	logFC=-1.25 -log10(p)=8
-0.10990059818438	0.242402751420487	48150-48175	logFC=-1 -log10(p)=6
0.068412651389746	-0.352177067447586	48150-48176	logFC=-0.75 -log10(p)=3
-0.038599760062741	-0.2745981127225	48150-48177	logFC=-0.5 -log10(p)=2
0.037459832818373	-0.212684294523035	48150-48178	logFC=-1 -log10(p)=4
-0.05029399330027	0.249284818141887	48150-48179	logFC=-1 -log10(p)=3
0.03108624238192	0.323999838676389	48150-48180	logFC=-1 -log10(p)=2
0.034982773820498	-0.324945673448187	48150-48181	logFC=-0.5 -log10(p)=1
-0.0745679549312399	-0.344125935641933	48150-48182	logFC=-1.25 -log10(p)=3
-0.00953132043245009	-0.449788998373359	48150-48183	logFC=-1.5 -log10(p)=2
-0.02726675064804	0.158393011995031	48150-48184	logFC=-1.75 -log10(p)=1
0.00729180945156299	0.215483809108302	48150-48185	logFC=-0.5 -log10(p)=0
0.070517717004888	0.164301911938411	48150-48186	logFC=0.25 -log10(p)=0
0.030212137130162	0.317017080937611	48150-48187	logFC=-1 -log10(p)=0
0.023871779323391	0.3090322152007	48150-48188	logFC=-1 -log10(p)=0
0.09572085848726	0.154422739669678	48150-48189	logFC=-3.5 -log10(p)=1
0.103749442926534	0.0305559856910756	48150-48190	logFC=0 -log10(p)=0
-0.075770958633513	0.105271998220644	48150-48191	logFC=-0.25 -log10(p)=0
-0.083522945598381	0.113580141518962	48150-48192	logFC=-0.25 -log10(p)=0
-0.0778681437543902	0.218358920627903	48150-48193	logFC=-3.5 -log10(p)=1
0.121875670692769	0.0388863137394596	48150-48194	logFC=-0.25 -log10(p)=0
-0.064716338328405	0.219991267847822	48150-48195	logFC=0.75 -log10(p)=0
0.06782232970307	0.48422117733993	48150-48196	logFC=-2 -log10(p)=0
-0.077263699077125	0.107228467802443	48150-48197	logFC=-0.25 -log10(p)=0
0.04531972550937	0.0213773129283583	48150-48198	logFC=-3.25 -log10(p)=1
-0.01486795917124	0.245900616438425	48150-48199	logFC=-1.75 -log10(p)=1
0.089885588191411	0.480282379480276	48151-48151	logFC=-0.75 -log10(p)=16
-0.069612294907482	-0.479039973617438	48151-48152	logFC=-0.25 -log10(p)=6
-0.0325349813790869	-0.124711099511636	48151-48153	logFC=-0.5 -log10(p)=10
0.114165790512226	-0.117932751480424	48151-48154	logFC=-1 -log10(p)=19
0.062899789807673	-0.371331161390891	48151-48155	logFC=-0.5 -log10(p)=7
0.098867897184386	0.174330703959996	48151-48156	logFC=-0.25 -log10(p)=1
-0.09744286412386	0.135153691453553	48151-48157	logFC=0.25 -log10(p)=1
-0.00604322515382699	0.360361134791829	48151-48158	logFC=0.25 -log10(p)=2
0.047066111840056	-0.045666318165333	48151-48159	logFC=-0.5 -log10(p)=5
-0.028206229516333	0.112436136246057	48151-48160	logFC=-0.75 -log10(p)=9
-0.000717287989347004	-0.212816635781923	48151-48161	logFC=-0.5 -log10(p)=4
-0.057539515552235	0.273337722907304	48151-48162	logFC=-0.75 -log10(p)=7
0.09856428456788	0.0671667506703901	48151-48163	logFC=-0.5 -log10(p)=2
0.065838484807187	0.436442546467919	48151-48164	logFC=-0.5 -log10(p)=2
0.108702534117552	-0.206987892278132	48151-48165	logFC=-0.5 -log10(p)=2
0.0943885449264268	0.138295630283932	48151-48166	logFC=0 -log10(p)=0
0.025350451880998	-0.0953946056256444	48151-48167	logFC=-0.25 -log10(p)=1
-0.03875376224395	0.220059576628895	48151-48168	logFC=-0.25 -log10(p)=1
0.115353217338256	0.249919719483401	48151-48169	logFC=-0.5 -log10(p)=2
0.08894025704517	-0.478779933194739	48151-48170	logFC=-0.75 -log10(p)=5
-0.08135911292451	-0.0845158305040363	48151-48171	logFC=-0.5 -log10(p)=3
-0.108538632889841	-0.390235249806298	48151-48172	logFC=-0.5 -log10(p)=3
-0.00186400138240006	-0.132181291379692	48151-48173	logFC=-1 -log10(p)=6
0.117857253279857	-0.128972474367509	48151-48174	logFC=-1 -log10(p)=5
-0.06665478887049	-0.284991748763042	48151-48175	logFC=-1 -log10(p)=7
-0.053471267664795	0.0292247505335239	48151-48176	logFC=-0.5 -log10(p)=2
-0.069959280659317	-0.376432908976275	48151-48177	logFC=-0.75 -log10(p)=4
0.018433710321638	-0.288484741656508	48151-48178	logFC=-1 -log10(p)=5
-0.0630773177202	0.0802621188266057	48151-48179	logFC=-1 -log10(p)=4
-0.061677765072933	0.481690548447773	48151-48180	logFC=-0.75 -log10(p)=2
0.08027500143252	-0.200683219917389	48151-48181	logFC=-1.75 -log10(p)=5
0.066832129017255	-0.0888323201814565	48151-48182	logFC=-1 -log10(p)=2
0.00568100219849799	-0.24689042613658	48151-48183	logFC=-0.75 -log10(p)=1
-0.05555307724377	-0.0898971307316411	48151-48184	logFC=-1.5 -log10(p)=1
-0.07188804336299	0.365905434202574	48151-48185	logFC=-4.5 -log10(p)=2
0.090055609385444	0.310780172562753	48151-48186	logFC=-0.75 -log10(p)=0
0.023298439116982	0.349076818037722	48151-48187	logFC=0.75 -log10(p)=0
0.0919829406569099	-0.306073497017444	48151-48188	logFC=-1.75 -log10(p)=1
-0.00368652950340398	0.18494898381348	48151-48189	logFC=-0.5 -log10(p)=0
0.034546280661427	0.312129929119659	48151-48190	logFC=-1 -log10(p)=0
-0.0045241296458721	0.0015705340671107	48151-48191	logFC=0 -log10(p)=0
-0.0013210269297399	-0.390020883841852	48151-48192	logFC=-1.5 -log10(p)=1
0.095909074707466	0.131226027099562	48151-48193	logFC=0.25 -log10(p)=0
-0.08420400350002	0.268510526561222	48151-48194	logFC=-3.5 -log10(p)=1
-0.0179166514659701	-0.384895220149279	48151-48195	logFC=-1.5 -log10(p)=1
0.0983627619152619	0.0422345461847904	48151-48196	logFC=0 -log10(p)=0
-0.0809701379094898	0.092820287246316	48151-48197	logFC=-2 -log10(p)=1
0.072834734072677	0.081941406626353	48151-48198	logFC=-0.25 -log10(p)=0
-0.0354352910133	0.219124516645936	48151-48199	logFC=-1.5 -log10(p)=1
-0.0489817066246649	-0.159091601708511	48152-48152	logFC=-0.75 -log10(p)=20
-0.020543152324536	-0.32341405114045	48152-48153	logFC=-0.75 -log10(p)=17
-0.0562836205806001	0.225527920227698	48152-48154	logFC=-1 -log10(p)=23
-0.040826947130099	-0.422492511938057	48152-48155	logFC=-0.5 -log10(p)=9
-0.033387907323777	0.00239298190090809	48152-48156	logFC=-0.25 -log10(p)=3
0.037135247508305	-0.151927458512551	48152-48157	logFC=-0.25 -log10(p)=2
-0.12194163024764	-0.155143342085132	48152-48158	logFC=0 -log10(p)=1
-0.076964833327365	-0.298584099720944	48152-48159	logFC=-0.75 -log10(p)=12
0.075204825301332	0.435250776890754	48152-48160	logFC=-1 -log10(p)=11
0.110559798351048	-0.43559710331902	48152-48161	logFC=-0.75 -log10(p)=6
0.115115796543269	0.17040235061455	48152-48162	logFC=-1 -log10(p)=8
-0.027372286271228	-0.207697996069761	48152-48163	logFC=-0.5 -log10(p)=3
0.0615162389452451	0.163510427239848	48152-48164	logFC=-0.75 -log10(p)=5
-0.049435347906323	0.0341004283057802	48152-48165	logFC=-0.5 -log10(p)=3
0.078286604459358	-0.253175286804889	48152-48166	logFC=-0.75 -log10(p)=2
-0.058989447255863	-0.251475896218758	48152-48167	logFC=-0.5 -log10(p)=4
0.013889863544013	-0.0653928178224789	48152-48168	logFC=-0.25 -log10(p)=1
0.055422730735351	0.257981141568668	48152-48169	logFC=-0.75 -log10(p)=5
-0.066812553472607	0.377239921534867	48152-48170	logFC=-0.75 -log10(p)=6
0.02536527889843	0.321514290690073	48152-48171	logFC=-1.25 -log10(p)=8
0.035807392603924	0.427813596413236	48152-48172	logFC=-0.75 -log10(p)=3
-0.020481561697012	-0.409431860122632	48152-48173	logFC=-0.75 -log10(p)=4
-0.054523524543841	0.487788914370254	48152-48174	logFC=-0.75 -log10(p)=4
-0.085746064598	0.109504409388595	48152-48175	logFC=-1.25 -log10(p)=8
0.035328058423883	0.267398612476449	48152-48176	logFC=-0.75 -log10(p)=3
0.046979648681714	-0.20741245224094	48152-48177	logFC=-0.75 -log10(p)=3
-0.02773642326766	-0.168665769933229	48152-48178	logFC=-1.25 -log10(p)=7
0.0677842107849001	-0.251088478568147	48152-48179	logFC=-1.5 -log10(p)=7
-0.0999390869438801	-0.306872220174371	48152-48180	logFC=-1.25 -log10(p)=6
-0.00921902305270006	-0.170917804909683	48152-48181	logFC=-1.5 -log10(p)=5
0.00722161861011994	-0.239945706197536	48152-48182	logFC=-1.25 -log10(p)=3
-0.108403202161269	-0.355751864264954	48152-48183	logFC=-0.5 -log10(p)=1
-0.048184445808048	0.16204254624293	48152-48184	logFC=-0.25 -log10(p)=0
-0.03292999062724	-0.0723311772147429	48152-48185	logFC=-1.5 -log10(p)=1
0.10346163272625	0.0616342296869974	48152-48186	logFC=-0.25 -log10(p)=0
0.07953413221168	-0.290044738511368	48152-48187	logFC=-1.25 -log10(p)=1
-0.08562930537791	-0.383322618640528	48152-48188	logFC=-1 -log10(p)=1
-0.075992055785891	0.113156813611737	48152-48189	logFC=-0.25 -log10(p)=0
0.00305760623658014	0.293659544920245	48152-48190	logFC=-3.75 -log10(p)=1
-0.030376966625976	0.230709535465219	48152-48191	logFC=-0.5 -log10(p)=0
-0.054960048572983	0.215833443852753	48152-48192	logFC=0.5 -log10(p)=0
-0.0454131836254901	-0.187893206606817	48152-48193	logFC=-1.75 -log10(p)=1
-0.00880925896362605	0.190526822020919	48152-48194	logFC=-0.5 -log10(p)=0
-0.057882529049648	0.480584202377309	48152-48195	logFC=-0.75 -log10(p)=0
0.0663811858281011	0.270399353765067	48152-48196	logFC=-0.75 -log10(p)=0
0.086059452290982	0.0382888712517807	48152-48197	logFC=-0.25 -log10(p)=0
-0.027742301150243	0.388544077855055	48152-48198	logFC=-0.75 -log10(p)=0
0.0396074513939801	0.239918053235837	48152-48199	logFC=-2.25 -log10(p)=1
-0.101746562436208	-0.329753463751832	48153-48153	logFC=-0.75 -log10(p)=21
-0.09705214012804	0.282186985682561	48153-48154	logFC=-0.5 -log10(p)=12
-0.073067129089719	0.0461987755748501	48153-48155	logFC=-0.25 -log10(p)=4
0.055735411240741	0.313794351266252	48153-48156	logFC=0 -log10(p)=0
-0.0996897004836293	-0.33363569745881	48153-48157	logFC=0 -log10(p)=1
0.114647098896126	0.0339710871946002	48153-48158	logFC=-0.25 -log10(p)=1
0.069988715571881	-0.361216540894228	48153-48159	logFC=-0.75 -log10(p)=10
-0.115993479907775	-0.128846306648862	48153-48160	logFC=-0.75 -log10(p)=11
0.104724906436727	-0.336899830344554	48153-48161	logFC=-0.75 -log10(p)=6
0.043273546490692	0.425459125492942	48153-48162	logFC=-0.75 -log10(p)=5
0.060242064362611	0.307305110887027	48153-48163	logFC=-0.75 -log10(p)=4
0.025724411471112	0.2081776554157	48153-48164	logFC=-0.75 -log10(p)=5
-0.000555528509513015	0.437614950437093	48153-48165	logFC=-0.75 -log10(p)=5
0.055004498393607	0.251836042579516	48153-48166	logFC=-0.25 -log10(p)=0
0.000653954959441011	0.0521387798990451	48153-48167	logFC=-0.25 -log10(p)=1
-0.0941883900828511	0.28484554994098	48153-48168	logFC=0 -log10(p)=0
0.089918666183287	0.464851409561928	48153-48169	logFC=-0.5 -log10(p)=2
0.016698642673329	-0.130635194680978	48153-48170	logFC=-0.5 -log10(p)=3
0.069122484464505	-0.121331686604039	48153-48171	logFC=-0.75 -log10(p)=4
0.09211880424148	-0.34678276895278	48153-48172	logFC=-0.75 -log10(p)=3
0.0664805243116789	0.181038654948815	48153-48173	logFC=-0.75 -log10(p)=3
-0.081180795356053	-0.10675785272295	48153-48174	logFC=-0.75 -log10(p)=5
0.116438948319602	-0.0286076171030709	48153-48175	logFC=-0.75 -log10(p)=3
-0.104406724332268	0.27346654303365	48153-48176	logFC=-0.5 -log10(p)=2
-0.00925054840963302	-0.367221402079529	48153-48177	logFC=-0.25 -log10(p)=1
0.10834827384584	-0.12929088562393	48153-48178	logFC=-1.25 -log10(p)=6
-0.074841883369003	0.06895618479582	48153-48179	logFC=-0.75 -log10(p)=3
-0.07946445354081	-0.007635231138861	48153-48180	logFC=-1 -log10(p)=4
-0.0496254966220699	0.358538379341534	48153-48181	logFC=-2 -log10(p)=6
-0.00150998662162805	0.312060428448844	48153-48182	logFC=-0.75 -log10(p)=1
-0.041400686064596	0.232384220742636	48153-48183	logFC=-0.25 -log10(p)=0
0.05674137162761	0.0949510253415866	48153-48184	logFC=-1.5 -log10(p)=1
0.09662733573614	-0.428550447875228	48153-48185	logFC=-4.75 -log10(p)=3
0.0776225231260099	0.405939158002531	48153-48186	logFC=-1.25 -log10(p)=0
0.062976969269128	0.276811893735079	48153-48187	logFC=-0.75 -log10(p)=0
0.030828613540403	0.307021163548823	48153-48188	logFC=-1 -log10(p)=0
-0.00507265547947977	-0.0145786349339727	48153-48189	logFC=-4.25 -log10(p)=2
-0.02266443213812	0.317800856675647	48153-48190	logFC=-1.25 -log10(p)=0
-0.0209828872843389	0.193426303144551	48153-48191	logFC=-0.5 -log10(p)=0
-0.021565705530597	0.225288952186237	48153-48192	logFC=-0.5 -log10(p)=0
0.000678875317640326	-0.0535137089194266	48153-48193	logFC=-4.25 -log10(p)=2
-0.0901061130496801	-0.487855058474958	48153-48194	logFC=-1.25 -log10(p)=1
0.030752236237413	0.309244229148348	48153-48195	logFC=-1 -log10(p)=0
-0.0778681437543902	0.218358920627903	48153-48196	logFC=-3.5 -log10(p)=1
-0.079798935875843	0.0688326546317435	48153-48197	logFC=0.25 -log10(p)=0
0.031978365856551	0.317298504990549	48153-48198	logFC=-1 -log10(p)=0
-0.0502378296688799	-0.101904859997944	48153-48199	logFC=-1.5 -log10(p)=1
-0.00360875806614003	-0.23108153789742	48154-48154	logFC=-0.75 -log10(p)=19
0.026901200095362	-0.347906818321608	48154-48155	logFC=-0.5 -log10(p)=10
0.086823974809859	-0.459003798605457	48154-48156	logFC=-0.25 -log10(p)=2
-0.077408793256792	0.284848824953979	48154-48157	logFC=-0.25 -log10(p)=4
0.0888344817866999	0.25146560657773	48154-48158	logFC=-0.75 -log10(p)=12
-0.00958383387492989	0.101482244732203	48154-48159	logFC=-1 -log10(p)=17
0.033912665245747	-0.298924971994628	48154-48160	logFC=-1 -log10(p)=14
-0.012438655895178	0.231564017347594	48154-48161	logFC=-0.75 -log10(p)=8
-0.0539249959794399	0.0695241756023286	48154-48162	logFC=-1 -log10(p)=12
-0.030712393012605	0.188315809602143	48154-48163	logFC=-0.75 -log10(p)=6
0.046271529525204	-0.464111943695345	48154-48164	logFC=-1 -log10(p)=10
-0.039938423754345	0.303238802824872	48154-48165	logFC=-0.75 -log10(p)=6
-0.071497222331004	-0.201703625820227	48154-48166	logFC=-0.5 -log10(p)=2
0.052055460551825	0.0127802313311842	48154-48167	logFC=-0.5 -log10(p)=3
0.112987221272006	0.104244299003339	48154-48168	logFC=-0.5 -log10(p)=2
-0.012763012990022	-0.26386043249121	48154-48169	logFC=-0.5 -log10(p)=4
-0.00850115756075898	0.201863667521785	48154-48170	logFC=-0.25 -log10(p)=1
0.0630383394380421	0.433154991755268	48154-48171	logFC=-0.75 -log10(p)=4
-0.0674471649794699	0.265665552142269	48154-48172	logFC=-1 -log10(p)=7
0.100476759872447	0.0110715906160159	48154-48173	logFC=-1 -log10(p)=5
0.021807508988067	0.136210528770588	48154-48174	logFC=-0.75 -log10(p)=4
0.0202202357376891	-0.299706593228668	48154-48175	logFC=-0.75 -log10(p)=4
-0.043624940688598	-0.139851188486313	48154-48176	logFC=-0.25 -log10(p)=1
-0.039692323269738	-0.379804999346567	48154-48177	logFC=-0.75 -log10(p)=4
-0.11201610073703	0.484114138574977	48154-48178	logFC=-0.5 -log10(p)=2
0.12157631997616	0.139384839443351	48154-48179	logFC=-1.25 -log10(p)=5
0.122458849194664	0.319742255830207	48154-48180	logFC=-1 -log10(p)=3
0.09415645456945	0.202628457589874	48154-48181	logFC=-1.25 -log10(p)=3
0.01524474960074	0.123454841857954	48154-48182	logFC=-1.25 -log10(p)=3
-0.069428389401832	-0.491736437631034	48154-48183	logFC=-0.5 -log10(p)=1
0.03867499654136	-0.0659724186462889	48154-48184	logFC=-2 -log10(p)=1
0.089676720859101	0.474244432409908	48154-48185	logFC=-1 -log10(p)=0
-0.08973669060566	0.123724044770511	48154-48186	logFC=-2.75 -log10(p)=2
-0.02895064100196	-0.311288498870226	48154-48187	logFC=-1.25 -log10(p)=1
-0.04081657526365	-0.0663986229521889	48154-48188	logFC=-1.5 -log10(p)=1
-0.115831535963128	0.239686932289596	48154-48189	logFC=0.75 -log10(p)=0
0.09622058324536	-0.272112362197514	48154-48190	logFC=-1.75 -log10(p)=1
-0.08579973601168	-0.488732089922436	48154-48191	logFC=-1.25 -log10(p)=1
0.0108358373185902	0.312553728376774	48154-48192	logFC=-3.75 -log10(p)=1
-0.04590383440119	-0.326001531214144	48154-48193	logFC=-2.5 -log10(p)=2
-0.08155742137544	0.291940710028669	48154-48194	logFC=-3.5 -log10(p)=1
0.09814330680101	0.145757803886709	48154-48195	logFC=0.25 -log10(p)=0
-0.101646185956995	0.372641611660541	48154-48196	logFC=-0.75 -log10(p)=0
-0.0599849017898699	-0.165316282007849	48154-48197	logFC=-1.75 -log10(p)=1
0.0458405887340601	-0.014702864952706	48154-48198	logFC=-2 -log10(p)=1
0.05151769960663	0.327464166892161	48154-48199	logFC=-1.5 -log10(p)=1
-0.122727314946718	0.0443761034057282	48155-48155	logFC=-0.5 -log10(p)=16
0.076917196181831	-0.447187500442089	48155-48156	logFC=-0.5 -log10(p)=9
-0.081972176093851	-0.453921220489882	48155-48157	logFC=-0.75 -log10(p)=18
0.0157105135061411	0.190080885623573	48155-48158	logFC=-1 -log10(p)=21
-0.11772940139414	0.405032252162151	48155-48159	logFC=-1.25 -log10(p)=25
0.0816211414302499	0.228800306701828	48155-48160	logFC=-1.5 -log10(p)=23
0.09790452128784	0.274141777122562	48155-48161	logFC=-1.25 -log10(p)=16
0.0260842567823301	0.237336703595172	48155-48162	logFC=-1.25 -log10(p)=16
-0.02156989044825	0.0304617074417024	48155-48163	logFC=-1 -log10(p)=12
-0.062650730113209	0.355414021369752	48155-48164	logFC=-0.75 -log10(p)=9
0.050252521087681	-0.268635310684553	48155-48165	logFC=-0.75 -log10(p)=7
0.099958910149914	-0.470001177680301	48155-48166	logFC=-0.75 -log10(p)=3
0.072539326612616	0.47595217433049	48155-48167	logFC=-0.75 -log10(p)=6
0.008140328603015	-0.266737780729375	48155-48168	logFC=-0.5 -log10(p)=4
0.02311054996354	-0.103712087946643	48155-48169	logFC=-0.75 -log10(p)=7
-0.026729693690917	0.33115099267605	48155-48170	logFC=-0.75 -log10(p)=6
-0.03431227865313	0.216340955797865	48155-48171	logFC=-1 -log10(p)=8
0.0559351503258401	0.28561133273098	48155-48172	logFC=-1.25 -log10(p)=9
-0.0203436870507601	-0.0723745826134437	48155-48173	logFC=-1.25 -log10(p)=10
-0.0083325010156301	0.270932944567255	48155-48174	logFC=-1 -log10(p)=7
0.03485557080229	-0.337896121740267	48155-48175	logFC=-0.75 -log10(p)=4
-0.077345887688403	0.49038312614472	48155-48176	logFC=-0.75 -log10(p)=4
0.0342410200576631	0.158551251012956	48155-48177	logFC=-1 -log10(p)=5
0.10605221477382	0.453897281201377	48155-48178	logFC=-1.25 -log10(p)=6
0.019746453270422	0.337353826147083	48155-48179	logFC=-1 -log10(p)=4
0.09165187319642	-0.00744445660247273	48155-48180	logFC=-1.75 -log10(p)=8
-0.00658034667690011	0.403559623763064	48155-48181	logFC=-1 -log10(p)=3
-0.10441639785315	0.227023523400558	48155-48182	logFC=-1 -log10(p)=3
0.11944032854889	0.396161273205557	48155-48183	logFC=-1.25 -log10(p)=2
0.00553626553824982	0.202406306313708	48155-48184	logFC=-2.25 -log10(p)=3
0.0681746613066401	0.21813520596488	48155-48185	logFC=-1.5 -log10(p)=1
-0.11006146332384	-0.0943612627981221	48155-48186	logFC=-2.75 -log10(p)=2
0.0112135598152301	-0.0455072538696917	48155-48187	logFC=-1.25 -log10(p)=1
0.0382083151602799	0.034915058398759	48155-48188	logFC=-1.5 -log10(p)=1
0.099806052338567	-0.427038085770903	48155-48189	logFC=-1 -log10(p)=1
0.0320246806993501	0.296374977154733	48155-48190	logFC=-4.5 -log10(p)=2
0.0644996374942	-0.329119136470414	48155-48191	logFC=-1.25 -log10(p)=1
0.0447886059831002	0.205829932948453	48155-48192	logFC=-2.25 -log10(p)=1
0.00487526770836011	0.410573562970298	48155-48193	logFC=-3 -log10(p)=2
-0.00566484742277007	-0.467028788613473	48155-48194	logFC=-1.75 -log10(p)=2
0.00221270200903989	-0.0953343931855666	48155-48195	logFC=-2.25 -log10(p)=2
0.069145637028797	0.0672251550809992	48155-48196	logFC=-0.25 -log10(p)=0
0.07591123870263	-0.203593754632787	48155-48197	logFC=-1.5 -log10(p)=1
0.0935703260171299	-0.170166938364344	48155-48198	logFC=-2.75 -log10(p)=2
-0.11770146859605	-0.0573100647508607	48155-48199	logFC=-1.25 -log10(p)=1
0.032308595823801	-0.165688472595928	48156-48156	logFC=-0.75 -log10(p)=18
0.102211355434514	-0.108849834034856	48156-48157	logFC=-0.75 -log10(p)=14
-0.087968688044655	0.130973227173975	48156-48158	logFC=-0.75 -log10(p)=18
0.0183373657530701	-0.136230594221736	48156-48159	logFC=-1.25 -log10(p)=24
-0.0156703666661999	0.0943032000064754	48156-48160	logFC=-1.25 -log10(p)=20
-0.10133755416599	-0.256367313496815	48156-48161	logFC=-1 -log10(p)=15
-0.0827712183081799	-0.321321008515017	48156-48162	logFC=-1 -log10(p)=14
-0.0582917547067701	0.344227530309945	48156-48163	logFC=-1 -log10(p)=12
-0.07889269928709	0.0163530393509426	48156-48164	logFC=-0.75 -log10(p)=9
0.090706524501629	-0.0690153692222015	48156-48165	logFC=-0.75 -log10(p)=6
0.028038836438156	-0.429446403842245	48156-48166	logFC=-1 -log10(p)=5
-0.091911799863683	0.148355635366561	48156-48167	logFC=-0.25 -log10(p)=2
0.070560617261888	0.11170923827032	48156-48168	logFC=-0.5 -log10(p)=3
-0.02927430089387	0.176163524466526	48156-48169	logFC=-0.75 -log10(p)=8
0.038077701096812	-0.0139002527550685	48156-48170	logFC=-0.5 -log10(p)=3
-0.012894453416702	0.0643928520086394	48156-48171	logFC=-0.75 -log10(p)=5
0.0471016015831161	-0.128658353239612	48156-48172	logFC=-1 -log10(p)=7
-0.03096725487248	0.326616152309333	48156-48173	logFC=-1 -log10(p)=7
0.102326287956427	-0.352456351209337	48156-48174	logFC=-1 -log10(p)=7
0.0914137329739459	-0.357955775587928	48156-48175	logFC=-1 -log10(p)=6
0.070375102368332	-0.385321910148554	48156-48176	logFC=-1 -log10(p)=6
0.0391130609839711	-0.441462489933933	48156-48177	logFC=-0.75 -log10(p)=4
0.119267194952876	-0.135145571958995	48156-48178	logFC=-0.75 -log10(p)=3
0.1197987372612	-0.252254433167493	48156-48179	logFC=-1.25 -log10(p)=6
0.022640964504848	0.291246264752396	48156-48180	logFC=-0.75 -log10(p)=2
-0.065660809518	-0.217641869306939	48156-48181	logFC=-1.25 -log10(p)=4
-0.014020831148414	-0.38773432242858	48156-48182	logFC=-0.75 -log10(p)=2
0.0868578418405499	0.429999991307575	48156-48183	logFC=-1.75 -log10(p)=2
-0.00751178974918099	-0.363105734763502	48156-48184	logFC=-0.75 -log10(p)=1
-0.0133013341253001	0.412701237057506	48156-48185	logFC=-3 -log10(p)=2
0.0842153970089401	-0.223048423947049	48156-48186	logFC=-1.25 -log10(p)=1
-0.075428591733387	0.32130736064654	48156-48187	logFC=-0.5 -log10(p)=0
-0.06834629786859	-0.134129370537121	48156-48188	logFC=-1.75 -log10(p)=1
0.12047563128264	-0.47244853855796	48156-48189	logFC=-4 -log10(p)=2
-0.00246960371266969	-0.0370950567080945	48156-48190	logFC=-4.25 -log10(p)=2
-0.0132360424661	-0.331913574630194	48156-48191	logFC=-4 -log10(p)=2
0.118585750724073	0.0509588681092975	48156-48192	logFC=0 -log10(p)=0
-0.0570569059857999	-0.40907979607928	48156-48193	logFC=-1 -log10(p)=1
-0.00635771147592485	0.00214004546439522	48156-48194	logFC=0 -log10(p)=0
0.09474435567136	0.322087433495332	48156-48195	logFC=-0.75 -log10(p)=0
0.05274738253866	-0.0300851517294779	48156-48196	logFC=-2 -log10(p)=1
-0.0931409110216901	-0.490119561602651	48156-48197	logFC=-1.25 -log10(p)=1
-0.11399878636516	0.144076501571722	48156-48198	logFC=-4.25 -log10(p)=2
0.0106606678600203	-0.268045778648891	48156-48199	logFC=-4.75 -log10(p)=3
0.013782017627139	-0.345545373528573	48157-48157	logFC=-0.75 -log10(p)=19
-0.042052341233209	0.0160264664311942	48157-48158	logFC=-0.5 -log10(p)=12
0.019860365419325	-0.086859156600223	48157-48159	logFC=-1 -log10(p)=20
-0.0909114413552501	-0.0576016249209523	48157-48160	logFC=-1 -log10(p)=19
0.070616564231018	-0.113705069476051	48157-48161	logFC=-0.75 -log10(p)=9
-0.0182380777925799	0.25226808454549	48157-48162	logFC=-1 -log10(p)=14
0.046750081019228	-0.219989192317661	48157-48163	logFC=-0.75 -log10(p)=7
0.020300501119126	-0.190678214905557	48157-48164	logFC=-0.75 -log10(p)=8
0.033417281171287	-0.269561792914738	48157-48165	logFC=-0.5 -log10(p)=4
0.012284853099744	-0.400390533110749	48157-48166	logFC=-0.5 -log10(p)=2
-0.081925468318186	0.28628445714537	48157-48167	logFC=-0.25 -log10(p)=2
-0.069220491187065	-0.0446505090458922	48157-48168	logFC=-0.25 -log10(p)=2
-0.091096633321925	0.400645896745118	48157-48169	logFC=-0.25 -log10(p)=2
0.076268807833769	0.202575069703729	48157-48170	logFC=-0.5 -log10(p)=3
0.089932402350915	0.463099657847863	48157-48171	logFC=-0.5 -log10(p)=2
0.039918210995698	0.38767039197853	48157-48172	logFC=-0.75 -log10(p)=4
-0.014075376756216	-0.351929755210792	48157-48173	logFC=-0.5 -log10(p)=3
0.073142378101292	-0.491219288520417	48157-48174	logFC=-0.75 -log10(p)=5
0.108596487419181	0.252525807858648	48157-48175	logFC=-1 -log10(p)=6
-0.100369861031175	-0.342438497698089	48157-48176	logFC=-0.75 -log10(p)=6
-0.100334609376472	-0.255295876038601	48157-48177	logFC=-0.5 -log10(p)=3
-0.100641292044343	0.374641734231683	48157-48178	logFC=-0.75 -log10(p)=5
-0.061384222145776	-0.477300265589665	48157-48179	logFC=-0.75 -log10(p)=4
-0.10443494419305	-0.409051551142668	48157-48180	logFC=-1.25 -log10(p)=7
-0.0978946647211401	-0.0765451753754078	48157-48181	logFC=-1.25 -log10(p)=5
0.065887794380533	-0.0253114909624275	48157-48182	logFC=-1 -log10(p)=3
-0.02560682612878	0.255202777145273	48157-48183	logFC=-0.25 -log10(p)=0
-0.00486167693200001	0.468297876763309	48157-48184	logFC=-1 -log10(p)=0
-0.076189052277712	0.324157884881095	48157-48185	logFC=-0.5 -log10(p)=0
-0.104165243433	0.277400827931703	48157-48186	logFC=-1.75 -log10(p)=1
-0.0163824124466501	-0.388805107575598	48157-48187	logFC=-1.5 -log10(p)=1
0.05743333643714	-0.0564769485953269	48157-48188	logFC=-2 -log10(p)=1
-0.00184873858284984	-0.392012555349661	48157-48189	logFC=-4 -log10(p)=2
0.0507379115111399	-0.0764986944916051	48157-48190	logFC=1.5 -log10(p)=1
0.0931581723128301	0.167234071732892	48157-48191	logFC=-3.5 -log10(p)=1
0.0984600838041001	-0.284561221651946	48157-48192	logFC=-1.75 -log10(p)=1
-0.0647585209067199	-0.408672530273559	48157-48193	logFC=-2.5 -log10(p)=2
-0.0608021527331399	-0.311078366483062	48157-48194	logFC=-1.25 -log10(p)=1
-0.066315449163679	0.0733754192069687	48157-48195	logFC=0.25 -log10(p)=0
-0.0717647306156399	0.0426942305754956	48157-48196	logFC=-2 -log10(p)=1
0.0430161641926401	-0.217085887751115	48157-48197	logFC=-2.75 -log10(p)=1
0.00104013547580006	-0.399855135380723	48157-48198	logFC=-4 -log10(p)=2
0.0200644031972601	-0.00754036205417996	48157-48199	logFC=-1.25 -log10(p)=1
-0.029442824414012	0.364690914107239	48158-48158	logFC=-0.75 -log10(p)=19
-0.121479687144891	0.294865483786399	48158-48159	logFC=-0.75 -log10(p)=19
-0.0748334990076111	-0.136044188743169	48158-48160	logFC=-0.75 -log10(p)=14
0.034954581727228	0.0723796850128977	48158-48161	logFC=-0.5 -log10(p)=5
0.022238303689216	0.142968750629924	48158-48162	logFC=-0.75 -log10(p)=9
0.070286623420223	0.372929911651188	48158-48163	logFC=-0.75 -log10(p)=7
0.043491039083513	0.301860088616091	48158-48164	logFC=-0.5 -log10(p)=4
-0.046913801304522	-0.0123237309422144	48158-48165	logFC=-0.25 -log10(p)=2
-0.018984129393078	-0.00381815825651355	48158-48166	logFC=-0.5 -log10(p)=2
-0.106297812141048	0.485155023418683	48158-48167	logFC=0 -log10(p)=0
-0.115104866990291	-0.491288300974796	48158-48168	logFC=0 -log10(p)=1
0.100711556096274	-0.201759642344224	48158-48169	logFC=-0.25 -log10(p)=1
0.100393591772105	-0.303816328016638	48158-48170	logFC=-0.25 -log10(p)=1
-0.103893246819221	0.106023947606646	48158-48171	logFC=-0.25 -log10(p)=2
0.056820985556119	-0.434693042623927	48158-48172	logFC=-0.75 -log10(p)=5
0.10624519528454	-0.208044295073347	48158-48173	logFC=-0.5 -log10(p)=2
0.097576901527835	0.193641563629425	48158-48174	logFC=-0.5 -log10(p)=2
-0.075378105621469	-0.06399587331431	48158-48175	logFC=-0.75 -log10(p)=6
0.082626235624045	-0.171372949193329	48158-48176	logFC=-0.5 -log10(p)=2
-0.071851928824388	0.146240079780269	48158-48177	logFC=-0.25 -log10(p)=1
-0.071080484520279	-0.306233023321303	48158-48178	logFC=-0.75 -log10(p)=5
0.04294682755215	0.124578047449425	48158-48179	logFC=-1 -log10(p)=5
0.1037069811807	-0.47444249742078	48158-48180	logFC=-1.25 -log10(p)=6
-0.11884152584372	0.208230344134047	48158-48181	logFC=-1.75 -log10(p)=7
-0.0230064653881701	-0.316056538436777	48158-48182	logFC=-1.25 -log10(p)=4
0.119704025077945	-0.477186455147103	48158-48183	logFC=-0.75 -log10(p)=1
0.0653257453612081	-0.262886113274332	48158-48184	logFC=-1 -log10(p)=1
0.0591614618866201	0.18216569604605	48158-48185	logFC=-2 -log10(p)=2
0.0455817014745299	-0.020712705858925	48158-48186	logFC=-2 -log10(p)=1
0.120295670022664	0.0393853428431707	48158-48187	logFC=-0.25 -log10(p)=0
0.00692076040531497	0.457870186534215	48158-48188	logFC=-1 -log10(p)=0
0.102609633666101	0.308283139760582	48158-48189	logFC=-0.75 -log10(p)=0
0.115752743879932	0.0398460218884784	48158-48190	logFC=-0.25 -log10(p)=0
0.0636636728171101	-0.431390852670918	48158-48191	logFC=1 -log10(p)=1
-0.0868985665809301	-0.0628542968549302	48158-48192	logFC=-1.25 -log10(p)=1
-0.014266878972456	0.191517132653292	48158-48193	logFC=-0.5 -log10(p)=0
-0.117349670301249	0.250399754276876	48158-48194	logFC=0.75 -log10(p)=0
0.0847573607673198	0.0582641249213212	48158-48195	logFC=-5 -log10(p)=3
-0.00741495154990979	-0.0391177325164025	48158-48196	logFC=-4.25 -log10(p)=2
-0.05403206376838	-0.374615849071626	48158-48197	logFC=-1.25 -log10(p)=1
-0.039947968517456	0.132741643759751	48158-48198	logFC=-0.25 -log10(p)=0
-0.045753668598319	-0.486861404454829	48158-48199	logFC=-0.75 -log10(p)=1
0.084038507851952	-0.465033332707964	48159-48159	logFC=-1 -log10(p)=24
-0.063994753424499	-0.482735178859659	48159-48160	logFC=-0.25 -log10(p)=5
0.0144301694297579	0.0660887581656198	48159-48161	logFC=0 -log10(p)=0
0.078010530149658	-0.435775225306212	48159-48162	logFC=-0.5 -log10(p)=6
0.025875217781576	-0.451847620076382	48159-48163	logFC=-0.5 -log10(p)=6
0.118427242390784	0.300271353804042	48159-48164	logFC=-0.5 -log10(p)=4
0.0107365296728055	0.0422365833382538	48159-48165	logFC=0 -log10(p)=0
-0.106833966859766	-0.313691187440811	48159-48166	logFC=-0.25 -log10(p)=2
-0.072830597214081	0.19072364479637	48159-48167	logFC=0.25 -log10(p)=1
-0.048612126297182	0.399864203117429	48159-48168	logFC=0.25 -log10(p)=1
0.0858733627916176	0.453860629349207	48159-48169	logFC=0 -log10(p)=0
-0.080960198809054	-0.0607902089982693	48159-48170	logFC=0.25 -log10(p)=1
-0.09725149316955	0.410402455578994	48159-48171	logFC=0 -log10(p)=0
-0.029931922444189	-0.381927426214906	48159-48172	logFC=-0.5 -log10(p)=4
0.034046540892929	-0.143222621844301	48159-48173	logFC=-0.5 -log10(p)=3
0.08214826599037	-0.0860064454357348	48159-48174	logFC=-0.5 -log10(p)=3
0.022577091775386	0.0796543662628313	48159-48175	logFC=-0.75 -log10(p)=6
-0.026547050425157	0.250414965318998	48159-48176	logFC=-0.25 -log10(p)=1
-0.067321015047557	0.35518648190639	48159-48177	logFC=-0.25 -log10(p)=1
0.047683765464121	0.426822098474883	48159-48178	logFC=-0.5 -log10(p)=2
-0.10291479685202	0.382110069403985	48159-48179	logFC=-1 -log10(p)=7
-0.12487890008663	0.433392482797681	48159-48180	logFC=-1 -log10(p)=6
0.11933538947866	-0.280079939541038	48159-48181	logFC=-1.5 -log10(p)=6
-0.11193428019846	0.169778048684176	48159-48182	logFC=-1.25 -log10(p)=4
-0.0510457540926299	-0.469245134572244	48159-48183	logFC=-1 -log10(p)=2
-0.0913576571755299	0.174717471575456	48159-48184	logFC=-2.25 -log10(p)=2
-0.01761165108551	0.336220623434628	48159-48185	logFC=-1.5 -log10(p)=1
0.097568555463325	-0.487018111106584	48159-48186	logFC=-1 -log10(p)=1
0.00287354298692	0.123334565044142	48159-48187	logFC=-1.75 -log10(p)=1
0.03364659517643	0.252292525920448	48159-48188	logFC=-2.25 -log10(p)=1
-0.00579462387447993	-0.393534169307677	48159-48189	logFC=-1.5 -log10(p)=1
-0.00387620202814998	-0.379390302866023	48159-48190	logFC=-1.5 -log10(p)=1
-0.088860420862731	0.360266098488629	48159-48191	logFC=-0.75 -log10(p)=0
-0.0796314220976502	0.0980253422919033	48159-48192	logFC=-2 -log10(p)=1
0.067782398726113	0.386675583651461	48159-48193	logFC=0.75 -log10(p)=0
0.0370497047573801	0.275004245486864	48159-48194	logFC=-4.5 -log10(p)=2
-0.018804292630085	0.190732753075894	48159-48195	logFC=-0.5 -log10(p)=0
0.0147231541544701	0.421664242873222	48159-48196	logFC=-3.75 -log10(p)=1
-0.108215712711566	0.355298440388739	48159-48197	logFC=-0.75 -log10(p)=0
-0.10493857119001	-0.485775557672614	48159-48198	logFC=-1.25 -log10(p)=1
0.0724528676180201	-0.204058966155676	48159-48199	logFC=-1.5 -log10(p)=1
-0.086288435455695	-0.298850430069633	48160-48160	logFC=-0.5 -log10(p)=14
0.056088443290877	0.303621219873764	48160-48161	logFC=-0.25 -log10(p)=2
0.073172829004596	-0.076843241783747	48160-48162	logFC=-0.75 -log10(p)=12
0.021671311658615	-0.404178264603946	48160-48163	logFC=-0.75 -log10(p)=13
-0.037948931216673	-0.125233589738565	48160-48164	logFC=-0.75 -log10(p)=14
-0.021577996220096	-0.2211680771096	48160-48165	logFC=-0.25 -log10(p)=3
-0.0104813565595639	-0.104168919181331	48160-48166	logFC=-0.75 -log10(p)=7
-0.0961219093534695	-0.405542059358079	48160-48167	logFC=0 -log10(p)=1
-0.0516360718616911	0.242453112550197	48160-48168	logFC=0 -log10(p)=0
-0.111172619443338	-0.030254269902905	48160-48169	logFC=0.25 -log10(p)=1
-0.00218771955525801	0.0297913084409318	48160-48170	logFC=0.25 -log10(p)=2
-0.0818397138099104	0.367566842205968	48160-48171	logFC=0 -log10(p)=0
-0.072156704376033	0.0252879378982231	48160-48172	logFC=-0.25 -log10(p)=2
-0.014641419752797	0.4523239392205	48160-48173	logFC=-0.5 -log10(p)=4
-0.10290887064709	-0.42940236342766	48160-48174	logFC=-0.25 -log10(p)=3
0.0966321745972	-0.401452818600694	48160-48175	logFC=-0.5 -log10(p)=3
-0.107462010154415	0.118021168451326	48160-48176	logFC=-0.25 -log10(p)=2
-0.044351029760698	0.410149282217595	48160-48177	logFC=-0.25 -log10(p)=1
-0.045590121581543	0.413289029000028	48160-48178	logFC=-0.25 -log10(p)=1
-0.0595112809280221	-0.289710577884697	48160-48179	logFC=-0.5 -log10(p)=3
-0.09575257750749	0.387775047451461	48160-48180	logFC=-0.5 -log10(p)=2
-0.06086009149356	0.191591082733544	48160-48181	logFC=-1 -log10(p)=4
0.04725766329324	0.368047742426935	48160-48182	logFC=-1.25 -log10(p)=5
0.122463188680972	0.0423602639908243	48160-48183	logFC=-0.75 -log10(p)=1
-0.00988098489438993	-0.155510235943584	48160-48184	logFC=-2.75 -log10(p)=4
-0.00836924891570012	-0.0367863555799108	48160-48185	logFC=-2.25 -log10(p)=2
-0.02140707296949	0.483823375047568	48160-48186	logFC=-2.5 -log10(p)=2
0.010991468167051	-0.329839361233261	48160-48187	logFC=-1 -log10(p)=1
0.0747864141029799	0.301429708022698	48160-48188	logFC=-3 -log10(p)=2
0.072097060296886	0.0616260269216126	48160-48189	logFC=-0.25 -log10(p)=0
-0.063525146637053	0.207674578808446	48160-48190	logFC=0.5 -log10(p)=0
-0.000760695354270036	-0.391943301921849	48160-48191	logFC=-1.5 -log10(p)=1
0.070331214019825	0.082922221947602	48160-48192	logFC=-0.25 -log10(p)=0
0.00521474475927009	-0.209344535591914	48160-48193	logFC=-1.25 -log10(p)=1
0.0162973470091803	0.278992410364389	48160-48194	logFC=-5 -log10(p)=3
6.53245985899886e-05	-0.0448453920327661	48160-48195	logFC=-2.25 -log10(p)=2
0.0891362595037799	0.412328591801832	48160-48196	logFC=-1.25 -log10(p)=0
-0.10001935859415	0.497827508890985	48160-48197	logFC=-1.25 -log10(p)=0
-0.0655408785579699	0.338894516291697	48160-48198	logFC=-4.5 -log10(p)=2
-0.073173641794592	0.068496174258238	48160-48199	logFC=0.25 -log10(p)=0
0.044747240472222	0.368975259583616	48161-48161	logFC=-0.5 -log10(p)=9
0.0894635552636281	0.00524432920380669	48161-48162	logFC=-0.75 -log10(p)=14
-0.094904347702755	0.412204650008189	48161-48163	logFC=-0.75 -log10(p)=17
-0.05984532621566	-0.492764413380034	48161-48164	logFC=-0.75 -log10(p)=18
0.11686081868217	0.13858092974029	48161-48165	logFC=-0.25 -log10(p)=1
-0.09554590847065	0.462648831094935	48161-48166	logFC=-0.5 -log10(p)=6
0.00345444378479798	-0.214865247427497	48161-48167	logFC=0.25 -log10(p)=3
-0.079469116380626	0.30004335207549	48161-48168	logFC=0.5 -log10(p)=5
-0.102934441236045	0.0339579637492227	48161-48169	logFC=0.5 -log10(p)=5
-0.020340730055769	-0.092536680900114	48161-48170	logFC=1 -log10(p)=17
0.037511200766629	-0.0456185904994548	48161-48171	logFC=0.5 -log10(p)=6
0.073020776849991	0.473567015302876	48161-48172	logFC=-0.5 -log10(p)=3
-0.120206284042533	-0.261279389363387	48161-48173	logFC=-0.25 -log10(p)=3
-0.0109013125607415	0.034142769786468	48161-48174	logFC=0 -log10(p)=0
-0.000866217744546812	0.00226795310879319	48161-48175	logFC=0 -log10(p)=0
0.103078353175426	0.356518018055804	48161-48176	logFC=0 -log10(p)=0
0.0374270750630901	0.106139687853366	48161-48177	logFC=0 -log10(p)=0
-0.0668250059117195	0.192740789243752	48161-48178	logFC=0 -log10(p)=0
-0.004448427401061	0.446381745566595	48161-48179	logFC=-0.5 -log10(p)=2
0.065545256483753	-0.229699626425919	48161-48180	logFC=-0.5 -log10(p)=2
-0.08521580858755	-0.0926125847402481	48161-48181	logFC=-0.75 -log10(p)=3
-0.00630929145784598	-0.443051220999735	48161-48182	logFC=-0.25 -log10(p)=1
0.00893938088264701	0.340447139431847	48161-48183	logFC=-0.75 -log10(p)=1
0.0983170823527399	-0.219154138019448	48161-48184	logFC=-2.25 -log10(p)=3
0.0875383714062401	0.165313800342075	48161-48185	logFC=-2 -log10(p)=2
0.11599747203793	0.176104087002448	48161-48186	logFC=-1.5 -log10(p)=1
-0.0482909069221402	-0.397645433855583	48161-48187	logFC=-2.5 -log10(p)=2
-0.10339700098883	0.327404084604707	48161-48188	logFC=-1.5 -log10(p)=1
0.04624668267121	-0.0303082488361108	48161-48189	logFC=-2 -log10(p)=1
-0.0439380439845101	-0.0940245284979753	48161-48190	logFC=-1.5 -log10(p)=1
-0.048032701331051	0.149714193398761	48161-48191	logFC=-0.25 -log10(p)=0
0.00670230799183369	0.0020909585582277	48161-48192	logFC=0 -log10(p)=0
-0.02859288692925	0.211758784765825	48161-48193	logFC=-1.5 -log10(p)=1
-0.0121972911978201	-0.186004546414982	48161-48194	logFC=-2.75 -log10(p)=2
-0.0940998269658899	-0.237453313907766	48161-48195	logFC=-1 -log10(p)=1
0.01514103532433	0.225833831052522	48161-48196	logFC=-2.25 -log10(p)=1
-0.035937307969655	0.411278661468429	48161-48197	logFC=-0.75 -log10(p)=0
-0.087397296431675	0.13326805336338	48161-48198	logFC=-0.25 -log10(p)=0
0.098316936352698	0.466900630894603	48161-48199	logFC=-0.75 -log10(p)=0
0.111866626588142	-0.444875196974496	48162-48162	logFC=-0.5 -log10(p)=8
-0.0864321373313548	-0.313649954022174	48162-48163	logFC=0 -log10(p)=1
0.061265519884911	-0.0260622348660706	48162-48164	logFC=-0.25 -log10(p)=2
0.0713966925412212	0.472012276835972	48162-48165	logFC=0 -log10(p)=0
-0.095124914270098	0.0441248499018165	48162-48166	logFC=-0.5 -log10(p)=6
-0.070494171825719	-0.384788857645313	48162-48167	logFC=0.25 -log10(p)=2
-0.085567450144583	0.20905666803721	48162-48168	logFC=0.5 -log10(p)=5
-0.017972441975566	0.0179444585347794	48162-48169	logFC=0.25 -log10(p)=2
0.115812495362965	-0.489954452065415	48162-48170	logFC=0.25 -log10(p)=4
-0.113399438669788	-0.268048306525679	48162-48171	logFC=0.25 -log10(p)=1
-0.111166281661615	-0.498024419807505	48162-48172	logFC=-0.5 -log10(p)=6
-0.00139938731384903	0.20945091273136	48162-48173	logFC=-0.5 -log10(p)=4
-0.115830048389887	0.460440318980198	48162-48174	logFC=-0.25 -log10(p)=2
-0.013258943994441	0.257540611070886	48162-48175	logFC=-0.25 -log10(p)=1
-0.106123165970322	0.349241357050684	48162-48176	logFC=0 -log10(p)=0
-0.044948057323377	0.26825643197361	48162-48177	logFC=-0.25 -log10(p)=1
-0.003155163549864	0.185079251707908	48162-48178	logFC=-0.5 -log10(p)=3
-0.017807880025255	0.430825757519128	48162-48179	logFC=-0.75 -log10(p)=4
0.048364160417975	0.0669670530154791	48162-48180	logFC=-0.75 -log10(p)=3
-0.08135197904462	-0.0195950627878005	48162-48181	logFC=-1 -log10(p)=5
0.041822448538774	-0.301029877170639	48162-48182	logFC=-0.75 -log10(p)=3
0.0379238730290401	-0.251525301785727	48162-48183	logFC=-1.25 -log10(p)=3
-0.035810721772026	-0.151588689585184	48162-48184	logFC=-0.75 -log10(p)=1
0.1243757044363	-0.396640664169041	48162-48185	logFC=-1.5 -log10(p)=2
0.0928535379714699	-0.163085523932968	48162-48186	logFC=-1.25 -log10(p)=1
-0.0432210955710181	0.357728680201656	48162-48187	logFC=-0.5 -log10(p)=0
-0.11998654074415	-0.415932767186499	48162-48188	logFC=-3 -log10(p)=3
0.0149305709861598	0.381006518172667	48162-48189	logFC=-3 -log10(p)=2
-0.0557186188391601	-0.407758599637252	48162-48190	logFC=-2.5 -log10(p)=2
0.108113791175415	0.295958892731449	48162-48191	logFC=-0.75 -log10(p)=0
0.113681226415897	0.0476435847324805	48162-48192	logFC=0 -log10(p)=0
-0.0424990864502699	-0.39358354516325	48162-48193	logFC=-2.5 -log10(p)=2
0.043941252752305	0.233749266231955	48162-48194	logFC=-0.5 -log10(p)=0
0.09937747447282	-0.272125810932063	48162-48195	logFC=-1.25 -log10(p)=1
-0.0174266253814599	-0.166752514176063	48162-48196	logFC=-1.5 -log10(p)=1
0.00513330129404099	0.46833593807398	48162-48197	logFC=-1 -log10(p)=0
0.055118788871476	0.178744886999338	48162-48198	logFC=0.25 -log10(p)=0
-0.0687364939859201	0.0303349951307939	48162-48199	logFC=-1 -log10(p)=1
0.00640798087095501	0.184039179144163	48163-48163	logFC=-0.5 -log10(p)=10
-0.115599936522323	0.0738716265492052	48163-48164	logFC=0 -log10(p)=1
-0.0401801570673273	0.223402802580814	48163-48165	logFC=0 -log10(p)=0
0.063471102796166	-0.258408020623027	48163-48166	logFC=-0.5 -log10(p)=4
0.0800746632764525	0.459190104725645	48163-48167	logFC=0 -log10(p)=0
-0.00109567242664599	0.0958760239084175	48163-48168	logFC=0.25 -log10(p)=2
0.088506269506619	-0.0101886919450551	48163-48169	logFC=-0.25 -log10(p)=1
-0.024155197308859	0.462038231281668	48163-48170	logFC=0.25 -log10(p)=1
-0.0459068975150863	0.153179408650209	48163-48171	logFC=0 -log10(p)=0
-0.053832705730498	0.384074412513161	48163-48172	logFC=-0.75 -log10(p)=7
0.026463872802668	0.160064017680442	48163-48173	logFC=-0.75 -log10(p)=6
-0.091909587610937	-0.0855589622427229	48163-48174	logFC=-0.25 -log10(p)=2
-0.119752615403481	-0.318588766261031	48163-48175	logFC=-0.25 -log10(p)=2
-0.107740771290693	-0.497784729882138	48163-48176	logFC=-0.25 -log10(p)=2
0.079141186792365	0.493558043818445	48163-48177	logFC=-0.25 -log10(p)=0
0.090211437967531	-0.118999040897823	48163-48178	logFC=-0.5 -log10(p)=2
-0.120965105462415	-0.224254181489817	48163-48179	logFC=-0.75 -log10(p)=5
0.06280001649894	-0.372214882545483	48163-48180	logFC=-1 -log10(p)=5
-0.098219891792404	-0.0876393248136105	48163-48181	logFC=-0.75 -log10(p)=3
0.118165028829626	-0.235531255123773	48163-48182	logFC=-0.75 -log10(p)=2
0.073503152025425	0.138335720199026	48163-48183	logFC=-1 -log10(p)=2
-0.00910687252491993	-0.0218019742457083	48163-48184	logFC=-1.5 -log10(p)=2
-0.063135193938228	0.205831279071341	48163-48185	logFC=-0.25 -log10(p)=0
-0.01113645077001	-0.207284683132559	48163-48186	logFC=-1 -log10(p)=1
-0.0275567945208199	-0.187022312187366	48163-48187	logFC=-1 -log10(p)=1
0.073612555979479	0.20499263437198	48163-48188	logFC=-0.5 -log10(p)=0
0.06044531326471	-0.236715047534322	48163-48189	logFC=-1.5 -log10(p)=1
0.056233802697725	0.396925303308305	48163-48190	logFC=-0.75 -log10(p)=0
-0.098851988404706	0.371320549273735	48163-48191	logFC=-0.75 -log10(p)=0
0.097149036381681	-0.435172448326448	48163-48192	logFC=-1 -log10(p)=1
0.0513321470757502	0.471472116822292	48163-48193	logFC=-2.5 -log10(p)=1
0.09337338100718	0.0625460334439782	48163-48194	logFC=-1.75 -log10(p)=1
0.0650045673763899	-0.0544775080066557	48163-48195	logFC=-1.5 -log10(p)=1
-0.10915124603896	0.151639153069477	48163-48196	logFC=-0.25 -log10(p)=0
0.063618259972324	0.278133513508217	48163-48197	logFC=-0.75 -log10(p)=0
0.061144611860221	0.409618197201529	48163-48198	logFC=-0.75 -log10(p)=0
-0.0172252237562001	0.0364254083368523	48163-48199	logFC=-2.25 -log10(p)=2
0.039569981359396	-0.136298338563087	48164-48164	logFC=-0.5 -log10(p)=10
-0.0955291435229478	-0.188152921519884	48164-48165	logFC=0 -log10(p)=1
-0.028100729441189	0.264411666312755	48164-48166	logFC=-0.5 -log10(p)=6
-0.116342032650926	-0.139290126335217	48164-48167	logFC=0 -log10(p)=1
0.0584281571321349	0.30089271240671	48164-48168	logFC=0 -log10(p)=0
0.047171877737217	-0.0661543024697071	48164-48169	logFC=-0.5 -log10(p)=6
-0.023378994880562	0.284124536417934	48164-48170	logFC=-0.25 -log10(p)=2
-0.096168267088061	-0.314668744365595	48164-48171	logFC=-0.25 -log10(p)=3
0.080583255803765	0.157701142932194	48164-48172	logFC=-1 -log10(p)=10
-0.058214439841097	-0.402049422973752	48164-48173	logFC=-0.75 -log10(p)=9
-0.00313663973898604	0.430211552528604	48164-48174	logFC=-0.75 -log10(p)=7
-0.102357701872123	-0.108802939081477	48164-48175	logFC=-0.75 -log10(p)=7
0.082576650637417	0.321096853171287	48164-48176	logFC=-0.5 -log10(p)=2
0.084096186551141	0.0396236544177704	48164-48177	logFC=-0.5 -log10(p)=2
0.066575088071234	-0.125598502366392	48164-48178	logFC=-0.75 -log10(p)=5
0.0328762777840801	-0.00293339730459863	48164-48179	logFC=-1.25 -log10(p)=10
0.014379861883517	-0.304321120244957	48164-48180	logFC=-0.75 -log10(p)=4
-0.06536949443623	0.0808591559460981	48164-48181	logFC=-1.25 -log10(p)=7
-0.08808071953029	0.0458723691636322	48164-48182	logFC=-1 -log10(p)=5
-0.06916073455871	0.16445196356789	48164-48183	logFC=-1 -log10(p)=3
0.103814375370856	0.47386478075656	48164-48184	logFC=-0.5 -log10(p)=0
-0.07194019096708	0.483684445340571	48164-48185	logFC=-1 -log10(p)=1
0.095531680145286	0.346577829924142	48164-48186	logFC=-0.5 -log10(p)=0
0.04740929263147	0.228305830815826	48164-48187	logFC=-0.5 -log10(p)=0
-0.027277461032898	-0.375627820840398	48164-48188	logFC=-0.75 -log10(p)=1
0.028718604425932	-0.161158058052292	48164-48189	logFC=-1 -log10(p)=1
-0.037718430285933	0.134242544902888	48164-48190	logFC=-0.25 -log10(p)=0
0.082700840476949	-0.471612427443968	48164-48191	logFC=-1 -log10(p)=1
0.053086795787482	0.319694074578982	48164-48192	logFC=-0.5 -log10(p)=0
0.0939192367383599	-0.284572205368836	48164-48193	logFC=-1.25 -log10(p)=1
0.087503229655078	-0.234149270461668	48164-48194	logFC=-1 -log10(p)=1
-0.032507758724165	0.306054430988169	48164-48195	logFC=-0.5 -log10(p)=0
-0.091229690019857	0.065756664129281	48164-48196	logFC=0.25 -log10(p)=0
-0.087524025893199	0.321863951768933	48164-48197	logFC=-0.5 -log10(p)=0
0.0212981287996596	-0.14655213090558	48164-48198	logFC=-5.25 -log10(p)=4
0.0484923523361469	0.0271209513609588	48164-48199	logFC=0 -log10(p)=0
-0.122650984489757	-0.204289682201404	48165-48165	logFC=-0.5 -log10(p)=14
-0.108171691530616	0.146835221805803	48165-48166	logFC=-0.75 -log10(p)=14
-0.067824518401358	-0.424493537083606	48165-48167	logFC=-0.25 -log10(p)=5
0.088524746108778	0.339564265403559	48165-48168	logFC=-0.25 -log10(p)=1
0.057424098484878	-0.231908512410705	48165-48169	logFC=-0.75 -log10(p)=12
-0.067392499221706	-0.0479856997619583	48165-48170	logFC=-0.25 -log10(p)=3
0.092433350406006	-0.33531802799313	48165-48171	logFC=-0.75 -log10(p)=8
-0.08737927796534	-0.130931745995994	48165-48172	logFC=-1.25 -log10(p)=16
0.03355200246138	-0.363520790961129	48165-48173	logFC=-1.25 -log10(p)=15
0.097400551441002	-0.0471099552288514	48165-48174	logFC=-1 -log10(p)=10
-0.0093583840809599	0.192465707502258	48165-48175	logFC=-1 -log10(p)=9
0.042440744565166	0.210615265173018	48165-48176	logFC=-0.75 -log10(p)=5
-0.068487934854606	0.0472632237123083	48165-48177	logFC=-0.75 -log10(p)=6
0.121805184377697	-0.279239764603727	48165-48178	logFC=-1 -log10(p)=7
-0.0970527277227	-0.151523554137873	48165-48179	logFC=-1.25 -log10(p)=11
-0.0836059206497799	-0.0882255153505769	48165-48180	logFC=-1 -log10(p)=6
0.06915626568803	0.409760155431054	48165-48181	logFC=-1.25 -log10(p)=6
-0.112250023297377	0.276080580038857	48165-48182	logFC=-0.75 -log10(p)=3
0.05208860630566	0.165496955268829	48165-48183	logFC=-1.5 -log10(p)=5
0.019573611542747	0.331040866367053	48165-48184	logFC=-1 -log10(p)=1
-0.0925741956113499	0.411981658234598	48165-48185	logFC=-1.25 -log10(p)=1
-0.021946441197824	0.343294771391711	48165-48186	logFC=-0.5 -log10(p)=0
-0.022647385612217	0.145870437270045	48165-48187	logFC=-0.25 -log10(p)=0
0.04363837399799	0.470204137357139	48165-48188	logFC=-2 -log10(p)=1
0.09487614330762	-0.242150614571288	48165-48189	logFC=-1.25 -log10(p)=1
0.011654676089478	0.309362733320165	48165-48190	logFC=0.5 -log10(p)=0
-0.0110987415264496	-0.2783740925972	48165-48191	logFC=-4.25 -log10(p)=2
-0.0197591710567999	-0.330279465924773	48165-48192	logFC=-1.25 -log10(p)=1
0.0455922599212516	0.0290918210076833	48165-48193	logFC=0 -log10(p)=0
0.11864345893669	0.227851086643541	48165-48194	logFC=-2.5 -log10(p)=2
-0.0673793583622581	0.0326678373626497	48165-48195	logFC=0 -log10(p)=0
-0.098954770732622	0.351537818593339	48165-48196	logFC=0.75 -log10(p)=0
-0.032784555062389	0.294389433712526	48165-48197	logFC=-0.5 -log10(p)=0
-0.0266843804263199	-0.151349598040247	48165-48198	logFC=-1.25 -log10(p)=1
-0.05203022875679	-0.0788667824479907	48165-48199	logFC=-1.75 -log10(p)=2
0.0802148347787	0.176246128278418	48166-48166	logFC=-1.75 -log10(p)=27
-0.10895346138	0.454608921759585	48166-48167	logFC=-0.5 -log10(p)=10
0.00314738761488098	0.273156468773117	48166-48168	logFC=-0.5 -log10(p)=5
0.03793028680023	-0.00144084441428483	48166-48169	logFC=-1.25 -log10(p)=16
0.019876243827246	-0.0187452297143569	48166-48170	logFC=-1 -log10(p)=9
0.0614134784743099	-0.169619277683212	48166-48171	logFC=-1.25 -log10(p)=9
0.0104850261452301	-0.143629936842235	48166-48172	logFC=-1.75 -log10(p)=13
-0.01619644227013	-0.473256076755318	48166-48173	logFC=-1.75 -log10(p)=12
-0.0465832838900699	0.166342517120617	48166-48174	logFC=-1.25 -log10(p)=8
-0.10942442123208	-0.433751188240713	48166-48175	logFC=-1 -log10(p)=5
-0.02999600342974	-0.181714330559018	48166-48176	logFC=-1 -log10(p)=4
-0.026563275259025	0.363235876859756	48166-48177	logFC=-0.5 -log10(p)=1
0.07293593350061	0.275771871560933	48166-48178	logFC=-1 -log10(p)=3
0.023200865543323	-0.26308818305256	48166-48179	logFC=-1 -log10(p)=3
0.050550944704203	-0.0355157482887654	48166-48180	logFC=-1 -log10(p)=2
-0.066922627282175	-0.441158119180556	48166-48181	logFC=-0.75 -log10(p)=2
0.012921325525177	0.261837338235736	48166-48182	logFC=-0.25 -log10(p)=0
-0.0629572103004099	0.139743221272271	48166-48183	logFC=-1 -log10(p)=1
0.00452350105530996	0.48231972346565	48166-48184	logFC=-3 -log10(p)=2
-0.08143939160645	0.07810225334165	48166-48185	logFC=-2 -log10(p)=1
-0.0768732085006501	-0.159504926276603	48166-48186	logFC=-1.75 -log10(p)=1
0.04337930443215	-0.223207183357762	48166-48187	logFC=-2.75 -log10(p)=1
-0.00551782953885305	0.225025580925966	48166-48188	logFC=-0.75 -log10(p)=0
-0.08130337372943	-0.276790890424847	48166-48189	logFC=1.75 -log10(p)=1
0.0730646442404199	-0.498166822632783	48166-48190	logFC=-2 -log10(p)=1
-0.115200483201929	0.258974672370795	48166-48191	logFC=0.75 -log10(p)=0
-0.12050254856114	-0.352658791124965	48166-48192	logFC=-2.25 -log10(p)=1
0.0224585417025902	-0.0930133827176356	48166-48193	logFC=-3 -log10(p)=1
-0.085473923153538	0.358916274544644	48166-48194	logFC=-0.75 -log10(p)=0
0.064824221043879	0.281802123493972	48166-48195	logFC=-0.75 -log10(p)=0
0.00877381461698201	0.130768738371263	48166-48196	logFC=-0.5 -log10(p)=0
0.0892913083663198	0.0840010868074794	48166-48197	logFC=-3.5 -log10(p)=1
0.013389687551472	0.130094363823433	48166-48198	logFC=-0.5 -log10(p)=0
-0.04536563385682	0.422778345432084	48166-48199	logFC=-0.75 -log10(p)=0
-0.064433176507374	0.00105739741603195	48167-48167	logFC=-0.5 -log10(p)=13
-0.02095354341492	-0.149706414407503	48167-48168	logFC=-0.25 -log10(p)=4
0.034772196987651	0.0837721401331812	48167-48169	logFC=-1 -log10(p)=20
0.111083059563362	-0.487601759585051	48167-48170	logFC=-0.75 -log10(p)=11
0.105717977977699	-0.16759910805931	48167-48171	logFC=-1 -log10(p)=14
0.11475780658316	0.0499841409007189	48167-48172	logFC=-1.5 -log10(p)=20
-0.00593024701979994	0.145537777526528	48167-48173	logFC=-1.25 -log10(p)=18
0.045159170499073	0.266610987317849	48167-48174	logFC=-1 -log10(p)=13
0.11958074104466	0.0493715240059824	48167-48175	logFC=-1.25 -log10(p)=14
-0.00904783172719004	-0.221104986550285	48167-48176	logFC=-1 -log10(p)=11
0.124044768590781	0.39944698716325	48167-48177	logFC=-1 -log10(p)=8
0.00746923505768005	0.289798704497464	48167-48178	logFC=-0.75 -log10(p)=7
0.079852154139093	0.182533392856607	48167-48179	logFC=-1 -log10(p)=8
0.083826241114167	-0.0625131412775515	48167-48180	logFC=-1 -log10(p)=6
-0.09035543202547	-0.417570675906765	48167-48181	logFC=-1.5 -log10(p)=11
0.00555301553480303	-0.456028218965594	48167-48182	logFC=-1 -log10(p)=6
0.040422673184027	-0.338996414713586	48167-48183	logFC=-1 -log10(p)=4
0.0705933532413201	0.422394803994879	48167-48184	logFC=-1.75 -log10(p)=3
-0.00197780373089995	-0.419207980511449	48167-48185	logFC=-1.25 -log10(p)=2
-0.10243714131654	0.440713228303606	48167-48186	logFC=-1 -log10(p)=1
-0.0247661473643801	-0.0107812521299699	48167-48187	logFC=-1 -log10(p)=1
0.06763708657857	0.257109834203621	48167-48188	logFC=-2 -log10(p)=2
-0.11401915981515	0.3184319193331	48167-48189	logFC=-1.75 -log10(p)=1
-0.032245464442206	0.300030760873517	48167-48190	logFC=-0.5 -log10(p)=0
0.0439040378643001	-0.447022458998659	48167-48191	logFC=-2.5 -log10(p)=2
-0.00277804437431994	-0.413692131532029	48167-48192	logFC=-1.75 -log10(p)=2
-0.0799920998939701	-0.0822805887462984	48167-48193	logFC=-1 -log10(p)=1
-0.0225306162493599	-0.0374835382024139	48167-48194	logFC=-1 -log10(p)=1
-0.04415868373507	0.275056841036116	48167-48195	logFC=-1.5 -log10(p)=1
0.105084856534247	0.305375222690963	48167-48196	logFC=-0.75 -log10(p)=0
-0.061707371685493	0.173747488768035	48167-48197	logFC=-0.25 -log10(p)=0
-0.10548891933956	0.121086852964835	48167-48198	logFC=-1.25 -log10(p)=1
0.093462087664801	-0.236362118392254	48167-48199	logFC=-1 -log10(p)=1
-0.017683052209448	0.449600834946946	48168-48168	logFC=-0.75 -log10(p)=18
-0.099657822306889	-0.451148702457092	48168-48169	logFC=-0.5 -log10(p)=12
0.036286925378454	0.188292415429113	48168-48170	logFC=-0.5 -log10(p)=7
-0.00605469338040598	0.488834775472585	48168-48171	logFC=-0.75 -log10(p)=12
-0.11953077277249	0.138099087378606	48168-48172	logFC=-1 -log10(p)=16
0.019291822292512	-0.227071521108201	48168-48173	logFC=-1 -log10(p)=14
-0.020683802675063	0.40387996163315	48168-48174	logFC=-0.75 -log10(p)=10
0.122016806650884	0.191297670886147	48168-48175	logFC=-1 -log10(p)=10
-0.052786077493291	0.165133265561994	48168-48176	logFC=-0.5 -log10(p)=5
-0.056604272649236	-0.181393116360526	48168-48177	logFC=-0.5 -log10(p)=5
-0.112807688144207	0.48161459794665	48168-48178	logFC=-0.5 -log10(p)=5
0.02924676583342	0.0708533174007417	48168-48179	logFC=-1 -log10(p)=9
-0.099709333501669	-0.410667411471881	48168-48180	logFC=-0.75 -log10(p)=7
-0.0734969112956601	0.392772166508043	48168-48181	logFC=-1 -log10(p)=6
-0.10921962361976	0.494879696319416	48168-48182	logFC=-1 -log10(p)=6
-0.0934206219136991	-0.253686436863064	48168-48183	logFC=-0.75 -log10(p)=3
-0.0897035491612001	-0.352233022073219	48168-48184	logFC=-0.5 -log10(p)=1
-0.12190903744322	0.139813599141907	48168-48185	logFC=-2 -log10(p)=3
-0.0235531680795	0.239003944400572	48168-48186	logFC=-1.25 -log10(p)=1
-0.07254079492544	0.0212147798827462	48168-48187	logFC=-1 -log10(p)=1
0.10599424096701	0.0696847170608097	48168-48188	logFC=-1.25 -log10(p)=1
0.0381163686097299	0.326180466319567	48168-48189	logFC=-2.5 -log10(p)=2
-0.03484949436183	-0.401378882931102	48168-48190	logFC=-2 -log10(p)=2
0.025034315108314	-0.473230506555608	48168-48191	logFC=-0.75 -log10(p)=1
0.0998443902018	0.0774613990511615	48168-48192	logFC=-1.75 -log10(p)=1
-0.045431484602789	-0.465799224885414	48168-48193	logFC=-0.75 -log10(p)=1
-0.1023661926551	0.461600322367124	48168-48194	logFC=-2.5 -log10(p)=1
0.00674211421619009	0.0461980674395313	48168-48195	logFC=-2 -log10(p)=2
0.053582194014334	0.211622013276923	48168-48196	logFC=-0.5 -log10(p)=0
-0.03646786652058	-0.380449487315654	48168-48197	logFC=-1 -log10(p)=1
-0.0451339996314699	-0.0840716404460513	48168-48198	logFC=-1.5 -log10(p)=1
-0.00668461090593697	-0.266209577821142	48168-48199	logFC=-0.75 -log10(p)=1
0.100890833211658	0.485185875012366	48169-48169	logFC=-0.75 -log10(p)=15
0.067047137283059	0.163848993315202	48169-48170	logFC=-0.5 -log10(p)=8
0.051987977421614	0.495193130683216	48169-48171	logFC=-0.75 -log10(p)=13
0.050543364735575	-0.0999375513982468	48169-48172	logFC=-1 -log10(p)=16
-0.043393242587384	0.420196106069938	48169-48173	logFC=-0.75 -log10(p)=12
-0.089676144421635	0.275785277657379	48169-48174	logFC=-0.5 -log10(p)=8
0.089103521346563	0.217168983534295	48169-48175	logFC=-0.75 -log10(p)=9
0.045968669590439	-0.462313709693611	48169-48176	logFC=-0.5 -log10(p)=5
-0.095282952092668	-0.11504819745437	48169-48177	logFC=-0.25 -log10(p)=3
-0.045174290379846	0.236670122728471	48169-48178	logFC=-0.5 -log10(p)=6
-0.0416996149001671	-0.165039877244148	48169-48179	logFC=-0.75 -log10(p)=9
0.00724674414781801	-0.438882966044979	48169-48180	logFC=-0.75 -log10(p)=7
-0.10577378630679	0.307373077301127	48169-48181	logFC=-1 -log10(p)=8
-0.00694772591566006	-0.332212306237772	48169-48182	logFC=-1 -log10(p)=7
0.0442025908943999	-0.136973895134221	48169-48183	logFC=-1.25 -log10(p)=4
-0.1033556651286	-0.189120187532802	48169-48184	logFC=-1 -log10(p)=2
0.11688173269384	-0.0882743889698596	48169-48185	logFC=-2.25 -log10(p)=4
0.06405523436225	-0.0755775012113895	48169-48186	logFC=-1.5 -log10(p)=2
0.03980077155243	0.0868652859286119	48169-48187	logFC=-1.25 -log10(p)=1
0.1044656844941	-0.0534616390598008	48169-48188	logFC=-1.25 -log10(p)=1
-0.00576935541646995	-0.128009798763675	48169-48189	logFC=-1.25 -log10(p)=1
0.00699411990337984	-0.0616351170595837	48169-48190	logFC=-2.75 -log10(p)=2
-0.0635617640123881	0.0260758252134447	48169-48191	logFC=0 -log10(p)=0
0.098729841811688	0.203010791522705	48169-48192	logFC=-0.5 -log10(p)=0
0.1175740517751	0.38265835126062	48169-48193	logFC=-1.5 -log10(p)=1
-0.02502122158013	-0.0997514500030529	48169-48194	logFC=-1.5 -log10(p)=1
0.085913535327241	0.318853478507467	48169-48195	logFC=-0.75 -log10(p)=0
0.10970325500837	0.329190070400655	48169-48196	logFC=-2 -log10(p)=1
0.000305649016472009	0.464213948997709	48169-48197	logFC=-1 -log10(p)=0
0.084452308812722	-0.4846733595305	48169-48198	logFC=-1 -log10(p)=1
-0.12335415336551	0.19831904578582	48169-48199	logFC=-1 -log10(p)=1
0.022150247695705	0.369763753689579	48170-48170	logFC=-0.75 -log10(p)=17
-0.094177311164539	-0.308912280614699	48170-48171	logFC=-0.5 -log10(p)=13
0.108224308897172	-0.33656250671809	48170-48172	logFC=-1 -log10(p)=16
0.05141051635753	-0.0525104051233409	48170-48173	logFC=-0.75 -log10(p)=12
0.115290436533159	0.185117392668668	48170-48174	logFC=-0.5 -log10(p)=5
0.048134904061969	-0.234725364295516	48170-48175	logFC=-0.5 -log10(p)=6
-0.040053499382159	-0.357545250190332	48170-48176	logFC=-0.25 -log10(p)=3
0.071441654692943	0.227377285384142	48170-48177	logFC=-0.25 -log10(p)=1
0.079890824802798	0.102604285328615	48170-48178	logFC=-0.25 -log10(p)=1
-0.047905167426705	-0.493843470369618	48170-48179	logFC=-0.5 -log10(p)=6
0.00858898868743596	-0.256207910599708	48170-48180	logFC=-0.75 -log10(p)=8
-0.028169164496706	-0.109284056394647	48170-48181	logFC=-0.75 -log10(p)=6
0.044059948905362	0.147653150017248	48170-48182	logFC=-0.75 -log10(p)=5
-0.09090337461766	0.0146264517274872	48170-48183	logFC=-1.25 -log10(p)=7
-0.05420556037059	0.0749233701257244	48170-48184	logFC=-1.5 -log10(p)=3
-0.00183181423963008	0.481961718442635	48170-48185	logFC=-2 -log10(p)=4
-0.1222029629597	-0.493748414790425	48170-48186	logFC=-1.75 -log10(p)=3
-0.0399087634036701	0.332043850293674	48170-48187	logFC=-2 -log10(p)=2
-0.062156105319425	0.455327639790358	48170-48188	logFC=-0.5 -log10(p)=0
-0.0544612759632399	-0.436614408051525	48170-48189	logFC=-1.75 -log10(p)=2
0.0249893790644899	-0.132647397099147	48170-48190	logFC=-1.25 -log10(p)=1
-0.0515544724369201	-0.147610945483523	48170-48191	logFC=-5.25 -log10(p)=4
-0.000704037375699906	0.0174418187646577	48170-48192	logFC=-1.25 -log10(p)=1
-0.110095253290697	0.361482621644083	48170-48193	logFC=-0.5 -log10(p)=0
-0.00824223329036	-0.132970252410594	48170-48194	logFC=-3.25 -log10(p)=3
0.0745009900712199	0.452003536527748	48170-48195	logFC=-1.5 -log10(p)=1
0.10300460974138	-0.424945698807098	48170-48196	logFC=-1.25 -log10(p)=1
0.0661740916585101	-0.251885214799274	48170-48197	logFC=-1.25 -log10(p)=1
0.01888134150087	0.0288426348594635	48170-48198	logFC=-1.5 -log10(p)=1
0.0833081504925799	-0.100835296308704	48170-48199	logFC=-3.75 -log10(p)=4
0.117074867722092	-0.240536993150027	48171-48171	logFC=-1 -log10(p)=22
0.081589812230346	-0.101842908050541	48171-48172	logFC=-0.75 -log10(p)=13
-0.072548418705836	-0.253630156720565	48171-48173	logFC=-0.25 -log10(p)=5
-0.101836072656526	-0.168945554145797	48171-48174	logFC=0 -log10(p)=1
0.003337663385827	-0.218673869577186	48171-48175	logFC=-0.25 -log10(p)=3
0.117076055880984	-0.0597695294008833	48171-48176	logFC=-0.25 -log10(p)=1
-0.00927226802766174	0.0409629233897403	48171-48177	logFC=0 -log10(p)=0
-0.0635777339724863	0.33834880390861	48171-48178	logFC=0 -log10(p)=0
-0.00341778668020498	0.109072237959468	48171-48179	logFC=-0.25 -log10(p)=2
-0.122377364170037	-0.101750204242288	48171-48180	logFC=-0.25 -log10(p)=3
-0.0904989058422619	0.341265830577922	48171-48181	logFC=-0.5 -log10(p)=4
0.122098302597653	0.363502669051734	48171-48182	logFC=-0.25 -log10(p)=0
0.124616061019832	0.38076764425168	48171-48183	logFC=-0.75 -log10(p)=2
0.11183557335798	-0.160329120192494	48171-48184	logFC=-1.5 -log10(p)=4
-0.11911156681874	0.335213946350273	48171-48185	logFC=-1.75 -log10(p)=4
0.0882242121313199	-0.163314031146841	48171-48186	logFC=-2.25 -log10(p)=4
-0.0769710475702601	-0.473751638168619	48171-48187	logFC=-1.25 -log10(p)=2
0.088746941488279	-0.186442111885128	48171-48188	logFC=-1 -log10(p)=1
-0.0470749457795401	-0.152665113971412	48171-48189	logFC=-1.5 -log10(p)=2
0.079809964861987	-0.266653260326185	48171-48190	logFC=-1 -log10(p)=1
-0.030734937602554	-0.420696748334207	48171-48191	logFC=-0.75 -log10(p)=1
-0.0381357575312	-0.249221750415765	48171-48192	logFC=-3.25 -log10(p)=3
-0.08924872029481	0.383237951210061	48171-48193	logFC=-2.25 -log10(p)=1
0.0283534273538399	0.0640038095916231	48171-48194	logFC=-1.25 -log10(p)=1
-0.01664206020522	-0.234895028049595	48171-48195	logFC=-1.5 -log10(p)=2
-0.06784238241237	0.109213584314726	48171-48196	logFC=-1.25 -log10(p)=1
-0.115094829506676	0.409725890866153	48171-48197	logFC=-0.5 -log10(p)=0
0.039001893835553	0.450336432167766	48171-48198	logFC=-0.75 -log10(p)=0
-0.11947394881662	-0.112292237950883	48171-48199	logFC=-1.5 -log10(p)=2
0.077208465867373	-0.448191938758752	48172-48172	logFC=-0.5 -log10(p)=9
-0.0957703342550041	-0.169858852580443	48172-48173	logFC=0 -log10(p)=1
-0.023410900857062	-0.345577169796397	48172-48174	logFC=-0.25 -log10(p)=4
-0.00899614212943101	-0.172564821910974	48172-48175	logFC=-0.5 -log10(p)=8
0.033186310478289	0.076447390063378	48172-48176	logFC=-0.5 -log10(p)=6
0.050867629121909	-0.239452104681251	48172-48177	logFC=-0.5 -log10(p)=6
0.085254751666114	0.117007480470129	48172-48178	logFC=-0.5 -log10(p)=5
0.122174351370741	0.377749291009515	48172-48179	logFC=-0.75 -log10(p)=7
0.039193237317145	-0.153821937187518	48172-48180	logFC=-0.75 -log10(p)=8
0.010874457266611	0.0495773639783472	48172-48181	logFC=-1 -log10(p)=9
-0.115591761150764	0.0712243627619449	48172-48182	logFC=-0.5 -log10(p)=4
-0.041264749943939	-0.464010995631338	48172-48183	logFC=-0.75 -log10(p)=4
0.0980719202724001	0.121200178678153	48172-48184	logFC=-2 -log10(p)=6
0.01274972025109	0.288732940318881	48172-48185	logFC=-1.75 -log10(p)=4
-0.0553432811025001	0.0235902268737229	48172-48186	logFC=-1.25 -log10(p)=2
0.096972447608529	-0.160770139195055	48172-48187	logFC=-1 -log10(p)=1
-0.09136283822059	0.398694295446695	48172-48188	logFC=-1.75 -log10(p)=2
-0.11682034441856	0.0777908091013209	48172-48189	logFC=-2.25 -log10(p)=2
0.041472024759744	-0.467044181145589	48172-48190	logFC=-0.75 -log10(p)=1
0.08085742187438	0.440217047594184	48172-48191	logFC=-1.5 -log10(p)=1
0.03884183115308	0.41669904597917	48172-48192	logFC=-2 -log10(p)=1
0.05240374843806	0.427733370499581	48172-48193	logFC=-1.5 -log10(p)=1
0.1108846962376	0.311481750315114	48172-48194	logFC=-1.5 -log10(p)=1
0.0156224536826119	-0.0329808613461753	48172-48195	logFC=-1 -log10(p)=1
0.0324736851323063	0.0150396265642431	48172-48196	logFC=0 -log10(p)=0
0.101776506418678	0.0948901383964154	48172-48197	logFC=-0.25 -log10(p)=0
0.066924861357926	0.0956798998971749	48172-48198	logFC=-0.25 -log10(p)=0
-0.12174754927976	-0.266109398104776	48172-48199	logFC=-0.5 -log10(p)=1
-0.0875463688374351	-0.184307680207787	48173-48173	logFC=-0.5 -log10(p)=14
-0.105932236370648	0.0566316210626834	48173-48174	logFC=-0.25 -log10(p)=6
-0.095584957120721	-0.407598278746097	48173-48175	logFC=-0.5 -log10(p)=10
0.105077565829971	0.131130280398812	48173-48176	logFC=-0.75 -log10(p)=10
-0.0284317699547561	-0.413586161264647	48173-48177	logFC=-0.5 -log10(p)=8
-0.083779753811895	-0.304164548616587	48173-48178	logFC=-0.5 -log10(p)=9
0.019304965438356	-0.454555058847637	48173-48179	logFC=-0.75 -log10(p)=10
-0.00236119545430602	-0.271215473870678	48173-48180	logFC=-0.75 -log10(p)=9
-0.09178973258482	0.42369468099302	48173-48181	logFC=-1 -log10(p)=10
-0.013384831087437	-0.154327835615913	48173-48182	logFC=-0.5 -log10(p)=3
-0.0590758028946301	0.336220961289468	48173-48183	logFC=-1 -log10(p)=6
0.02650886709054	0.3418033428034	48173-48184	logFC=-1.25 -log10(p)=3
0.0678506211760199	-0.322917270411486	48173-48185	logFC=-2.5 -log10(p)=6
-0.0316624177922999	-0.33374022864925	48173-48186	logFC=-1.25 -log10(p)=2
-0.09578850693666	-0.215474598536768	48173-48187	logFC=-1.25 -log10(p)=2
0.01458317318548	0.0681600344663011	48173-48188	logFC=-1.5 -log10(p)=2
0.0170416346256499	-0.430920312837489	48173-48189	logFC=-1.5 -log10(p)=2
-0.0508015901305701	-0.302223791213482	48173-48190	logFC=-2.5 -log10(p)=2
-0.0529250740045599	-0.380856157708303	48173-48191	logFC=-1 -log10(p)=1
-0.073959115961275	-0.488534955545987	48173-48192	logFC=-0.75 -log10(p)=1
-0.0838984162049301	0.256150793349775	48173-48193	logFC=-2.5 -log10(p)=3
-0.02729950399095	-0.410505993620652	48173-48194	logFC=-1.5 -log10(p)=2
-0.11999716507968	0.458286290766385	48173-48195	logFC=-0.5 -log10(p)=0
-0.058813448989469	0.14358011037822	48173-48196	logFC=-0.25 -log10(p)=0
0.0425851283550041	-0.499363979572913	48173-48197	logFC=-0.75 -log10(p)=1
-0.0421287124241201	-0.3343311489121	48173-48198	logFC=-1.5 -log10(p)=2
0.102799546852383	0.0700592980038257	48173-48199	logFC=-1 -log10(p)=1
-0.0858293049068	-0.249930814125607	48174-48174	logFC=-0.5 -log10(p)=14
-0.073790195199812	-0.28645031480654	48174-48175	logFC=-0.5 -log10(p)=12
0.035116496440281	0.439508578669373	48174-48176	logFC=-0.5 -log10(p)=7
-0.045857696958616	-0.210391077648142	48174-48177	logFC=-0.25 -log10(p)=4
0.031209415753449	0.240562025798942	48174-48178	logFC=-0.25 -log10(p)=2
0.104109505487134	-0.190348940379197	48174-48179	logFC=-0.5 -log10(p)=5
0.023970376240738	0.239045757026994	48174-48180	logFC=-0.5 -log10(p)=5
-0.00832859656875296	-0.0726103679589039	48174-48181	logFC=-0.5 -log10(p)=4
-0.00966795544118398	0.015193616032577	48174-48182	logFC=-0.25 -log10(p)=1
0.045722349052483	0.371152778536348	48174-48183	logFC=-0.75 -log10(p)=3
0.0646583612803799	-0.46401238485556	48174-48184	logFC=-1.5 -log10(p)=5
0.04864840067705	-0.347492786604275	48174-48185	logFC=-2 -log10(p)=5
0.0375577673885401	0.150352981306582	48174-48186	logFC=-1.75 -log10(p)=3
0.0298483097453599	-0.212727620987093	48174-48187	logFC=-2 -log10(p)=3
-0.12129817007795	-0.413382870870681	48174-48188	logFC=-1.25 -log10(p)=2
-0.0626524979831902	0.0123739960328924	48174-48189	logFC=-3.25 -log10(p)=3
0.046476998750986	-0.45568508004079	48174-48190	logFC=-0.75 -log10(p)=1
0.07444989195791	-0.323807647933048	48174-48191	logFC=-1.75 -log10(p)=2
0.019772350323643	0.139887318768486	48174-48192	logFC=-0.25 -log10(p)=0
-0.092578103956035	-0.488062855889215	48174-48193	logFC=-0.5 -log10(p)=1
0.03945335925573	-0.169448736805598	48174-48194	logFC=-2.5 -log10(p)=3
0.0728477111785599	-0.461770032832839	48174-48195	logFC=-1.5 -log10(p)=2
0.00824609635613399	0.160622687518461	48174-48196	logFC=-0.25 -log10(p)=0
0.00527293501008996	-0.0208746706370306	48174-48197	logFC=-2 -log10(p)=2
0.0520821817852599	0.136189459815143	48174-48198	logFC=-1.75 -log10(p)=2
0.100702820359658	0.144472018566335	48174-48199	logFC=-0.25 -log10(p)=0
-0.044737537233252	-0.479834361358169	48175-48175	logFC=-0.75 -log10(p)=20
0.00319619651200401	0.270109334870753	48175-48176	logFC=-0.25 -log10(p)=3
0.052273150135593	0.260860049120698	48175-48177	logFC=-0.25 -log10(p)=2
-0.057106235916435	0.2230654650733	48175-48178	logFC=-0.25 -log10(p)=4
-0.105819024802411	0.470311806101503	48175-48179	logFC=-0.25 -log10(p)=4
-0.068016109547596	0.340417974200181	48175-48180	logFC=-0.5 -log10(p)=7
0.035105446209159	-0.0886916320785027	48175-48181	logFC=-0.5 -log10(p)=4
0.040767489700077	0.142202689960593	48175-48182	logFC=0 -log10(p)=0
-0.085145318510563	0.300782761070369	48175-48183	logFC=-0.25 -log10(p)=1
-0.0222126853473299	0.215478772524187	48175-48184	logFC=-1.75 -log10(p)=7
-0.11510120168913	0.299754153620011	48175-48185	logFC=-1.5 -log10(p)=6
0.08328946507971	0.191287430090028	48175-48186	logFC=-2.25 -log10(p)=4
0.0327593212791799	-0.37589165525545	48175-48187	logFC=-1.25 -log10(p)=2
-0.104273253202493	0.134577348708216	48175-48188	logFC=-0.75 -log10(p)=1
-0.08727879465774	0.492926203398958	48175-48189	logFC=-2 -log10(p)=3
-0.070775644953992	0.246467983198578	48175-48190	logFC=-0.25 -log10(p)=0
-0.04935615699978	0.344999286295447	48175-48191	logFC=-1.75 -log10(p)=2
0.05830784769261	-0.298604093889671	48175-48192	logFC=-1.75 -log10(p)=2
0.0258301741868601	-0.19723629931589	48175-48193	logFC=-2 -log10(p)=3
0.0630006912360401	-0.430730701442752	48175-48194	logFC=-2.5 -log10(p)=4
0.109418928080164	0.0407388523692709	48175-48195	logFC=-1 -log10(p)=1
0.077164100017952	-0.316953553368184	48175-48196	logFC=-1 -log10(p)=1
0.019944809861231	0.381255970824684	48175-48197	logFC=-0.5 -log10(p)=0
-0.0322448360423741	-0.495283655293212	48175-48198	logFC=-0.5 -log10(p)=1
-0.103247303704506	0.0742065468729363	48175-48199	logFC=-0.75 -log10(p)=1
-0.107174668427703	-0.0854247728546742	48176-48176	logFC=-0.5 -log10(p)=14
0.091078916063376	-0.400890437221613	48176-48177	logFC=-0.5 -log10(p)=8
-0.038573614397562	-0.0498527658536432	48176-48178	logFC=-0.5 -log10(p)=10
0.060754838150567	-0.250505114660648	48176-48179	logFC=-0.75 -log10(p)=13
-0.027289153230696	0.186574001803805	48176-48180	logFC=-0.75 -log10(p)=12
0.089689708713932	-0.203778881632122	48176-48181	logFC=-1 -log10(p)=12
0.0887163219410479	-0.2778936990304	48176-48182	logFC=-0.75 -log10(p)=7
-0.0234000883191201	-0.43143260774473	48176-48183	logFC=-1 -log10(p)=8
0.0990131873884201	0.207215774235939	48176-48184	logFC=-2.25 -log10(p)=11
0.0972082411745001	0.21267681796564	48176-48185	logFC=-2.5 -log10(p)=8
0.00452421367433997	0.31243003547181	48176-48186	logFC=-1.75 -log10(p)=4
0.0529320115313201	-0.429228477815701	48176-48187	logFC=-1.75 -log10(p)=3
0.0515429057416901	-0.189149465123232	48176-48188	logFC=-2.75 -log10(p)=5
-0.12226546225957	-0.0808056759979086	48176-48189	logFC=-2 -log10(p)=3
-0.0823363658094001	0.0860215338903712	48176-48190	logFC=-1.5 -log10(p)=2
-0.0811349437751701	-0.402719012388623	48176-48191	logFC=-1.5 -log10(p)=2
0.04857529694777	0.0396310491864136	48176-48192	logFC=-1.25 -log10(p)=1
0.00190688954207296	-0.0183059828769081	48176-48193	logFC=-0.75 -log10(p)=1
-0.0385957699819399	-0.379938816804331	48176-48194	logFC=-1.5 -log10(p)=3
0.00454690948379899	-0.0685159159244385	48176-48195	logFC=-1 -log10(p)=1
0.0257726674999399	-0.252003274234843	48176-48196	logFC=-1.5 -log10(p)=2
0.113893102743752	-0.0746823417118885	48176-48197	logFC=-1 -log10(p)=1
-0.093841490287493	-0.438512980651374	48176-48198	logFC=-0.5 -log10(p)=1
-0.09451605030914	0.300818181057339	48176-48199	logFC=-1 -log10(p)=2
-0.054702891345238	-0.360845133259026	48177-48177	logFC=-0.75 -log10(p)=20
-0.046263074270768	0.262874313275765	48177-48178	logFC=-0.5 -log10(p)=11
-0.118961935008914	0.184539974989031	48177-48179	logFC=-0.5 -log10(p)=11
0.00649438723432705	0.0880492907663246	48177-48180	logFC=-0.75 -log10(p)=12
0.0660674149566161	0.240291508071556	48177-48181	logFC=-1 -log10(p)=12
0.014268381438746	0.0543068707807226	48177-48182	logFC=-0.75 -log10(p)=8
-0.09836476723323	-0.429833922556037	48177-48183	logFC=-1 -log10(p)=9
0.1006969229699	-0.210700699669724	48177-48184	logFC=-2 -log10(p)=10
-0.0968645811516899	0.219080404941671	48177-48185	logFC=-2.5 -log10(p)=9
0.00976466734226999	-0.256751408062411	48177-48186	logFC=-2.5 -log10(p)=7
-0.07136383768377	-0.199255767914512	48177-48187	logFC=-1.25 -log10(p)=2
0.0670082246231001	-0.485495829267782	48177-48188	logFC=-2 -log10(p)=4
-0.03443601841626	-0.456435485785786	48177-48189	logFC=-1 -log10(p)=2
-0.00509847956975695	-0.197168414179425	48177-48190	logFC=-0.75 -log10(p)=1
0.12055638861272	-0.039903737392448	48177-48191	logFC=-1 -log10(p)=1
-0.0494908530290998	0.112774992011397	48177-48192	logFC=-2.75 -log10(p)=4
-0.0148874152856799	0.252275270181379	48177-48193	logFC=-1.25 -log10(p)=2
0.0382567861821801	0.343777694926657	48177-48194	logFC=-1.75 -log10(p)=2
-0.0981169145228802	-0.309907876010629	48177-48195	logFC=-2.25 -log10(p)=3
-0.0269707522039818	0.0182546258010518	48177-48196	logFC=0 -log10(p)=0
-0.025452395631423	-0.280181613521341	48177-48197	logFC=0.75 -log10(p)=1
0.070644635756147	0.119201607952271	48177-48198	logFC=-1 -log10(p)=1
-0.05074826308748	-0.421247560457962	48177-48199	logFC=-1 -log10(p)=2
0.0776813974753811	-0.193796969582417	48178-48178	logFC=-0.75 -log10(p)=16
-0.042202879020474	-0.195555409708492	48178-48179	logFC=-0.5 -log10(p)=11
-0.0872559557522991	-0.465545254441205	48178-48180	logFC=-0.5 -log10(p)=10
0.061712992103239	-0.224072260802524	48178-48181	logFC=-1 -log10(p)=15
-0.04287757711049	0.0783115116117639	48178-48182	logFC=-0.75 -log10(p)=11
-0.0010174714467901	0.0181174000336775	48178-48183	logFC=-1.25 -log10(p)=14
0.12061756871424	0.276671864846577	48178-48184	logFC=-2.25 -log10(p)=14
0.0456441185377501	0.0201155018020458	48178-48185	logFC=-2.75 -log10(p)=14
-0.0286487000214302	-0.471905901100029	48178-48186	logFC=-2.25 -log10(p)=8
0.06869729822532	0.193978904526985	48178-48187	logFC=-2 -log10(p)=5
0.10667261485359	-0.265612755310521	48178-48188	logFC=-2.5 -log10(p)=7
0.0186215156390801	-0.345864506088298	48178-48189	logFC=-1.5 -log10(p)=3
0.052694312417498	-0.15159833948867	48178-48190	logFC=-0.75 -log10(p)=1
-0.075003824604617	-0.329096455157695	48178-48191	logFC=-0.5 -log10(p)=1
0.112897968085933	0.125242388726091	48178-48192	logFC=-1 -log10(p)=1
0.08173539615001	-0.471688302346459	48178-48193	logFC=-2 -log10(p)=5
-0.0359562887420799	0.0677903331613914	48178-48194	logFC=-1.5 -log10(p)=3
0.0980259330090001	-0.152052627343191	48178-48195	logFC=-1.5 -log10(p)=3
-0.090691949238717	0.491636205031259	48178-48196	logFC=-0.5 -log10(p)=0
-0.103330733098958	0.0612755752306173	48178-48197	logFC=-0.75 -log10(p)=1
0.018904141786777	0.34710042397114	48178-48198	logFC=-1 -log10(p)=1
0.020932015558259	-0.158747511725616	48178-48199	logFC=-0.5 -log10(p)=1
0.01706273138346	-0.410262769828869	48179-48179	logFC=-0.75 -log10(p)=19
-0.048805660294856	0.486046365105135	48179-48180	logFC=-0.5 -log10(p)=11
-0.041805294239419	-0.252791881981844	48179-48181	logFC=-0.75 -log10(p)=14
-0.089564542234951	-0.496345729715701	48179-48182	logFC=-0.75 -log10(p)=14
0.037714456961385	-0.11648640659344	48179-48183	logFC=-1 -log10(p)=13
0.0144476914598799	-0.154274660781375	48179-48184	logFC=-2 -log10(p)=18
-0.0768462609121801	-0.246287234675339	48179-48185	logFC=-2.25 -log10(p)=18
0.01840754242729	0.423301976723609	48179-48186	logFC=-2.5 -log10(p)=14
0.11874399814093	-0.182346312369498	48179-48187	logFC=-2.25 -log10(p)=9
-0.00183428780667994	0.00503633495722333	48179-48188	logFC=-2.5 -log10(p)=11
-0.0871221836716098	-0.477751772936366	48179-48189	logFC=-2 -log10(p)=8
0.0689673737826899	0.458896275451192	48179-48190	logFC=-1.25 -log10(p)=2
0.00748204152271992	0.180133342405943	48179-48191	logFC=-1.5 -log10(p)=4
0.12287628757334	-0.243285220051998	48179-48192	logFC=-1.5 -log10(p)=4
0.01330263965699	-0.409088741068069	48179-48193	logFC=-1.5 -log10(p)=5
0.06085923347245	0.207316633875989	48179-48194	logFC=-1.75 -log10(p)=5
-0.03930964307881	0.00329083942509101	48179-48195	logFC=-2 -log10(p)=6
0.037178332950523	-0.367185973037816	48179-48196	logFC=-0.5 -log10(p)=1
-0.040690783535528	-0.469044603331298	48179-48197	logFC=-0.75 -log10(p)=2
-0.103927220608161	-0.149479353025468	48179-48198	logFC=-0.75 -log10(p)=2
0.0928395656118499	-0.365856317644017	48179-48199	logFC=-1.25 -log10(p)=5
-0.0415882641284721	-0.237517535042556	48180-48180	logFC=-0.75 -log10(p)=20
-0.091323575713422	0.430920237357924	48180-48181	logFC=-0.5 -log10(p)=12
-0.102645793289269	-0.35771645649298	48180-48182	logFC=-0.75 -log10(p)=19
-0.10427846970049	0.0861843990724118	48180-48183	logFC=-1 -log10(p)=20
0.0574932550570599	0.115254277496298	48180-48184	logFC=-1.75 -log10(p)=20
-0.05300597096829	0.468697991533883	48180-48185	logFC=-2 -log10(p)=21
-0.0552870405314199	0.425061899215372	48180-48186	logFC=-2 -log10(p)=17
-0.0555758913815798	0.469028820033845	48180-48187	logFC=-2 -log10(p)=14
0.1068515052729	0.190787603969303	48180-48188	logFC=-2.5 -log10(p)=15
0.0932887910043401	0.445393537069174	48180-48189	logFC=-1.75 -log10(p)=10
-0.10371840094224	0.371542746748452	48180-48190	logFC=-1 -log10(p)=4
-0.0540885975249601	0.488113390868055	48180-48191	logFC=-1.25 -log10(p)=5
-0.10049759668291	0.177906402496198	48180-48192	logFC=-1.5 -log10(p)=8
-0.12028526973451	0.0410583006840444	48180-48193	logFC=-1.75 -log10(p)=10
0.0804947189224901	0.455154554923043	48180-48194	logFC=-2 -log10(p)=10
-0.00432011680619993	-0.426552626467992	48180-48195	logFC=-1.5 -log10(p)=8
-0.0440191608363101	0.321168899412924	48180-48196	logFC=-1.25 -log10(p)=4
0.097321100452983	-0.277944659802796	48180-48197	logFC=-0.75 -log10(p)=2
-0.00540202287929703	0.306881789447263	48180-48198	logFC=-0.75 -log10(p)=2
0.015303952770973	-0.434924673961033	48180-48199	logFC=-1 -log10(p)=6
-0.031179276852246	-0.176364231684364	48181-48181	logFC=-0.75 -log10(p)=20
-0.013118472250252	0.213770512577474	48181-48182	logFC=-0.5 -log10(p)=11
-0.04281129395698	-0.490236802965455	48181-48183	logFC=-0.5 -log10(p)=10
-0.08139313992432	0.337725576152426	48181-48184	logFC=-1 -log10(p)=16
0.0947882831562901	-0.309293732004381	48181-48185	logFC=-1.5 -log10(p)=18
-0.00815792941024007	-0.495873194014703	48181-48186	logFC=-1.25 -log10(p)=14
-0.00173938473057	0.142740146628332	48181-48187	logFC=-1.5 -log10(p)=13
-0.11621166648734	0.0830769631800337	48181-48188	logFC=-1.75 -log10(p)=17
-0.09797358447564	0.497702683217682	48181-48189	logFC=-1.25 -log10(p)=10
-0.10186216939156	0.0859383090273571	48181-48190	logFC=-1 -log10(p)=6
0.0742046104510301	-0.0396998198161498	48181-48191	logFC=-1.25 -log10(p)=7
-0.04826278507515	0.398799789875833	48181-48192	logFC=-1.25 -log10(p)=8
-0.10249436561991	-0.300156932645024	48181-48193	logFC=-1.25 -log10(p)=9
0.05443859593501	0.269981917152663	48181-48194	logFC=-1.25 -log10(p)=8
0.05221840590604	-0.337257618048962	48181-48195	logFC=-1 -log10(p)=6
-0.035967556433776	-0.271359300402696	48181-48196	logFC=-0.5 -log10(p)=2
-0.115291626440818	0.112247733511746	48181-48197	logFC=-0.25 -log10(p)=1
0.00370114808654798	-0.124978728783467	48181-48198	logFC=-0.5 -log10(p)=2
-0.07345813649827	0.383278980859504	48181-48199	logFC=-0.25 -log10(p)=1
-0.120234380497142	-0.323357198294241	48182-48182	logFC=-0.5 -log10(p)=15
-0.021501621245867	-0.0130461166919371	48182-48183	logFC=-0.5 -log10(p)=10
-0.04061508361378	0.449409094804118	48182-48184	logFC=-1.25 -log10(p)=21
-0.04947303427144	-0.297383761625735	48182-48185	logFC=-1.5 -log10(p)=23
0.0110847734723201	0.340328059818557	48182-48186	logFC=-1.5 -log10(p)=17
0.12375764734439	-0.0177428064379441	48182-48187	logFC=-2 -log10(p)=19
0.10780317875624	0.460980409524538	48182-48188	logFC=-2.25 -log10(p)=21
0.07130397323083	-0.108379674668406	48182-48189	logFC=-1.75 -log10(p)=15
-0.0141397451607701	0.220529247298597	48182-48190	logFC=-1.5 -log10(p)=11
0.0948146241744801	0.315123213689025	48182-48191	logFC=-1.75 -log10(p)=12
0.0901767224299701	-0.117138399218435	48182-48192	logFC=-2 -log10(p)=16
0.0904691047899999	-0.40719311705339	48182-48193	logFC=-2 -log10(p)=16
0.10540778406267	-0.377443603823489	48182-48194	logFC=-1.75 -log10(p)=15
0.0319915930147201	-0.0200565461520936	48182-48195	logFC=-1.25 -log10(p)=8
0.0866262192946099	0.14455789491548	48182-48196	logFC=-1.25 -log10(p)=6
0.10914624839175	-0.275520768902848	48182-48197	logFC=-1.25 -log10(p)=7
-0.066649894139714	-0.379047966080249	48182-48198	logFC=-0.75 -log10(p)=5
0.03910942417464	0.138971874519557	48182-48199	logFC=-0.75 -log10(p)=5
-0.109665473664379	-0.117421453081175	48183-48183	logFC=-0.75 -log10(p)=21
-0.079899591262153	-0.0947384088803318	48183-48184	logFC=-0.75 -log10(p)=17
0.0695772949442499	-0.218459936697709	48183-48185	logFC=-1.25 -log10(p)=21
0.0972056867497799	0.0955426164245381	48183-48186	logFC=-1.5 -log10(p)=21
0.02479396307833	0.123623920349168	48183-48187	logFC=-1.5 -log10(p)=20
-0.0258030378158001	-0.28242305549616	48183-48188	logFC=-1.75 -log10(p)=24
0.04554799063868	-0.456473112988164	48183-48189	logFC=-2 -log10(p)=23
-0.0620653084882901	-0.168773408972866	48183-48190	logFC=-1.25 -log10(p)=13
-0.01872175570432	-0.382300765331703	48183-48191	logFC=-1.5 -log10(p)=17
0.10510483496203	0.218610416882001	48183-48192	logFC=-2 -log10(p)=21
0.01743730438275	0.06232109148619	48183-48193	logFC=-1.5 -log10(p)=16
0.0686755655608	-0.160041208167991	48183-48194	logFC=-1.5 -log10(p)=16
-0.0224056647834801	0.0676387301144423	48183-48195	logFC=-1.5 -log10(p)=14
-0.04860808871055	-0.441568872803064	48183-48196	logFC=-1 -log10(p)=8
0.083657416408963	-0.26420673076592	48183-48197	logFC=-1 -log10(p)=8
0.00447484891315098	-0.395577099885427	48183-48198	logFC=-1 -log10(p)=9
0.050408849310823	0.467727191121961	48183-48199	logFC=-0.75 -log10(p)=6
-0.00566683038012994	-0.444077155202375	48184-48184	logFC=-1 -log10(p)=22
-0.058665662035261	0.484947629371774	48184-48185	logFC=-0.75 -log10(p)=15
0.028597147764476	-0.258728378866623	48184-48186	logFC=-1 -log10(p)=15
0.00961270845274997	-0.220192202425217	48184-48187	logFC=-1.25 -log10(p)=17
0.1245127743815	-0.172900263888859	48184-48188	logFC=-1.5 -log10(p)=18
0.04178806545167	-0.185397339095125	48184-48189	logFC=-1.5 -log10(p)=18
0.10457609884248	-0.168679780961355	48184-48190	logFC=-1.25 -log10(p)=12
0.04337622718417	0.164988169289714	48184-48191	logFC=-1.25 -log10(p)=13
-0.0392277352944299	-0.0594419385833014	48184-48192	logFC=-1.25 -log10(p)=13
0.013476409950782	0.178404336103014	48184-48193	logFC=-1 -log10(p)=10
-0.12103501095348	-0.374167892348503	48184-48194	logFC=-1.25 -log10(p)=16
-0.04885413886154	0.259468159418947	48184-48195	logFC=-1.25 -log10(p)=12
-0.103279734851064	0.10497549732067	48184-48196	logFC=-0.75 -log10(p)=6
0.0846913935254101	-0.0866472732734032	48184-48197	logFC=-1.25 -log10(p)=11
-0.011330278221788	0.30965700261852	48184-48198	logFC=-0.5 -log10(p)=3
-0.062157375870647	0.237111665256371	48184-48199	logFC=-0.75 -log10(p)=8
0.00956880535988303	0.264935680588078	48185-48185	logFC=-1 -log10(p)=21
0.00588831657241595	-0.134089218655022	48185-48186	logFC=-0.75 -log10(p)=13
0.0268585064849241	0.217515782607155	48185-48187	logFC=-1 -log10(p)=15
-0.0502815356428801	-0.346550293017485	48185-48188	logFC=-1 -log10(p)=15
-0.0256460135638701	-0.346530015998003	48185-48189	logFC=-1 -log10(p)=13
-0.02200353077388	-0.341901374198491	48185-48190	logFC=-1.25 -log10(p)=16
-0.0709289984813799	-0.0302418145924026	48185-48191	logFC=-1 -log10(p)=13
0.03296226294772	-0.430850046033894	48185-48192	logFC=-1.25 -log10(p)=15
-0.09207208444254	-0.312401954731772	48185-48193	logFC=-1 -log10(p)=14
0.0328660230744899	0.132083337508988	48185-48194	logFC=-1.25 -log10(p)=15
-0.11338947797881	-0.17395526574359	48185-48195	logFC=-1 -log10(p)=12
-0.06650993733138	0.419390242943981	48185-48196	logFC=-1 -log10(p)=9
-0.0817662292579999	0.26956002967529	48185-48197	logFC=-1 -log10(p)=11
0.109565860138918	0.4597084248953	48185-48198	logFC=-1 -log10(p)=8
-0.057622896750094	0.0426531849751832	48185-48199	logFC=-0.75 -log10(p)=9
-0.0196153102919601	0.0978598039701133	48186-48186	logFC=-1 -log10(p)=21
-0.098287245997577	0.401158798366662	48186-48187	logFC=-0.75 -log10(p)=15
0.092060979262317	0.390985221028904	48186-48188	logFC=-1 -log10(p)=13
-0.01401406637919	0.183346068562562	48186-48189	logFC=-0.75 -log10(p)=9
0.113207239858561	-0.476342971689718	48186-48190	logFC=-1 -log10(p)=10
-0.07404068914431	-0.374599830180028	48186-48191	logFC=-1 -log10(p)=14
0.00882328341233396	-0.28037054245732	48186-48192	logFC=-1 -log10(p)=11
0.04749434812662	0.210817651857505	48186-48193	logFC=-1 -log10(p)=11
0.081860150137368	-0.0235239813009187	48186-48194	logFC=-1 -log10(p)=10
0.095602313129684	-0.129934725865205	48186-48195	logFC=-1 -log10(p)=9
-0.124393725259305	-0.196920518284636	48186-48196	logFC=-0.75 -log10(p)=8
0.031944650389986	-0.053099736880343	48186-48197	logFC=-1 -log10(p)=9
0.112852702848721	-0.168838251223939	48186-48198	logFC=-1 -log10(p)=8
-0.03398855858154	0.00515815014743559	48186-48199	logFC=-1 -log10(p)=12
0.0139087778784071	0.164494866099201	48187-48187	logFC=-1 -log10(p)=19
0.040515141512156	0.461767499220814	48187-48188	logFC=-0.75 -log10(p)=11
-0.00840627056752497	0.478301565812481	48187-48189	logFC=-0.75 -log10(p)=10
0.00833981432595499	0.294261469761768	48187-48190	logFC=-1 -log10(p)=12
-0.037466543463161	-0.257905000751485	48187-48191	logFC=-0.75 -log10(p)=9
-0.0385093379071699	0.411941318400725	48187-48192	logFC=-1 -log10(p)=12
0.078024825738036	-0.390813665398595	48187-48193	logFC=-1 -log10(p)=11
-0.067595134383977	-0.417411104432785	48187-48194	logFC=-0.5 -log10(p)=5
0.075905649953076	-0.0812386605742947	48187-48195	logFC=-1 -log10(p)=9
-0.000607760253799938	0.241348068765708	48187-48196	logFC=-1 -log10(p)=9
-0.05377375319309	-0.0939460047023797	48187-48197	logFC=-1 -log10(p)=10
-0.09423946460724	-0.0918960785811063	48187-48198	logFC=-1 -log10(p)=11
0.10103201364575	0.427337414929491	48187-48199	logFC=-1.25 -log10(p)=13
-0.03380211530258	0.488302267336312	48188-48188	logFC=-1 -log10(p)=20
-0.00665344632522902	0.417589871362495	48188-48189	logFC=-0.75 -log10(p)=12
0.087950953282861	-0.493693585570037	48188-48190	logFC=-0.75 -log10(p)=8
-0.011156497869158	-0.234269510567591	48188-48191	logFC=-0.75 -log10(p)=9
0.118639290768434	0.473665858361487	48188-48192	logFC=-1 -log10(p)=9
0.099291902994789	-0.31251486411947	48188-48193	logFC=-0.75 -log10(p)=7
0.064985247014983	-0.0696150816160053	48188-48194	logFC=-1 -log10(p)=10
0.050081350806689	0.12686944722291	48188-48195	logFC=-1 -log10(p)=9
-0.115358959057781	-0.179615017922565	48188-48196	logFC=-0.75 -log10(p)=7
-0.10990481953706	0.459128039013354	48188-48197	logFC=-1 -log10(p)=10
-0.052392669250612	-0.221652584859593	48188-48198	logFC=-0.75 -log10(p)=7
0.11735054726061	0.422962765984941	48188-48199	logFC=-1.25 -log10(p)=12
-0.0430976969385	-0.310063689713317	48189-48189	logFC=-1 -log10(p)=21
-0.024443961948616	0.467160790647993	48189-48190	logFC=-0.75 -log10(p)=12
0.012380837032904	-0.153773990476703	48189-48191	logFC=-0.75 -log10(p)=10
0.093996975787594	0.493031538915599	48189-48192	logFC=-1 -log10(p)=11
-0.040867595929315	-0.487523354561265	48189-48193	logFC=-0.75 -log10(p)=10
0.062048891174737	-2.34970531920453e-07	48189-48194	logFC=-1 -log10(p)=11
-0.120499120715998	0.180809639569732	48189-48195	logFC=-0.75 -log10(p)=8
0.00401474028744897	-0.157685852941302	48189-48196	logFC=-0.75 -log10(p)=6
-0.0215553637954899	-0.131705768774314	48189-48197	logFC=-1 -log10(p)=10
-0.0468234798628699	-0.0841207472478676	48189-48198	logFC=-1 -log10(p)=10
0.10133655614999	-0.0963948145771401	48189-48199	logFC=-1.25 -log10(p)=13
-0.04190483234408	-0.261184095198381	48190-48190	logFC=-1 -log10(p)=20
-0.062889072412451	-0.229114020051311	48190-48191	logFC=-0.75 -log10(p)=14
0.088203623366812	-0.308894420229359	48190-48192	logFC=-1 -log10(p)=13
-0.00539276267676203	0.230790916055494	48190-48193	logFC=-0.75 -log10(p)=9
-0.027493852831907	-0.3855471700275	48190-48194	logFC=-0.75 -log10(p)=9
0.096916413981291	-0.491318375634528	48190-48195	logFC=-1 -log10(p)=9
0.031866225513778	0.323978079697069	48190-48196	logFC=-0.75 -log10(p)=5
0.06698763327192	-0.226774221418832	48190-48197	logFC=-1 -log10(p)=9
-4.67510277399885e-05	-0.408495823928819	48190-48198	logFC=-1 -log10(p)=9
-0.0919693839711499	0.437773769429686	48190-48199	logFC=-1 -log10(p)=11
-0.09051841635603	0.189804744699622	48191-48191	logFC=-1 -log10(p)=21
-0.030833684835855	0.360497005378297	48191-48192	logFC=-0.75 -log10(p)=13
0.046087510335867	0.216465180583146	48191-48193	logFC=-0.75 -log10(p)=9
-0.107942652270429	-0.318850911833509	48191-48194	logFC=-0.5 -log10(p)=7
0.018124671792904	0.259898276162061	48191-48195	logFC=-0.75 -log10(p)=7
-0.091665549239943	0.0354000856784822	48191-48196	logFC=-0.75 -log10(p)=8
0.067210951488199	0.197347136688089	48191-48197	logFC=-1 -log10(p)=10
-0.10546874699805	0.256555086919855	48191-48198	logFC=-1 -log10(p)=11
0.01209310494047	-0.31930740929025	48191-48199	logFC=-1.25 -log10(p)=15
-0.058909023264152	-0.110599463509846	48192-48192	logFC=-0.75 -log10(p)=15
0.119387501816804	0.106918229165144	48192-48193	logFC=-0.75 -log10(p)=10
0.025467467305575	-0.134155908404017	48192-48194	logFC=-0.5 -log10(p)=5
0.078614047547623	0.235092389558624	48192-48195	logFC=-0.75 -log10(p)=7
0.100692140542654	-0.128269916355308	48192-48196	logFC=-0.75 -log10(p)=6
0.087848115480619	0.463646938238467	48192-48197	logFC=-1 -log10(p)=9
-0.0419671541226401	0.151988736081458	48192-48198	logFC=-1 -log10(p)=11
0.016181073031571	0.355260311900098	48192-48199	logFC=-1 -log10(p)=11
-0.096648822875175	0.320826411355242	48193-48193	logFC=-0.75 -log10(p)=16
0.122111646533087	-0.474440964261799	48193-48194	logFC=-0.75 -log10(p)=11
-0.049335020967764	-0.104200630014418	48193-48195	logFC=-0.75 -log10(p)=11
-0.038101731542395	-0.0537243631889677	48193-48196	logFC=-0.5 -log10(p)=5
0.029660077910064	-0.20097841203023	48193-48197	logFC=-0.75 -log10(p)=8
-0.081522883888578	-0.045798002080792	48193-48198	logFC=-0.75 -log10(p)=9
0.04546352588643	0.395859634879077	48193-48199	logFC=-1.25 -log10(p)=16
0.043643010544419	0.480208979826696	48194-48194	logFC=-1 -log10(p)=19
0.102642392536542	0.434289194156664	48194-48195	logFC=-0.75 -log10(p)=10
0.113382957827734	0.321745225475997	48194-48196	logFC=-0.75 -log10(p)=7
0.021085507950007	-0.308908333452191	48194-48197	logFC=-0.75 -log10(p)=9
0.106133247905156	-0.0738619787036665	48194-48198	logFC=-1 -log10(p)=10
0.05621031664814	-0.0520857593396897	48194-48199	logFC=-1.25 -log10(p)=17
0.021641116414911	0.28512577779107	48195-48195	logFC=-1 -log10(p)=18
-0.044650041034044	0.0288340106894349	48195-48196	logFC=-0.75 -log10(p)=12
-0.081363519470484	-0.0820787520888526	48195-48197	logFC=-0.75 -log10(p)=11
0.11870767487205	0.105376591999773	48195-48198	logFC=-1.25 -log10(p)=15
-0.0648612641886199	0.0914981604291221	48195-48199	logFC=-1.25 -log10(p)=19
-0.0584603086111599	-0.0574222142934886	48196-48196	logFC=-1 -log10(p)=18
-0.115047791534888	0.478122169755679	48196-48197	logFC=-0.75 -log10(p)=14
-0.0887274128331601	-0.29563636934375	48196-48198	logFC=-1 -log10(p)=16
0.06384608374598	0.153961075260021	48196-48199	logFC=-1.25 -log10(p)=17
-0.0701051531878301	-0.0155513013625246	48197-48197	logFC=-1 -log10(p)=22
0.07582515111008	0.0589122762550147	48197-48198	logFC=-1 -log10(p)=17
-0.01279990172999	0.230139907184519	48197-48199	logFC=-1 -log10(p)=16
-0.10859475018871	-0.46914992069944	48198-48198	logFC=-1 -log10(p)=22
-0.015289481447223	0.396084064822187	48198-48199	logFC=-0.75 -log10(p)=14
0.107796702047409	0.475365081170477	48199-48199	logFC=-1 -log10(p)=19
