x	y	showSelected1
-1.42649808871625	6.48711936689923	48092-48092
-1.53157361061826	8.83110578946941	48092-48093
-1.47684285186024	7.43104088561711	48092-48094
-1.57846820326856	8.30060282685798	48092-48095
-1.06115952590629	2.0913083035928	48092-48096
-1.71093128500436	4.02675366424358	48092-48097
-0.719154437880353	0.705089026956021	48092-48098
-1.43509307915342	1.40641103569075	48092-48099
-0.459654135668942	0.372569711891572	48092-48100
0.0118131086732019	0.00600551725196134	48092-48101
0.663665680108746	0.404207265867802	48092-48102
0.358915693115561	0.111118792530004	48092-48103
0.397344675838331	0.235169973274679	48092-48104
0.365205349924233	0.151626072747632	48092-48105
-0.964039570562586	0.310527015822165	48092-48106
0.563060826600112	0.247768272732394	48092-48107
0.266627115175975	0.0625465270492054	48092-48108
0.26536920306207	0.0607131516888846	48092-48109
-1.27668790996138	0.313039231856208	48092-48110
-1.92693535575958	0.501833177367217	48092-48111
1.11964790609123	0.373167238617778	48092-48112
-3.89017451709462	1.46292623163811	48092-48113
-1.27668790996138	0.313039231856208	48092-48114
-2.97754145829741	0.906986617282364	48092-48115
-1.27795488736983	0.312842928655189	48092-48116
-0.165995901517122	0.0390385236513994	48092-48117
-1.27266443213812	0.317800856675647	48092-48118
-1.27270649800707	0.317750161176215	48092-48119
-2.98219302127868	0.923801018162395	48092-48120
-2.70662069556785	0.776792816642238	48092-48121
-0.747174700671328	0.218517631294127	48092-48122
-2.37077728022036	0.646757492883705	48092-48123
1.75491055623067	0.615774918457635	48092-48124
-2.37105194074326	0.621862370215723	48092-48126
-2.37022774580066	0.62302778395601	48092-48127
0.901957376552323	0.226832788396469	48092-48128
-2.977981440892	0.90614685835462	48092-48129
-0.167503736762668	0.0395177751743318	48092-48130
-1.27270649800707	0.317750161176215	48092-48131
-1.92693535575958	0.501833177367217	48092-48132
-1.27270649800707	0.317750161176215	48092-48133
-1.27270649800707	0.317750161176215	48092-48134
-2.98283119410466	0.892701528362609	48092-48135
-1.92710545610806	0.48249935977077	48092-48136
-1.93101694731389	0.487888357893364	48092-48137
-2.37105194074326	0.621862370215723	48092-48138
-1.92693535575958	0.501833177367217	48092-48139
-2.37852296794475	0.613080850264737	48092-48140
-0.752427968695644	0.217499311058925	48092-48141
-1.77146204995174	18.8239418893943	48093-48093
-1.48440980220025	16.9961992209091	48093-48094
-1.61531345077175	16.2984619016965	48093-48095
-1.3398886369376	6.56522865507646	48093-48096
-1.95786229810903	8.38020160210551	48093-48097
-0.90660030077064	1.7261740430723	48093-48098
-1.01567334422552	1.94689981433593	48093-48099
0.270006428349408	0.356160185246082	48093-48100
0.122836084963957	0.0959609819835794	48093-48101
-0.241098034513159	0.162992022658916	48093-48102
-0.875752902629686	0.638593194533719	48093-48103
-0.625339194270965	0.368027991021815	48093-48104
0.55052131043964	0.352448732067747	48093-48105
-0.795728560681628	0.411532208320901	48093-48106
-0.180203426061411	0.0733178104974537	48093-48107
-0.347410701844683	0.141243078022129	48093-48108
0.406572439362006	0.15438904257167	48093-48109
-3.20942269485098	1.00711469558026	48093-48110
-1.00595190489937	0.475337221149318	48093-48111
-2.37464705940409	0.653806023376385	48093-48112
-1.34624652985668	0.51012610348234	48093-48113
-3.74118299589525	1.3751648469689	48093-48114
-2.98219302127868	0.923801018162395	48093-48115
-0.491680817131469	0.134103307722624	48093-48116
-2.97842143297777	0.894143696496843	48093-48117
-3.88428323576117	1.55036129332742	48093-48119
-0.129977803474409	0.0401559264919559	48093-48120
-1.16012849355376	0.410572883217692	48093-48121
-0.166446859278822	0.0399412992940366	48093-48122
-1.95365751200882	0.987470938585249	48093-48123
0.687440936402426	0.22639578198474	48093-48124
0.263430194200273	0.0606430256734126	48093-48125
1.67078950576	0.689026362894369	48093-48126
0.106964777885778	0.0311087526441201	48093-48127
-1.92676514965655	0.483042957846023	48093-48128
-0.752964638423205	0.222354166182952	48093-48129
-2.37436752964166	0.635450040496641	48093-48130
-3.20366405610256	1.02327168051518	48093-48131
-3.40476703405873	1.13543576543995	48093-48132
0.266919334293789	0.0608156865347318	48093-48133
-2.97754145829741	0.906986617282364	48093-48134
-0.96462396275921	0.309268554402933	48093-48135
-3.58029630828316	1.27020572903749	48093-48136
-2.70698383580736	0.782914112248885	48093-48137
1.12197628791162	0.360096862188176	48093-48138
-2.37022774580066	0.62302778395601	48093-48139
0.262082917425871	0.0624941468940538	48093-48140
-1.93084221322313	0.487996430070766	48093-48141
-1.92693535575958	0.501833177367217	48093-48142
-1.32564947967513	21.7613035010819	48094-48094
-0.955930898670718	15.2457241119922	48094-48095
-1.18472812433517	11.3565331411146	48094-48096
-1.60485319783776	14.4585891259176	48094-48097
-1.48306541114102	8.49420810929345	48094-48098
-0.328367275065567	0.859617382290441	48094-48099
-0.929268979819018	3.10800811717825	48094-48100
-0.287877099167228	0.409649345623703	48094-48101
0.45901284379321	0.772586642812675	48094-48102
-0.464557742219538	0.474899862574875	48094-48103
-1.3064428911459	2.12510380975342	48094-48104
-0.755677743700148	0.600399247901538	48094-48105
-0.895092711107959	1.00739558251255	48094-48106
-1.38968142381191	1.39715075542588	48094-48107
-2.11908422666478	1.66631877948984	48094-48108
-1.28526452213048	1.23602867520484	48094-48109
0.079581042403494	0.0334325745186715	48094-48110
-0.0523655008248549	0.0217592965483112	48094-48111
0.00481131556981469	0.0015300152308341	48094-48112
-1.15643132343054	0.736070259600092	48094-48113
-0.852559397208577	0.377290479797801	48094-48114
-1.66014403568455	1.07686299350104	48094-48115
-2.1938618186304	1.17592587750799	48094-48116
-1.55729086931171	0.894988686458688	48094-48117
-4.355397514743	2.09796628990681	48094-48118
-0.845504756034441	0.370956854243781	48094-48119
-1.14835151438713	0.58803572674483	48094-48120
-1.66222084336883	0.729889683687602	48094-48121
-1.12760367193058	0.54251979649316	48094-48122
-1.94076316844643	0.96003263760357	48094-48123
-2.19330890874428	1.17342991840139	48094-48124
-0.662481336425116	0.30006207333105	48094-48125
-0.126441273183866	0.0384210514004542	48094-48126
-1.80315620312502	0.818985187266135	48094-48127
-2.71117269649696	0.795215374780669	48094-48128
-0.757721919356139	0.220448965572615	48094-48129
-1.64915698887173	0.714082173276836	48094-48130
-0.686381740027676	0.278133513508217	48094-48131
-0.499614099932337	0.179140652599135	48094-48132
-3.22010389654462	0.961414095028852	48094-48133
-0.697594637216647	0.263774397188101	48094-48134
0.120508310565446	0.0546698370778621	48094-48135
-2.71117269649696	0.795215374780669	48094-48136
-1.50996392380257	0.578070103305096	48094-48137
-0.125327746545732	0.0383384131052412	48094-48138
-2.98130290015837	0.925271985405218	48094-48139
-1.95821417393693	0.975112098698478	48094-48140
-3.4096436177066	1.15227712022473	48094-48141
-0.837282924777246	0.35050010511779	48094-48142
-0.489735744403573	0.129959871515153	48094-48143
-1.04526138839424	21.2966621352918	48095-48095
-1.00076082675148	17.4463499795723	48095-48096
-1.38910020169248	19.6008970994606	48095-48097
-1.2742777309068	13.1511751047959	48095-48098
-0.829423971266179	6.49033683520071	48095-48099
-0.520608588173482	2.80152942033254	48095-48100
-0.484951452620696	1.85810334199705	48095-48101
-0.127403607132746	0.262109358226923	48095-48102
-0.451082704926404	0.992313908172387	48095-48103
-0.535431139382882	1.12452368739301	48095-48104
-0.476089767736201	0.829399384112729	48095-48105
-1.60720643392354	4.74549464633925	48095-48106
-1.01678658047993	2.17900855845082	48095-48107
-0.3492953235129	0.41377102124381	48095-48108
-1.19259427491451	1.95539506444768	48095-48109
0.0123916815941027	0.00918416923286509	48095-48110
-0.262496045335984	0.215420643528345	48095-48111
0.246758122406017	0.19611720580733	48095-48112
-1.02686889531575	0.916681321924028	48095-48113
-0.641114054589727	0.569514109948087	48095-48114
-1.76749291599101	2.01502669081445	48095-48115
-0.61452808674104	0.491388678517016	48095-48116
-1.95987717688155	2.37262374851673	48095-48117
-1.40460700906844	1.08495419215267	48095-48118
-0.88973934226515	0.873584002636643	48095-48119
-3.54288670190184	3.54072763286944	48095-48120
-2.19560299303847	3.50405649343752	48095-48121
-4.31648307332522	6.11519346615493	48095-48122
-1.15410912314862	1.26852764110672	48095-48123
-2.93175671580121	3.58508090064637	48095-48124
-1.81808466431897	1.69126208768802	48095-48125
-2.77394609049798	3.11623404796337	48095-48126
-0.944669801978107	0.502601558280959	48095-48127
-3.15720024529663	2.57251608117879	48095-48128
-2.00667833088081	1.95809415743148	48095-48129
-4.65251755120304	2.58072429194272	48095-48130
-1.61650105572548	1.22170171646032	48095-48131
-2.32577157572245	2.07223883387832	48095-48132
-2.9984992242059	2.44158573320733	48095-48133
-0.454815607152605	0.225716891568452	48095-48134
0.182699176798559	0.087152845884632	48095-48135
-1.96356449483356	1.37605972835589	48095-48136
-1.94460386101493	1.45944906385855	48095-48137
-1.1502562514203	0.71441876278478	48095-48138
-1.27674943770682	0.679708153876497	48095-48139
-1.96179859419525	1.46241187381531	48095-48140
-0.677536073628881	0.27231081378457	48095-48141
-1.0719598184299	0.627782806677589	48095-48142
-1.6637375520892	0.70547759283441	48095-48143
-4.37136826518242	2.08223430368986	48095-48144
-1.29480790962548	24.2347565195634	48096-48096
-1.02237792953709	18.4227672893975	48096-48097
-0.896858334013898	10.8631446887181	48096-48098
-0.621984373728729	5.56361446897002	48096-48099
-0.439297711144046	2.99416848524202	48096-48100
0.0922444736491317	0.258244935427141	48096-48101
-0.113335262181881	0.273184348944643	48096-48102
-0.586970765415883	1.90529633372788	48096-48103
-0.660596851667757	2.28562643099403	48096-48104
-0.789620785205664	2.80508610846495	48096-48105
-0.775185013432548	2.38151293950888	48096-48106
-1.16671478206819	3.18913647693531	48096-48107
-0.152743660637818	0.155882517038858	48096-48108
-1.09694272958758	1.93242121541412	48096-48109
-0.035183947264466	0.0331984434548059	48096-48110
-1.04219210340334	1.77008650684456	48096-48111
-0.285587330883634	0.296582507160459	48096-48112
-0.816779137206951	0.948720949333118	48096-48113
-1.39169704925505	2.13438168032115	48096-48114
-1.33067876236647	1.28737031212073	48096-48115
-0.90007361570026	0.925523769155213	48096-48116
-0.591173938447024	0.585393644436259	48096-48117
-1.27465762615357	1.51728472628859	48096-48118
-2.93576746640233	3.63537342648355	48096-48119
-0.674272561037817	0.526569557961997	48096-48120
-1.67133989900063	1.64897755604494	48096-48121
-0.857999500839413	0.959018105634454	48096-48122
-0.296908046332717	0.239438742601286	48096-48123
-1.59153871181593	1.90208008703915	48096-48124
-1.94554527231594	1.86782657327015	48096-48125
-2.69184470750966	2.79612210590535	48096-48126
-1.51061514627778	1.06901879226812	48096-48127
-1.13509192601608	0.94754653778386	48096-48128
-1.80610223751052	1.55545346918689	48096-48129
-1.26871372561106	0.830595563364106	48096-48130
-1.54276680195257	0.878816070292667	48096-48131
-4.13705834976475	1.79931817216914	48096-48132
-1.50247026232448	1.39011983933825	48096-48133
-1.92897255782224	1.86085217185844	48096-48134
-0.651625274870697	0.455921929863655	48096-48135
-0.282367039800195	0.152263383391344	48096-48136
-1.41224586376298	0.770101804951445	48096-48137
-4.90396544790935	3.01805329793103	48096-48138
-2.24232076220196	1.86893595685709	48096-48139
-1.02577399153495	0.833903305773078	48096-48140
-1.09446104893436	0.76650212575199	48096-48141
-0.968610273807461	0.320342085743399	48096-48142
-1.86973824600122	1.38298500461209	48096-48143
-1.51115505666974	0.624555132559364	48096-48144
-1.67161261718717	0.694439058027966	48096-48145
-0.411897644356679	7.89955997838264	48097-48097
-0.206810896219065	2.39967670592736	48097-48098
-0.115237829301213	0.848067187693314	48097-48099
0.41264272484968	6.01878019876452	48097-48100
0.727816938462874	12.8758645350834	48097-48101
0.518647674968173	6.24020242077459	48097-48102
0.155660786586538	0.775684771132804	48097-48103
-0.136005196751153	0.562736247362709	48097-48104
-0.109648908168697	0.393582786973705	48097-48105
0.0988059856725695	0.346846537507287	48097-48106
-0.0565417405641558	0.14736472541606	48097-48107
-0.0195545696155563	0.0410925207577085	48097-48108
-0.495592277695557	2.33664513515881	48097-48109
-0.442725870104862	1.48733381384427	48097-48110
0.0412959201470092	0.0668159092142615	48097-48111
-0.0525270165263829	0.0908845593071866	48097-48112
-0.133161097064079	0.234005840677592	48097-48113
-0.64682223553411	2.09613268720789	48097-48114
-0.771773295723851	2.4280235267969	48097-48115
-0.344873792272227	0.755784877444279	48097-48116
-0.553685186783957	1.47200884011749	48097-48117
-1.00972971106633	3.01594693945343	48097-48118
-1.2644753812567	5.03134515922794	48097-48119
-1.68203577594921	7.84639390377452	48097-48120
-1.74743664559247	6.39262576582818	48097-48121
-2.08505034986256	8.61879581253604	48097-48122
-0.957835519648445	2.48890726757502	48097-48123
-1.83598349679377	5.65095793302021	48097-48124
-1.56771765639391	3.96573014302767	48097-48125
-1.55087285191958	4.39878432580166	48097-48126
-0.956340531301884	2.1042243217705	48097-48127
-2.10730325995224	4.94709190079391	48097-48128
-1.21511390320772	2.60878508526907	48097-48129
-1.18620728225074	2.04466970107713	48097-48130
-1.41086045434481	2.3126664720369	48097-48131
-1.34512265841848	3.34684951174119	48097-48132
-1.93172079641221	4.46224279888184	48097-48133
-0.924431971541466	1.30249431853659	48097-48134
-1.82411699628855	4.63160855357396	48097-48135
-1.35506952382302	2.65840510310303	48097-48136
-1.08557682055308	2.33808799958811	48097-48137
-1.08789890988404	1.625710263858	48097-48138
-2.04114938583841	4.23576461276553	48097-48139
-1.69416855777436	3.31124192113107	48097-48140
-1.82913871192811	4.08581898282453	48097-48141
-1.05194619528672	1.49824651259251	48097-48142
-0.940060337186573	1.18085911724577	48097-48143
-1.9532985041919	3.18937492067433	48097-48144
-0.779501826835502	0.752882001157805	48097-48145
-1.97480576134658	3.18325769693652	48097-48146
-0.40687484746603	8.02901604527893	48098-48098
-0.168475349601541	1.91925897390074	48098-48099
0.0509848994858203	0.318003252658326	48098-48100
-0.0875891330781271	0.572781452163616	48098-48101
-0.104314332243213	0.632025745201383	48098-48102
-0.104361727733509	0.543462873577371	48098-48103
-0.448575807170695	4.27444906570828	48098-48104
-0.326613732117773	2.16764906443886	48098-48105
-0.439827751805468	3.67696543312257	48098-48106
-0.460702708850818	3.18760672890233	48098-48107
-0.278524489926438	1.33986051081255	48098-48108
-0.54288956959891	3.04114321920312	48098-48109
-0.586313454400049	3.37559089548098	48098-48110
-0.210503276952993	0.652828052227546	48098-48111
0.0797166915930634	0.17927829727033	48098-48112
-0.635405448889473	2.63910252124438	48098-48113
-0.77094905036113	3.24849723539736	48098-48114
-0.353654863737702	0.904057933668611	48098-48115
-0.404904400753608	1.09295060740225	48098-48116
-0.908498878384831	4.02099757554218	48098-48117
-0.675905279340333	2.19389642869201	48098-48118
-0.861555259928248	2.99726690239012	48098-48119
-1.15698954105464	5.77533213711999	48098-48120
-1.18263495598881	5.09729677113881	48098-48121
-1.78540458577809	7.77132203156536	48098-48122
-1.39174566756255	5.41871522074345	48098-48123
-1.27067659790847	4.19050684046805	48098-48124
-1.31812982379776	3.96410592326847	48098-48125
-1.23015482546049	3.67165743174372	48098-48126
-1.04320364211226	3.02828651042287	48098-48127
-1.08789388686835	2.33786176287161	48098-48128
-1.56655647036827	4.71695302984156	48098-48129
-1.30974304367367	3.59021951959288	48098-48130
-0.553370190031194	0.896530671463407	48098-48131
-1.44960255516752	4.19950910407987	48098-48132
-1.30285406600898	3.58223602195777	48098-48133
-1.51179148622666	3.16388059930139	48098-48134
-0.944325133094992	2.08475950460404	48098-48135
-1.45583799077582	3.69551061016357	48098-48136
-0.822292215225838	1.6719800738761	48098-48137
-1.02379273478864	2.04259405235197	48098-48138
-0.765457816107525	1.22093262711267	48098-48139
-0.878927202736699	1.42725578866665	48098-48140
-1.23692193868546	2.70413859666553	48098-48141
-0.914994586769769	1.6765717576107	48098-48142
-1.07755695140645	1.6776937481057	48098-48143
-1.2480043789327	2.33936474190149	48098-48144
-0.723404829591205	0.787624560132928	48098-48145
-0.947305159094153	1.4657871273519	48098-48146
-0.924882678348013	1.23670302983958	48098-48147
-0.478477523613847	10.2999109010997	48099-48099
-0.308212364166352	5.0259711072002	48099-48100
-0.573780411496223	10.7306810346562	48099-48101
-0.432657235633017	6.05416079531168	48099-48102
-0.46619425981925	5.62224353924303	48099-48103
-0.817569535985904	10.6144154997257	48099-48104
-0.530281926928005	5.47910293275127	48099-48105
-0.758994282617395	8.65402966262757	48099-48106
-0.509918661499739	4.14412827391988	48099-48107
-0.51150725208006	3.77512846546302	48099-48108
-0.461972082615951	3.02736649629448	48099-48109
-0.572915077220482	3.89787601205779	48099-48110
-0.0952353582453487	0.264134271728127	48099-48111
-0.182786327853283	0.556506272697637	48099-48112
-0.152301199911989	0.372023106024642	48099-48113
-1.12817037660945	6.61370240488968	48099-48114
-0.437245011068841	1.50554501226796	48099-48115
-0.304051862478455	0.85154482211211	48099-48116
-0.581143633848773	2.04907503350989	48099-48117
-0.907702380169672	3.69867076203197	48099-48118
-1.32079358660554	7.01395473729227	48099-48119
-1.03489447573964	5.15852318535708	48099-48120
-1.09677885210159	4.99027140009325	48099-48121
-1.234108626753	5.3964665193391	48099-48122
-0.978755392796197	3.33160209625056	48099-48123
-1.28064691552627	4.90801053237433	48099-48124
-0.804891112785555	2.22770778680681	48099-48125
-1.8165942455908	6.82624270662674	48099-48126
-1.25480862799173	3.99626749449206	48099-48127
-0.911134100479802	2.22946045889851	48099-48128
-0.452339819205356	0.829268282170138	48099-48129
-1.03700900038174	2.32968691121832	48099-48130
-1.37321051166255	3.94383904281233	48099-48131
-1.83562433754844	5.18751442416468	48099-48132
-1.15721302973361	2.8398150258167	48099-48133
-0.816295729275006	1.47980384295932	48099-48134
-1.61211275951699	4.88934863880024	48099-48135
-1.87311632638454	5.9166276898424	48099-48136
-2.09536257309543	6.46578707507712	48099-48137
-0.712947659385225	1.26996855154861	48099-48138
-1.26927001031131	2.58347679914552	48099-48139
-1.14770737894723	2.24703484680841	48099-48140
-1.27845503251394	2.78726575456898	48099-48141
-0.456294540247032	0.633391245379262	48099-48142
-1.92393430907426	5.30836432558423	48099-48143
-0.954712826923154	1.81464747456209	48099-48144
-0.657661385793195	0.877837211550776	48099-48145
-0.860195640831151	1.23288711744386	48099-48146
-0.914510382039088	1.58405416203065	48099-48147
-1.3982429283277	2.60376436271689	48099-48148
-0.384327360300675	7.53821543278421	48100-48100
-0.427641121591659	7.75868003894973	48100-48101
-0.371891892502231	5.14034706042975	48100-48102
-0.389038455206517	4.69553970291491	48100-48103
-0.748781440506388	10.8437766190382	48100-48104
-0.587003850909495	7.44863774876046	48100-48105
-0.794778505624306	10.4458145815945	48100-48106
-0.433201985884964	3.61382833804125	48100-48107
-0.32404062428918	2.03465329096959	48100-48108
-0.533967825587738	4.10957330719726	48100-48109
-0.725863609426758	5.96859380736685	48100-48110
-0.378396218802337	2.00808904398812	48100-48111
-0.101384748301608	0.296255018818388	48100-48112
-0.406483109283719	1.69865315077856	48100-48113
-0.445438482606796	1.80983837597298	48100-48114
-0.854900860398929	4.35373506444915	48100-48115
-0.502854473583511	2.09493273305603	48100-48116
-0.676116737545336	3.00175056395932	48100-48117
-1.07622492139694	5.24416716233322	48100-48118
-0.814467923020266	3.87413778980663	48100-48119
-1.19267391338723	7.1464834054362	48100-48120
-0.975574586738457	4.75307667029212	48100-48121
-1.00839084011354	4.56272768639374	48100-48122
-0.627235502235051	1.79327512990275	48100-48123
-1.18328588930573	4.52277360095967	48100-48124
-1.49814129950826	7.18426048149114	48100-48125
-1.08484010273753	3.66812550637671	48100-48126
-1.03273799585845	2.71762767461658	48100-48127
-1.03734440622359	3.35556666952688	48100-48128
-1.27364228030741	4.32679142660651	48100-48129
-0.764183299384902	2.11808234654323	48100-48130
-1.3779018093394	4.14648029460073	48100-48131
-0.916100126167745	2.25281094539338	48100-48132
-1.44105138240912	3.96846516642148	48100-48133
-1.72098714764859	6.35253527905908	48100-48134
-1.74642742093725	5.3202991114352	48100-48135
-1.33284405632872	4.36825799517842	48100-48136
-1.36223161855016	3.58532148786723	48100-48137
-1.36298697419659	4.45080007132124	48100-48138
-1.43802307983453	4.44978733496141	48100-48139
-1.21318604366381	2.61004978929878	48100-48140
-1.11043526328693	2.51811272458707	48100-48141
-1.6107114203668	4.05640068578066	48100-48142
-0.468023383360787	0.630965013541187	48100-48143
-0.390266799693422	0.491712533506447	48100-48144
-0.884897604492529	1.3522214942766	48100-48145
-1.03816525708633	2.50797020219947	48100-48146
-1.04636644153419	2.10595607137825	48100-48147
-0.880012503578567	1.64386150781579	48100-48148
-0.78107889027931	1.04604782204067	48100-48149
-0.680367236323002	16.304879105043	48101-48101
-0.333522738399976	5.4852592796988	48101-48102
-0.364279481930395	5.01999570072908	48101-48103
-0.813155096681706	13.3991585859507	48101-48104
-0.591419136879185	7.79044420408907	48101-48105
-0.679767675768456	9.39991184621952	48101-48106
-0.319548155503281	2.58900353863849	48101-48107
-0.0174121335296188	0.0587687113865673	48101-48108
-0.626860437159282	5.93863702976538	48101-48109
-0.823205516237033	7.51460215344399	48101-48110
-0.590541011113183	4.00261398245413	48101-48111
-0.292539620976008	1.20840054994401	48101-48112
-0.193109871284732	0.640214052215001	48101-48113
-0.949867529669136	5.60326052899378	48101-48114
-0.644401696188415	3.0402868298839	48101-48115
-0.836981318206152	4.48293851810709	48101-48116
-0.568162494950427	2.62511068749205	48101-48117
-0.821525775525686	4.13816593019433	48101-48118
-0.610850765056853	2.98104734919812	48101-48119
-1.11172025768765	6.60594764263546	48101-48120
-1.55166006501143	8.50625893564088	48101-48121
-0.928241349605341	3.50122522844347	48101-48122
-1.04473555419881	3.62119025917644	48101-48123
-1.26247531917063	5.4116790666044	48101-48124
-1.34463222899376	5.67292656838655	48101-48125
-1.15149180022325	4.06956700853696	48101-48126
-0.842434062608258	2.80531468688996	48101-48127
-0.634622280484147	1.58832476639562	48101-48128
-1.15189012489633	3.65045480104082	48101-48129
-1.13139767704069	3.96918756124124	48101-48130
-0.902463221933419	2.04710245811868	48101-48131
-1.4871154559127	5.46368476454067	48101-48132
-1.25339106439878	4.03146157979103	48101-48133
-1.20135024595926	3.060940728808	48101-48134
-1.60921970147898	4.84599892432528	48101-48135
-2.03291628961702	7.55977128245133	48101-48136
-0.870044219137261	2.3199738462313	48101-48137
-1.51235253626616	4.18829124072446	48101-48138
-0.934040420273181	2.20717386080447	48101-48139
-1.2025105995207	2.57316027610717	48101-48140
-1.82279631556887	4.67451339524598	48101-48141
-0.756094376230267	1.18100087731292	48101-48142
-1.32395675198338	3.32990216322455	48101-48143
-2.0930200277521	5.88978312226636	48101-48144
-0.91461718686774	1.35121873144137	48101-48145
-1.64101195616112	4.17698950045758	48101-48146
-0.544485254963736	0.762668788572634	48101-48147
-0.919191333529033	1.46220199994081	48101-48148
-1.11291305245284	1.98790053229167	48101-48149
-0.478522481195171	0.70201618697132	48101-48150
-0.564673433488262	12.7550814549943	48102-48102
-0.346395019906313	5.70044569811595	48102-48103
-0.504913749719406	7.80611445251388	48102-48104
-0.478016531687214	6.51457333173681	48102-48105
-0.496656650899403	6.6605506598388	48102-48106
-0.243583530955515	1.9508683704364	48102-48107
-0.207891818273467	1.36760893600978	48102-48108
-0.415018110681232	3.69379695462979	48102-48109
-0.484067652596712	3.95374065502664	48102-48110
-0.354370548607385	2.20909233358568	48102-48111
-0.12536712248892	0.443223146345655	48102-48112
-0.3430877822884	1.72176062421521	48102-48113
-0.69808310951725	4.8437461564522	48102-48114
-0.797013120984949	5.08275382152779	48102-48115
-0.509478004745488	2.31650037694911	48102-48116
-0.916752303814265	6.31441722321032	48102-48117
-0.732166340914033	4.26294728635041	48102-48118
-0.693171680414266	4.30407530356073	48102-48119
-1.23784772057687	8.81974705678902	48102-48120
-1.08933381064269	5.71687264304154	48102-48121
-0.893981156407286	3.95431291010438	48102-48122
-0.914724450718712	3.83639007752263	48102-48123
-1.21421516812207	6.32135570404168	48102-48124
-1.14087924548952	4.75915771529442	48102-48125
-1.13139005563099	4.56413047762684	48102-48126
-1.18454925382372	5.67869507336537	48102-48127
-0.869942494517061	2.97136177442046	48102-48128
-1.34273421462694	6.35203550662009	48102-48129
-1.19470908343073	4.42046518298179	48102-48130
-1.22873019341334	5.0449976991738	48102-48131
-1.43923989637375	5.2487607453188	48102-48132
-1.16157039025375	4.14264576844392	48102-48133
-1.07784694638988	3.47330823515249	48102-48134
-1.28216380318506	4.60743675619825	48102-48135
-1.21234549931975	4.26671714659937	48102-48136
-1.48319868122935	4.96506648645418	48102-48137
-1.2646373583421	3.47944323678725	48102-48138
-1.47604315909333	4.96081652312859	48102-48139
-1.22972718509571	4.04945321361121	48102-48140
-1.09551224652668	2.91017721591099	48102-48141
-1.69951848747109	4.46636101633502	48102-48142
-1.10733326692951	2.6754093627526	48102-48143
-2.11735207027494	7.29082500654458	48102-48144
-1.09754818306556	2.43939654472451	48102-48145
-0.865934214623222	1.95290532374433	48102-48146
-1.03992098163497	2.66173775788121	48102-48147
-1.22049165321629	2.93328641303219	48102-48148
-1.08113026976016	2.25182178832502	48102-48149
-0.477116297122342	0.711489864558005	48102-48150
-1.07971097825063	2.76049293116302	48102-48151
-0.741014526026234	16.8380261954173	48103-48103
-0.556483046008551	11.4996125403403	48103-48104
-0.460705142873559	7.16524854903721	48103-48105
-0.505501494179631	8.23418658488107	48103-48106
-0.302185078662577	3.21092214363177	48103-48107
-0.384965094821126	4.1011852409718	48103-48108
-0.410621597029864	4.05193201483096	48103-48109
-0.444443411553789	4.23896889355679	48103-48110
0.119475369786342	0.55124290739049	48103-48111
0.258198457307364	1.47294751633434	48103-48112
-0.13836646109607	0.551742463458654	48103-48113
-0.566396007406679	4.17070141420531	48103-48114
-0.591043926509735	4.08046672731045	48103-48115
-0.257750962809164	1.10630371800007	48103-48116
-0.670775653035631	4.69254804860726	48103-48117
-0.704437013673741	4.47303402686105	48103-48118
-0.827205558567284	6.3741738972933	48103-48119
-0.465237929077664	2.31257412145765	48103-48120
-0.460092010930686	2.0016687704737	48103-48121
-0.603805006016285	2.48452606206954	48103-48122
-0.280003282314344	0.780728801069906	48103-48123
-1.020644446374	4.6994179959145	48103-48124
-0.488704008981947	1.62102831562638	48103-48125
-1.30008193266774	6.39520754480584	48103-48126
-0.82885029608011	3.13566572389008	48103-48127
-0.934928258154008	3.46725856840054	48103-48128
-1.32462360126676	6.27883825377873	48103-48129
-0.955916230013928	3.90224458754774	48103-48130
-1.28451959587386	5.44177218310925	48103-48131
-1.66184556729652	9.18602724818924	48103-48132
-1.65040787529418	8.74850508331197	48103-48133
-1.39471127335002	5.01762436815151	48103-48134
-1.29314205787377	4.76538262970248	48103-48135
-1.1109139019097	3.60975533069506	48103-48136
-1.21158508250384	4.07005067468179	48103-48137
-0.826016761543387	2.16618154766946	48103-48138
-0.777443814178239	2.43909589954028	48103-48139
-1.1825414191639	4.10241252016398	48103-48140
-1.40575140148168	4.8955982488186	48103-48141
-1.34332294423978	4.71924853288414	48103-48142
-0.703207906082148	1.68630074396568	48103-48143
-0.897806765299969	2.52614413022324	48103-48144
-1.33878670518601	3.34669099095658	48103-48145
-1.11480743965053	3.40423025953214	48103-48146
-0.948716637495521	2.25103165339405	48103-48147
-1.00942721105295	2.53497406978119	48103-48148
-0.771660843166225	1.50715994628123	48103-48149
-0.451036704122483	0.761623157066213	48103-48150
-0.633827271076074	1.13581049276634	48103-48151
-1.13154179893315	3.13887212681299	48103-48152
-0.643439734166543	15.7656999704316	48104-48104
-0.310358805017222	5.1025059884782	48104-48105
-0.653006898471785	12.184594969461	48104-48106
-0.298323462254957	3.04060803795451	48104-48107
-0.276532606178616	2.60589771086814	48104-48108
-0.399205440966167	4.59941343689117	48104-48109
-0.379956043875486	3.84850910913269	48104-48110
0.163547827487233	0.988946597216035	48104-48111
0.281615629812055	1.91236880229452	48104-48112
0.0619095568047238	0.222941733192307	48104-48113
-0.516859928485244	4.13790362897288	48104-48114
-0.341144904027813	1.86801470797175	48104-48115
-0.137093427445674	0.539940792354553	48104-48116
-0.486772953881102	2.95893228201979	48104-48117
-0.382773106668465	2.06363829855521	48104-48118
-0.497008614625525	3.13970051038596	48104-48119
-0.531980399330199	3.57623844669024	48104-48120
-0.690348575142872	4.17850909621278	48104-48121
-0.58822534672084	2.7512906030958	48104-48122
-0.49744378944251	2.1726260739506	48104-48123
-0.694031219138456	3.30892728351062	48104-48124
-0.355181871007723	1.16488382516613	48104-48125
-0.544716119049937	1.7892667794436	48104-48126
-0.703138784426321	2.88808669038354	48104-48127
-1.04128740180877	5.13965614960947	48104-48128
-0.815184307348799	3.78094032280919	48104-48129
-0.8479131232643	3.84772816953954	48104-48130
-1.00039121267274	4.20839059087042	48104-48131
-0.857274328331722	3.46644872939387	48104-48132
-1.40272707326054	6.75270521477564	48104-48133
-1.46605155999939	5.84639452159258	48104-48134
-1.02906623286283	4.01591872823369	48104-48135
-1.18270466566794	4.53117213253195	48104-48136
-1.12121025982425	4.41389862222793	48104-48137
-1.11102286136121	4.2148177526691	48104-48138
-0.852193488720636	2.37428698452298	48104-48139
-0.892875444128997	2.95909022784356	48104-48140
-1.37560323450524	5.40892966584713	48104-48141
-0.593144652074748	1.26017245771878	48104-48142
-1.25111940186993	4.67236202977658	48104-48143
-0.85356058407846	2.4471838465985	48104-48144
-0.84149018304621	1.72164420374616	48104-48145
-1.19781085538318	3.90252641927747	48104-48146
-1.55755196185035	5.37469534338777	48104-48147
-1.2345222886229	3.62371495210785	48104-48148
-0.669986079681264	1.42081777370317	48104-48149
-0.359306347443361	0.613761096788592	48104-48150
-0.570096598276693	1.35457989719429	48104-48151
-0.814459728754849	2.07412105184148	48104-48152
-0.936796674997421	2.8588700610572	48104-48153
-0.603008673964529	14.2053239030551	48105-48105
-0.531661825390038	10.6444067703623	48105-48106
-0.374725634669213	5.28454600417317	48105-48107
-0.318669588262314	3.55732574818958	48105-48108
-0.526075715448483	7.38206278443056	48105-48109
-0.459799747646817	5.58544687264568	48105-48110
-0.112852611213802	0.634046155948761	48105-48111
0.162239367001304	0.956931571586076	48105-48112
-0.199482856216245	1.16277915092255	48105-48113
-0.542320091237911	4.87302770547842	48105-48114
-0.76133369782803	7.31805413811405	48105-48115
-0.143707761350519	0.584932024446203	48105-48116
-0.22169553892825	1.12485666741657	48105-48117
-0.454494063114326	2.88018495349611	48105-48118
-0.380362311433619	2.2624644049644	48105-48119
-0.522453444252211	3.67998381136493	48105-48120
-0.250266970730334	0.943696652716591	48105-48121
-0.801021394765333	5.13240966045741	48105-48122
-0.344646474241344	1.24155950122382	48105-48123
-0.589318905747216	2.87323713230565	48105-48124
-0.432868240492325	1.45326996373141	48105-48125
-0.613096153957846	2.54449860679079	48105-48126
-0.962066479522687	4.88369461983154	48105-48127
-1.04342102198777	5.2083277125839	48105-48128
-0.663625159162734	2.81658751925709	48105-48129
-0.855354598136401	3.75773487717502	48105-48130
-0.907079876742705	3.86934060096407	48105-48131
-0.989183463648183	5.08968622492947	48105-48132
-1.3534183697023	7.714374826481	48105-48133
-1.2448552595991	5.53044625958627	48105-48134
-0.433997626195802	1.22408907753123	48105-48135
-0.50139450869591	1.28047718175537	48105-48136
-0.92698603391558	3.87092794210856	48105-48137
-1.39514300904279	6.18408563592112	48105-48138
-1.19306466223144	5.58421997007555	48105-48139
-1.38057971635207	5.25707469959957	48105-48140
-1.27149455022771	5.8493102104313	48105-48141
-1.43938808519043	6.13519305264646	48105-48142
-0.897746368555475	3.12495724944486	48105-48143
-0.935943930674681	3.53827416227499	48105-48144
-0.885401693716175	2.16848428771602	48105-48145
-1.16466228358492	4.2422257590529	48105-48146
-1.36474762399527	4.92015675445386	48105-48147
-1.06502307470369	3.73891103548401	48105-48148
-0.98936598658826	2.70302710225736	48105-48149
-0.622709110751366	1.45234625763405	48105-48150
-0.430239883079408	0.89488124766017	48105-48151
-0.920967876913918	3.13479608945111	48105-48152
-0.467802655103227	0.964137263340977	48105-48153
-0.819958886643037	2.6203895384823	48105-48154
-0.724847454453364	18.4793237161086	48106-48106
-0.394543291383953	7.03486008516339	48106-48107
-0.594917721961458	10.1344322749087	48106-48108
-0.721137831203465	13.3546939800403	48106-48109
-0.792306844850529	14.0794385791313	48106-48110
-0.157481107399211	1.10588675408236	48106-48111
-0.0359991920668946	0.154797318828695	48106-48112
-0.364484155090673	3.06846699728538	48106-48113
-0.467900281474201	4.36857416984874	48106-48114
-0.463164765250205	3.83622499493668	48106-48115
-0.143900037103736	0.676491702574999	48106-48116
-0.403407352206065	3.03322369091937	48106-48117
-0.233452640768416	1.16675278888938	48106-48118
-0.544689351899414	4.23790204141181	48106-48119
-0.551560982129856	4.03546092413961	48106-48120
-0.368869625702659	1.7717209191315	48106-48121
-0.430547459848826	1.9519804306332	48106-48122
-0.504608376586878	2.21984074268064	48106-48123
-0.392048486191004	1.58022768897176	48106-48124
-0.439311993519503	1.5957798728693	48106-48125
-0.426005737628396	1.62988060809699	48106-48126
-0.475725753138891	1.8565275513955	48106-48127
-0.906106150082445	4.73335220469161	48106-48128
-0.80617321284586	4.10273316278944	48106-48129
-0.588051564147604	2.52531964909708	48106-48130
-0.674831236454958	2.95110616470025	48106-48131
-1.29201218579647	7.65804765205706	48106-48132
-1.25109305059663	6.73082059037162	48106-48133
-0.67175047467891	2.21873916675091	48106-48134
-0.653628945578742	2.34509196835586	48106-48135
-0.521291873265499	1.6110547055919	48106-48136
-0.749566914441532	2.99115038868743	48106-48137
-0.757921463168918	2.85486114222634	48106-48138
-1.11106871431918	4.59705965259134	48106-48139
-1.24025256565605	6.10492086897804	48106-48140
-1.05430409633882	4.90607538757378	48106-48141
-1.03324386535909	3.20152151907956	48106-48142
-0.939982077926457	3.12161868762484	48106-48143
-0.789710761177792	2.48888098691029	48106-48144
-0.737048911126084	1.82662413568712	48106-48145
-0.710571009873715	2.21783206838372	48106-48146
-0.65385350592844	1.80590863974225	48106-48147
-0.649916180258025	1.81050994829048	48106-48148
-0.397721535182267	0.755108616541954	48106-48149
-0.935877359302195	2.79067305706666	48106-48150
-0.549895477193275	1.51424647341678	48106-48151
-0.743532193389504	2.36278692690426	48106-48152
-0.340847614915704	0.777136026234701	48106-48153
0.13332945381483	0.212936188820049	48106-48154
-0.0953995078633525	0.160715581657972	48106-48155
-0.708625322495372	17.6316709008957	48107-48107
-0.419370275487675	7.92026951073346	48107-48108
-0.742543923810016	15.7256675168858	48107-48109
-0.768924056688843	14.7337177553548	48107-48110
-0.187701084632729	1.43228278658394	48107-48111
-0.0397772290131066	0.181079884958183	48107-48112
-0.348806850941772	3.21193090026907	48107-48113
-0.441591365716691	4.1997353838182	48107-48114
-0.468022411443431	4.23535783353231	48107-48115
-0.197030313012695	1.06035281240705	48107-48116
-0.355404215449204	2.72051443253944	48107-48117
-0.035511206555411	0.120020450538045	48107-48118
-0.0156349738273889	0.0492897616199122	48107-48119
-0.136878175730407	0.575756375364608	48107-48120
-0.19874967962949	0.818030575225791	48107-48121
-0.227589856842495	0.862676203756995	48107-48122
-0.0693505088737907	0.173023986865091	48107-48123
-0.264370044315643	0.896834276348459	48107-48124
-0.390251602676781	1.49806850157852	48107-48125
-0.365157131494408	1.46570604425644	48107-48126
-0.272063171806012	0.869852140607504	48107-48127
-0.377923283873224	1.4743518002592	48107-48128
-0.394720604262322	1.49837189296188	48107-48129
-0.331236503298825	1.14212430562312	48107-48130
-0.451281198005871	1.71440987558705	48107-48131
-0.857321276369798	4.87591657123165	48107-48132
-0.996853491340997	5.84798631606961	48107-48133
-0.884424081160188	4.01699380347482	48107-48134
-0.691008488340383	2.69916203119837	48107-48135
-0.459357687729225	1.27072836008182	48107-48136
-0.226325232960871	0.563506193555522	48107-48137
-0.496716368702721	1.4981835798631	48107-48138
-0.423284295408305	1.22811874739499	48107-48139
-0.954828705838572	4.35758393363866	48107-48140
-0.818140158079786	3.20009356421536	48107-48141
-0.616837685367637	1.78041857538816	48107-48142
-0.85821547315474	2.90688369969809	48107-48143
-0.909913392703804	3.32898800618228	48107-48144
-0.215043097862672	0.34589825695574	48107-48145
-0.685530796390148	2.37174967106282	48107-48146
-0.434663838478986	1.11316787726516	48107-48147
-0.202056258058318	0.421769339744163	48107-48148
-0.20458408485419	0.341590335208384	48107-48149
-0.273376437382805	0.56334081675667	48107-48150
-0.278902022001745	0.541346657273865	48107-48151
-0.28417333866411	0.60420816225778	48107-48152
0.101466256697304	0.149878588473477	48107-48153
0.275368669637547	0.576490726238216	48107-48154
-0.161739293238114	0.318081637734976	48107-48155
0.365175373210761	0.852853864872392	48107-48156
-0.660157284832099	15.7202902460648	48108-48108
-0.376770036608059	6.54999159506412	48108-48109
-0.43834207255312	6.79452392665191	48108-48110
-0.12582182134878	0.887139678553145	48108-48111
-0.170819492625095	1.24581220482615	48108-48112
-0.201897319358456	1.40088518535258	48108-48113
-0.37605498590883	3.36719463455652	48108-48114
-0.609144301743455	6.68170513428687	48108-48115
-0.124263283003339	0.588668641038444	48108-48116
-0.169899283696159	0.905106757659371	48108-48117
-0.0189060994359004	0.0632300250756811	48108-48118
0.08088099563608	0.320755871694426	48108-48119
-0.168184655643526	0.78710562515003	48108-48120
-0.200117538801266	0.829139851098421	48108-48121
-0.384073516526947	1.91045967306961	48108-48122
-0.270274098449963	1.0831865617224	48108-48123
-0.405613950203973	1.81365511904094	48108-48124
-0.311801453450907	1.10377313637101	48108-48125
-0.444533779621754	1.96868466676332	48108-48126
-0.260074471906233	0.884440419937081	48108-48127
-0.253994610058716	0.848622722866612	48108-48128
-0.622594914847863	3.21724538516193	48108-48129
-0.0922586107390356	0.216474557666745	48108-48130
-0.761649828786285	3.80728794356136	48108-48131
-0.855603281489396	4.5774736740709	48108-48132
-1.15229152010525	6.65525311819328	48108-48133
-1.03351580290228	5.09378144015062	48108-48134
-0.506167058673731	1.62163061168125	48108-48135
-0.157314090255684	0.322162036023699	48108-48136
-0.279919099078053	0.665552597623818	48108-48137
-0.516181004826703	1.71072039555381	48108-48138
-0.542138498776164	1.52138654808184	48108-48139
-0.905402668967458	4.0956321752331	48108-48140
-1.0563083484891	4.73360819197307	48108-48141
-0.714523876237922	2.25842303713961	48108-48142
-0.53951962121845	1.50192891130856	48108-48143
-1.07711804194462	4.54293491580875	48108-48144
-1.00513837239283	3.62447945466558	48108-48145
-0.639085515762769	2.0849930538126	48108-48146
-0.394858524187025	0.910964461149622	48108-48147
-0.825138848805397	2.71546239140909	48108-48148
-0.627602132079573	1.74978111772957	48108-48149
-0.409249205706276	0.95793760050198	48108-48150
-0.24834065174945	0.512573203221885	48108-48151
-0.417687817437508	1.00547048274635	48108-48152
-0.460115980612521	1.02780910279849	48108-48153
0.052771215325054	0.0840197693010932	48108-48154
0.0454870986946206	0.071077548535581	48108-48155
-0.424485757597126	1.015891056833	48108-48156
-0.060668665921272	0.0988169355906304	48108-48157
-0.636143260743368	15.4766494927658	48109-48109
-0.373192856836099	6.44379555197714	48109-48110
-0.218893584666778	2.25555184626276	48109-48111
-0.364742431949649	4.50352809555472	48109-48112
-0.318480491281508	3.34559361931414	48109-48113
-0.578455629456944	7.40786649349672	48109-48114
-0.616752864295567	7.69502986526895	48109-48115
-0.255458467119219	2.02789604827461	48109-48116
-0.338117124019449	2.97396339583232	48109-48117
-0.188577803450746	1.06150319565003	48109-48118
-0.244000633024899	1.52516431879292	48109-48119
0.0801843695639913	0.308825355676792	48109-48120
0.00943059122476853	0.0261578110025767	48109-48121
-0.00707072079856903	0.0172455249589113	48109-48122
0.0944050928007449	0.270629532867073	48109-48123
-0.274584375936367	1.09358630408062	48109-48124
0.0280981544670313	0.0617345470701296	48109-48125
-0.247528728305027	0.927391806551769	48109-48126
-0.420734255700873	1.89832122710584	48109-48127
-0.402440178556105	1.64835508609635	48109-48128
-0.286198690257409	1.15425001608129	48109-48129
-0.255003434101827	0.906028010446586	48109-48130
-0.507667169108302	2.29024338909589	48109-48131
-0.316449871427795	1.06946377318518	48109-48132
-0.786986644003837	3.95287572523439	48109-48133
-0.605588844336476	2.62109903627748	48109-48134
-0.467520240315037	1.71381350492327	48109-48135
-0.277790541993079	0.71142694769495	48109-48136
-0.830224698994008	3.66482677716769	48109-48137
-0.45707697644325	1.46760124720898	48109-48138
-0.732184761882076	3.25407211579081	48109-48139
-0.621014531636703	2.38047385178567	48109-48140
-0.847281628311014	3.59759572464829	48109-48141
-0.39097935536487	1.08875332372762	48109-48142
-0.748289521664655	2.97582776602435	48109-48143
-0.327527071035696	0.860572116895622	48109-48144
-0.685158745574223	2.27459379945965	48109-48145
-0.650659756914982	2.24703032166898	48109-48146
-0.281279369674434	0.629124011330629	48109-48147
-0.356296331336253	0.783694853433452	48109-48148
-0.149915430819501	0.248641637997472	48109-48149
0.010561275918787	0.0157509995086693	48109-48150
-0.298339857521383	0.804121861676136	48109-48151
-0.411455500178431	1.16083967155703	48109-48152
-0.131606467794206	0.238528210618477	48109-48153
0.149194704140606	0.289899894882844	48109-48154
-0.292213117752864	0.752110976035643	48109-48155
-0.0425848326280201	0.0743955948780081	48109-48156
-0.15139368794258	0.314824636868804	48109-48157
0.0148454478597362	0.0231204592654118	48109-48158
-0.546042943651576	11.9950101109365	48110-48110
-0.272306375435858	4.00121181919834	48110-48111
-0.26908997659623	3.07848736829467	48110-48112
-0.40507669790761	5.04617558458172	48110-48113
-0.613173872036076	9.13455951542629	48110-48114
-0.474928251795329	5.85011140415192	48110-48115
-0.0272931439143737	0.117610289634925	48110-48116
-0.186963897456687	1.31259904038121	48110-48117
-0.0233449156086778	0.0882018620389185	48110-48118
-0.205238727924155	1.24839266036466	48110-48119
0.0323612314039972	0.107965053357748	48110-48120
0.122591485680859	0.47558035557509	48110-48121
0.103817442520553	0.345334978956444	48110-48122
0.01605869647855	0.0402032105798219	48110-48123
-0.206525560438897	0.814742951801908	48110-48124
0.200610232119945	0.720199793007125	48110-48125
0.0728360881416248	0.192294950765193	48110-48126
-0.147824325585776	0.446942808347913	48110-48127
-0.213123517488871	0.687686223502263	48110-48128
-0.390089056936799	1.97198133214011	48110-48129
-0.0953559478940217	0.227054972347749	48110-48130
-0.17224897903785	0.467844842488307	48110-48131
-0.418714335145963	1.84683364447299	48110-48132
-0.748579976364085	3.50838393010004	48110-48133
-0.73563200869411	3.33199779186894	48110-48134
-0.0774702404682354	0.147474276606273	48110-48135
-0.55769902962309	2.19650827860238	48110-48136
-0.272054433368728	0.72219982386953	48110-48137
-0.682098909015075	2.50271395917715	48110-48138
-0.823578870404718	3.80998554104689	48110-48139
-0.454641140745814	1.49925268078721	48110-48140
-0.686857342722658	2.75239699580897	48110-48141
-0.517738483874652	1.73371718145336	48110-48142
-0.81388210307632	3.09091037625994	48110-48143
-0.565958980657741	1.9388938361463	48110-48144
-0.858440786706804	2.9652622782473	48110-48145
-0.787439656329782	3.21990809582592	48110-48146
-0.428597832404674	1.02090289211997	48110-48147
-0.344052853938811	0.885401317867803	48110-48148
-0.199247228929979	0.36276560188585	48110-48149
-0.130847952102066	0.210889220180622	48110-48150
-0.407900119307082	1.03502436951164	48110-48151
-0.0711091936944867	0.113374623171766	48110-48152
-0.220580316945128	0.488331646059723	48110-48153
0.334881975402121	0.747552228554634	48110-48154
0.0500822055555355	0.087658803678832	48110-48155
0.103188482326983	0.191965674256136	48110-48156
0.299884956330489	0.786357329347702	48110-48157
0.16857319315067	0.322139375456342	48110-48158
-0.325181662839523	0.877536718297998	48110-48159
-0.593411493927725	13.7170952668947	48111-48111
-0.413666913681776	7.24708776175851	48111-48112
-0.595020807435384	10.7475126683773	48111-48113
-0.791485220314118	14.586936410568	48111-48114
-0.538981092594122	8.0912324070728	48111-48115
-0.229523348511107	2.0652894376794	48111-48116
-0.498917541885463	6.52901813587962	48111-48117
-0.314733064838381	2.70955481332581	48111-48118
-0.362883824842696	2.99905286669702	48111-48119
-0.130139427914663	0.645763702573611	48111-48120
0.116410602640339	0.488968048368119	48111-48121
-0.100579326316176	0.352086723043989	48111-48122
-0.0532583853327975	0.155837764788201	48111-48123
0.0912205548436298	0.27444007190029	48111-48124
-0.0275230854337179	0.0694744328366326	48111-48125
-0.115673578088037	0.366196449587259	48111-48126
-0.446901891601514	2.20236975639118	48111-48127
0.0542002344528629	0.129083702840528	48111-48128
-0.330601007984021	1.49715200235596	48111-48129
-0.171496357739807	0.574282896722949	48111-48130
-0.163621475624345	0.494777042126211	48111-48131
-0.607463976888838	3.33696779467598	48111-48132
-0.811363133058519	4.79083853895221	48111-48133
-0.765229509067721	3.8558787713554	48111-48134
-0.16756424463381	0.388460299699428	48111-48135
-0.301646567941083	0.868047844692071	48111-48136
-0.350239264961501	1.06366413911302	48111-48137
-0.687564056870964	3.20698165933946	48111-48138
-0.585487737355046	2.1544572527899	48111-48139
-0.652283265017342	2.83929102318317	48111-48140
-0.420473003177839	1.40844661781083	48111-48141
-0.537702462317982	1.77586962768235	48111-48142
-0.497179766022389	1.59635017452212	48111-48143
-0.814035388885619	3.43513822225991	48111-48144
-0.669872558672736	2.06813358681823	48111-48145
-0.807644023407899	3.08674568645148	48111-48146
-0.70364077866769	2.41242089730271	48111-48147
-0.287603669680113	0.594109332858371	48111-48148
-0.368246507697941	0.740648289403478	48111-48149
-0.378599414582087	0.916806870544345	48111-48150
-0.264412077964229	0.609623964772621	48111-48151
-0.423987982927664	1.07995469995498	48111-48152
0.190559568425434	0.38683998365499	48111-48153
0.222708579254727	0.519002392713457	48111-48154
0.117884184145338	0.252874190121187	48111-48155
0.261549024478965	0.61270570828203	48111-48156
-0.299106480099459	0.760241751558728	48111-48157
0.158852575793135	0.327718970527999	48111-48158
-0.180612385654931	0.380143565333375	48111-48159
0.345965371029062	0.978707212230557	48111-48160
-0.798277647234339	19.4226196397955	48112-48112
-0.38482755946708	6.64117519643298	48112-48113
-0.678221956768815	13.1993236167427	48112-48114
-0.444238381219417	6.4135824504441	48112-48115
-0.049869307822572	0.292237998222225	48112-48116
-0.322682857108978	3.87926366230264	48112-48117
0.107319104781464	0.657093823279806	48112-48118
-0.016638336634004	0.0639148789386512	48112-48119
0.204709293643724	1.34318221979203	48112-48120
0.418408614076617	3.34730430487163	48112-48121
0.188923520515182	0.840863801888278	48112-48122
0.280492269994773	1.33991680789458	48112-48123
-0.0127535341108842	0.0334340095350365	48112-48124
0.325669795689856	1.49755881161683	48112-48125
-0.0531991097979667	0.150031048660143	48112-48126
0.0658024995373494	0.172257769434072	48112-48127
-0.0447835623803465	0.116354974845271	48112-48128
-0.0990849254982736	0.303089758213491	48112-48129
0.10785790404026	0.33281442728387	48112-48130
0.164096296834462	0.542039765993693	48112-48131
-0.12085855996333	0.368703623739488	48112-48132
-0.801804708177659	4.72508559193652	48112-48133
-0.371738986800463	1.24232116111489	48112-48134
-0.0168542774032137	0.0292805660148866	48112-48135
-0.296951269687395	0.825757485802558	48112-48136
-0.544333039469204	2.29268123167374	48112-48137
-0.33685231744207	1.04624448241533	48112-48138
-0.217249924632397	0.54769871190056	48112-48139
-0.667020583211935	2.87288214400556	48112-48140
-0.491385025510112	1.82684858856506	48112-48141
-0.424993841193652	1.22434116011008	48112-48142
-0.665032467691336	2.51654101130054	48112-48143
-0.503386152969099	1.75725115074478	48112-48144
-0.426221933431893	0.994786528257552	48112-48145
-0.536449690121029	1.77472187864009	48112-48146
-0.440572659694587	1.18190164391868	48112-48147
-0.549386822734794	1.72277031759123	48112-48148
-0.582185751019967	1.59454406238384	48112-48149
-0.119394571523564	0.206690159724679	48112-48150
-0.038431441939902	0.0610790681079683	48112-48151
0.0798574273606592	0.13437028129521	48112-48152
0.383208913421601	1.0239488621418	48112-48153
0.265544580054961	0.686122750527999	48112-48154
0.36676746246477	0.909331679759536	48112-48155
0.380496256546977	0.989104313265848	48112-48156
0.183039395686369	0.395057994222543	48112-48157
-3.86854262225471e-05	0.000196033763816751	48112-48158
0.304381790110571	0.823270639795038	48112-48159
-0.0877891316167058	0.158412859970835	48112-48160
-0.311069241648006	0.717222843905712	48112-48161
-0.74858243571202	18.1153770494251	48113-48113
-0.595472220828108	12.0133451573255	48113-48114
-0.696603775559589	13.7365924068059	48113-48115
-0.449166332253702	7.69990498986821	48113-48116
-0.585460601006187	9.9485825452567	48113-48117
-0.438277579350479	5.39502305687238	48113-48118
-0.335615220904151	3.25342023865914	48113-48119
0.0619342482465332	0.284844772515171	48113-48120
0.124454054271534	0.605485211941545	48113-48121
0.0719796854952128	0.259957357441182	48113-48122
0.272195998335133	1.42894050289462	48113-48123
0.121605653233533	0.457935085937345	48113-48124
0.227511284144489	0.937184719374748	48113-48125
-0.214016105777364	0.877471524747939	48113-48126
-0.164761653083269	0.560183344893127	48113-48127
-0.0354059284465027	0.0907434165725089	48113-48128
-0.0293035917706827	0.0778859298974167	48113-48129
0.0755974033146046	0.210850250555334	48113-48130
-0.341337262632297	1.56458214827966	48113-48131
-0.144524289795904	0.463138447229117	48113-48132
-0.453568817358428	2.21872585136486	48113-48133
-0.564553058873506	2.17774975790867	48113-48134
-0.23173553623177	0.661207433364756	48113-48135
-0.0759808525639962	0.165156931896461	48113-48136
-0.5941617924887	2.91196266605876	48113-48137
-0.4391586293643	1.65602572075658	48113-48138
-0.538832891790375	2.29809695436177	48113-48139
-0.528353922805021	2.25615946657042	48113-48140
-0.58022698071555	2.4973131727534	48113-48141
-0.604683110589258	2.46262372848658	48113-48142
-0.359943242651239	1.13900241510473	48113-48143
-0.311020400976065	0.928098550037842	48113-48144
-0.00652272686187547	0.0103604962962082	48113-48145
-0.613687870335606	2.2681488196268	48113-48146
-0.356824415723822	0.991235530474474	48113-48147
-0.762613527680098	2.98497847928776	48113-48148
-0.281998595046746	0.570749835140656	48113-48149
0.305677168511376	0.698989989492109	48113-48150
0.00441506139303434	0.00709184140609978	48113-48151
0.012961399077359	0.0207819825066052	48113-48152
0.0870954220186974	0.163932693271046	48113-48153
-0.0108310421477441	0.0181920491781907	48113-48154
0.154461093131903	0.322174266106903	48113-48155
-0.124870765426461	0.246524005051062	48113-48156
0.1379297836714	0.287146938043163	48113-48157
0.297739422582762	0.851025999757359	48113-48158
-0.00714315449876975	0.0112422138064564	48113-48159
0.0474012532460676	0.0846109982159786	48113-48160
0.230256814196556	0.501362237598837	48113-48161
-0.0824430697535895	0.145513544367598	48113-48162
-0.60151161568334	14.1485653621489	48114-48114
-0.386384688113585	7.23285791102568	48114-48115
-0.526633483943044	10.2440436699266	48114-48116
-0.67655407455357	12.9821470003792	48114-48117
-0.510129853472983	7.54646483044614	48114-48118
-0.42790565352449	5.02968209810104	48114-48119
-0.290907935349883	2.64788354366639	48114-48120
-0.24043894438346	1.55446059459603	48114-48121
-0.152019217162458	0.705946429919075	48114-48122
-0.104254587442637	0.387927240282417	48114-48123
-0.0468617651015418	0.161350347476241	48114-48124
0.0736721901863465	0.239434073937815	48114-48125
-0.142783701527758	0.568098430003882	48114-48126
-0.0781478432229239	0.257947099037385	48114-48127
-0.237184832573372	1.10254925712405	48114-48128
-0.220706142281447	1.0372046406001	48114-48129
-0.0997808351524173	0.352536478686383	48114-48130
0.0694071789980055	0.219568121136169	48114-48131
-0.298602739079135	1.70925040515067	48114-48132
-0.543773390700578	4.12790973604024	48114-48133
-0.134994604921824	0.421900051028865	48114-48134
-0.0344525385614552	0.0825723222968354	48114-48135
-0.204452097086939	0.615282463441436	48114-48136
-0.523910270525851	2.90308866951611	48114-48137
-0.580330044438418	2.85303570545509	48114-48138
-0.249183425664171	0.9563581004441	48114-48139
-0.309594614832945	1.16034982597424	48114-48140
-0.182352720454125	0.561346681448666	48114-48141
-0.140551224433556	0.36591452382592	48114-48142
-0.452828471141431	1.89258621255558	48114-48143
-0.194183423128752	0.607105940656555	48114-48144
-0.29222777585625	0.922478069550766	48114-48145
-0.081105233971744	0.199547690193601	48114-48146
0.0350971743119732	0.0716707447237157	48114-48147
-0.213438430761715	0.590822184398012	48114-48148
-0.0816808567358264	0.15476965402181	48114-48149
0.208047973658826	0.540897907521491	48114-48150
-0.00301816771111434	0.00572577449664167	48114-48151
-0.246905156868975	0.721439391630506	48114-48152
0.190285341416508	0.52933325313928	48114-48153
0.128673587808518	0.292632153709226	48114-48154
0.0361267465067144	0.0740970037280979	48114-48155
-0.0321887623096522	0.0601783554445202	48114-48156
-0.0459114287040118	0.0904418380142347	48114-48157
0.193201274929662	0.566904222364454	48114-48158
0.0778778822737714	0.183264281222355	48114-48159
-0.108321981255817	0.253262117855303	48114-48160
0.0803935452563788	0.169906713047999	48114-48161
0.114338608584236	0.253559133385189	48114-48162
0.157740784377825	0.292937925727344	48114-48163
-0.596665965314167	14.4086832617944	48115-48115
-0.518037668356074	10.1866561347839	48115-48116
-0.752001814844106	13.92365325318	48115-48117
-0.636823177303715	10.647932861062	48115-48118
-0.583069214437798	8.17734019909305	48115-48119
-0.246005110067686	2.01331368079848	48115-48120
-0.0526625931648256	0.208906782187774	48115-48121
-0.430052635353857	3.38091179981003	48115-48122
-0.0494636460163094	0.161940136435463	48115-48123
-0.214888783983997	1.08780878439114	48115-48124
-0.113265934807635	0.405285288947778	48115-48125
-0.0788918521286682	0.261996030369015	48115-48126
-0.149920274663051	0.623696284076785	48115-48127
-0.145631092098373	0.584660395208047	48115-48128
-0.223221047046557	1.11372420806712	48115-48129
-0.143071320879535	0.54182727633743	48115-48130
-0.0243969744708867	0.068336648587204	48115-48131
-0.257788874241704	1.38019925727708	48115-48132
-0.376314504455918	2.19415675094308	48115-48133
-0.167724597135867	0.552362864201363	48115-48134
-0.24888428190768	0.86311492771643	48115-48135
-0.169823915766018	0.484846769654525	48115-48136
-0.134691413882307	0.410082949468117	48115-48137
-0.370522926799251	1.60381856313747	48115-48138
-0.531505593020195	2.84211856326991	48115-48139
-0.470940916337437	2.25613407258879	48115-48140
-0.432973658904159	1.96406816289349	48115-48141
-0.344240126367101	1.26051169444733	48115-48142
-0.226311900645732	0.684284054823059	48115-48143
-0.186612170740296	0.549892680911703	48115-48144
-0.276446013584376	0.836093378783826	48115-48145
-0.293580305421361	0.936557695662668	48115-48146
0.0205982644784957	0.0408856039335928	48115-48147
-0.216530604399082	0.592229202831243	48115-48148
0.125985662448732	0.271586051972545	48115-48149
0.0379556317300624	0.0693376625198715	48115-48150
-0.0095846535396876	0.0172579178051649	48115-48151
-0.224395485553391	0.609433602435294	48115-48152
0.383327184669774	1.43364785096821	48115-48153
-0.0303899872558568	0.0564219424418767	48115-48154
-0.236959112825545	0.6352017902529	48115-48155
-0.1478745269055	0.353149725941317	48115-48156
-0.0992760767323208	0.241706883987032	48115-48157
-0.178453444819031	0.521334050422972	48115-48158
-0.40476133971755	1.40627571576363	48115-48159
-0.18427252603056	0.497364198305197	48115-48160
0.614758847610832	2.50608037943276	48115-48161
0.0120180458596024	0.0207260441085311	48115-48162
0.250561569832776	0.509287436698755	48115-48163
0.364886558772291	0.823349954579845	48115-48164
-0.714217311468023	17.7948587283345	48116-48116
-0.548961058472355	11.3848878412359	48116-48117
-0.429144158703079	6.92043041093293	48116-48118
-0.413635959212611	5.73789463250695	48116-48119
0.0956720223296362	0.599045263254029	48116-48120
0.187452491030058	1.3428795394919	48116-48121
-0.0325937868482755	0.118861567024756	48116-48122
0.062418085334815	0.23655448033987	48116-48123
0.141031389119916	0.687797776316064	48116-48124
0.133842582655567	0.562530221619992	48116-48125
0.132781531510782	0.595918071454079	48116-48126
0.267654366927698	1.52386577947521	48116-48127
0.185482376582304	0.826687919584589	48116-48128
0.0275237507669177	0.0858827725401351	48116-48129
0.146710978061036	0.601745434390275	48116-48130
0.308679845350121	1.71462428623347	48116-48131
-0.0275143945481459	0.0796296551783831	48116-48132
-0.199749393152585	0.859472525390767	48116-48133
-0.386959447900966	1.76457926854897	48116-48134
0.131825503700888	0.377020733782535	48116-48135
-0.006414199303765	0.012608868457384	48116-48136
-0.179599927220963	0.568154946531144	48116-48137
-0.473857759833164	1.94805031690592	48116-48138
-0.257405188375001	0.833494415635757	48116-48139
-0.3420792035676	1.40164213341304	48116-48140
-0.582149433083309	2.93580943234281	48116-48141
-0.21449138824303	0.621296913309451	48116-48142
-0.396498971743075	1.39559907018076	48116-48143
-0.0199104132089192	0.0399483233861551	48116-48144
-0.186135383330002	0.428013397767995	48116-48145
-0.453490516512248	1.80978113402617	48116-48146
-0.26414839573844	0.757460462464603	48116-48147
-0.501357102073655	1.83189410458098	48116-48148
-0.145114187136256	0.313245491161619	48116-48149
0.102166533231731	0.206765683230497	48116-48150
0.105777139644255	0.230303635732082	48116-48151
-0.296076139293775	0.808534031224199	48116-48152
0.163267920369172	0.394973991901057	48116-48153
0.247000814614792	0.648259463508346	48116-48154
0.308898415245351	0.903894893653397	48116-48155
0.152365395005974	0.354264051721789	48116-48156
0.318294736220329	0.948417744434176	48116-48157
0.0141863484481496	0.0262875124296647	48116-48158
-0.157688539421297	0.387058731073022	48116-48159
-0.0415476968348775	0.0813226295353868	48116-48160
-0.159286983319727	0.321161663949646	48116-48161
0.053162524568098	0.0937861210088779	48116-48162
0.263922949289457	0.48455331375983	48116-48163
0.0695446547037982	0.112705863874421	48116-48164
-0.261597136008513	0.566516284927389	48116-48165
-0.527415544724726	11.999236288228	48117-48117
-0.39494060430505	7.07409507446393	48117-48118
-0.413015326965305	6.68856494623276	48117-48119
0.0308882595271737	0.166091607969971	48117-48120
0.152969197458866	1.11892661999583	48117-48121
-0.0830803448221783	0.406679828348844	48117-48122
-0.0611193696558042	0.26369846345863	48117-48123
0.119444903525473	0.629945439338487	48117-48124
0.286272381344377	2.00132736035983	48117-48125
0.312180558522453	2.17387785646504	48117-48126
0.289752134630284	1.9795097558405	48117-48127
0.160417202534112	0.781176615201571	48117-48128
0.173127217822871	0.920461421368435	48117-48129
0.323770543404762	2.27734806556347	48117-48130
0.200666363068024	1.07209673875809	48117-48131
0.114754172541426	0.496778113895485	48117-48132
-0.444076714328671	3.24698874716591	48117-48133
-0.154461220835109	0.567699822830229	48117-48134
0.183294334873356	0.647196227531013	48117-48135
0.0246939123906669	0.0601916512193121	48117-48136
0.1238557103042	0.394436309342567	48117-48137
-0.21658395570058	0.788624780836974	48117-48138
-0.348207866401096	1.40307821142918	48117-48139
-0.445545619098394	2.28963587229012	48117-48140
-0.311470159403559	1.22186309295382	48117-48141
-0.0403494810158295	0.0908528551768357	48117-48142
-0.262660326521369	0.888780963882785	48117-48143
-0.206287976522474	0.6113626808505	48117-48144
-0.2926956610846	0.956434197714828	48117-48145
0.00630413959592908	0.0124217850201304	48117-48146
-0.121144823618463	0.297241670163211	48117-48147
-0.322322341276973	0.962566805906435	48117-48148
-0.326617407840236	0.982490231732255	48117-48149
-0.0463605334169494	0.0873432617228347	48117-48150
0.212827467349434	0.530932276477108	48117-48151
0.10224972880863	0.216421800847899	48117-48152
0.254606955632327	0.732467468913729	48117-48153
0.181253896483607	0.463043350903396	48117-48154
0.29308881610593	0.905173727437142	48117-48155
0.246576271693692	0.699118592326635	48117-48156
0.287141424408393	0.938610769810285	48117-48157
0.103034216949031	0.222233291080403	48117-48158
-0.0407173219701222	0.0916556743459829	48117-48159
-0.133705326141998	0.317660718831358	48117-48160
0.192037605766817	0.433093102765774	48117-48161
-0.273235706298785	0.724010875352891	48117-48162
-0.206628142768248	0.379589990415973	48117-48163
0.0151923454621373	0.0245982090403672	48117-48164
-0.417697353680631	1.07593451927363	48117-48165
0.709783440340538	0.933336733227713	48117-48166
-0.759131654312659	18.3957447902503	48118-48118
-0.242928279403173	3.40176883978687	48118-48119
-0.140548562780427	1.25154309327599	48118-48120
-0.0528844038904032	0.283968599310908	48118-48121
-0.384043192740342	3.99176458762986	48118-48122
-0.215044007922216	1.52499105504712	48118-48123
-0.247379940375228	1.8287608378332	48118-48124
-0.182352602483864	1.0281616617975	48118-48125
0.102610702844511	0.472595494484584	48118-48126
0.537880652257446	5.64805333525226	48118-48127
0.197169185530391	1.06803402383794	48118-48128
0.0972680951987004	0.416410519117946	48118-48129
0.350034664982205	2.47718996871758	48118-48130
0.0234868821380054	0.0716983130320994	48118-48131
-0.352286000299528	2.398383318086	48118-48132
-0.496539955393665	3.79561167145321	48118-48133
-0.505178792733918	3.11705381645345	48118-48134
-0.0877259377511529	0.259003347622414	48118-48135
0.0231603294608724	0.0533957629629254	48118-48136
0.0686867233369288	0.196549523489663	48118-48137
0.301862247244515	1.15499387261326	48118-48138
-0.664817418560384	4.24922974722322	48118-48139
-0.284888025473616	1.12376005736748	48118-48140
-0.294914166588268	1.10451485715861	48118-48141
-0.0328088846306188	0.0670572538228359	48118-48142
-0.0908189131526841	0.197709631799149	48118-48143
-0.51369496561005	2.25099221208195	48118-48144
0.0564679840418603	0.109553159493137	48118-48145
-0.703052510522696	3.53206105299552	48118-48146
-0.128730118603559	0.287235384075748	48118-48147
-0.352507023423787	1.06067765020436	48118-48148
-0.290309305884853	0.750316149798588	48118-48149
0.165748301334317	0.379840540360904	48118-48150
-0.110493033382352	0.231490569378784	48118-48151
0.0633662590711707	0.126824126475699	48118-48152
0.0865628690201894	0.184929052590623	48118-48153
0.174979458293581	0.398637395137942	48118-48154
-0.00742041472687205	0.0139236406621804	48118-48155
0.162076489001544	0.385312853626695	48118-48156
0.0758138680456893	0.162388564190804	48118-48157
-0.0967663706007063	0.220102030132177	48118-48158
-0.382349340402006	1.34760390001685	48118-48159
-0.399534552573412	1.23081529954973	48118-48160
-0.239125918872303	0.536206491787353	48118-48161
-0.294815638568449	0.728425887601349	48118-48162
-0.173802982874968	0.305636714116658	48118-48163
-0.458291415406614	1.13257215787895	48118-48164
-0.134756171539854	0.221065641066748	48118-48165
0.843030245125746	1.24196097538781	48118-48166
-0.30056680177772	0.700939278846877	48118-48167
-0.639317561853186	15.4525376118983	48119-48119
-0.349871468395905	5.85604951398268	48119-48120
-0.173505624330273	1.55915246237229	48119-48121
-0.254944940151869	2.42556768747121	48119-48122
-0.338088461445776	3.5301278242751	48119-48123
-0.225998157338872	1.8428352010803	48119-48124
-0.0506669043439095	0.220011204405904	48119-48125
-0.049069560461032	0.21168398578645	48119-48126
0.38877638209969	3.94961033545518	48119-48127
0.387090985807317	3.448744106844	48119-48128
0.240285341147882	1.64389332607167	48119-48129
0.107708635688488	0.516519755360031	48119-48130
0.103181894860855	0.452795482536418	48119-48131
-0.187654611347753	1.02896547389465	48119-48132
-0.22110210095984	1.14421890498621	48119-48133
-0.48427685627614	3.19657255609012	48119-48134
-0.0485469305956666	0.147163242148605	48119-48135
0.101610385338808	0.338692354355266	48119-48136
-0.0595608924011488	0.179485849872556	48119-48137
-0.000128707645253025	0.000357541982001266	48119-48138
-0.157197025535006	0.558982314819153	48119-48139
-0.353920326734891	1.64044111008858	48119-48140
-0.31040981774038	1.28216115490559	48119-48141
-0.368262614941235	1.43451279268741	48119-48142
-0.0315710552447449	0.0685555686844596	48119-48143
-0.0936437237405915	0.239005135009301	48119-48144
-0.26408330366608	0.741656693752255	48119-48145
0.0393472402580087	0.0862417445437653	48119-48146
-0.13028901087803	0.314389722821093	48119-48147
-0.152048709194676	0.340447540625243	48119-48148
0.359452473815483	1.07337349412134	48119-48149
0.352557688375184	1.08821397184423	48119-48150
0.0266812798287828	0.0495603575887132	48119-48151
-0.0588833073524136	0.123288074636651	48119-48152
0.199041124355715	0.47194879846826	48119-48153
0.373657405591553	1.26396582530001	48119-48154
0.160955392746995	0.38893966458843	48119-48155
-0.0198794072904845	0.038961138572448	48119-48156
0.210519722774413	0.54816190447276	48119-48157
0.538388216982748	2.14310570042556	48119-48158
0.184910609653562	0.505238475982019	48119-48159
-0.218187412006791	0.552257560226202	48119-48160
-0.150695339294766	0.287789483006476	48119-48161
-0.38068197598461	1.15417061950093	48119-48162
0.236327748429062	0.510254984781013	48119-48163
0.12540711772147	0.24586963022023	48119-48164
-0.140480738449252	0.243379793138123	48119-48165
0.875308107047975	1.5283367172588	48119-48166
-0.00709154443691047	0.0114731041141714	48119-48167
0.0111492884468215	0.0175892431540793	48119-48168
-0.479132666423044	10.8397690985911	48120-48120
-0.186011460916303	2.20662226953694	48120-48121
-0.326164415961585	4.25576166493536	48120-48122
-0.322031083366868	3.67667017406414	48120-48123
-0.300259797934409	3.26250568188404	48120-48124
-0.271065279163721	2.45631710411448	48120-48125
-0.112705108806258	0.670334426884348	48120-48126
0.00748757349942313	0.0284447319776729	48120-48127
0.103179860893797	0.524622409501117	48120-48128
0.0843248330293444	0.41741709675002	48120-48129
-0.145497549673243	0.849591200741407	48120-48130
0.0334603402367982	0.129233202342617	48120-48131
0.00773295771311995	0.0259054790754329	48120-48132
-0.315697644759209	2.18682065543082	48120-48133
-0.47788386161797	3.52326795375291	48120-48134
0.0612725709762331	0.213162104345683	48120-48135
0.100020936013422	0.340179759845281	48120-48136
-0.0754327337129023	0.253801542897796	48120-48137
0.0173795435938011	0.0463641358033843	48120-48138
0.0150991800353269	0.0393637897221249	48120-48139
-0.181698483988658	0.664133714814572	48120-48140
-0.11432913415743	0.346765948597718	48120-48141
-0.258527966318298	0.868929856463125	48120-48142
0.0130983112715092	0.028490802768901	48120-48143
-0.252276500884144	0.885703183346462	48120-48144
0.0749292439987478	0.159148125387855	48120-48145
-0.347104038878521	1.22912923309032	48120-48146
-0.329608709137583	1.11093853916457	48120-48147
-0.507779540271783	1.92926759376689	48120-48148
0.179577304182638	0.409610767276882	48120-48149
0.304631673764776	0.883810129566788	48120-48150
0.39579877992508	1.44070239642401	48120-48151
0.323567474422009	0.964745300974901	48120-48152
0.60399561356759	2.72160490992884	48120-48153
0.627737362729899	2.5471395351795	48120-48154
0.260264819881912	0.872661778607053	48120-48155
0.246821506042707	0.740039338396934	48120-48156
0.234445550056393	0.676248665400924	48120-48157
0.497548575085279	1.87244102123738	48120-48158
0.242031397492397	0.685405767552161	48120-48159
-0.0815287704696843	0.164210394439084	48120-48160
-0.412022288787935	1.27633038806528	48120-48161
-0.264537955700681	0.687825375300194	48120-48162
-0.145202491091452	0.278048731993456	48120-48163
0.140726759390109	0.303576303484986	48120-48164
-0.0558257206319578	0.0952170920808887	48120-48165
0.259116953330561	0.272312544621408	48120-48166
0.000772830694324558	0.00139036151306607	48120-48167
-0.0292119253180697	0.0502545420608658	48120-48168
-0.204666827967198	0.526077130039998	48120-48169
-0.443140633758026	9.61607398501651	48121-48121
-0.356116434255002	6.16632095439213	48121-48122
-0.567677128454233	11.1584154677694	48121-48123
-0.386292155995991	5.79881959330409	48121-48124
-0.319276473888555	3.7361163713589	48121-48125
-0.176942125300804	1.53380732450199	48121-48126
0.117344013581965	0.742209254319816	48121-48127
0.301414830969353	2.78384859805451	48121-48128
0.302879698924578	3.00830462523531	48121-48129
0.202828562979566	1.4648798095673	48121-48130
0.360664839396129	3.47318144112281	48121-48131
0.440949178552176	4.41477013753824	48121-48132
0.0412664578072518	0.147593628128633	48121-48133
-0.1082000012196	0.425782446961923	48121-48134
0.114777146340905	0.428715593207679	48121-48135
0.295964161660601	1.6248711034616	48121-48136
0.13596518951372	0.517545823020999	48121-48137
0.460957855279575	3.06291600707322	48121-48138
0.248735447350168	1.0257984964433	48121-48139
0.185958931794245	0.613907723465663	48121-48140
-0.196343446652335	0.622877434607933	48121-48141
0.122714730108526	0.331909080526992	48121-48142
0.136802302328528	0.370217979591247	48121-48143
0.0635914852355105	0.147282037250252	48121-48144
0.280172279052101	0.667452202812274	48121-48145
-0.0875474339819253	0.200250946746111	48121-48146
0.343455335594803	1.16572337323707	48121-48147
-0.258812738382201	0.68179909509979	48121-48148
0.170449142152924	0.374907649120116	48121-48149
0.414683939620957	1.22948040255344	48121-48150
0.68538835353645	2.96275944712485	48121-48151
0.638121155090558	3.0493279111559	48121-48152
0.498966991709658	1.89192135430589	48121-48153
0.239566959878775	0.693258092135945	48121-48154
0.295979986820637	1.06479600763333	48121-48155
0.312279723256978	1.04712147136145	48121-48156
0.751485204097108	3.244747112051	48121-48157
0.652438149157123	2.50973334842041	48121-48158
0.156872808135259	0.353797926416317	48121-48159
-0.193928387732618	0.461871345616486	48121-48160
0.17204023643651	0.360571874975438	48121-48161
-0.0802754925473227	0.150225819304703	48121-48162
0.0325043124793482	0.0446893472192231	48121-48163
-0.264065245980893	0.664820899125887	48121-48164
0.0106168189548537	0.0165491353841581	48121-48165
0.238179840751762	0.250432052128334	48121-48166
-0.0815419052052979	0.153917696506231	48121-48167
0.270331989966046	0.645126141789224	48121-48168
0.297840215709133	0.761768664921146	48121-48169
0.416449808725331	1.18051318720228	48121-48170
-0.604409749165097	13.8905376266731	48122-48122
-0.227277644716713	3.02696387758832	48122-48123
-0.116925773965043	0.978844915356171	48122-48124
-0.19251437686551	1.69526359598599	48122-48125
-0.0548162311738474	0.300176277095159	48122-48126
0.205500613832676	1.57664183323813	48122-48127
0.469703437191165	5.45462709787589	48122-48128
0.443777596464793	4.88581339367808	48122-48129
0.269618912303423	2.37311181817936	48122-48130
0.446951075213658	4.42497394581264	48122-48131
0.439787385798446	4.54489104929062	48122-48132
0.0694772993305788	0.267590814713652	48122-48133
0.0655180973477822	0.226920084941161	48122-48134
0.332276850603469	2.05141605253669	48122-48135
0.0301013209896629	0.0926741012924712	48122-48136
0.102711844629208	0.349839840095464	48122-48137
0.662914580700052	5.05056572767246	48122-48138
0.352991805449663	1.76970265454006	48122-48139
0.290765271783361	1.2250684379908	48122-48140
0.0710904885213688	0.172698471597877	48122-48141
0.227279857804836	0.688862479215001	48122-48142
0.358553553897294	1.4200158681373	48122-48143
-0.214096138264591	0.633656506046875	48122-48144
0.205679020214224	0.477613861846073	48122-48145
0.309941805549712	0.967510150156474	48122-48146
0.757389785787986	2.96086170496086	48122-48147
-0.0947842375955975	0.182073918509376	48122-48148
0.0783354258203485	0.138145089334168	48122-48149
0.666164255260974	2.42411345049591	48122-48150
1.00702989249094	5.07666676214079	48122-48151
0.878490264672953	4.07960798861606	48122-48152
0.477164737636111	1.49677657680434	48122-48153
0.596575496242104	2.24293749274785	48122-48154
0.8416224101681	5.03629960742426	48122-48155
0.608512850265362	2.35097938969514	48122-48156
0.419245524822959	1.30254598518557	48122-48157
0.771656242646554	3.44038842261549	48122-48158
0.362290000839369	1.0042616753595	48122-48159
0.459089091386891	1.30730803283912	48122-48160
0.0179707271846955	0.0284621770556677	48122-48161
0.0146015430565319	0.0230891601193079	48122-48162
0.24729686719054	0.464115373217443	48122-48163
0.130479256191114	0.252387018944038	48122-48164
0.164813552529165	0.286243689054944	48122-48165
0.0458038054771526	0.0373839150948295	48122-48166
0.143655415516794	0.269288167519149	48122-48167
0.270863395338493	0.58186884533212	48122-48168
-0.0945447224714059	0.167820744760431	48122-48169
0.253819689285903	0.545290843054112	48122-48170
0.00730385856295244	0.0100650423576114	48122-48171
-0.565354386214674	12.7252276033684	48123-48123
-0.172469748897365	1.92622023649569	48123-48124
-0.217121050064523	2.15945057513292	48123-48125
-0.172926951528446	1.40554669297665	48123-48126
0.107228437859429	0.645681542385799	48123-48127
0.357430322945768	3.52276062530096	48123-48128
0.334820035657094	3.32407879610451	48123-48129
0.320465506755715	2.88017703806301	48123-48130
0.307139875855621	2.52688880371931	48123-48131
0.277986674110281	2.10790039900514	48123-48132
-0.0221608487216225	0.0700311396834504	48123-48133
-0.116206451581319	0.408119019367851	48123-48134
0.279463605327416	1.55637544275752	48123-48135
0.218770448076607	1.08688002434069	48123-48136
0.331828046979222	1.82271097748176	48123-48137
0.523199298270503	3.39677789883229	48123-48138
0.509207512825738	2.98874953855558	48123-48139
0.48075921993482	2.42653789703113	48123-48140
0.319308768053585	1.16403721936425	48123-48141
0.158291626167856	0.397788583213184	48123-48142
0.757106990300853	3.83880723299174	48123-48143
0.421550759997442	1.54810715360193	48123-48144
0.377245273079119	1.08219234841327	48123-48145
0.196717470764275	0.474294923679628	48123-48146
0.317962785640437	0.801822896046765	48123-48147
0.216871592467496	0.42168908458169	48123-48148
0.59586491843452	1.88193051020635	48123-48149
0.518154295762487	1.81370328174774	48123-48150
1.12418243510421	6.19546367351683	48123-48151
0.880441654263305	3.97487585702748	48123-48152
1.31140604445485	6.35437358187749	48123-48153
1.02627458363554	5.07771430094237	48123-48154
0.623689043346497	2.98483539449795	48123-48155
0.791744597991994	3.24656545260549	48123-48156
1.14494297410838	5.8862172361101	48123-48157
0.898507908672471	3.83099438450456	48123-48158
0.507518734840358	1.46572538576725	48123-48159
0.179844707324976	0.324704303800359	48123-48160
-0.17215913224803	0.326183885890891	48123-48161
0.0117016561577356	0.0168070288852903	48123-48162
0.585933277601336	1.58845975565089	48123-48163
0.300092758257528	0.702297278234135	48123-48164
0.246365179410587	0.530774589352184	48123-48165
0.645888965849051	0.877477445130625	48123-48166
0.317405248088709	0.796779950334797	48123-48167
0.320146985931484	0.749035196165297	48123-48168
0.150902634335452	0.298697756606755	48123-48169
0.412635544047601	0.97606333659835	48123-48170
0.171336586805902	0.311459113129124	48123-48171
-0.190468432400776	0.32044835463188	48123-48172
-0.53703482965301	12.3405993238933	48124-48124
-0.28699314239689	4.35618862261936	48124-48125
-0.262446468318697	3.66040811011277	48124-48126
-0.00139074270152545	0.00656332243213767	48124-48127
0.111059962350629	0.743985460494657	48124-48128
0.0580421448047884	0.334948148819942	48124-48129
-0.0156502595554266	0.0713666835155143	48124-48130
0.0634565023736921	0.322613470963028	48124-48131
0.302671881248474	2.73305736909424	48124-48132
-0.0205597883445739	0.0761976593683402	48124-48133
-0.164669630683755	0.804891871709841	48124-48134
0.0895282023790032	0.362059035484761	48124-48135
0.0853518679833774	0.321590223880873	48124-48136
0.227339633170932	1.2106649143949	48124-48137
0.172218463453587	0.733769827768407	48124-48138
0.173021010943038	0.662843953002346	48124-48139
0.207381939564403	0.828908911379073	48124-48140
0.0107411561286291	0.0255889698006724	48124-48141
0.217797890477598	0.731829934389477	48124-48142
0.282450572868767	1.04721072799571	48124-48143
0.180975485650226	0.577698437662214	48124-48144
0.539045099579666	2.23931446221527	48124-48145
0.164674097944253	0.462150949217134	48124-48146
0.261972268768733	0.756674907767561	48124-48147
0.299570139118398	0.91078591140303	48124-48148
0.424337188257778	1.29109162259059	48124-48149
0.463489330106158	1.56801302601503	48124-48150
0.614539746072702	2.63191605195964	48124-48151
0.750535757728104	3.76321259087465	48124-48152
0.485309845144378	1.81031571431278	48124-48153
0.773728702500511	4.15030399006914	48124-48154
0.581545847345963	2.81768721442801	48124-48155
0.655529743134153	2.94683481901366	48124-48156
0.728734119848488	3.46414713989119	48124-48157
0.586776007885582	2.36167122853922	48124-48158
0.148690316053373	0.324447757551227	48124-48159
-0.280466559824133	0.744713471964545	48124-48160
0.0913771482438526	0.15972726525238	48124-48161
-0.26228247371068	0.611372698172287	48124-48162
-0.355742608027712	0.787772038201472	48124-48163
-0.1851222262589	0.35208627203297	48124-48164
0.0309963738199699	0.0450259766948429	48124-48165
0.305851205038494	0.3433288761312	48124-48166
0.282885744044696	0.69888185784628	48124-48167
-0.21966745445714	0.468856129758051	48124-48168
0.409183088409754	1.23344391858428	48124-48169
0.204573931032805	0.431405133877104	48124-48170
-0.231947755195658	0.481025973170461	48124-48171
-0.338392437702296	0.677167806665581	48124-48172
0.0157055327744031	0.0216460988067014	48124-48173
-0.530519097132377	12.1448952306329	48125-48125
-0.285567177538135	4.3907890625467	48125-48126
-0.122206586222127	0.93546784918787	48125-48127
-0.0414473726549169	0.206351082422221	48125-48128
-0.134163552727088	0.961973982043867	48125-48129
-0.33167318303087	3.83618343850952	48125-48130
-0.449774300268977	5.22163803452957	48125-48131
0.00932605829088543	0.0354881727757777	48125-48132
-0.208601349067515	1.28723603434018	48125-48133
-0.297503107367712	1.94188242601748	48125-48134
0.0476072923127966	0.15489842958789	48125-48135
0.0756867493077191	0.271781053227	48125-48136
0.0862777573027939	0.312810621526955	48125-48137
0.296499782151577	1.60025384569096	48125-48138
0.230640365127328	0.969163020953629	48125-48139
0.388689426469359	1.98699374777141	48125-48140
-0.125111152276222	0.364764377605599	48125-48141
0.280589481323446	0.967392911682044	48125-48142
0.332026632118927	1.25826892835732	48125-48143
0.417637231109805	1.76685438862078	48125-48144
0.655321192884653	2.726176426224	48125-48145
-0.046918300754656	0.0935986942027171	48125-48146
0.0596698244167344	0.111196520467489	48125-48147
0.0119758647824196	0.0205110090622865	48125-48148
0.434696056894135	1.23334373444954	48125-48149
0.464943608829966	1.54894580098833	48125-48150
0.794308810345949	3.74974851374002	48125-48151
0.71643393788325	3.13705730999318	48125-48152
0.815404205374087	3.38415324109383	48125-48153
0.522170157481752	1.84501342901827	48125-48154
0.91435634139618	4.84123269170907	48125-48155
0.340556852345657	0.936473804956825	48125-48156
1.15680257550349	5.70044309590514	48125-48157
0.845808597800102	3.96870576073405	48125-48158
0.547486632073703	1.95849159972609	48125-48159
0.404994500699385	1.18741630779526	48125-48160
0.154733568064452	0.289964206470075	48125-48161
0.0082467326814281	0.0117968054710038	48125-48162
0.521809364058139	1.1713648226471	48125-48163
0.265637837000748	0.546071292003771	48125-48164
0.0581393093386475	0.0903225590383906	48125-48165
0.9019914688008	1.4013673204545	48125-48166
0.0390986830564617	0.0628600475347675	48125-48167
0.21189619809723	0.431234643502609	48125-48168
0.318918197722772	0.746852119938136	48125-48169
0.450127746425986	1.17209238708311	48125-48170
0.0551410886599363	0.073615576177386	48125-48171
-0.473473986667446	1.0054253579137	48125-48172
0.0584250290130755	0.0795547540614635	48125-48173
0.481453590786803	1.11999729135808	48125-48174
-0.543538186049267	12.4886742219832	48126-48126
-0.0274494893086148	0.156499618752314	48126-48127
-0.163752795657003	1.39321971804891	48126-48128
-0.332261122096487	4.09586430085741	48126-48129
-0.377119031264965	5.22746154140936	48126-48130
-0.49664466759677	7.41532952151556	48126-48131
-0.0196012116107779	0.0811555229878764	48126-48132
-0.340372354048487	2.93417527291437	48126-48133
-0.308732200653531	2.1747534732518	48126-48134
-0.05544121525306	0.202353431850063	48126-48135
-0.0174644072424894	0.0534297289752705	48126-48136
-0.0217143443467237	0.0685141320229061	48126-48137
0.29350322737879	1.598099992334	48126-48138
0.207296876940954	0.836641707222546	48126-48139
-0.110492463133555	0.37564429264993	48126-48140
-0.00816758424039937	0.0192558205993411	48126-48141
0.21204107334422	0.70789012385574	48126-48142
0.167644855786437	0.501603815671936	48126-48143
0.0096130906143969	0.0207508795854389	48126-48144
0.0276407556819806	0.0532201999776495	48126-48145
0.286510905621335	0.910138149934818	48126-48146
0.377766896053748	1.29361468893805	48126-48147
0.140437764166069	0.309026506135754	48126-48148
0.44808175109374	1.42817989455568	48126-48149
0.381702363017999	1.2152254300261	48126-48150
0.452621670611245	1.61349020298945	48126-48151
-0.0693837398348311	0.134606041943642	48126-48152
0.487761887691762	1.76883358137834	48126-48153
0.615999338156933	2.44511996506867	48126-48154
0.24432163529234	0.682813642141517	48126-48155
0.584955373736491	2.44548517464397	48126-48156
0.871337056169403	4.13312937433622	48126-48157
0.443652736949592	1.4869704786882	48126-48158
0.436647051631996	1.39516941871772	48126-48159
0.0721444961813308	0.132493109220372	48126-48160
-0.226735940713109	0.475609954193615	48126-48161
-0.317587913480355	0.724656972144982	48126-48162
-0.0794585884500432	0.113373106088439	48126-48163
-0.0294890639494273	0.0436325549182796	48126-48164
-0.509357543444018	1.25400884707235	48126-48165
0.446979344354737	0.492183256230331	48126-48166
-0.241189710575306	0.523331946756902	48126-48167
-0.131370716451131	0.23337179475278	48126-48168
-0.234103219513388	0.513687693600782	48126-48169
0.233915600513006	0.525620900271701	48126-48170
-0.443623432123292	1.14408367771959	48126-48171
-0.297832487020988	0.609687663453791	48126-48172
0.138582670069178	0.229734783397341	48126-48173
-0.107229704108776	0.168555867200194	48126-48174
-0.00920884057315068	0.0120008759259274	48126-48175
-0.638190080140916	15.2106141771496	48127-48127
-0.22820731256732	2.77228054193814	48127-48128
-0.0935475579871803	0.714261711770316	48127-48129
-0.0886508289414808	0.637851261669773	48127-48130
-0.145104789245144	1.14090321391331	48127-48131
0.0121849420348817	0.0511470101691349	48127-48132
-0.185379221290276	1.27405003087121	48127-48133
-0.346032343798444	2.79208769301456	48127-48134
0.048477955884363	0.177568039608347	48127-48135
-0.211850331559457	1.13039853122898	48127-48136
0.0573497455565746	0.21708278521356	48127-48137
0.0375896588079546	0.121512981729015	48127-48138
0.159686888660072	0.620878744697069	48127-48139
-0.126012669546	0.45233281442499	48127-48140
-0.337720310528642	1.67480972911999	48127-48141
-0.0427004374143981	0.109203943548574	48127-48142
-0.216563227967913	0.808966961164996	48127-48143
0.0732767515325575	0.191094047156829	48127-48144
0.255812057509148	0.844496331669528	48127-48145
-0.148640339763151	0.46558714896396	48127-48146
0.0459123427060924	0.101733062125682	48127-48147
-0.320986592919489	1.03291315848806	48127-48148
-0.059623832366651	0.122683768126859	48127-48149
0.339232502124373	1.04835970353347	48127-48150
0.451021830618372	1.7518993400322	48127-48151
0.204664950600844	0.583225190168942	48127-48152
0.227549132470349	0.662118501272154	48127-48153
0.656423493540192	3.01232373284595	48127-48154
0.523430165968813	2.18670108951311	48127-48155
0.267137250846091	0.768777044865996	48127-48156
0.191371598348422	0.530503994753135	48127-48157
0.366586216519716	1.30103560844576	48127-48158
0.0460338369331879	0.0856258670992201	48127-48159
-0.0790111275030391	0.167508628226946	48127-48160
-0.115364169321938	0.217225805652073	48127-48161
-0.383733751933415	1.0950482796613	48127-48162
-0.164294206488021	0.271704485426695	48127-48163
-0.257144702206675	0.513685146255069	48127-48164
-0.303113080436772	0.627748694824672	48127-48165
0.276824706474535	0.205862790711533	48127-48166
-0.319522697466517	0.782183832620986	48127-48167
-0.357726537147127	0.942492627394729	48127-48168
-0.161372079512996	0.341733289481988	48127-48169
-0.121178666780169	0.23596241067125	48127-48170
-0.426048895593577	1.21919729238887	48127-48171
-0.583333306182499	1.68034691146806	48127-48172
-0.345493243479139	0.715601480190919	48127-48173
-0.723099396956908	2.64152908949935	48127-48174
-0.694070986378689	2.14018907495497	48127-48175
-0.243804855919887	0.490839859715449	48127-48176
-0.79735638997162	18.9961458841036	48128-48128
-0.356929277118491	6.02853866133564	48128-48129
-0.465554561519874	7.94697036200429	48128-48130
-0.560822067970931	9.08496983199667	48128-48131
-0.522542452260578	7.4689145611946	48128-48132
-0.649338858369008	8.56891702924508	48128-48133
-0.380184252300925	3.07310735246857	48128-48134
-0.157512268154499	0.791701728221121	48128-48135
-0.218062978976548	1.16681669215844	48128-48136
-0.10924156522331	0.462172843939332	48128-48137
-0.129637464426596	0.526020173572325	48128-48138
-0.188229216318734	0.83928055342454	48128-48139
-0.557531426646949	4.14316680127962	48128-48140
-0.588992158185085	4.39076816768727	48128-48141
-0.531052411985657	3.12840267812234	48128-48142
-0.22492077933804	0.81325223085068	48128-48143
-0.138748900051192	0.425073388211453	48128-48144
-0.0949621062750596	0.234837259176565	48128-48145
-0.0920575435563446	0.246769015657788	48128-48146
-0.317068479265688	1.17043372650079	48128-48147
-0.266047333016557	0.898223441056482	48128-48148
-0.215794271700607	0.552805848302611	48128-48149
-0.189561588415444	0.493709193722572	48128-48150
0.112007114225123	0.284121526386167	48128-48151
-0.254246892360237	0.727329031565621	48128-48152
-0.0607878935234406	0.122711649075507	48128-48153
0.265319355557085	0.824915783870962	48128-48154
0.431224623056866	1.78887031593702	48128-48155
0.219220109128195	0.581437022358522	48128-48156
0.217566291645473	0.617308594526007	48128-48157
0.0993124813888816	0.233353472765367	48128-48158
-0.392020241622725	1.31229016700821	48128-48159
-0.27959304143302	0.775895164111087	48128-48160
-0.422845298375138	1.20755897563232	48128-48161
0.0718891295134163	0.121826782449725	48128-48162
-0.285117311159842	0.550909103660445	48128-48163
-0.137298621737361	0.234711596626656	48128-48164
-0.45950192039254	1.10805939990554	48128-48165
0.636132058784531	0.778006336067306	48128-48166
-0.531994366617412	1.62134926028817	48128-48167
-0.186490498912796	0.380365032176011	48128-48168
-0.282870061989518	0.807230265380691	48128-48169
-0.315090686662225	0.882302282754242	48128-48170
-0.321079063739032	0.809908615904045	48128-48171
-0.459038960009292	1.11347021156239	48128-48172
-0.181116602764222	0.297050030315689	48128-48173
-0.715575052280993	2.24776307443299	48128-48174
-0.844078583215462	3.06196404552731	48128-48175
-0.24579264897117	0.46967447626744	48128-48176
-0.346499049819128	0.714078277940815	48128-48177
-0.791521554782248	20.1855899019253	48129-48129
-0.523658544697153	11.1133736756904	48129-48130
-0.777620922917917	15.1049581392636	48129-48131
-0.561971122250746	8.65922733181324	48129-48132
-0.829278552341124	12.8583427386395	48129-48133
-0.510636381208376	5.43273894685299	48129-48134
-0.354274220518749	2.88831689040233	48129-48135
-0.190195653937739	1.053071601133	48129-48136
-0.193933526661661	1.10134319639052	48129-48137
-0.342151842979293	2.32767077636746	48129-48138
-0.152473095795895	0.662157651895604	48129-48139
-0.334208745749064	2.20152427190458	48129-48140
-0.627426051089239	5.26155679245783	48129-48141
-0.284278549367899	1.34970869917886	48129-48142
-0.139415103539466	0.483207058749702	48129-48143
-0.296198920873294	1.45656097242383	48129-48144
-0.232254428589025	0.812286230434611	48129-48145
-0.177384394553871	0.621176519472406	48129-48146
-0.116493183345546	0.305908403886201	48129-48147
-0.486358176685803	2.23258711909083	48129-48148
-0.0656757736342798	0.148813965457507	48129-48149
0.371633260657233	1.51575860416005	48129-48150
-0.0233012750721684	0.049126476671819	48129-48151
0.136506979988326	0.348746386041915	48129-48152
-0.0656214503624945	0.152333211697231	48129-48153
0.270706688639302	0.889047689644523	48129-48154
0.230549248118602	0.750657984066522	48129-48155
0.188589218112226	0.554028982564262	48129-48156
-0.0268729102094371	0.0573361379523741	48129-48157
0.046271706607561	0.100946047801457	48129-48158
-0.502151715273336	2.1586137511794	48129-48159
-0.352509409384219	1.17514978830022	48129-48160
-0.2626043124637	0.703425361093948	48129-48161
-0.725437490802194	2.95352336653787	48129-48162
-0.119603025779639	0.207005718498781	48129-48163
-0.504792777134863	1.51140968738908	48129-48164
-0.0688057611458924	0.114452074859313	48129-48165
0.474834004044838	0.566606821781854	48129-48166
-0.550430781860092	1.91103034607742	48129-48167
-0.401188512763738	1.21915794560141	48129-48168
-0.0590946425322024	0.121796151776151	48129-48169
-0.460032692148731	1.65015944789525	48129-48170
-0.690202470517959	2.58798778004085	48129-48171
-0.156139908903785	0.282469041562207	48129-48172
-0.320435035005859	0.643090100897595	48129-48173
-0.440516219049188	1.2643788337237	48129-48174
-1.20074604648673	6.04810795378327	48129-48175
-0.440092580734795	1.30569604193369	48129-48176
-0.310753850438317	0.661835177335593	48129-48177
-0.576166344988774	1.59046543833718	48129-48178
-0.611352063648756	14.4067026276249	48130-48130
-0.42642336257915	7.40149330225992	48130-48131
-0.26231480264513	2.92918418042397	48130-48132
-0.517693744611011	7.16338978480443	48130-48133
-0.465172080464691	5.27575186853175	48130-48134
-0.203772327117259	1.34111103125005	48130-48135
-0.123430032496118	0.573672362772003	48130-48136
-0.172317507759239	0.973696262789813	48130-48137
-0.109751407235891	0.51262023782155	48130-48138
-0.0257672901978655	0.0866258124465999	48130-48139
-0.24508380115189	1.3480591725262	48130-48140
-0.403788995350572	2.69994576645059	48130-48141
-0.039372107139881	0.106832207985964	48130-48142
-0.200552533552996	0.861649787448304	48130-48143
-0.109887769359623	0.374528342577909	48130-48144
0.000900168154660491	0.00204428624856225	48130-48145
-0.0152433759120016	0.0367061435948517	48130-48146
-0.17498142121815	0.546539328085594	48130-48147
-0.438329107332788	1.93812635840868	48130-48148
-0.00234989066594302	0.0046447144014777	48130-48149
-0.0105696131898318	0.0214760438738354	48130-48150
0.17065103860168	0.50903976177234	48130-48151
-0.0332135940569441	0.0725207020601566	48130-48152
0.293461056433599	1.01461993265236	48130-48153
0.24326177866595	0.823449683747391	48130-48154
0.0477494559418889	0.10992957595508	48130-48155
0.368385787586359	1.39658290061161	48130-48156
-0.0496132029787245	0.112887420186142	48130-48157
0.135717942686395	0.360769746456673	48130-48158
-0.204684543488022	0.57942795364272	48130-48159
-0.375718824810184	1.29283672125105	48130-48160
-0.10277490404909	0.203007156635941	48130-48161
-0.347314248755093	1.01188441449549	48130-48162
0.427714862349644	0.904524976449758	48130-48163
-0.201174374828355	0.407825567087246	48130-48164
-0.677978440639489	2.08608668819565	48130-48165
0.308773654138431	0.303364173898409	48130-48166
-0.119901531209648	0.245433538920588	48130-48167
0.169146442705396	0.350292043227953	48130-48168
-0.521186018176979	2.03495425660117	48130-48169
-0.213356179340665	0.542208155885006	48130-48170
-0.327721932168215	0.887435786570012	48130-48171
-0.53963809102703	1.6699666352412	48130-48172
-0.62448912881103	1.86565950510602	48130-48173
-0.621961250828736	2.35271828873386	48130-48174
-0.405176133624782	1.05932449705169	48130-48175
-0.827401991117813	3.1075504523043	48130-48176
-0.262571894530968	0.555247198559187	48130-48177
-0.781668485115612	2.57115714417183	48130-48178
-0.427333859336708	0.917294672694157	48130-48179
-0.614857237737215	14.5748998885416	48131-48131
-0.293213091900547	4.44944083140649	48131-48132
-0.567029193148386	9.67270245602763	48131-48133
-0.774607085214165	12.8467714577982	48131-48134
-0.615119891753647	8.83034668085484	48131-48135
-0.42213796761013	4.19035731199442	48131-48136
-0.390427084673282	3.82236552528469	48131-48137
-0.288061048476428	2.14044007546339	48131-48138
-0.309211691626818	2.32998454228674	48131-48139
-0.39681956845679	3.2070421137169	48131-48140
-0.418754915402242	3.0686588734436	48131-48141
-0.305462084249535	1.5579257465468	48131-48142
-0.206894936548518	0.883109263815958	48131-48143
-0.289159983886705	1.49523906798933	48131-48144
-0.221502766396362	0.77410246615974	48131-48145
-0.314765337036787	1.42739273619364	48131-48146
-0.202286607381017	0.662869812689616	48131-48147
-0.308608096843393	1.19871535247396	48131-48148
0.0918321773187545	0.231057425623382	48131-48149
0.0139538312659895	0.0301337863421686	48131-48150
0.0162746170639329	0.0342391231252891	48131-48151
0.142779453536151	0.352857170745311	48131-48152
0.196862409174668	0.604435936222296	48131-48153
0.43765086316466	1.88322214496432	48131-48154
0.298970147510925	1.12061843349585	48131-48155
0.35339793364566	1.18854191961989	48131-48156
0.247369933375821	0.742735994710588	48131-48157
0.14131737848199	0.370842376753661	48131-48158
0.140824425100152	0.35067587706936	48131-48159
-0.10121652756413	0.215832667274487	48131-48160
0.0562044791567815	0.102439161949384	48131-48161
-0.549715941733923	1.83769898433547	48131-48162
-0.290766588057808	0.591715143866353	48131-48163
-0.203470732775533	0.416491291193219	48131-48164
-0.280093655523429	0.624002787053814	48131-48165
0.621846427498744	0.951557199321518	48131-48166
-0.167830990722911	0.343350266884904	48131-48167
-0.653872098627993	2.43568560258819	48131-48168
-0.320727039736426	0.963822425692385	48131-48169
-0.590835049098328	2.07604898491095	48131-48170
-0.545165517382813	1.50742394464405	48131-48171
-0.78163847226652	2.71152052534116	48131-48172
-0.524722766596936	1.45295191367274	48131-48173
-0.825491191673954	2.86249666040935	48131-48174
-0.843748175844961	2.86452706095242	48131-48175
-0.623759869873826	1.60239425913817	48131-48176
-0.451007108255119	0.990311436280307	48131-48177
-0.600285494312794	1.71673986163859	48131-48178
-0.782922179799328	2.08268922761719	48131-48179
-1.08194744246202	2.46888922104126	48131-48180
-0.743143962575842	17.8364770971626	48132-48132
-0.574764546625848	12.55485376903	48132-48133
-0.542800659252733	9.80983680751942	48132-48134
-0.553475875306838	9.15219244752423	48132-48135
-0.460288239420965	5.59384184698324	48132-48136
-0.433929638577878	5.16546972117837	48132-48137
-0.353395212673637	3.46895739528754	48132-48138
-0.43201506345367	4.75818284056608	48132-48139
-0.436004050591781	4.59408599807371	48132-48140
-0.455750635523268	4.45520432220715	48132-48141
-0.54295575220408	5.01028653194944	48132-48142
-0.488193193984729	3.9863293546559	48132-48143
-0.253852482897434	1.33372045723934	48132-48144
-0.279672539243369	1.44188914253524	48132-48145
-0.315291295665835	1.7841872581294	48132-48146
-0.318498457052847	1.70535491711607	48132-48147
-0.286061275600243	1.33981076347696	48132-48148
-0.106080942325011	0.314580080921243	48132-48149
0.0640652916312148	0.16069732272778	48132-48150
0.0128636141165633	0.0291899211096169	48132-48151
-0.0417209074855905	0.103034176227777	48132-48152
-0.0491816834957509	0.123352252448521	48132-48153
-0.147251429476877	0.441261971303775	48132-48154
-0.109572304481519	0.311448327918294	48132-48155
0.0663079247669256	0.165971864626472	48132-48156
-0.264347773752586	0.984965004134964	48132-48157
-0.3583756976504	1.56138340948791	48132-48158
-0.277330358198666	1.03899579973918	48132-48159
-0.478250307734216	2.20675878958125	48132-48160
-0.250000765607949	0.647813200819998	48132-48161
-0.408434713142784	1.44656284256518	48132-48162
-0.60188211566775	1.83606768651235	48132-48163
-0.755748494895647	3.19957383933397	48132-48164
-0.270185604530762	0.598549670316667	48132-48165
-1.28045607594306	2.06639058352335	48132-48166
-0.445674620764345	1.56823341101487	48132-48167
-0.650036434424548	2.66135919467938	48132-48168
-0.775422105912641	4.68473795828223	48132-48169
-0.603016835526301	2.67881460725223	48132-48170
-0.948211654454687	4.31169312632288	48132-48171
-0.631765887701751	2.30956379401687	48132-48172
-0.858530896332075	3.4049633453501	48132-48173
-0.749060158167919	2.99608759785746	48132-48174
-0.943265667545313	4.21319495202134	48132-48175
-0.463595215855106	1.37363049244865	48132-48176
-0.693522030259924	2.32628331522583	48132-48177
-1.19608978656388	5.93117063495413	48132-48178
-1.41445263111046	5.7458154965183	48132-48179
-0.882796067439248	2.49821882497555	48132-48180
-1.1757395205258	2.24248904034427	48132-48181
-0.615878340306813	14.7231977871187	48133-48133
-0.519082503878037	10.6236416715275	48133-48134
-0.591999621541208	11.0850023477862	48133-48135
-0.604590708994454	9.66456060214559	48133-48136
-0.490703247922692	7.45471239142138	48133-48137
-0.334246725777567	3.74511606988765	48133-48138
-0.210260678065716	1.68868234596324	48133-48139
-0.304998574480213	2.82861092960359	48133-48140
-0.237366183970885	1.77878478140531	48133-48141
-0.453732132048218	3.95269744560093	48133-48142
-0.154389328225172	0.749262644302908	48133-48143
-0.110404511372809	0.471724440793767	48133-48144
-0.409779089912078	2.69807649746118	48133-48145
-0.220031093831837	1.12394326379824	48133-48146
-0.333357741643862	1.93574250355809	48133-48147
-0.452597786772993	2.82680689627024	48133-48148
0.0260413834732271	0.0692365747120922	48133-48149
-0.23755502647185	0.980840275582498	48133-48150
-0.309797232102482	1.45984734845738	48133-48151
-0.128642164534452	0.417511876465278	48133-48152
-0.390830373563619	2.12152915043151	48133-48153
0.0373399439252853	0.0956356660877715	48133-48154
-0.37172419004569	1.76577646674204	48133-48155
0.0714390373848655	0.193496527541961	48133-48156
-0.20813753853591	0.81034059410268	48133-48157
-0.204259458023226	0.774889855969559	48133-48158
-0.54990462843858	3.18378174595104	48133-48159
-0.565870379832284	3.15939792743705	48133-48160
-0.502381315931537	2.01277585918974	48133-48161
-1.03221482025932	6.01088234899771	48133-48162
-0.0582167363949415	0.0967192031702004	48133-48163
-0.200182541295555	0.452589646723051	48133-48164
-0.730937645942467	2.83638994854992	48133-48165
-0.327322222320785	0.393088634103446	48133-48166
-0.890657249362256	4.23255865700498	48133-48167
-0.469089595069448	1.82531248588489	48133-48168
-0.894881337199843	5.1679633410439	48133-48169
-0.776061602425342	4.14768397092962	48133-48170
-1.2632146411072	7.6282019773087	48133-48171
-0.342810979161783	0.859555809715909	48133-48172
-0.765472708573199	3.07954594704956	48133-48173
-0.927673601678087	4.57888365899641	48133-48174
-0.789657003818305	3.43913748042618	48133-48175
-0.617251870639599	2.10001287218595	48133-48176
-0.679088887870284	2.20738830925856	48133-48177
-1.38578981837979	6.5134903359419	48133-48178
-1.16255010389356	4.50063999515061	48133-48179
-0.94563087588169	2.72844216900069	48133-48180
-2.05679642565053	5.13455385125954	48133-48181
-2.88890252018206	6.94320792815802	48133-48182
-0.708512411823223	16.9574002234063	48134-48134
-0.405119262651236	7.09269468404839	48134-48135
-0.398463997934945	5.40889239714052	48134-48136
-0.38691369573922	5.62822057368769	48134-48137
-0.147852038445969	1.09503849915109	48134-48138
-0.0309640053226751	0.145005752814375	48134-48139
-0.203412241609517	1.54650149889393	48134-48140
-0.0693776860419759	0.318519703280187	48134-48141
-0.125561887324609	0.545462598362459	48134-48142
0.032936862136826	0.113849635463364	48134-48143
-0.1024844219659	0.388265298206445	48134-48144
0.00694417332139415	0.0190284469506198	48134-48145
-0.221407627500589	1.0248569907324	48134-48146
-0.0811292438536914	0.259923308646911	48134-48147
-0.237015859333299	0.953391975526633	48134-48148
0.204815855152451	0.780501164708277	48134-48149
-0.194476387628087	0.65364060250673	48134-48150
-0.207965875158396	0.753582097724331	48134-48151
-0.0615177820574744	0.162406497480258	48134-48152
0.0763900496975577	0.194686612639345	48134-48153
0.174139000650945	0.58933514943682	48134-48154
-0.0450152018645792	0.111594128782721	48134-48155
0.00693227242157426	0.0151048190180838	48134-48156
0.173056033445191	0.488825448037243	48134-48157
-0.00829286490462669	0.0181069553105299	48134-48158
0.0332907705442205	0.0743658747359765	48134-48159
-0.376217495634996	1.33158062437946	48134-48160
-0.452169172456199	1.51453609702739	48134-48161
-0.971820868379104	4.53626321066542	48134-48162
-0.505555697649946	1.380729738929	48134-48163
-0.0845907762778127	0.153554872855912	48134-48164
-0.865909833075398	3.26818376205695	48134-48165
0.518359338002789	0.644421413855022	48134-48166
-0.521571782642957	1.81406592624754	48134-48167
-0.413597815211504	1.10233419183534	48134-48168
-0.675334543375948	3.00554417098074	48134-48169
-0.556245194914706	2.16106088500817	48134-48170
-0.786255104965641	3.00896750232934	48134-48171
-0.880909307126594	3.02248687322596	48134-48172
-0.6482505607455	1.79180292277415	48134-48173
-0.776724005427262	2.91389445748768	48134-48174
-0.554528446154543	1.47200823161972	48134-48175
-0.215320512280382	0.40365555320446	48134-48176
-0.491335763363628	1.15913194342997	48134-48177
-1.03192027714621	3.15014404111699	48134-48178
-0.956254831329029	2.67111785995516	48134-48179
-0.974385083217801	2.52461864669458	48134-48180
-2.16964005549379	4.01736549157861	48134-48181
-1.17259822439262	2.39899093036635	48134-48182
-2.05385320068686	2.6714340017286	48134-48183
-0.599340418095915	13.9796251687875	48135-48135
-0.254937876825066	3.74169298092305	48135-48136
-0.421120296671101	7.64921134284211	48135-48137
-0.0913954230341722	0.641384510329471	48135-48138
-0.137064051647878	1.0042425507842	48135-48139
-0.271327937790889	2.49310393138378	48135-48140
-0.201511551591327	1.45127194176366	48135-48141
0.0338403755947287	0.123899725322711	48135-48142
0.140234084745258	0.678660540430142	48135-48143
0.163976206116983	0.827110665485184	48135-48144
-0.0220595135701388	0.0614993796878195	48135-48145
-0.0824935027224408	0.290241125417429	48135-48146
-0.197723771974349	0.780409754692138	48135-48147
0.00740876860315541	0.0181951052744034	48135-48148
0.216409693721961	0.799692728419456	48135-48149
0.244587885983808	0.968085613419429	48135-48150
0.375727057287578	1.77772905362022	48135-48151
0.121072230789165	0.353803244853301	48135-48152
0.507855339010058	2.52787552431005	48135-48153
0.173082919502295	0.536962839989905	48135-48154
0.265120272175691	1.13812951445927	48135-48155
0.296087107764559	1.2132320342732	48135-48156
0.363801397204111	1.54778406703856	48135-48157
0.228126056480687	0.814156970703436	48135-48158
-0.152267841929977	0.417726047326287	48135-48159
-0.121328276176715	0.282434717826113	48135-48160
-0.450926225023759	1.67003277535435	48135-48161
-0.182670338184547	0.428284548144858	48135-48162
-0.601936487959738	1.93447842925896	48135-48163
-0.221084521836376	0.497543308466761	48135-48164
-0.273102394673466	0.673465625502003	48135-48165
0.274726150631546	0.322463130909288	48135-48166
0.0128404658158098	0.0213771578150288	48135-48167
0.00915180814128298	0.0141402063892526	48135-48168
-0.25786510847633	0.730662145333594	48135-48169
-0.258293953072217	0.625560116058635	48135-48170
-0.987167815160962	3.76985866354231	48135-48171
-0.993945291180272	3.58059442517553	48135-48172
-0.989250479800404	3.79388402521332	48135-48173
-0.773150851872993	2.83190432119195	48135-48174
-0.344653714123364	0.750061438410386	48135-48175
-0.937268267351009	2.79403736654484	48135-48176
-0.33990629526	0.654834056723689	48135-48177
-0.337608641825472	0.697700596645757	48135-48178
-0.665026093978872	1.51711356193531	48135-48179
-0.801945249244401	1.73976823865106	48135-48180
-1.17274078958316	2.50780350252699	48135-48181
-1.29281453456227	2.13600968349759	48135-48182
-2.29984493602801	2.80293466709975	48135-48183
-1.6073569891354	1.27849039156313	48135-48184
-0.640956547658779	15.1390352628934	48136-48136
-0.363461617994359	6.54705451311283	48136-48137
-0.00969795062732681	0.0470031310610757	48136-48138
-0.121466994075682	0.838943570420096	48136-48139
-0.30705599368266	2.96509696411374	48136-48140
-0.176423466987555	1.14644296704222	48136-48141
-0.034692848176134	0.129579414822107	48136-48142
0.233613781523413	1.43294411541215	48136-48143
0.0626882928062425	0.22740061005649	48136-48144
-0.0362998551033987	0.106415245306834	48136-48145
-0.0878503355964014	0.308364031965707	48136-48146
0.0536424723474128	0.161866451237726	48136-48147
-0.373323886011631	1.80098316119425	48136-48148
0.190865536916392	0.67028735838782	48136-48149
0.570770734161048	3.30576782760215	48136-48150
0.740234650991354	5.48827895966787	48136-48151
0.479218396752892	2.59428997297008	48136-48152
0.165698183494222	0.523345956760223	48136-48153
0.505008497282806	2.61979328426392	48136-48154
0.326479174435878	1.52301766993316	48136-48155
0.111647455161543	0.312969041659484	48136-48156
0.475203427349242	2.29529978646137	48136-48157
0.0934910469098547	0.228370946139382	48136-48158
-0.137389759858615	0.33861914574715	48136-48159
-0.347668386840795	1.09308147504348	48136-48160
-0.524897852875191	2.05989482687561	48136-48161
-0.366438981931144	1.0782756185341	48136-48162
-0.373838025435205	0.997900464530681	48136-48163
-0.151472585142466	0.327716365947857	48136-48164
-0.172052670862539	0.341795215286813	48136-48165
-0.0552552040222258	0.047633026242382	48136-48166
-0.22080300610142	0.497353466600517	48136-48167
-0.200091576135849	0.406059810698262	48136-48168
-0.331532210191371	0.915180591692688	48136-48169
-0.70999172670576	2.8686585285342	48136-48170
-0.665015268219944	2.10854907461323	48136-48171
-0.574862216402746	1.36868770853672	48136-48172
-1.1141035295302	3.90126875027859	48136-48173
-0.0229179127499615	0.0342586665057641	48136-48174
-0.700259442231355	1.74752657646929	48136-48175
-0.441996309991967	0.994081915536067	48136-48176
-0.251906294210313	0.443799988233986	48136-48177
-0.372240918193415	0.770059128629979	48136-48178
-0.950043889675284	2.71644691599399	48136-48179
-1.04526021939455	2.52790019368616	48136-48180
-1.67167397175156	3.91936624194117	48136-48181
-1.14735568781121	1.88100149917495	48136-48182
-1.51785005918474	1.79042121067148	48136-48183
-1.07607127874063	0.99202169895614	48136-48184
-0.783602283696711	0.485429642425462	48136-48185
-0.663754347527059	16.5832730261198	48137-48137
-0.261070809703603	3.64266793756084	48137-48138
-0.168735119477343	1.61370842864407	48137-48139
-0.323694564254414	3.83254535619705	48137-48140
-0.314412736213321	3.11992106132065	48137-48141
-0.344473266902377	3.02018327208833	48137-48142
-0.014921514936128	0.0553456897212693	48137-48143
0.0959508005609916	0.436014446881747	48137-48144
0.0387211033434278	0.133732075203363	48137-48145
-0.149462073201859	0.716306764596546	48137-48146
-0.018381377905275	0.0574281105214886	48137-48147
-0.478005739324617	3.15631886397597	48137-48148
0.110839614156159	0.388393187405125	48137-48149
0.124672914114276	0.457227601089208	48137-48150
-0.00605127943252458	0.0154305137633013	48137-48151
0.171169019471938	0.644079683448353	48137-48152
0.241893919571363	1.03285792151824	48137-48153
0.242633843582482	0.993390807672527	48137-48154
0.0388249234955703	0.105379693496136	48137-48155
0.0757132491656977	0.225564605198447	48137-48156
0.139391527715382	0.457702476362804	48137-48157
0.0563980254097357	0.148041116250029	48137-48158
-0.502277004913733	2.74920863893781	48137-48159
-0.423748797879242	1.86235561356304	48137-48160
-0.274243343087111	0.841264311676579	48137-48161
-0.823257194343851	3.44917519603315	48137-48162
-0.422543952676846	1.06267794138205	48137-48163
-0.334394697117526	0.895280903938758	48137-48164
-0.419245047109457	1.19682696327738	48137-48165
0.0655086264319261	0.0644571299317402	48137-48166
-0.344908457645673	1.04421896744991	48137-48167
-0.654140953249661	2.68237174876579	48137-48168
-0.623258783996735	2.78666334827886	48137-48169
-0.687662644502524	2.98882876691536	48137-48170
-1.01522454085889	4.81276288335973	48137-48171
-0.772593314142709	2.56781420106596	48137-48172
-0.738706740924736	2.42030152713913	48137-48173
-1.04120217606749	4.67942881994624	48137-48174
-0.618386573661207	2.10618621119964	48137-48175
-1.01046174758605	4.23618970103521	48137-48176
-0.627934749581721	1.67364624592981	48137-48177
-0.349888828606697	0.719036318527727	48137-48178
-1.05072570310721	3.36313396098753	48137-48179
-1.07868588268474	3.02962645425801	48137-48180
-0.575830111178092	0.967981270991254	48137-48181
-1.63239513187186	3.3097209481077	48137-48182
-0.90029178348465	0.951825571648855	48137-48183
-1.75931297992145	1.1994296898617	48137-48184
-1.0353760530115	0.873750592256836	48137-48185
-4.65782535794555	2.24994751333246	48137-48186
-0.635021907303041	15.4540550418922	48138-48138
-0.491896129140054	9.92899110426127	48138-48139
-0.622564218486562	11.5031331702716	48138-48140
-0.538171457087379	7.74952578583873	48138-48141
-0.404462952801298	4.49691601868876	48138-48142
0.0377367606851245	0.166760827922596	48138-48143
-0.0881062998059557	0.429999533161482	48138-48144
-0.166887297318815	0.882323673820969	48138-48145
-0.166109045119402	0.928946728201775	48138-48146
-0.236434580504089	1.44984666931363	48138-48147
-0.670786501196749	5.83248536097732	48138-48148
-0.13684128943525	0.532325782556915	48138-48149
-0.0263517491880542	0.0734217318749284	48138-48150
0.155280670420823	0.633203130968247	48138-48151
0.0449941957698917	0.135644858288056	48138-48152
0.232703010811037	1.00312785450975	48138-48153
0.357515654478069	1.72158656079899	48138-48154
0.236818421062212	1.14022306907481	48138-48155
-0.0133634243374811	0.0353025393630563	48138-48156
0.0551647469774342	0.147282426563288	48138-48157
0.104214046472774	0.336204145878853	48138-48158
-0.681105975707419	4.2429852641284	48138-48159
-0.539838047043579	2.57786487702286	48138-48160
-0.696148066546486	3.26723474624721	48138-48161
-0.706127513885195	3.22215837247707	48138-48162
0.187773232560464	0.410250897891211	48138-48163
-0.585427384188295	2.38169432707015	48138-48164
-0.39332481636639	1.06756247052984	48138-48165
0.0637808989574516	0.0581101859003185	48138-48166
-0.591245825023431	2.4439964267674	48138-48167
-0.508599695772227	1.77010780407537	48138-48168
-0.608496707246938	2.66225028502312	48138-48169
-0.761449829994946	3.64548271195594	48138-48170
-0.764725960538308	2.79500430065581	48138-48171
-0.725096249775952	2.10355247155888	48138-48172
-1.03831891617362	3.99096622955095	48138-48173
-0.480615533760495	1.4187514115784	48138-48174
-1.08976046263822	4.77398749369018	48138-48175
-0.470986531951634	1.24062379587226	48138-48176
-1.16289780323876	4.29902621236828	48138-48177
-1.04009684754603	3.30291217291472	48138-48178
-1.08184206790127	3.09056085404491	48138-48179
-1.58947733470387	4.75391033497697	48138-48180
-1.11279354795533	2.29285544760308	48138-48181
-2.46541382837134	4.42755516085186	48138-48182
-1.45670402916921	1.54655889169459	48138-48183
-0.297611027116875	0.153969076083867	48138-48184
-1.60928221521558	1.34744539509294	48138-48185
-0.870600807450509	0.35716921831739	48138-48186
-0.00365840483554153	0.00123100476885248	48138-48187
-0.744886052485526	18.4415175798504	48139-48139
-0.430006421829475	7.88859482475627	48139-48140
-0.387892652420349	5.71914208253802	48139-48141
-0.239713697113914	2.26132637797655	48139-48142
0.0673114647648272	0.35469142981375	48139-48143
-0.110109604175516	0.645986082265079	48139-48144
-0.221065458939834	1.55242848590053	48139-48145
-0.308268249206652	2.53926176214254	48139-48146
-0.47636396672648	4.70970951634681	48139-48147
-0.761487957757919	8.24991122196754	48139-48148
-0.0598491302419535	0.214419241938109	48139-48149
-0.215196120428506	1.06520484876104	48139-48150
-0.156463556094175	0.699007465021266	48139-48151
-0.118429273601839	0.455185290095277	48139-48152
-0.214900852134827	1.06343421492201	48139-48153
-0.202776969170496	0.944028772443738	48139-48154
-0.00489212786697399	0.0132049298403983	48139-48155
-0.104942994047709	0.345931373482828	48139-48156
-0.22371544024275	0.978611952984861	48139-48157
-0.201952619946227	0.898515538379095	48139-48158
-0.369212956751113	1.86500220897105	48139-48159
-0.683215870463893	4.16707624691998	48139-48160
-0.304538916195901	0.986425150096122	48139-48161
-0.871781968083791	4.69628777605972	48139-48162
-0.261588682211812	0.606847721423289	48139-48163
-0.370647102617251	1.10431030488211	48139-48164
-0.649859151193191	2.67078966863197	48139-48165
0.476052066654979	0.623185231689515	48139-48166
-0.582236331578458	2.33987002620952	48139-48167
-0.692475107426135	3.07919987023677	48139-48168
-0.795020498429688	4.56687919634695	48139-48169
-1.27443465637154	8.48870928516575	48139-48170
-1.27044224713067	6.90996242766167	48139-48171
-0.463449123484391	1.05161154032238	48139-48172
-0.958803430902206	3.73256327323254	48139-48173
-0.875814933065606	4.05780394089437	48139-48174
-1.09772386223523	4.97036139342324	48139-48175
-1.24117135352428	5.22206352578079	48139-48176
-0.792943088058627	2.55879921757204	48139-48177
-0.460151690563998	1.14204385547411	48139-48178
-1.16906117952482	3.94668054606845	48139-48179
-0.637628246230869	1.30361683282695	48139-48180
-1.97697249266352	4.10005527796846	48139-48181
-1.29631738197199	2.7314548170266	48139-48182
-1.10074208407874	0.935444111551755	48139-48183
0.181658824268903	0.0691976502854553	48139-48184
-1.25006618842742	0.813073314601274	48139-48185
-1.75692016410292	1.19002157126599	48139-48186
1.23419235089223	0.515673981615981	48139-48187
-1.67053510448317	0.700563492752796	48139-48188
-0.7198170406516	17.635930230808	48140-48140
-0.364473574321795	5.94108060168108	48140-48141
-0.523830154626635	8.18329723461885	48140-48142
-0.132551415648141	0.930469194724894	48140-48143
-0.389281845346705	4.70687812263574	48140-48144
-0.389555523114909	4.09754743506477	48140-48145
-0.468550995869301	5.71333928897825	48140-48146
-0.463123390589523	5.09582735625934	48140-48147
-0.626578901028937	7.08799546040837	48140-48148
-0.303296080455895	2.34338849948335	48140-48149
-0.380256483348575	2.95362317751204	48140-48150
-0.33907684134205	2.21996814987421	48140-48151
-0.14973083894401	0.681359715534183	48140-48152
-0.228168910927634	1.20575428203463	48140-48153
-0.0941561083900395	0.367907572517087	48140-48154
-0.217218897053656	1.07187846134166	48140-48155
-0.119771420039926	0.425236909243121	48140-48156
-0.281455986285114	1.48743295451579	48140-48157
-0.420917974710072	2.80432059659497	48140-48158
-0.70916639737557	5.82305148263802	48140-48159
-0.672444104175331	4.46540066580644	48140-48160
-0.115681128278814	0.305050765514428	48140-48161
-0.636058196678231	3.0294459860794	48140-48162
-0.76029546097268	3.22773865608407	48140-48163
-0.552764378733987	2.11639844586669	48140-48164
-0.857024601453966	3.98779131773221	48140-48165
-0.0725175114618396	0.0718015145030802	48140-48166
-0.485126653980654	1.8214214668422	48140-48167
-1.0947652814067	6.26546391449637	48140-48168
-0.699872091992012	4.09334611557425	48140-48169
-1.02700405221059	6.23187842497132	48140-48170
-1.28664941772921	7.98469073956442	48140-48171
-1.47983557090373	7.1222035320828	48140-48172
-0.876953506123366	3.8637313278957	48140-48173
-1.14392195725654	6.28792645712538	48140-48174
-1.02678646127234	4.95159699964922	48140-48175
-1.05994012327309	4.79972297955741	48140-48176
-0.919298135653993	3.66691296874759	48140-48177
-0.627030257802597	2.26510182895467	48140-48178
-1.07346391441078	3.61043011875087	48140-48179
-2.77826245997937	9.93330057763761	48140-48180
-1.62360561339379	4.28290636086939	48140-48181
-1.54424039090518	3.63705193830319	48140-48182
-1.09541861244145	1.37547148864483	48140-48183
0.0010286689461943	0.000277965927313019	48140-48184
-0.184642370593561	0.0674491593931165	48140-48185
-1.80559528399882	0.813576843211627	48140-48186
0.173950605500766	0.0608563515084157	48140-48187
-3.58713332386024	1.22827803140349	48140-48188
-2.37077728022036	0.646757492883705	48140-48189
-0.618402677894074	14.4902311987623	48141-48141
-0.585101722151832	12.5535464783086	48141-48142
-0.240558777119937	2.77825721157522	48141-48143
-0.365438272032383	5.07156185616999	48141-48144
-0.475333920315861	6.55556034227503	48141-48145
-0.65853975473233	11.160851569898	48141-48146
-0.636134615372392	9.54734901716246	48141-48147
-0.678453318459098	8.31484225335909	48141-48148
-0.406335716098393	4.21468861451381	48141-48149
-0.516816288743638	5.52951021937119	48141-48150
-0.608566999382947	6.54757026292743	48141-48151
-0.513720586896981	5.09139210486295	48141-48152
-0.238286403104379	1.33305484219246	48141-48153
-0.379293133164226	2.71253225500877	48141-48154
-0.582340240073392	4.99808056953967	48141-48155
-0.468897697250829	3.3233142326691	48141-48156
-0.359159194831121	2.48208271537357	48141-48157
-0.353806440104289	2.43161077880211	48141-48158
-0.623248875318047	5.37615456544585	48141-48159
-0.679535611641073	5.14931114083275	48141-48160
-0.594085842811012	3.1295873154471	48141-48161
-0.540362846712314	2.62511230033746	48141-48162
-0.440848176445928	1.26747898464217	48141-48163
-0.952784767095322	5.47117043187971	48141-48164
-0.862506459123969	4.3529387814187	48141-48165
0.0489419128731219	0.0442678377867723	48141-48166
-0.86426416357557	5.00662990200885	48141-48167
-0.762907863626083	4.21195803311413	48141-48168
-0.896199269565641	6.77053614694859	48141-48169
-0.87852011375811	5.30131221593467	48141-48170
-0.975379349439067	5.36489302759904	48141-48171
-0.913578811542686	3.79045692444244	48141-48172
-0.85358480688199	3.48387378045843	48141-48173
-1.26638176388004	7.80403043282767	48141-48174
-0.821581506791694	3.79962162265138	48141-48175
-0.990141282553155	4.54131417419958	48141-48176
-1.18291825452139	5.58182895177821	48141-48177
-1.28426973827901	6.40812829788296	48141-48178
-1.28617407730106	5.42267610425777	48141-48179
-1.82920619623171	6.81347141939538	48141-48180
-2.30577202013856	7.37368013716386	48141-48181
-1.7462062270308	3.39509017848148	48141-48182
-1.51337440940018	1.47893173891166	48141-48183
-1.52442390799946	0.587456191601545	48141-48184
-3.72684587051498	1.37591696427625	48141-48185
-4.3759851908962	2.04896546563559	48141-48186
-0.851220655837108	0.37075295985307	48141-48187
-4.36052547070355	2.11343342958642	48141-48188
-3.87008376334205	1.49077742954499	48141-48189
-0.68976352460481	16.5722864434011	48142-48142
-0.415687706939654	7.89051251092126	48142-48143
-0.579978023740988	10.7549744721343	48142-48144
-0.541994775357283	8.68177145090036	48142-48145
-0.740206298822797	13.9136564594077	48142-48146
-0.801831408940005	14.4090573814553	48142-48147
-0.855581251059884	12.8229331302985	48142-48148
-0.408110080759285	4.59706475262528	48142-48149
-0.435475898690246	4.70713621730693	48142-48150
-0.28933684828838	2.29317949294662	48142-48151
-0.381514447961081	3.2789984419372	48142-48152
-0.157019560498116	0.777241313477353	48142-48153
-0.300715047582693	1.93825280086966	48142-48154
-0.2999381006181	2.02748049040494	48142-48155
-0.466457162290628	3.46853521782528	48142-48156
-0.263792570448606	1.47406725696696	48142-48157
-0.173073844925253	0.790340131566788	48142-48158
-0.832758914285285	7.8961870150897	48142-48159
-0.767554389831159	5.9717147994035	48142-48160
-0.619904566051112	3.02114615044907	48142-48161
-0.602258512625668	2.96975995024802	48142-48162
-0.550976133836624	1.94734494579702	48142-48163
-0.921165267422826	4.9339864403987	48142-48164
-0.901275574444041	4.91663010023421	48142-48165
-0.00972779483714018	0.00986930449931532	48142-48166
-0.520908133565488	2.25072758205952	48142-48167
-0.692787265921247	3.40010241586139	48142-48168
-0.951154732055036	6.31379080215736	48142-48169
-0.527139086059994	2.4271112325645	48142-48170
-1.51175878142093	8.69655907336219	48142-48171
-1.23948307308846	6.12767639729659	48142-48172
-1.13618851137743	5.70245071085694	48142-48173
-1.04586594630896	5.08979176639841	48142-48174
-0.90284280999388	3.87823203476293	48142-48175
-0.556839828326877	1.71855723080004	48142-48176
-0.962067722772864	3.65819246216752	48142-48177
-1.07283684982081	4.41802079009971	48142-48178
-0.781872299435422	1.97085799221477	48142-48179
-1.20773051650135	3.79702445742451	48142-48180
-1.77116064588507	3.47995793309465	48142-48181
-1.44159651986313	2.42229202033671	48142-48182
-2.46552714980704	2.3645388822829	48142-48183
-2.1180960543337	1.4788587644071	48142-48184
0.360651648680771	0.158133535139661	48142-48185
-1.66658396349967	0.726973375967876	48142-48186
-0.322089647129945	0.109348779317133	48142-48187
-1.65439338788351	0.721061197716552	48142-48188
-2.21689385990294	1.25153562054618	48142-48189
1.05692340998255	0.581950481050338	48142-48190
-1.16012849355376	0.410572883217692	48142-48191
-0.586965057194182	13.9322896567619	48143-48143
-0.366110845270236	6.07157667913868	48143-48144
-0.333009655766447	4.27704268767544	48143-48145
-0.803799281232933	15.9517644434483	48143-48146
-0.83842221702426	15.405169860713	48143-48147
-0.730356544263434	9.89468390284451	48143-48148
-0.609201565872942	8.76876760821456	48143-48149
-0.486339116187435	5.4273880177063	48143-48150
-0.376542044088355	3.50068449865177	48143-48151
-0.270035764279641	1.87595517129793	48143-48152
-0.331204963827628	2.1786187814799	48143-48153
-0.372185080185457	2.87709907727827	48143-48154
-0.082412893311106	0.334283930973646	48143-48155
-0.261641273419546	1.54267464194769	48143-48156
-0.321438073216394	2.10314913302829	48143-48157
-0.203461741449515	1.04701120128193	48143-48158
-0.649102461744637	5.40739452885808	48143-48159
-0.801873570627562	6.27718758817955	48143-48160
-0.654143282267957	3.62002430499335	48143-48161
-0.886882742861121	5.45902920676447	48143-48162
-0.961697764464389	4.59372480938842	48143-48163
-0.806975617008978	3.9767498774974	48143-48164
-0.928552223882341	4.90495599994619	48143-48165
0.201344495019393	0.259435277568649	48143-48166
-0.792760111787606	4.71256460782595	48143-48167
-0.672838575583864	3.07787163041018	48143-48168
-0.764104421037991	4.82396554202657	48143-48169
-1.03113548780559	6.62174741121576	48143-48170
-1.09001514000125	5.62480157442024	48143-48171
-0.770451721499319	2.78102415924846	48143-48172
-1.05889111736695	4.53578426792074	48143-48173
-1.20836000971135	6.82197819808049	48143-48174
-0.985010891201116	4.013312127174	48143-48175
-0.676945545512345	2.47517642162231	48143-48176
-0.706202462300234	2.35651454299441	48143-48177
-1.00476165464731	4.59792793426518	48143-48178
-1.32874624727804	4.04327089431712	48143-48179
-1.41705275628745	5.47800081172791	48143-48180
-1.44490120128516	3.80637389484057	48143-48181
-1.61636717573874	3.4302549869656	48143-48182
-0.189647771396914	0.104323774915663	48143-48183
-1.08122573219826	0.734043205990254	48143-48184
-1.9578704649819	0.995203974368277	48143-48185
-3.40476703405873	1.13543576543995	48143-48186
-1.28610288954525	0.685855602806479	48143-48187
-3.7281619415051	1.36539350727774	48143-48188
-3.5877724690554	1.22722152352137	48143-48189
0.353753868610042	0.107190571458302	48143-48190
-1.34862431453669	0.49278465435728	48143-48191
1.23395222849542	0.519107865191309	48143-48192
-0.624281715646148	15.5593487176334	48144-48144
-0.30956074872796	4.75742668006406	48144-48145
-0.758031367908605	15.7559357422916	48144-48146
-0.90943374923453	18.3420252934212	48144-48147
-0.794224038673899	12.9935844316315	48144-48148
-0.579056778369916	8.29166291406266	48144-48149
-0.516259439684222	6.74698592570202	48144-48150
-0.432045486299927	4.62558677441742	48144-48151
-0.408794721621243	4.18437172067079	48144-48152
-0.250645301978925	1.73418094692461	48144-48153
-0.328981570235963	2.63471210630876	48144-48154
-0.401292992458049	3.53382525556521	48144-48155
-0.0655623835235941	0.251598481854217	48144-48156
-0.426423960417257	3.56329227947591	48144-48157
-0.27063882509473	1.84217330135129	48144-48158
-0.612327368876452	4.90550289043644	48144-48159
-0.707839105338726	5.53371202901086	48144-48160
-0.624375634722066	3.74538471028684	48144-48161
-0.800952091930358	4.78451242800491	48144-48162
-1.08159877889942	6.101866674382	48144-48163
-0.733423721186576	3.8159852324779	48144-48164
-0.905026307415898	4.73705539438135	48144-48165
-0.325565238723239	0.46991707208759	48144-48166
-0.739897981160852	4.2341764632919	48144-48167
-0.90771516737171	5.16835288130151	48144-48168
-0.701706915948954	4.35185208355882	48144-48169
-0.870610132869129	5.61680271693244	48144-48170
-0.771988935401676	3.24176910259	48144-48171
-1.0381541848092	4.815623993751	48144-48172
-0.919355867996833	3.43603033921243	48144-48173
-1.24447046350964	7.38117108100369	48144-48174
-0.86829286022776	3.53773105140112	48144-48175
-0.927582818324584	4.17835832571663	48144-48176
-1.12593321079174	4.67116734829922	48144-48177
-0.698810618298229	2.52496937673599	48144-48178
-1.50510619615945	6.05664717494493	48144-48179
-1.597567834856	5.2388553228353	48144-48180
-1.62109288254728	4.01054925523589	48144-48181
-1.929424797177	3.4267561743212	48144-48182
-1.15758847188007	1.26655511665896	48144-48183
-1.07326318834062	0.737188972767752	48144-48184
-1.65001931186352	0.996136183526339	48144-48185
-0.683501451343233	0.27499569118701	48144-48186
-2.04332144290251	1.54065098458364	48144-48187
-0.994228579807373	0.459867025339278	48144-48188
0.369816939767873	0.156758876228604	48144-48189
0.69348649816474	0.221275655912326	48144-48190
-1.01292234805368	0.457914257666372	48144-48191
0.628333843257408	0.243460333101612	48144-48192
-1.15887556675978	0.402523457519122	48144-48193
-0.745480982066979	17.9991713269164	48145-48145
-0.520961507906298	10.5526575752907	48145-48146
-0.757133126491419	15.3108790454091	48145-48147
-0.64891611152036	8.93141907315528	48145-48148
-0.465702552379725	6.78431358383711	48145-48149
-0.529600401694206	7.32505571720057	48145-48150
-0.402709492176473	4.16578605966525	48145-48151
-0.503873322254856	5.81891305240779	48145-48152
-0.174985834468129	1.10438961163596	48145-48153
-0.351513926318787	2.99253545202643	48145-48154
-0.420652768230661	3.51288306864816	48145-48155
-0.373437965725321	2.77777240739911	48145-48156
-0.243488249058919	1.45163193150651	48145-48157
-0.273224501170841	1.85761880595605	48145-48158
-0.398731181878448	2.83343778026502	48145-48159
-1.01032024761028	8.73990650604661	48145-48160
-0.957292494346211	6.2328382304144	48145-48161
-0.682578272224423	3.26500177148337	48145-48162
-1.00446242933561	4.34403559413816	48145-48163
-1.25151508281061	7.18450064493486	48145-48164
-0.867006164402963	3.57490575701425	48145-48165
-0.0839602774516994	0.0799421029527622	48145-48166
-0.398332737083294	1.38141701951425	48145-48167
-0.647924917111833	2.78499854164014	48145-48168
-0.704987823855603	3.74875514016184	48145-48169
-0.854466335242164	4.86909613414222	48145-48170
-1.24295557780007	7.0695258500123	48145-48171
-1.36966547863499	5.66341969860918	48145-48172
-0.870012800930621	3.44845480532115	48145-48173
-1.05381321607787	5.44599458009008	48145-48174
-0.777769304618969	2.98749681875204	48145-48175
-0.67660071023461	2.33332612973195	48145-48176
-1.20535082976796	5.12159598872464	48145-48177
-1.06986704740575	4.1333620306899	48145-48178
-0.744510776072009	1.74191568940606	48145-48179
-1.29851634539055	3.00015694968686	48145-48180
-1.16148839734697	1.80474867221159	48145-48181
-1.34641384695917	1.99091830585718	48145-48182
-0.961990768270461	0.837772500832318	48145-48183
-2.31595597375031	1.29099713863773	48145-48184
-4.35777217083921	2.10336042751965	48145-48185
-0.707731443712808	0.266469385196085	48145-48186
-3.21636698977596	1.00352167734933	48145-48187
-0.489735744403573	0.129959871515153	48145-48188
-2.37077728022036	0.646757492883705	48145-48189
-1.49231003220086	0.588114554805793	48145-48190
-0.166381316429328	0.0399234824969689	48145-48191
-1.16200897445837	0.401692766286543	48145-48192
-3.20315602343607	1.00904969056632	48145-48193
-4.14757569925108	1.53290869565367	48145-48194
-0.692665443639512	17.6646194075941	48146-48146
-0.439209963486686	8.93341573125594	48146-48147
-0.502016784061685	7.3722016880939	48146-48148
-0.276066707389123	3.4659492485136	48146-48149
-0.515523017876022	8.33725167324613	48146-48150
-0.430725100769584	5.65914431648631	48146-48151
-0.323867398020476	3.39238187457965	48146-48152
-0.183605645830074	1.29376583905592	48146-48153
-0.571599636167507	7.15811766893163	48146-48154
-0.560285482193764	6.25748775965633	48146-48155
-0.308667256142436	2.50481542304833	48146-48156
-0.263809677316402	1.79722674659313	48146-48157
-0.111225727634629	0.52832120352019	48146-48158
-0.540003251575127	5.15158648617281	48146-48159
-0.775079894158493	7.21108281357901	48146-48160
-0.85550409498317	6.35727123160021	48146-48161
-0.983064639423805	7.14224939437925	48146-48162
-0.890135513593207	4.25094500702046	48146-48163
-0.810049784926343	4.82826444784857	48146-48164
-0.741796502191544	3.94480416901479	48146-48165
-0.389839082694956	0.607324388300247	48146-48166
-0.893287236447947	5.63245353910416	48146-48167
-0.638793602837493	3.27731906396181	48146-48168
-0.81219976416482	5.94510584518923	48146-48169
-0.726411390960675	4.88331031673214	48146-48170
-0.790152823209375	4.03703447471941	48146-48171
-1.24818330990143	7.58918116645195	48146-48172
-1.63197388976737	9.23763615284323	48146-48173
-1.09233931657255	6.34366571133862	48146-48174
-0.993087114262434	5.09865757301002	48146-48175
-0.792709603822986	3.50866938223442	48146-48176
-0.819995476206344	3.34057983018606	48146-48177
-1.4188353519125	7.36401468595873	48146-48178
-0.988915214653913	3.81584944291904	48146-48179
-1.49394692933393	5.67340235449334	48146-48180
-1.63368356111353	4.15054291026438	48146-48181
-1.48710738304728	3.11514539529278	48146-48182
-1.79943931312075	2.57871641876454	48146-48183
-1.36044931180778	0.97638073455681	48146-48184
-1.4342384069939	1.26946886145589	48146-48185
0.18695217904618	0.063048318277437	48146-48186
-2.71649506242353	0.783867138092754	48146-48187
-4.01560632650498	1.545250444963	48146-48188
-2.37077728022036	0.646757492883705	48146-48189
0.104312810664985	0.0295687453035863	48146-48190
1.23341239307539	0.51792872546836	48146-48191
-2.98130290015837	0.925271985405218	48146-48192
-0.319876157010986	0.150875003667045	48146-48193
-1.14411765238134	0.585903223953495	48146-48194
-0.162427531169565	0.0378701197110707	48146-48195
-0.700230894430414	16.9293966893726	48147-48147
-0.633244304643368	11.9116377203488	48147-48148
-0.35717260390084	5.95300251433029	48147-48149
-0.524484519244228	8.72799742556148	48147-48150
-0.420336548645724	5.84981551266431	48147-48151
-0.357637491131702	4.25133023754187	48147-48152
-0.238931655066391	1.96923501803201	48147-48153
-0.58116303390105	6.73921698672867	48147-48154
-0.563307018895561	6.31531825989261	48147-48155
-0.317709822145577	2.40303028670235	48147-48156
-0.126232260872771	0.643820815384634	48147-48157
-0.0113241184371282	0.0407734986213813	48147-48158
-0.433641287480047	3.51065137661231	48147-48159
-0.629946618061756	4.89028709534514	48147-48160
-0.685333746305136	4.48290541737215	48147-48161
-0.899397498729865	6.2315041209659	48147-48162
-1.17600617885865	6.70966032272215	48147-48163
-0.804130459858318	4.46749223382795	48147-48164
-0.660560827541482	3.17294300282032	48147-48165
-0.687206335950925	1.2122941019685	48147-48166
-0.789638966922656	4.6735560556979	48147-48167
-0.538937187155594	2.26914853262586	48147-48168
-0.713510556812529	4.37853517989009	48147-48169
-0.742115317393356	4.59353045084726	48147-48170
-1.09823721379479	6.88531208810139	48147-48171
-1.08186253508933	5.36367855961986	48147-48172
-0.616200975935944	2.06781907143894	48147-48173
-0.994620764382762	5.26521168183284	48147-48174
-0.920937473214871	4.57228126134167	48147-48175
-0.324791389985182	0.90222471976002	48147-48176
-0.540570698332132	1.41591130907422	48147-48177
-1.21531860093525	6.11584920734974	48147-48178
-1.0411252347762	2.87367279048758	48147-48179
-0.992169842981069	3.07913626579732	48147-48180
-1.88359017691329	5.19501638303944	48147-48181
-2.36144172127079	5.54098829343844	48147-48182
-1.85366328134328	2.06967790170429	48147-48183
-1.76309172472156	1.46804352513707	48147-48184
-0.411400643553347	0.22714087621672	48147-48185
-4.13129195628582	1.74597792684779	48147-48186
-0.332441882565742	0.11210910573069	48147-48187
-3.73205278809863	1.41585159060964	48147-48188
-3.4118786414005	1.04105043230375	48147-48189
-1.16125839181353	0.415783773151019	48147-48190
-0.0217077135468564	0.0080401366878729	48147-48191
0.363536694578966	0.113902208608992	48147-48192
-2.70698383580736	0.782914112248885	48147-48193
-4.01849344325125	1.65387426065439	48147-48194
-3.41055516982798	1.13210462412278	48147-48195
-0.504752932066627	0.182642927055074	48147-48196
-0.729669655604612	17.5350320040779	48148-48148
-0.657343392828041	13.146825425357	48148-48149
-0.608949504633405	9.07831172305898	48148-48150
-0.597631725327529	8.23633624137414	48148-48151
-0.619448456733344	8.4620646689307	48148-48152
-0.502870998263514	5.7767177246892	48148-48153
-0.678166227542004	8.1558114276144	48148-48154
-0.665593663814135	7.5683210482552	48148-48155
-0.393400614952104	3.20378113887879	48148-48156
-0.520705182268409	4.99690835644923	48148-48157
-0.0151397531897845	0.051576113528365	48148-48158
-0.551417128036829	4.71453721636955	48148-48159
-0.356103974092	1.81384205809983	48148-48160
-0.349963668672139	1.46890569246419	48148-48161
-0.838450466997791	5.60926628197035	48148-48162
-0.360446309082168	1.1719495256542	48148-48163
-0.238306042163482	0.698196099164365	48148-48164
-1.04503353203634	6.20587599256673	48148-48165
-0.817817837696643	1.6948689167595	48148-48166
-0.949735651827681	6.1368632629267	48148-48167
-0.659744330496299	3.2598721819876	48148-48168
-0.414022101285624	1.84267285252939	48148-48169
-0.831661928936662	5.37244586705493	48148-48170
-0.779308296916256	4.02591586052105	48148-48171
-0.763685333909898	3.17619255599236	48148-48172
-0.397989898564017	1.26540922396861	48148-48173
-0.727319136309107	3.33940026327974	48148-48174
-1.24440399665091	7.38728065651961	48148-48175
-0.676400224664992	2.31287973686007	48148-48176
-0.979870581826611	4.29673273286793	48148-48177
-1.0963190835847	5.15141694907434	48148-48178
-1.09127447319013	4.1053230164419	48148-48179
-1.58396403673215	6.82469745509891	48148-48180
-2.12513283612186	5.78222331485283	48148-48181
-2.87085762815777	8.87352856995998	48148-48182
-1.77874676005974	2.42666358656277	48148-48183
-2.39639318527595	2.23012437697927	48148-48184
-0.847168769626884	0.377346581538484	48148-48185
-3.87410348902455	1.54464513072878	48148-48186
-1.51704637106052	0.603751496976486	48148-48187
-4.56935742281694	2.46796371038794	48148-48188
-1.43439408438648	0.720592451282827	48148-48189
-4.36014967371096	2.02095641169759	48148-48190
-1.80098463576892	0.835269829854035	48148-48191
-2.20839715059371	1.21690782801175	48148-48192
-4.36870343006242	2.04399801020841	48148-48193
-3.39886125693647	1.14223114191161	48148-48194
-4.35618875080861	2.10936508922777	48148-48195
-0.488554637547442	0.131779185926008	48148-48196
-1.81340716375273	0.833353441693	48148-48197
-0.782835866530193	18.3841950598242	48149-48149
-0.563266785375562	11.3369702428191	48149-48150
-0.442424246984813	6.25993131342457	48149-48151
-0.434211222603482	5.92924120403217	48149-48152
-0.378014011281636	4.28100644026654	48149-48153
-0.592686891215858	8.34447953266662	48149-48154
-0.539064086533268	6.47412321605444	48149-48155
-0.179606804295027	1.12806492127333	48149-48156
-0.135994891222009	0.760437141690083	48149-48157
0.047656335885208	0.182846996268778	48149-48158
-0.423338264832594	3.46179869716606	48149-48159
-0.48016495472956	3.28207650763352	48149-48160
-0.574099365000834	3.47922076447688	48149-48161
-0.976880230493818	6.62087577179917	48149-48162
-0.594795595480716	2.30241710346027	48149-48163
-0.389559512156385	1.24767839940732	48149-48164
-0.750186309878293	3.5228758272927	48149-48165
-0.976866229169165	1.94412905209095	48149-48166
-0.403545781184556	1.34529385675547	48149-48167
-0.372312174585587	1.33226365987033	48149-48168
-0.579481585266543	3.34496126201024	48149-48169
-0.405189275558272	1.72165031779621	48149-48170
-0.972820241718163	5.19901941441248	48149-48171
-0.446907397460844	1.35486043403739	48149-48172
-0.813572025220628	2.91089905923722	48149-48173
-0.735235571830965	2.93252551701496	48149-48174
-1.01751039518119	4.97000128959585	48149-48175
-0.30983778253789	0.773587326400185	48149-48176
-0.615361841907899	1.8245779079129	48149-48177
-0.844599160344613	3.08227708634194	48149-48178
-0.961428362831976	3.43047574396638	48149-48179
-0.824748803552026	1.78155420969301	48149-48180
-1.4836766819972	2.64284239556515	48149-48181
-2.28929274631663	5.23063808033212	48149-48182
-1.44424539652542	1.85645779451989	48149-48183
-1.34744700451116	0.513951848808129	48149-48184
-4.96424157082198	3.14465335511335	48149-48185
-3.4181694720257	1.09534765366186	48149-48186
-2.37436752964166	0.635450040496641	48149-48187
-2.33094347399383	1.35518284089708	48149-48188
-4.35438476461434	2.05351834394273	48149-48189
0.359456333725959	0.111382110184092	48149-48190
-3.4031330705367	1.17916520674673	48149-48191
-3.40906198850848	1.16645038615211	48149-48192
-1.01476545759436	0.43323310711937	48149-48193
-1.97475880118156	0.959215767838623	48149-48194
-3.22112941082643	0.921444741436402	48149-48195
-2.37578325131201	0.623386800123663	48149-48196
-3.57221884240388	1.25325015208834	48149-48197
-0.988191898565686	0.453785047647	48149-48198
-0.907925623303292	23.1071772586732	48150-48150
-0.454508451676332	8.6916209151467	48150-48151
-0.390437201542963	6.33565784260722	48150-48152
-0.463482995721183	7.24629506194966	48150-48153
-0.849040165684864	15.9190149197166	48150-48154
-0.516493546398364	7.15233570264323	48150-48155
-0.233502918371664	1.90117216643643	48150-48156
0.0288715553796563	0.128019927804454	48150-48157
0.255046742424538	2.16643181977941	48150-48158
-0.428893995081104	3.93898944718006	48150-48159
-0.779796120817143	8.17404891655023	48150-48160
-0.525052160127555	3.74146123314266	48150-48161
-0.715335903567985	5.32791866124015	48150-48162
-0.515734600122097	2.53504855642628	48150-48163
-0.250018918387464	0.850579748140396	48150-48164
-0.262417016447934	0.925710704150725	48150-48165
0.164522437769735	0.202690539486919	48150-48166
-0.406583799551373	1.97625281963892	48150-48167
-0.35222021036847	1.45113160998316	48150-48168
-0.429191635507898	2.37112188197358	48150-48169
-0.419295942588376	2.02928611847658	48150-48170
-0.511858146289917	2.1770656790532	48150-48171
-0.634172205844089	2.31435240006637	48150-48172
-1.13153745032459	5.37151123485947	48150-48173
-1.20267853889662	7.88141152163186	48150-48174
-1.10990059818438	6.24240275142049	48150-48175
-0.681587348610254	2.64782293255241	48150-48176
-0.538599760062741	1.7254018872775	48150-48177
-0.962540167181627	3.78731570547697	48150-48178
-1.05029399330027	3.24928481814189	48150-48179
-0.96891375761808	2.32399983867639	48150-48180
-0.465017226179502	0.675054326551814	48150-48181
-1.32456795493124	2.65587406435807	48150-48182
-1.50953132043245	1.55021100162664	48150-48183
-1.77726675064804	1.15839301199503	48150-48184
-0.492708190548437	0.215483809108302	48150-48185
0.320517717004888	0.164301911938411	48150-48186
-0.969787862869838	0.317017080937611	48150-48187
-0.976128220676609	0.3090322152007	48150-48188
-3.40427914151274	1.15442273966968	48150-48189
0.103749442926534	0.0305559856910756	48150-48190
-0.325770958633513	0.105271998220644	48150-48191
-0.333522945598381	0.113580141518962	48150-48192
-3.57786814375439	1.2183589206279	48150-48193
-0.128124329307231	0.0388863137394596	48150-48194
0.685283661671595	0.219991267847822	48150-48195
-1.93217767029693	0.48422117733993	48150-48196
-0.327263699077125	0.107228467802443	48150-48197
-3.20468027449063	1.02137731292836	48150-48198
-1.76486795917124	1.24590061643843	48150-48199
-0.660114411808589	16.4802823794803	48151-48151
-0.319612294907482	5.52096002638256	48151-48152
-0.532534981379087	9.87528890048836	48151-48153
-0.885834209487774	18.8820672485196	48151-48154
-0.437100210192327	6.62866883860911	48151-48155
-0.151132102815614	1.17433070396	48151-48156
0.15255713587614	1.13515369145355	48151-48157
0.243956774846173	2.36036113479183	48151-48158
-0.452933888159944	4.95433368183467	48151-48159
-0.778206229516333	9.11243613624606	48151-48160
-0.500717287989347	3.78718336421808	48151-48161
-0.807539515552235	7.2733377229073	48151-48162
-0.40143571543212	2.06716675067039	48151-48163
-0.434161515192813	2.43644254646792	48151-48164
-0.391297465882448	1.79301210772187	48151-48165
0.0943885449264268	0.138295630283932	48151-48166
-0.224649548119002	0.904605394374356	48151-48167
-0.28875376224395	1.2200595766289	48151-48168
-0.384646782661744	2.2499197194834	48151-48169
-0.66105974295483	4.52122006680526	48151-48170
-0.58135911292451	2.91548416949596	48151-48171
-0.608538632889841	2.6097647501937	48151-48172
-1.0018640013824	5.86781870862031	48151-48173
-0.882142746720143	4.87102752563249	48151-48174
-1.06665478887049	6.71500825123696	48151-48175
-0.553471267664795	2.02922475053352	48151-48176
-0.819959280659317	3.62356709102373	48151-48177
-0.981566289678362	4.71151525834349	48151-48178
-1.0630773177202	4.08026211882661	48151-48179
-0.811677765072933	2.48169054844777	48151-48180
-1.66972499856748	4.79931678008261	48151-48181
-0.933167870982745	1.91116767981854	48151-48182
-0.744318997801502	0.75310957386342	48151-48183
-1.55555307724377	0.910102869268359	48151-48184
-4.57188804336299	2.36590543420257	48151-48185
-0.659944390614556	0.310780172562753	48151-48186
0.773298439116982	0.349076818037722	48151-48187
-1.65801705934309	0.693926502982556	48151-48188
-0.503686529503404	0.18494898381348	48151-48189
-0.965453719338573	0.312129929119659	48151-48190
-0.0045241296458721	0.0015705340671107	48151-48191
-1.50132102692974	0.609979116158148	48151-48192
0.345909074707466	0.131226027099562	48151-48193
-3.58420400350002	1.26851052656122	48151-48194
-1.51791665146597	0.615104779850721	48151-48195
0.0983627619152619	0.0422345461847904	48151-48196
-2.08097013790949	1.09282028724632	48151-48197
-0.177165265927323	0.081941406626353	48151-48198
-1.5354352910133	1.21912451664594	48151-48199
-0.798981706624665	19.8409083982915	48152-48152
-0.770543152324536	16.6765859488596	48152-48153
-1.0562836205806	23.2255279202277	48152-48154
-0.540826947130099	8.57750748806194	48152-48155
-0.283387907323777	3.00239298190091	48152-48156
-0.212864752491695	1.84807254148745	48152-48157
-0.12194163024764	0.844856657914868	48152-48158
-0.826964833327365	11.7014159002791	48152-48159
-0.924795174698668	11.4352507768908	48152-48160
-0.639440201648952	5.56440289668098	48152-48161
-0.884884203456731	8.17040235061455	48152-48162
-0.527372286271228	2.79230200393024	48152-48163
-0.688483761054755	5.16351042723985	48152-48164
-0.549435347906323	3.03410042830578	48152-48165
-0.671713395540642	1.74682471319511	48152-48166
-0.558989447255863	3.74852410378124	48152-48167
-0.236110136455987	0.934607182177521	48152-48168
-0.694577269264649	5.25798114156867	48152-48169
-0.816812553472607	6.37723992153487	48152-48170
-1.22463472110157	8.32151429069007	48152-48171
-0.714192607396076	3.42781359641324	48152-48172
-0.770481561697012	3.59056813987737	48152-48173
-0.804523524543841	4.48778891437025	48152-48174
-1.335746064598	8.1095044093886	48152-48175
-0.714671941576117	3.26739861247645	48152-48176
-0.703020351318286	2.79258754775906	48152-48177
-1.27773642326766	6.83133423006677	48152-48178
-1.4322157892151	6.74891152143185	48152-48179
-1.34993908694388	5.69312777982563	48152-48180
-1.5092190230527	4.82908219509032	48152-48181
-1.24277838138988	2.76005429380246	48152-48182
-0.608403202161269	0.644248135735046	48152-48183
-0.298184445808048	0.16204254624293	48152-48184
-1.53292999062724	0.927668822785257	48152-48185
-0.14653836727375	0.0616342296869974	48152-48186
-1.17046586778832	0.709955261488633	48152-48187
-1.08562930537791	0.616677381359472	48152-48188
-0.325992055785891	0.113156813611737	48152-48189
-3.74694239376342	1.29365954492025	48152-48190
-0.530376966625976	0.230709535465219	48152-48191
0.445039951427017	0.215833443852753	48152-48192
-1.79541318362549	0.812106793393183	48152-48193
-0.508809258963626	0.190526822020919	48152-48194
-0.807882529049648	0.480584202377309	48152-48195
-0.683618814171899	0.270399353765067	48152-48196
-0.163940547709018	0.0382888712517807	48152-48197
-0.777742301150243	0.388544077855055	48152-48198
-2.21039254860602	1.23991805323584	48152-48199
-0.851746562436208	20.6702465362482	48153-48153
-0.59705214012804	12.2821869856826	48153-48154
-0.323067129089719	4.04619877557485	48153-48155
0.055735411240741	0.313794351266252	48153-48156
-0.0996897004836293	0.66636430254119	48153-48157
-0.135352901103874	1.0339710871946	48153-48158
-0.680011284428119	9.63878345910577	48153-48159
-0.865993479907775	10.8711536933511	48153-48160
-0.645275093563273	5.66310016965545	48153-48161
-0.706726453509308	5.42545912549294	48153-48162
-0.689757935637389	4.30730511088703	48153-48163
-0.724275588528888	5.2081776554157	48153-48164
-0.750555528509513	5.43761495043709	48153-48165
-0.194995501606393	0.251836042579516	48153-48166
-0.249346045040559	1.05213877989905	48153-48167
-0.0941883900828511	0.28484554994098	48153-48168
-0.410081333816713	2.46485140956193	48153-48169
-0.483301357326671	2.86936480531902	48153-48170
-0.680877515535495	3.87866831339596	48153-48171
-0.65788119575852	2.65321723104722	48153-48172
-0.683519475688321	3.18103865494882	48153-48173
-0.831180795356053	4.89324214727705	48153-48174
-0.633561051680398	2.97139238289693	48153-48175
-0.604406724332268	2.27346654303365	48153-48176
-0.259250548409633	0.632778597920471	48153-48177
-1.14165172615416	5.87070911437607	48153-48178
-0.824841883369003	3.06895618479582	48153-48179
-1.07946445354081	3.99236476886114	48153-48180
-2.04962549662207	6.35853837934153	48153-48181
-0.751509986621628	1.31206042844884	48153-48182
-0.291400686064596	0.232384220742636	48153-48183
-1.44325862837239	1.09495102534159	48153-48184
-4.65337266426386	2.57144955212477	48153-48185
-1.17237747687399	0.405939158002531	48153-48186
-0.687023030730872	0.276811893735079	48153-48187
-0.969171386459597	0.307021163548823	48153-48188
-4.25507265547948	1.98542136506603	48153-48189
-1.27266443213812	0.317800856675647	48153-48190
-0.520982887284339	0.193426303144551	48153-48191
-0.521565705530597	0.225288952186237	48153-48192
-4.24932112468236	1.94648629108057	48153-48193
-1.34010611304968	0.512144941525042	48153-48194
-0.969247763762587	0.309244229148348	48153-48195
-3.57786814375439	1.2183589206279	48153-48196
0.170201064124157	0.0688326546317435	48153-48197
-0.968021634143449	0.317298504990549	48153-48198
-1.55023782966888	0.898095140002056	48153-48199
-0.75360875806614	18.7689184621026	48154-48154
-0.473098799904638	9.65209318167839	48154-48155
-0.163176025190141	1.54099620139454	48154-48156
-0.327408793256792	4.28484882495398	48154-48157
-0.6611655182133	12.2514656065777	48154-48158
-1.00958383387493	17.1014822447322	48154-48159
-0.966087334754253	13.7010750280054	48154-48160
-0.762438655895178	8.23156401734759	48154-48161
-1.05392499597944	12.0695241756023	48154-48162
-0.780712393012605	6.18831580960214	48154-48163
-0.953728470474796	9.53588805630466	48154-48164
-0.789938423754345	6.30323880282487	48154-48165
-0.571497222331004	1.79829637417977	48154-48166
-0.447944539448175	3.01278023133118	48154-48167
-0.387012778727994	2.10424429900334	48154-48168
-0.512763012990022	3.73613956750879	48154-48169
-0.258501157560759	1.20186366752179	48154-48170
-0.686961660561958	4.43315499175527	48154-48171
-1.06744716497947	7.26566555214227	48154-48172
-0.899523240127553	5.01107159061602	48154-48173
-0.728192491011933	4.13621052877059	48154-48174
-0.729779764262311	3.70029340677133	48154-48175
-0.293624940688598	0.860148811513687	48154-48176
-0.789692323269738	3.62019500065343	48154-48177
-0.61201610073703	2.48411413857498	48154-48178
-1.12842368002384	5.13938483944335	48154-48179
-0.877541150805336	3.31974225583021	48154-48180
-1.15584354543055	3.20262845758987	48154-48181
-1.23475525039926	3.12345484185795	48154-48182
-0.569428389401832	0.508263562368967	48154-48183
-1.96132500345864	0.934027581353711	48154-48184
-0.910323279140899	0.474244432409908	48154-48185
-2.83973669060566	2.12372404477051	48154-48186
-1.27895064100196	0.688711501129774	48154-48187
-1.54081657526365	0.933601377047811	48154-48188
0.634168464036872	0.239686932289596	48154-48189
-1.65377941675464	0.727887637802486	48154-48190
-1.33579973601168	0.511267910077565	48154-48191
-3.73916416268141	1.31255372837677	48154-48192
-2.54590383440119	1.67399846878586	48154-48193
-3.58155742137544	1.29194071002867	48154-48194
0.34814330680101	0.145757803886709	48154-48195
-0.851646185956995	0.372641611660541	48154-48196
-1.80998490178987	0.834683717992151	48154-48197
-1.95415941126594	0.985297135047294	48154-48198
-1.44848230039337	1.32746416689216	48154-48199
-0.622727314946718	16.0443761034057	48155-48155
-0.423082803818169	8.55281249955791	48155-48156
-0.831972176093851	17.5460787795101	48155-48157
-0.984289486493859	21.1900808856236	48155-48158
-1.36772940139414	25.4050322521622	48155-48159
-1.41837885856975	23.2288003067018	48155-48160
-1.15209547871216	16.2741417771226	48155-48161
-1.22391574321767	16.2373367035952	48155-48162
-1.02156989044825	12.0304617074417	48155-48163
-0.812650730113209	9.35541402136975	48155-48164
-0.699747478912319	6.73136468931545	48155-48165
-0.650041089850086	2.5299988223197	48155-48166
-0.677460673387384	6.47595217433049	48155-48167
-0.491859671396985	3.73326221927063	48155-48168
-0.72688945003646	6.89628791205336	48155-48169
-0.776729693690917	6.33115099267605	48155-48170
-1.03431227865313	8.21634095579787	48155-48171
-1.19406484967416	9.28561133273098	48155-48172
-1.27034368705076	9.92762541738656	48155-48173
-1.00833250101563	7.27093294456726	48155-48174
-0.71514442919771	3.66210387825973	48155-48175
-0.827345887688403	4.49038312614472	48155-48176
-0.965758979942337	5.15855125101296	48155-48177
-1.14394778522618	6.45389728120138	48155-48178
-0.980253546729578	4.33735382614708	48155-48179
-1.65834812680358	7.99255554339753	48155-48180
-1.0065803466769	3.40355962376306	48155-48181
-1.10441639785315	3.22702352340056	48155-48182
-1.13055967145111	2.39616127320556	48155-48183
-2.24446373446175	3.20240630631371	48155-48184
-1.43182533869336	1.21813520596488	48155-48185
-2.86006146332384	1.90563873720188	48155-48186
-1.23878644018477	0.954492746130308	48155-48187
-1.46179168483972	1.03491505839876	48155-48188
-0.900193947661433	0.572961914229097	48155-48189
-4.46797531930065	2.29637497715473	48155-48190
-1.1855003625058	0.670880863529586	48155-48191
-2.2052113940169	1.20582993294845	48155-48192
-2.99512473229164	2.4105735629703	48155-48193
-1.75566484742277	1.53297121138653	48155-48194
-2.24778729799096	1.90466560681443	48155-48195
-0.180854362971203	0.0672251550809992	48155-48196
-1.42408876129737	0.796406245367213	48155-48197
-2.65642967398287	1.82983306163566	48155-48198
-1.36770146859605	0.942689935249139	48155-48199
-0.717691404176199	17.8343115274041	48156-48156
-0.647788644565486	13.8911501659651	48156-48157
-0.837968688044655	18.130973227174	48156-48158
-1.23166263424693	23.8637694057783	48156-48159
-1.2656703666662	20.0943032000065	48156-48160
-1.10133755416599	14.7436326865032	48156-48161
-1.08277121830818	13.678678991485	48156-48162
-1.05829175470677	12.3442275303099	48156-48163
-0.82889269928709	9.01635303935094	48156-48164
-0.659293475498371	5.9309846307778	48156-48165
-0.971961163561844	4.57055359615776	48156-48166
-0.341911799863683	2.14835563536656	48156-48167
-0.429439382738112	3.11170923827032	48156-48168
-0.77927430089387	8.17616352446653	48156-48169
-0.461922298903188	2.98609974724493	48156-48170
-0.762894453416702	5.06439285200864	48156-48171
-0.952898398416884	6.87134164676039	48156-48172
-1.03096725487248	7.32661615230933	48156-48173
-0.897673712043573	6.64754364879066	48156-48174
-0.908586267026054	5.64204422441207	48156-48175
-0.929624897631668	5.61467808985145	48156-48176
-0.710886939016029	3.55853751006607	48156-48177
-0.630732805047124	2.864854428041	48156-48178
-1.1302012627388	5.74774556683251	48156-48179
-0.727359035495152	2.2912462647524	48156-48180
-1.315660809518	3.78235813069306	48156-48181
-0.764020831148414	1.61226567757142	48156-48182
-1.66314215815945	2.42999999130758	48156-48183
-0.757511789749181	0.636894265236498	48156-48184
-3.0133013341253	2.41270123705751	48156-48185
-1.16578460299106	0.776951576052951	48156-48186
-0.575428591733387	0.32130736064654	48156-48187
-1.81834629786859	0.865870629462879	48156-48188
-3.87952436871736	1.52755146144204	48156-48189
-4.25246960371267	1.96290494329191	48156-48190
-4.0132360424661	1.66808642536981	48156-48191
0.118585750724073	0.0509588681092975	48156-48192
-1.0570569059858	0.590920203920721	48156-48193
-0.00635771147592485	0.00214004546439522	48156-48194
-0.65525564432864	0.322087433495332	48156-48195
-1.94725261746134	0.969914848270522	48156-48196
-1.34314091102169	0.509880438397349	48156-48197
-4.36399878636516	2.14407650157172	48156-48198
-4.73933933213998	2.73195422135111	48156-48199
-0.736217982372861	18.6544546264714	48157-48157
-0.542052341233209	12.0160264664312	48157-48158
-0.980139634580675	19.9131408433998	48157-48159
-1.09091144135525	18.942398375079	48157-48160
-0.679383435768982	8.88629493052395	48157-48161
-1.01823807779258	14.2522680845455	48157-48162
-0.703249918980772	6.78001080768234	48157-48163
-0.729699498880874	7.80932178509444	48157-48164
-0.466582718828713	3.73043820708526	48157-48165
-0.487715146900256	1.59960946688925	48157-48166
-0.331925468318186	2.28628445714537	48157-48167
-0.319220491187065	1.95534949095411	48157-48168
-0.341096633321925	2.40064589674512	48157-48169
-0.423731192166231	3.20257506970373	48157-48170
-0.410067597649085	2.46309965784786	48157-48171
-0.710081789004302	4.38767039197853	48157-48172
-0.514075376756216	2.64807024478921	48157-48173
-0.676857621898708	4.50878071147958	48157-48174
-0.891403512580819	6.25252580785865	48157-48175
-0.850369861031175	5.65756150230191	48157-48176
-0.600334609376472	2.7447041239614	48157-48177
-0.850641292044343	5.37464173423168	48157-48178
-0.811384222145776	3.52269973441034	48157-48179
-1.35443494419305	6.59094844885733	48157-48180
-1.34789466472114	4.92345482462459	48157-48181
-0.934112205619467	2.97468850903757	48157-48182
-0.27560682612878	0.255202777145273	48157-48183
-1.004861676932	0.468297876763309	48157-48184
-0.576189052277712	0.324157884881095	48157-48185
-1.854165243433	1.2774008279317	48157-48186
-1.51638241244665	0.611194892424402	48157-48187
-1.94256666356286	0.943523051404673	48157-48188
-4.00184873858285	1.60798744465034	48157-48189
1.55073791151114	0.923501305508395	48157-48190
-3.40684182768717	1.16723407173289	48157-48191
-1.6515399161959	0.715438778348054	48157-48192
-2.56475852090672	1.59132746972644	48157-48193
-1.31080215273314	0.688921633516938	48157-48194
0.183684550836321	0.0733754192069687	48157-48195
-2.07176473061564	1.0426942305755	48157-48196
-2.70698383580736	0.782914112248885	48157-48197
-3.9989598645242	1.60014486461928	48157-48198
-1.22993559680274	0.99245963794582	48157-48199
-0.779442824414012	19.3646909141072	48158-48158
-0.871479687144891	19.2948654837864	48158-48159
-0.824833499007611	13.8639558112568	48158-48160
-0.465045418272772	5.0723796850129	48158-48161
-0.727761696310784	9.14296875062992	48158-48162
-0.679713376579777	7.37292991165119	48158-48163
-0.456508960916487	4.30186008861609	48158-48164
-0.296913801304522	1.98767626905779	48158-48165
-0.518984129393078	1.99618184174349	48158-48166
-0.106297812141048	0.485155023418683	48158-48167
-0.115104866990291	0.508711699025204	48158-48168
-0.149288443903726	0.798240357655776	48158-48169
-0.149606408227895	0.696183671983363	48158-48170
-0.353893246819221	2.10602394760665	48158-48171
-0.693179014443881	4.56530695737607	48158-48172
-0.39375480471546	1.79195570492665	48158-48173
-0.402423098472165	2.19364156362942	48158-48174
-0.825378105621469	5.93600412668569	48158-48175
-0.417373764375955	1.82862705080667	48158-48176
-0.321851928824388	1.14624007978027	48158-48177
-0.821080484520279	4.6937669766787	48158-48178
-0.95705317244785	5.12457804744943	48158-48179
-1.1462930188193	5.52555750257922	48158-48180
-1.86884152584372	7.20823034413405	48158-48181
-1.27300646538817	3.68394346156322	48158-48182
-0.630295974922055	0.522813544852897	48158-48183
-0.934674254638792	0.737113886725668	48158-48184
-1.94083853811338	2.18216569604605	48158-48185
-1.95441829852547	0.979287294141075	48158-48186
-0.129704329977336	0.0393853428431707	48158-48187
-0.993079239594685	0.457870186534215	48158-48188
-0.647390366333899	0.308283139760582	48158-48189
-0.134247256120068	0.0398460218884784	48158-48190
1.06366367281711	0.568609147329082	48158-48191
-1.33689856658093	0.93714570314507	48158-48192
-0.514266878972456	0.191517132653292	48158-48193
0.632650329698751	0.250399754276876	48158-48194
-4.91524263923268	3.05826412492132	48158-48195
-4.25741495154991	1.9608822674836	48158-48196
-1.30403206376838	0.625384150928374	48158-48197
-0.289947968517456	0.132741643759751	48158-48198
-0.795753668598319	0.513138595545171	48158-48199
-0.915961492148048	23.534966667292	48159-48159
-0.313994753424499	4.51726482114034	48159-48160
0.0144301694297579	0.0660887581656198	48159-48161
-0.421989469850342	5.56422477469379	48159-48162
-0.474124782218424	5.54815237992362	48159-48163
-0.381572757609216	4.30027135380404	48159-48164
0.0107365296728055	0.0422365833382538	48159-48165
-0.356833966859766	1.68630881255919	48159-48166
0.177169402785919	1.19072364479637	48159-48167
0.201387873702818	1.39986420311743	48159-48168
0.0858733627916176	0.453860629349207	48159-48169
0.169039801190946	0.939209791001731	48159-48170
-0.09725149316955	0.410402455578994	48159-48171
-0.529931922444189	3.61807257378509	48159-48172
-0.465953459107071	2.8567773781557	48159-48173
-0.41785173400963	2.91399355456427	48159-48174
-0.727422908224614	6.07965436626283	48159-48175
-0.276547050425157	1.250414965319	48159-48176
-0.317321015047557	1.35518648190639	48159-48177
-0.452316234535879	2.42682209847488	48159-48178
-1.10291479685202	7.38211006940399	48159-48179
-1.12487890008663	6.43339248279768	48159-48180
-1.38066461052134	5.71992006045896	48159-48181
-1.36193428019846	4.16977804868418	48159-48182
-1.05104575409263	1.53075486542776	48159-48183
-2.34135765717553	2.17471747157546	48159-48184
-1.51761165108551	1.33622062343463	48159-48185
-0.902431444536675	0.512981888893417	48159-48186
-1.74712645701308	1.12333456504414	48159-48187
-2.21635340482357	1.25229252592045	48159-48188
-1.50579462387448	0.606465830692323	48159-48189
-1.50387620202815	0.620609697133977	48159-48190
-0.838860420862731	0.360266098488629	48159-48191
-2.07963142209765	1.0980253422919	48159-48192
0.817782398726113	0.386675583651461	48159-48193
-4.46295029524262	2.27500424548686	48159-48194
-0.518804292630085	0.190732753075894	48159-48195
-3.73527684584553	1.42166424287322	48159-48196
-0.858215712711566	0.355298440388739	48159-48197
-1.35493857119001	0.514224442327386	48159-48198
-1.42754713238198	0.795941033844324	48159-48199
-0.586288435455695	13.7011495699304	48160-48160
-0.193911556709123	2.30362121987376	48160-48161
-0.676827170995404	11.9231567582163	48160-48162
-0.728328688341385	12.5958217353961	48160-48163
-0.787948931216673	13.8747664102614	48160-48164
-0.271577996220096	2.7788319228904	48160-48165
-0.760481356559564	6.89583108081867	48160-48166
-0.0961219093534695	0.594457940641921	48160-48167
-0.0516360718616911	0.242453112550197	48160-48168
0.138827380556662	0.969745730097095	48160-48169
0.247812280444742	2.02979130844093	48160-48170
-0.0818397138099104	0.367566842205968	48160-48171
-0.322156704376033	2.02528793789822	48160-48172
-0.514641419752797	4.4523239392205	48160-48173
-0.35290887064709	2.57059763657234	48160-48174
-0.4033678254028	2.59854718139931	48160-48175
-0.357462010154415	2.11802116845133	48160-48176
-0.294351029760698	1.4101492822176	48160-48177
-0.295590121581543	1.41328902900003	48160-48178
-0.559511280928022	2.7102894221153	48160-48179
-0.59575257750749	2.38777504745146	48160-48180
-1.06086009149356	4.19159108273354	48160-48181
-1.20274233670676	5.36804774242694	48160-48182
-0.627536811319028	1.04236026399082	48160-48183
-2.75988098489439	3.84448976405642	48160-48184
-2.2583692489157	1.96321364442009	48160-48185
-2.52140707296949	2.48382337504757	48160-48186
-0.989008531832949	0.670160638766739	48160-48187
-2.92521358589702	2.3014297080227	48160-48188
-0.177902939703114	0.0616260269216126	48160-48189
0.436474853362947	0.207674578808446	48160-48190
-1.50076069535427	0.608056698078151	48160-48191
-0.179668785980175	0.082922221947602	48160-48192
-1.24478525524073	0.790655464408086	48160-48193
-4.98370265299082	3.27899241036439	48160-48194
-2.24993467540141	1.95515460796723	48160-48195
-1.16086374049622	0.412328591801832	48160-48196
-1.35001935859415	0.497827508890985	48160-48197
-4.56554087855797	2.3388945162917	48160-48198
0.176826358205408	0.068496174258238	48160-48199
-0.455252759527778	9.36897525958362	48161-48161
-0.660536444736372	14.0052443292038	48161-48162
-0.844904347702755	17.4122046500082	48161-48163
-0.80984532621566	17.50723558662	48161-48164
-0.13313918131783	1.13858092974029	48161-48165
-0.59554590847065	6.46264883109494	48161-48166
0.253454443784798	2.7851347525725	48161-48167
0.420530883619374	5.30004335207549	48161-48168
0.397065558763955	5.03395796374922	48161-48169
0.979659269944231	16.9074633190999	48161-48170
0.537511200766629	5.95438140950055	48161-48171
-0.426979223150009	3.47356701530288	48161-48172
-0.370206284042533	2.73872061063661	48161-48173
-0.0109013125607415	0.034142769786468	48161-48174
-0.000866217744546812	0.00226795310879319	48161-48175
0.103078353175426	0.356518018055804	48161-48176
0.0374270750630901	0.106139687853366	48161-48177
-0.0668250059117195	0.192740789243752	48161-48178
-0.504448427401061	2.4463817455666	48161-48179
-0.434454743516247	1.77030037357408	48161-48180
-0.83521580858755	2.90738741525975	48161-48181
-0.256309291457846	0.556948779000265	48161-48182
-0.741060619117353	1.34044713943185	48161-48183
-2.15168291764726	2.78084586198055	48161-48184
-1.91246162859376	2.16531380034207	48161-48185
-1.38400252796207	1.17610408700245	48161-48186
-2.54829090692214	1.60235456614442	48161-48187
-1.60339700098883	1.32740408460471	48161-48188
-1.95375331732879	0.969691751163889	48161-48189
-1.54393804398451	0.905975471502025	48161-48190
-0.298032701331051	0.149714193398761	48161-48191
0.00670230799183369	0.0020909585582277	48161-48192
-1.52859288692925	1.21175878476583	48161-48193
-2.76219729119782	1.81399545358502	48161-48194
-1.09409982696589	0.762546686092234	48161-48195
-2.23485896467567	1.22583383105252	48161-48196
-0.785937307969655	0.411278661468429	48161-48197
-0.337397296431675	0.13326805336338	48161-48198
-0.651683063647302	0.466900630894603	48161-48199
-0.388133373411858	7.5551248030255	48162-48162
-0.0864321373313548	0.686350045977826	48162-48163
-0.188734480115089	1.97393776513393	48162-48164
0.0713966925412212	0.472012276835972	48162-48165
-0.595124914270098	6.04412484990182	48162-48166
0.179505828174281	1.61521114235469	48162-48167
0.414432549855417	5.20905666803721	48162-48168
0.232027558024434	2.01794445853478	48162-48169
0.365812495362965	3.51004554793459	48162-48170
0.136600561330212	0.731951693474321	48162-48171
-0.611166281661615	5.5019755801925	48162-48172
-0.501399387313849	4.20945091273136	48162-48173
-0.365830048389887	2.4604403189802	48162-48174
-0.263258943994441	1.25754061107089	48162-48175
-0.106123165970322	0.349241357050684	48162-48176
-0.294948057323377	1.26825643197361	48162-48177
-0.503155163549864	3.18507925170791	48162-48178
-0.767807880025255	4.43082575751913	48162-48179
-0.701635839582025	3.06696705301548	48162-48180
-1.08135197904462	4.9804049372122	48162-48181
-0.708177551461226	2.69897012282936	48162-48182
-1.21207612697096	2.74847469821427	48162-48183
-0.785810721772026	0.848411310414816	48162-48184
-1.3756242955637	1.60335933583096	48162-48185
-1.15714646202853	0.836914476067032	48162-48186
-0.543221095571018	0.357728680201656	48162-48187
-3.11998654074415	2.5840672328135	48162-48188
-2.98506942901384	2.38100651817267	48162-48189
-2.55571861883916	1.59224140036275	48162-48190
-0.641886208824585	0.295958892731449	48162-48191
0.113681226415897	0.0476435847324805	48162-48192
-2.54249908645027	1.60641645483675	48162-48193
-0.456058747247695	0.233749266231955	48162-48194
-1.15062252552718	0.727874189067937	48162-48195
-1.51742662538146	0.833247485823937	48162-48196
-0.994866698705959	0.46833593807398	48162-48197
0.305118788871476	0.178744886999338	48162-48198
-1.06873649398592	1.03033499513079	48162-48199
-0.493592019129045	10.1840391791442	48163-48163
-0.115599936522323	1.07387162654921	48163-48164
-0.0401801570673273	0.223402802580814	48163-48165
-0.436528897203834	3.74159197937697	48163-48166
0.0800746632764525	0.459190104725645	48163-48167
0.248904327573354	2.09587602390842	48163-48168
-0.161493730493381	0.989811308054945	48163-48169
0.225844802691141	1.46203823128167	48163-48170
-0.0459068975150863	0.153179408650209	48163-48171
-0.803832705730498	7.38407441251316	48163-48172
-0.723536127197332	6.16006401768044	48163-48173
-0.341909587610937	1.91444103775728	48163-48174
-0.369752615403481	1.68141123373897	48163-48175
-0.357740771290693	1.50221527011786	48163-48176
-0.170858813207635	0.493558043818445	48163-48177
-0.409788562032469	1.88100095910218	48163-48178
-0.870965105462415	4.77574581851018	48163-48179
-0.93719998350106	4.62778511745452	48163-48180
-0.848219891792404	2.91236067518639	48163-48181
-0.631834971170374	1.76446874487623	48163-48182
-0.926496847974575	2.13833572019903	48163-48183
-1.50910687252492	1.97819802575429	48163-48184
-0.313135193938228	0.205831279071341	48163-48185
-1.01113645077001	0.792715316867441	48163-48186
-1.02755679452082	0.812977687812634	48163-48187
-0.426387444020521	0.20499263437198	48163-48188
-1.43955468673529	0.763284952465679	48163-48189
-0.693766197302275	0.396925303308305	48163-48190
-0.848851988404706	0.371320549273735	48163-48191
-0.902850963618319	0.564827551673553	48163-48192
-2.44866785292425	1.47147211682229	48163-48193
-1.65662661899282	1.06254603344398	48163-48194
-1.43499543262361	0.945522491993344	48163-48195
-0.35915124603896	0.151639153069477	48163-48196
-0.686381740027676	0.278133513508217	48163-48197
-0.688855388139779	0.409618197201529	48163-48198
-2.2672252237562	2.03642540833685	48163-48199
-0.460430018640604	9.86370166143691	48164-48164
-0.0955291435229478	0.811847078480116	48164-48165
-0.528100729441189	6.26441166631276	48164-48166
-0.116342032650926	0.860709873664783	48164-48167
0.0584281571321349	0.30089271240671	48164-48168
-0.452828122262783	5.93384569753029	48164-48169
-0.273378994880562	2.28412453641793	48164-48170
-0.346168267088061	2.68533125563441	48164-48171
-0.919416744196235	10.1577011429322	48164-48172
-0.808214439841097	8.59795057702625	48164-48173
-0.753136639738986	7.4302115525286	48164-48174
-0.852357701872123	6.89119706091852	48164-48175
-0.417423349362583	2.32109685317129	48164-48176
-0.415903813448859	2.03962365441777	48164-48177
-0.683424911928766	4.87440149763361	48164-48178
-1.21712372221592	9.9970666026954	48164-48179
-0.735620138116483	3.69567887975504	48164-48180
-1.31536949443623	7.0808591559461	48164-48181
-1.08808071953029	5.04587236916363	48164-48182
-1.06916073455871	3.16445196356789	48164-48183
-0.396185624629144	0.47386478075656	48164-48184
-1.07194019096708	1.48368444534057	48164-48185
-0.404468319854714	0.346577829924142	48164-48186
-0.45259070736853	0.228305830815826	48164-48187
-0.777277461032898	0.624372179159602	48164-48188
-0.971281395574068	0.838841941947708	48164-48189
-0.287718430285933	0.134242544902888	48164-48190
-0.917299159523051	0.528387572556033	48164-48191
-0.446913204212518	0.319694074578982	48164-48192
-1.15608076326164	0.715427794631164	48164-48193
-0.912496770344922	0.765850729538332	48164-48194
-0.532507758724165	0.306054430988169	48164-48195
0.158770309980143	0.065756664129281	48164-48196
-0.587524025893199	0.321863951768933	48164-48197
-5.22870187120034	3.85344786909442	48164-48198
0.0484923523361469	0.0271209513609588	48164-48199
-0.622650984489757	13.7957103177986	48165-48165
-0.858171691530616	14.1468352218058	48165-48166
-0.317824518401358	4.57550646291639	48165-48167
-0.161475253891222	1.33956426540356	48165-48168
-0.692575901515122	11.7680914875893	48165-48169
-0.317392499221706	2.95201430023804	48165-48170
-0.657566649593994	7.66468197200687	48165-48171
-1.33737927796534	15.869068254004	48165-48172
-1.21644799753862	14.6364792090389	48165-48173
-0.902599448558998	9.95289004477115	48165-48174
-1.00935838408096	9.19246570750226	48165-48175
-0.707559255434834	5.21061526517302	48165-48176
-0.818487934854606	6.04726322371231	48165-48177
-0.878194815622303	6.72076023539627	48165-48178
-1.3470527277227	10.8484764458621	48165-48179
-1.08360592064978	5.91177448464942	48165-48180
-1.18084373431197	6.40976015543105	48165-48181
-0.862250023297377	3.27608058003886	48165-48182
-1.44791139369434	5.16549695526883	48165-48183
-0.980426388457253	1.33104086636705	48165-48184
-1.34257419561135	1.4119816582346	48165-48185
-0.521946441197824	0.343294771391711	48165-48186
-0.272647385612217	0.145870437270045	48165-48187
-1.95636162600201	1.47020413735714	48165-48188
-1.15512385669238	0.757849385428712	48165-48189
0.511654676089478	0.309362733320165	48165-48190
-4.26109874152645	1.7216259074028	48165-48191
-1.2697591710568	0.669720534075227	48165-48192
0.0455922599212516	0.0290918210076833	48165-48193
-2.38135654106331	2.22785108664354	48165-48194
-0.0673793583622581	0.0326678373626497	48165-48195
0.651045229267378	0.351537818593339	48165-48196
-0.532784555062389	0.294389433712526	48165-48197
-1.27668438042632	0.848650401959753	48165-48198
-1.80203022875679	1.92113321755201	48165-48199
-1.6697851652213	27.1762461282784	48166-48166
-0.60895346138	10.4546089217596	48166-48167
-0.496852612385119	5.27315646877312	48166-48168
-1.21206971319977	15.9985591555857	48166-48169
-0.980123756172754	8.98125477028564	48166-48170
-1.18858652152569	8.83038072231679	48166-48171
-1.73951497385477	12.8563700631578	48166-48172
-1.76619644227013	11.5267439232447	48166-48173
-1.29658328389007	8.16634251712062	48166-48174
-1.10942442123208	4.56624881175929	48166-48175
-1.02999600342974	3.81828566944098	48166-48176
-0.526563275259025	1.36323587685976	48166-48177
-0.92706406649939	3.27577187156093	48166-48178
-0.976799134456677	2.73691181694744	48166-48179
-0.949449055295797	1.96448425171123	48166-48180
-0.816922627282175	1.55884188081944	48166-48181
-0.237078674474823	0.261837338235736	48166-48182
-1.06295721030041	1.13974322127227	48166-48183
-2.99547649894469	2.48231972346565	48166-48184
-2.08143939160645	1.07810225334165	48166-48185
-1.82687320850065	0.840495073723397	48166-48186
-2.70662069556785	0.776792816642238	48166-48187
-0.755517829538853	0.225025580925966	48166-48188
1.66869662627057	0.723209109575154	48166-48189
-1.92693535575958	0.501833177367217	48166-48190
0.634799516798071	0.258974672370795	48166-48191
-2.37050254856114	0.647341208875035	48166-48192
-2.97754145829741	0.906986617282364	48166-48193
-0.835473923153538	0.358916274544644	48166-48194
-0.685175778956121	0.281802123493972	48166-48195
-0.491226185383018	0.130768738371263	48166-48196
-3.41070869163368	1.08400108680748	48166-48197
-0.486610312448528	0.130094363823433	48166-48198
-0.79536563385682	0.422778345432084	48166-48199
-0.564433176507374	13.001057397416	48167-48167
-0.27095354341492	3.8502935855925	48167-48168
-0.965227803012349	20.0837721401332	48167-48169
-0.638916940436638	10.5123982404149	48167-48170
-0.894282022022301	13.8324008919407	48167-48171
-1.38524219341684	20.0499841409007	48167-48172
-1.2559302470198	18.1455377775265	48167-48173
-0.954840829500927	13.2666109873178	48167-48174
-1.13041925895534	14.049371524006	48167-48175
-1.00904783172719	10.7788950134497	48167-48176
-0.875955231409219	8.39944698716325	48167-48177
-0.74253076494232	7.28979870449746	48167-48178
-0.920147845860907	8.18253339285661	48167-48179
-0.916173758885833	5.93748685872245	48167-48180
-1.59035543202547	10.5824293240932	48167-48181
-0.994446984465197	5.54397178103441	48167-48182
-0.959577326815973	3.66100358528641	48167-48183
-1.67940664675868	3.42239480399488	48167-48184
-1.2519778037309	1.58079201948855	48167-48185
-1.10243714131654	1.44071322830361	48167-48186
-1.02476614736438	0.98921874787003	48167-48187
-1.93236291342143	2.25710983420362	48167-48188
-1.86401915981515	1.3184319193331	48167-48189
-0.532245464442206	0.300030760873517	48167-48190
-2.4560959621357	1.55297754100134	48167-48191
-1.75277804437432	1.58630786846797	48167-48192
-1.07999209989397	0.917719411253702	48167-48193
-1.02253061624936	0.962516461797586	48167-48194
-1.54415868373507	1.27505684103612	48167-48195
-0.644915143465753	0.305375222690963	48167-48196
-0.311707371685493	0.173747488768035	48167-48197
-1.35548891933956	1.12108685296483	48167-48198
-0.906537912335199	0.763637881607746	48167-48199
-0.767683052209448	18.4496008349469	48168-48168
-0.599657822306889	11.5488512975429	48168-48169
-0.463713074621546	7.18829241542911	48168-48170
-0.756054693380406	12.4888347754726	48168-48171
-1.11953077277249	16.1380990873786	48168-48172
-0.980708177707488	13.7729284788918	48168-48173
-0.770683802675063	10.4038799616331	48168-48174
-0.877983193349116	10.1912976708861	48168-48175
-0.552786077493291	5.16513326556199	48168-48176
-0.556604272649236	4.81860688363947	48168-48177
-0.612807688144207	5.48161459794665	48168-48178
-0.97075323416658	9.07085331740074	48168-48179
-0.849709333501669	6.58933258852812	48168-48180
-1.07349691129566	6.39277216650804	48168-48181
-1.10921962361976	6.49487969631942	48168-48182
-0.843420621913699	2.74631356313694	48168-48183
-0.5897035491612	0.647766977926781	48168-48184
-2.12190903744322	3.13981359914191	48168-48185
-1.2735531680795	1.23900394440057	48168-48186
-1.07254079492544	1.02121477988275	48168-48187
-1.14400575903299	1.06968471706081	48168-48188
-2.46188363139027	2.32618046631957	48168-48189
-2.03484949436183	1.5986211170689	48168-48190
-0.724965684891686	0.526769493444392	48168-48191
-1.6501556097982	1.07746139905116	48168-48192
-0.795431484602789	0.534200775114586	48168-48193
-2.6023661926551	1.46160032236712	48168-48194
-1.99325788578381	2.04619806743953	48168-48195
-0.446417805985666	0.211622013276923	48168-48196
-1.03646786652058	0.619550512684346	48168-48197
-1.54513399963147	0.915928359553949	48168-48198
-0.756684610905937	0.733790422178858	48168-48199
-0.649109166788342	15.4851858750124	48169-48169
-0.432952862716941	8.1638489933152	48169-48170
-0.698012022578386	13.4951931306832	48169-48171
-0.949456635264425	15.9000624486018	48169-48172
-0.793393242587384	12.4201961060699	48169-48173
-0.589676144421635	8.27578527765738	48169-48174
-0.660896478653437	9.21716898353429	48169-48175
-0.454031330409561	4.53768629030639	48169-48176
-0.345282952092668	2.88495180254563	48169-48177
-0.545174290379846	6.23667012272847	48169-48178
-0.791699614900167	8.83496012275585	48169-48179
-0.742753255852182	6.56111703395502	48169-48180
-1.10577378630679	8.30737307730113	48169-48181
-1.00694772591566	6.66778769376223	48169-48182
-1.2057974091056	3.86302610486578	48169-48183
-1.1033556651286	1.8108798124672	48169-48184
-2.13311826730616	3.91172561103014	48169-48185
-1.43594476563775	1.92442249878861	48169-48186
-1.21019922844757	1.08686528592861	48169-48187
-1.1455343155059	0.946538360940199	48169-48188
-1.25576935541647	0.871990201236325	48169-48189
-2.74300588009662	1.93836488294042	48169-48190
-0.0635617640123881	0.0260758252134447	48169-48191
-0.401270158188312	0.203010791522705	48169-48192
-1.3824259482249	1.38265835126062	48169-48193
-1.52502122158013	0.900248549996947	48169-48194
-0.664086464672759	0.318853478507467	48169-48195
-1.89029674499163	1.32919007040066	48169-48196
-0.999694350983528	0.464213948997709	48169-48197
-0.915547691187278	0.515326640469501	48169-48198
-1.12335415336551	1.19831904578582	48169-48199
-0.727849752304295	17.3697637536896	48170-48170
-0.594177311164539	12.6910877193853	48170-48171
-0.891775691102828	15.6634374932819	48170-48172
-0.69858948364247	11.9474895948767	48170-48173
-0.384709563466841	5.18511739266867	48170-48174
-0.451865095938031	5.76527463570448	48170-48175
-0.290053499382159	2.64245474980967	48170-48176
-0.178558345307057	1.22737728538414	48170-48177
-0.170109175197202	1.10260428532861	48170-48178
-0.547905167426705	5.50615652963038	48170-48179
-0.741411011312564	7.74379208940029	48170-48180
-0.778169164496706	5.89071594360535	48170-48181
-0.705940051094638	5.14765315001725	48170-48182
-1.34090337461766	7.01462645172749	48170-48183
-1.55420556037059	3.07492337012572	48170-48184
-2.00183181423963	4.48196171844264	48170-48185
-1.8722029629597	2.50625158520958	48170-48186
-2.03990876340367	2.33204385029367	48170-48187
-0.562156105319425	0.455327639790358	48170-48188
-1.80446127596324	1.56338559194847	48170-48189
-1.22501062093551	0.867352602900853	48170-48190
-5.30155447243692	3.85238905451648	48170-48191
-1.2507040373757	1.01744181876466	48170-48192
-0.610095253290697	0.361482621644083	48170-48193
-3.25824223329036	2.86702974758941	48170-48194
-1.42549900992878	1.45200353652775	48170-48195
-1.14699539025862	0.575054301192902	48170-48196
-1.18382590834149	0.748114785200726	48170-48197
-1.48111865849913	1.02884263485946	48170-48198
-3.66669184950742	3.8991647036913	48170-48199
-0.882925132277908	21.75946300685	48171-48171
-0.668410187769654	12.8981570919495	48171-48172
-0.322548418705836	4.74636984327944	48171-48173
-0.101836072656526	0.831054445854203	48171-48174
-0.246662336614173	2.78132613042281	48171-48175
-0.132923944119016	0.940230470599117	48171-48176
-0.00927226802766174	0.0409629233897403	48171-48177
-0.0635777339724863	0.33834880390861	48171-48178
-0.253417786680205	2.10907223795947	48171-48179
-0.372377364170037	2.89824979575771	48171-48180
-0.590498905842262	4.34126583057792	48171-48181
-0.127901697402347	0.363502669051734	48171-48182
-0.625383938980168	2.38076764425168	48171-48183
-1.38816442664202	3.83967087980751	48171-48184
-1.86911156681874	4.33521394635027	48171-48185
-2.16177578786868	3.83668596885316	48171-48186
-1.32697104757026	1.52624836183138	48171-48187
-0.911253058511721	0.813557888114872	48171-48188
-1.54707494577954	1.84733488602859	48171-48189
-0.920190035138013	0.733346739673815	48171-48190
-0.780734937602554	0.579303251665793	48171-48191
-3.2881357575312	2.75077824958424	48171-48192
-2.33924872029481	1.38323795121006	48171-48193
-1.22164657264616	1.06400380959162	48171-48194
-1.51664206020522	1.7651049719504	48171-48195
-1.31784238241237	1.10921358431473	48171-48196
-0.615094829506676	0.409725890866153	48171-48197
-0.710998106164447	0.450336432167766	48171-48198
-1.61947394881662	1.88770776204912	48171-48199
-0.422791534132627	8.55180806124125	48172-48172
-0.0957703342550041	0.830141147419557	48172-48173
-0.273410900857062	3.6544228302036	48172-48174
-0.508996142129431	7.82743517808903	48172-48175
-0.466813689521711	6.07644739006338	48172-48176
-0.449132370878091	5.76054789531875	48172-48177
-0.414745248333886	5.11700748047013	48172-48178
-0.627825648629259	7.37774929100952	48172-48179
-0.710806762682855	7.84617806281248	48172-48180
-0.989125542733389	9.04957736397835	48172-48181
-0.615591761150764	4.07122436276195	48172-48182
-0.791264749943939	3.53598900436866	48172-48183
-1.9019280797276	6.12120017867815	48172-48184
-1.73725027974891	4.28873294031888	48172-48185
-1.3053432811025	2.02359022687372	48172-48186
-0.903027552391471	0.839229860804945	48172-48187
-1.84136283822059	2.3986942954467	48172-48188
-2.36682034441856	2.07779080910132	48172-48189
-0.708527975240256	0.532955818854411	48172-48190
-1.41914257812562	1.44021704759418	48172-48191
-1.96115816884692	1.41669904597917	48172-48192
-1.44759625156194	1.42773337049958	48172-48193
-1.3891153037624	1.31148175031511	48172-48194
-0.984377546317388	0.967019138653825	48172-48195
0.0324736851323063	0.0150396265642431	48172-48196
-0.148223493581322	0.0948901383964154	48172-48197
-0.183075138642074	0.0956798998971749	48172-48198
-0.62174754927976	0.733890601895224	48172-48199
-0.587546368837435	13.8156923197922	48173-48173
-0.355932236370648	6.05663162106268	48173-48174
-0.595584957120721	9.5924017212539	48173-48175
-0.644922434170029	10.1311302803988	48173-48176
-0.528431769954756	7.58641383873535	48173-48177
-0.583779753811895	8.69583545138341	48173-48178
-0.730695034561644	9.54544494115236	48173-48179
-0.752361195454306	8.72878452612932	48173-48180
-1.09178973258482	10.423694680993	48173-48181
-0.513384831087437	2.84567216438409	48173-48182
-1.05907580289463	6.33622096128947	48173-48183
-1.22349113290946	3.3418033428034	48173-48184
-2.43214937882398	5.67708272958851	48173-48185
-1.2816624177923	1.66625977135075	48173-48186
-1.34578850693666	1.78452540146323	48173-48187
-1.48541682681452	2.0681600344663	48173-48188
-1.48295836537435	1.56907968716251	48173-48189
-2.55080159013057	1.69777620878652	48173-48190
-1.05292507400456	0.619143842291698	48173-48191
-0.823959115961275	0.511465044454013	48173-48192
-2.58389841620493	3.25615079334977	48173-48193
-1.52729950399095	1.58949400637935	48173-48194
-0.61999716507968	0.458286290766385	48173-48195
-0.308813448989469	0.14358011037822	48173-48196
-0.707414871644996	0.500636020427087	48173-48197
-1.54212871242412	1.6656688510879	48173-48198
-0.897200453147617	1.07005929800383	48173-48199
-0.5858293049068	13.7500691858744	48174-48174
-0.573790195199812	11.7135496851935	48174-48175
-0.464883503559719	7.43950857866937	48174-48176
-0.295857696958616	3.78960892235186	48174-48177
-0.218790584246551	2.24056202579894	48174-48178
-0.395890494512866	4.8096510596208	48174-48179
-0.476029623759262	5.23904575702699	48174-48180
-0.508328596568753	3.9273896320411	48174-48181
-0.259667955441184	1.01519361603258	48174-48182
-0.704277650947517	3.37115277853635	48174-48183
-1.43534163871962	4.53598761514444	48174-48184
-1.95135159932295	4.65250721339573	48174-48185
-1.71244223261146	3.15035298130658	48174-48186
-1.97015169025464	2.78727237901291	48174-48187
-1.37129817007795	1.58661712912932	48174-48188
-3.31265249798319	3.01237399603289	48174-48189
-0.703523001249014	0.54431491995921	48174-48190
-1.67555010804209	1.67619235206695	48174-48191
-0.230227649676357	0.139887318768486	48174-48192
-0.592578103956035	0.511937144110785	48174-48193
-2.46054664074427	2.8305512631944	48174-48194
-1.42715228882144	1.53822996716716	48174-48195
-0.241753903643866	0.160622687518461	48174-48196
-1.99472706498991	1.97912532936297	48174-48197
-1.69791781821474	2.13618945981514	48174-48198
-0.149297179640342	0.144472018566335	48174-48199
-0.794737537233252	19.5201656386418	48175-48175
-0.246803803487996	3.27010933487075	48175-48176
-0.197726849864407	2.2608600491207	48175-48177
-0.307106235916435	4.2230654650733	48175-48178
-0.355819024802411	4.4703118061015	48175-48179
-0.568016109547596	7.34041797420018	48175-48180
-0.464894553790841	3.9113083679215	48175-48181
0.040767489700077	0.142202689960593	48175-48182
-0.335145318510563	1.30078276107037	48175-48183
-1.77221268534733	7.21547877252419	48175-48184
-1.61510120168913	6.29975415362001	48175-48185
-2.16671053492029	4.19128743009003	48175-48186
-1.21724067872082	1.62410834474455	48175-48187
-0.854273253202493	1.13457734870822	48175-48188
-2.08727879465774	3.49292620339896	48175-48189
-0.320775644953992	0.246467983198578	48175-48190
-1.79935615699978	2.34499928629545	48175-48191
-1.69169215230739	1.70139590611033	48175-48192
-1.97416982581314	2.80276370068411	48175-48193
-2.43699930876396	3.56926929855725	48175-48194
-0.890581071919836	1.04073885236927	48175-48195
-0.922835899982048	0.683046446631816	48175-48196
-0.480055190138769	0.381255970824684	48175-48197
-0.532244836042374	0.504716344706788	48175-48198
-0.853247303704506	1.07420654687294	48175-48199
-0.607174668427703	13.9145752271453	48176-48176
-0.408921083936624	7.59910956277839	48176-48177
-0.538573614397562	9.95014723414636	48176-48178
-0.689245161849433	12.7494948853394	48176-48179
-0.777289153230696	12.1865740018038	48176-48180
-0.910310291286068	11.7962211183679	48176-48181
-0.661283678058952	6.7221063009696	48176-48182
-1.02340008831912	7.56856739225527	48176-48183
-2.15098681261158	11.2072157742359	48176-48184
-2.4027917588255	8.21267681796564	48176-48185
-1.74547578632566	4.31243003547181	48176-48186
-1.69706798846868	2.5707715221843	48176-48187
-2.69845709425831	4.81085053487677	48176-48188
-2.12226546225957	2.91919432400209	48176-48189
-1.5823363658094	2.08602153389037	48176-48190
-1.58113494377517	1.59728098761138	48176-48191
-1.20142470305223	1.03963104918641	48176-48192
-0.748093110457927	0.981694017123092	48176-48193
-1.53859576998194	2.62006118319567	48176-48194
-0.995453090516201	0.931484084075561	48176-48195
-1.47422733250006	1.74799672576516	48176-48196
-0.886106897256248	0.925317658288112	48176-48197
-0.593841490287493	0.561487019348626	48176-48198
-1.09451605030914	2.30081818105734	48176-48199
-0.804702891345238	19.639154866741	48177-48177
-0.546263074270768	11.2628743132758	48177-48178
-0.618961935008914	11.184539974989	48177-48179
-0.743505612765673	12.0880492907663	48177-48180
-0.933932585043384	12.2402915080716	48177-48181
-0.735731618561254	8.05430687078072	48177-48182
-1.09836476723323	8.57016607744396	48177-48183
-1.8993030770301	9.78929930033028	48177-48184
-2.59686458115169	9.21908040494167	48177-48185
-2.49023533265773	6.74324859193759	48177-48186
-1.32136383768377	1.80074423208549	48177-48187
-1.9329917753769	3.51450417073222	48177-48188
-1.03443601841626	1.54356451421421	48177-48189
-0.755098479569757	0.802831585820575	48177-48190
-0.87944361138728	0.960096262607552	48177-48191
-2.7994908530291	4.1127749920114	48177-48192
-1.26488741528568	2.25227527018138	48177-48193
-1.71174321381782	2.34377769492666	48177-48194
-2.34811691452288	2.69009212398937	48177-48195
-0.0269707522039818	0.0182546258010518	48177-48196
0.724547604368577	0.719818386478659	48177-48197
-0.929355364243853	1.11920160795227	48177-48198
-1.05074826308748	1.57875243954204	48177-48199
-0.672318602524619	15.8062030304176	48178-48178
-0.542202879020474	10.8044445902915	48178-48179
-0.587255955752299	9.5344547455588	48178-48180
-0.938287007896761	14.7759277391975	48178-48181
-0.79287757711049	11.0783115116118	48178-48182
-1.25101747144679	14.0181174000337	48178-48183
-2.12938243128576	14.2766718648466	48178-48184
-2.70435588146225	14.020115501802	48178-48185
-2.27864870002143	7.52809409889997	48178-48186
-1.93130270177468	5.19397890452699	48178-48187
-2.39332738514641	6.73438724468948	48178-48188
-1.48137848436092	2.6541354939117	48178-48189
-0.697305687582502	0.84840166051133	48178-48190
-0.575003824604617	0.670903544842305	48178-48191
-0.887102031914067	1.12524238872609	48178-48192
-1.91826460384999	4.52831169765354	48178-48193
-1.53595628874208	3.06779033316139	48178-48194
-1.401974066991	2.84794737265681	48178-48195
-0.590691949238717	0.491636205031259	48178-48196
-0.853330733098958	1.06127557523062	48178-48197
-0.981095858213223	1.34710042397114	48178-48198
-0.479067984441741	0.841252488274384	48178-48199
-0.73293726861654	18.5897372301711	48179-48179
-0.548805660294856	11.4860463651051	48179-48180
-0.791805294239419	13.7472081180182	48179-48181
-0.839564542234951	13.5036542702843	48179-48182
-0.962285543038615	12.8835135934066	48179-48183
-1.98555230854012	17.8457253392186	48179-48184
-2.32684626091218	17.7537127653247	48179-48185
-2.48159245757271	14.4233019767236	48179-48186
-2.13125600185907	8.8176536876305	48179-48187
-2.50183428780668	11.0050363349572	48179-48188
-2.08712218367161	7.52224822706363	48179-48189
-1.18103262621731	2.45889627545119	48179-48190
-1.49251795847728	4.18013334240594	48179-48191
-1.37712371242666	3.756714779948	48179-48192
-1.48669736034301	4.59091125893193	48179-48193
-1.68914076652755	5.20731663387599	48179-48194
-2.03930964307881	6.00329083942509	48179-48195
-0.462821667049477	0.632814026962184	48179-48196
-0.790690783535528	1.5309553966687	48179-48197
-0.853927220608161	1.85052064697453	48179-48198
-1.15716043438815	4.63414368235598	48179-48199
-0.791588264128472	19.7624824649574	48180-48180
-0.591323575713422	12.4309202373579	48180-48181
-0.852645793289269	18.642283543507	48180-48182
-1.10427846970049	20.0861843990724	48180-48183
-1.69250674494294	20.1152542774963	48180-48184
-2.05300597096829	21.4686979915339	48180-48185
-2.05528704053142	17.4250618992154	48180-48186
-2.05557589138158	14.4690288200338	48180-48187
-2.3931484947271	15.1907876039693	48180-48188
-1.65671120899566	10.4453935370692	48180-48189
-1.10371840094224	4.37154274674845	48180-48190
-1.30408859752496	5.48811339086806	48180-48191
-1.60049759668291	8.1779064024962	48180-48192
-1.87028526973451	10.041058300684	48180-48193
-1.91950528107751	10.455154554923	48180-48194
-1.5043201168062	7.57344737353201	48180-48195
-1.29401916083631	4.32116889941292	48180-48196
-0.652678899547017	1.7220553401972	48180-48197
-0.755402022879297	2.30688178944726	48180-48198
-0.984696047229027	5.56507532603897	48180-48199
-0.781179276852246	19.8236357683156	48181-48181
-0.513118472250252	11.2137705125775	48181-48182
-0.54281129395698	9.50976319703454	48181-48183
-1.08139313992432	16.3377255761524	48181-48184
-1.40521171684371	17.6907062679956	48181-48185
-1.25815792941024	13.5041268059853	48181-48186
-1.50173938473057	13.1427401466283	48181-48187
-1.86621166648734	17.08307696318	48181-48188
-1.34797358447564	10.4977026832177	48181-48189
-1.10186216939156	6.08593830902736	48181-48190
-1.17579538954897	6.96030018018385	48181-48191
-1.29826278507515	8.39879978987583	48181-48192
-1.35249436561991	8.69984306735498	48181-48193
-1.19556140406499	8.26998191715266	48181-48194
-0.94778159409396	5.66274238195104	48181-48195
-0.535967556433776	1.7286406995973	48181-48196
-0.365291626440818	1.11224773351175	48181-48197
-0.496298851913452	1.87502127121653	48181-48198
-0.32345813649827	1.3832789808595	48181-48199
-0.620234380497142	14.6766428017058	48182-48182
-0.521501621245867	9.98695388330806	48182-48183
-1.29061508361378	21.4494090948041	48182-48184
-1.54947303427144	22.7026162383743	48182-48185
-1.48891522652768	17.3403280598186	48182-48186
-1.87624235265561	18.9822571935621	48182-48187
-2.14219682124376	21.4609804095245	48182-48188
-1.67869602676917	14.8916203253316	48182-48189
-1.51413974516077	11.2205292472986	48182-48190
-1.65518537582552	12.315123213689	48182-48191
-1.90982327757003	15.8828616007816	48182-48192
-1.90953089521	15.5928068829466	48182-48193
-1.64459221593733	14.6225563961765	48182-48194
-1.21800840698528	7.97994345384791	48182-48195
-1.16337378070539	6.14455789491548	48182-48196
-1.14085375160825	6.72447923109715	48182-48197
-0.816649894139714	4.62095203391975	48182-48198
-0.71089057582536	5.13897187451956	48182-48199
-0.859665473664379	20.8825785469188	48183-48183
-0.829899591262153	16.9052615911197	48183-48184
-1.18042270505575	20.7815400633023	48183-48185
-1.40279431325022	21.0955426164245	48183-48186
-1.47520603692167	20.1236239203492	48183-48187
-1.7758030378158	23.7175769445038	48183-48188
-1.95445200936132	22.5435268870118	48183-48189
-1.31206530848829	12.8312265910271	48183-48190
-1.51872175570432	16.6176992346683	48183-48191
-1.89489516503797	21.218610416882	48183-48192
-1.48256269561725	16.0623210914862	48183-48193
-1.4313244344392	15.839958791832	48183-48194
-1.52240566478348	14.0676387301144	48183-48195
-1.04860808871055	7.55843112719694	48183-48196
-0.916342583591037	7.73579326923408	48183-48197
-0.995525151086849	8.60442290011457	48183-48198
-0.699591150689177	6.46772719112196	48183-48199
-1.00566683038013	21.5559228447976	48184-48184
-0.808665662035261	15.4849476293718	48184-48185
-0.971402852235524	14.7412716211334	48184-48186
-1.24038729154725	16.7798077975748	48184-48187
-1.3754872256185	17.8270997361111	48184-48188
-1.45821193454833	17.8146026609049	48184-48189
-1.14542390115752	11.8313202190386	48184-48190
-1.20662377281583	13.1649881692897	48184-48191
-1.28922773529443	12.9405580614167	48184-48192
-0.986523590049218	10.178404336103	48184-48193
-1.37103501095348	15.6258321076515	48184-48194
-1.29885413886154	12.2594681594189	48184-48195
-0.853279734851064	6.10497549732067	48184-48196
-1.16530860647459	10.9133527267266	48184-48197
-0.511330278221788	3.30965700261852	48184-48198
-0.812157375870647	8.23711166525637	48184-48199
-0.990431194640117	21.2649356805881	48185-48185
-0.744111683427584	12.865910781345	48185-48186
-0.973141493515076	15.2175157826072	48185-48187
-1.05028153564288	14.6534497069825	48185-48188
-1.02564601356387	12.653469984002	48185-48189
-1.27200353077388	15.6580986258015	48185-48190
-1.07092899848138	12.9697581854076	48185-48191
-1.21703773705228	14.5691499539661	48185-48192
-1.09207208444254	13.6875980452682	48185-48193
-1.21713397692551	15.132083337509	48185-48194
-1.11338947797881	11.8260447342564	48185-48195
-1.06650993733138	9.41939024294398	48185-48196
-1.081766229258	11.2695600296753	48185-48197
-0.890434139861082	8.4597084248953	48185-48198
-0.807622896750094	9.04265318497518	48185-48199
-1.01961531029196	21.0978598039701	48186-48186
-0.848287245997577	15.4011587983667	48186-48187
-0.907939020737683	13.3909852210289	48186-48188
-0.76401406637919	9.18334606856256	48186-48189
-0.886792760141439	9.52365702831028	48186-48190
-1.07404068914431	13.62540016982	48186-48191
-0.991176716587666	10.7196294575427	48186-48192
-0.95250565187338	11.2108176518575	48186-48193
-0.918139849862632	9.97647601869908	48186-48194
-0.904397686870316	8.8700652741348	48186-48195
-0.874393725259305	7.80307948171536	48186-48196
-0.968055349610014	8.94690026311966	48186-48197
-0.887147297151279	7.83116174877606	48186-48198
-1.03398855858154	12.0051581501474	48186-48199
-0.986091222121593	19.1644948660992	48187-48187
-0.709484858487844	11.4617674992208	48187-48188
-0.758406270567525	10.4783015658125	48187-48189
-0.991660185674045	12.2942614697618	48187-48190
-0.787466543463161	8.74209499924852	48187-48191
-1.03850933790717	12.4119413184007	48187-48192
-0.921975174261964	10.6091863346014	48187-48193
-0.567595134383977	4.58258889556722	48187-48194
-0.924094350046924	8.91876133942571	48187-48195
-1.0006077602538	9.24134806876571	48187-48196
-1.05377375319309	9.90605399529762	48187-48197
-1.09423946460724	10.9081039214189	48187-48198
-1.14896798635425	13.4273374149295	48187-48199
-1.03380211530258	20.4883022673363	48188-48188
-0.756653446325229	12.4175898713625	48188-48189
-0.662049046717139	7.50630641442996	48188-48190
-0.761156497869158	8.76573048943241	48188-48191
-0.881360709231566	9.47366585836149	48188-48192
-0.650708097005211	6.68748513588053	48188-48193
-0.935014752985017	9.93038491838399	48188-48194
-0.949918649193311	9.12686944722291	48188-48195
-0.865358959057781	6.82038498207744	48188-48196
-1.10990481953706	10.4591280390134	48188-48197
-0.802392669250612	6.77834741514041	48188-48198
-1.13264945273939	12.4229627659849	48188-48199
-1.0430976969385	20.6899363102867	48189-48189
-0.774443961948616	12.467160790648	48189-48190
-0.737619162967096	9.8462260095233	48189-48191
-0.906003024212406	11.4930315389156	48189-48192
-0.790867595929315	9.51247664543873	48189-48193
-0.937951108825263	10.9999997650295	48189-48194
-0.870499120715998	8.18080963956973	48189-48195
-0.745985259712551	5.8423141470587	48189-48196
-1.02155536379549	9.86829423122569	48189-48197
-1.04682347986287	9.91587925275213	48189-48198
-1.14866344385001	12.9036051854229	48189-48199
-1.04190483234408	19.7388159048016	48190-48190
-0.812889072412451	13.7708859799487	48190-48191
-0.911796376633188	12.6911055797706	48190-48192
-0.755392762676762	9.23079091605549	48190-48193
-0.777493852831907	8.6144528299725	48190-48194
-0.903083586018709	8.50868162436547	48190-48195
-0.718133774486222	5.32397807969707	48190-48196
-0.93301236672808	8.77322577858117	48190-48197
-1.00004675102774	8.59150417607118	48190-48198
-1.09196938397115	11.4377737694297	48190-48199
-1.09051841635603	21.1898047446996	48191-48191
-0.780833684835855	13.3604970053783	48191-48192
-0.703912489664133	9.21646518058315	48191-48193
-0.607942652270429	6.68114908816649	48191-48194
-0.731875328207096	7.25989827616206	48191-48195
-0.841665549239943	8.03540008567848	48191-48196
-0.932789048511801	10.1973471366881	48191-48197
-1.10546874699805	11.2565550869199	48191-48198
-1.23790689505953	14.6806925907098	48191-48199
-0.808909023264152	14.8894005364902	48192-48192
-0.630612498183196	10.1069182291651	48192-48193
-0.474532532694425	4.86584409159598	48192-48194
-0.671385952452377	7.23509238955862	48192-48195
-0.649307859457346	5.87173008364469	48192-48196
-0.912151884519381	9.46364693823847	48192-48197
-1.04196715412264	11.1519887360815	48192-48198
-0.983818926968429	11.3552603119001	48192-48199
-0.846648822875175	16.3208264113552	48193-48193
-0.627888353466913	10.5255590357382	48193-48194
-0.799335020967764	10.8957993699856	48193-48195
-0.538101731542395	4.94627563681103	48193-48196
-0.720339922089936	7.79902158796977	48193-48197
-0.831522883888578	8.95420199791921	48193-48198
-1.20453647411357	16.3958596348791	48193-48199
-0.956356989455581	19.4802089798267	48194-48194
-0.647357607463458	10.4342891941567	48194-48195
-0.636617042172266	7.321745225476	48194-48196
-0.728914492049993	8.69109166654781	48194-48197
-0.893866752094844	9.92613802129633	48194-48198
-1.19378968335186	16.9479142406603	48194-48199
-0.978358883585089	18.2851257777911	48195-48195
-0.794650041034044	12.0288340106894	48195-48196
-0.831363519470484	10.9179212479111	48195-48197
-1.13129232512795	15.1053765919998	48195-48198
-1.31486126418862	19.0914981604291	48195-48199
-1.05846030861116	17.9425777857065	48196-48196
-0.865047791534888	14.4781221697557	48196-48197
-1.08872741283316	15.7043636306563	48196-48198
-1.18615391625402	17.15396107526	48196-48199
-1.07010515318783	21.9844486986375	48197-48197
-0.92417484888992	17.058912276255	48197-48198
-1.01279990172999	16.2301399071845	48197-48199
-1.10859475018871	21.5308500793006	48198-48198
-0.765289481447223	14.3960840648222	48198-48199
-0.892203297952591	19.4753650811705	48199-48199
