colour	fill	x	y	group
#BCBCBC	#E3C2BE	48091.6	0	1
#BCBCBC	#E3C2BE	48092	0.400000000001455	1
#BCBCBC	#E3C2BE	48092.4	0	1
#BCBCBC	#E3C2BE	48092	-0.400000000001455	1
#BCBCBC	#E3C2BE	48091.6	0	1
#A4A4A4	#E1BEB9	48092.1	0.5	2
#A4A4A4	#E1BEB9	48092.5	0.900000000001455	2
#A4A4A4	#E1BEB9	48092.9	0.5	2
#A4A4A4	#E1BEB9	48092.5	0.0999999999985448	2
#A4A4A4	#E1BEB9	48092.1	0.5	2
#B2B2B2	#E2C0BC	48092.6	1	3
#B2B2B2	#E2C0BC	48093	1.40000000000146	3
#B2B2B2	#E2C0BC	48093.4	1	3
#B2B2B2	#E2C0BC	48093	0.599999999998545	3
#B2B2B2	#E2C0BC	48092.6	1	3
#AAAAAA	#E0BCB7	48093.1	1.5	4
#AAAAAA	#E0BCB7	48093.5	1.90000000000146	4
#AAAAAA	#E0BCB7	48093.9	1.5	4
#AAAAAA	#E0BCB7	48093.5	1.09999999999854	4
#AAAAAA	#E0BCB7	48093.1	1.5	4
#E9E9E9	#EAD2CE	48093.6	2	5
#E9E9E9	#EAD2CE	48094	2.40000000000146	5
#E9E9E9	#EAD2CE	48094.4	2	5
#E9E9E9	#EAD2CE	48094	1.59999999999854	5
#E9E9E9	#EAD2CE	48093.6	2	5
#D5D5D5	#DDB6B2	48094.1	2.5	6
#D5D5D5	#DDB6B2	48094.5	2.90000000000146	6
#D5D5D5	#DDB6B2	48094.9	2.5	6
#D5D5D5	#DDB6B2	48094.5	2.09999999999854	6
#D5D5D5	#DDB6B2	48094.1	2.5	6
#F8F8F8	#F1E0DE	48094.6	3	7
#F8F8F8	#F1E0DE	48095	3.40000000000146	7
#F8F8F8	#F1E0DE	48095.4	3	7
#F8F8F8	#F1E0DE	48095	2.59999999999855	7
#F8F8F8	#F1E0DE	48094.6	3	7
#F0F0F0	#E3C2BE	48095.1	3.5	8
#F0F0F0	#E3C2BE	48095.5	3.90000000000146	8
#F0F0F0	#E3C2BE	48095.9	3.5	8
#F0F0F0	#E3C2BE	48095.5	3.09999999999855	8
#F0F0F0	#E3C2BE	48095.1	3.5	8
#FBFBFB	#F6EBEA	48095.6	4	9
#FBFBFB	#F6EBEA	48096	4.40000000000146	9
#FBFBFB	#F6EBEA	48096.4	4	9
#FBFBFB	#F6EBEA	48096	3.59999999999855	9
#FBFBFB	#F6EBEA	48095.6	4	9
#FFFFFF	#FFFFFF	48096.1	4.5	10
#FFFFFF	#FFFFFF	48096.5	4.90000000000146	10
#FFFFFF	#FFFFFF	48096.9	4.5	10
#FFFFFF	#FFFFFF	48096.5	4.09999999999855	10
#FFFFFF	#FFFFFF	48096.1	4.5	10
#FBFBFB	#E7E4F2	48096.6	5	11
#FBFBFB	#E7E4F2	48097	5.40000000000146	11
#FBFBFB	#E7E4F2	48097.4	5	11
#FBFBFB	#E7E4F2	48097	4.59999999999855	11
#FBFBFB	#E7E4F2	48096.6	5	11
#FEFEFE	#F2F0F8	48097.1	5.5	12
#FEFEFE	#F2F0F8	48097.5	5.90000000000146	12
#FEFEFE	#F2F0F8	48097.9	5.5	12
#FEFEFE	#F2F0F8	48097.5	5.09999999999855	12
#FEFEFE	#F2F0F8	48097.1	5.5	12
#FCFCFC	#F1EFF7	48097.6	6	13
#FCFCFC	#F1EFF7	48098	6.40000000000146	13
#FCFCFC	#F1EFF7	48098.4	6	13
#FCFCFC	#F1EFF7	48098	5.59999999999855	13
#FCFCFC	#F1EFF7	48097.6	6	13
#FDFDFD	#F2F0F8	48098.1	6.5	14
#FDFDFD	#F2F0F8	48098.5	6.90000000000146	14
#FDFDFD	#F2F0F8	48098.9	6.5	14
#FDFDFD	#F2F0F8	48098.5	6.09999999999855	14
#FDFDFD	#F2F0F8	48098.1	6.5	14
#FCFCFC	#ECD6D3	48098.6	7	15
#FCFCFC	#ECD6D3	48099	7.40000000000146	15
#FCFCFC	#ECD6D3	48099.4	7	15
#FCFCFC	#ECD6D3	48099	6.59999999999855	15
#FCFCFC	#ECD6D3	48098.6	7	15
#FCFCFC	#EBE8F4	48099.1	7.5	16
#FCFCFC	#EBE8F4	48099.5	7.90000000000146	16
#FCFCFC	#EBE8F4	48099.9	7.5	16
#FCFCFC	#EBE8F4	48099.5	7.09999999999855	16
#FCFCFC	#EBE8F4	48099.1	7.5	16
#FEFEFE	#F5F4FA	48099.6	8	17
#FEFEFE	#F5F4FA	48100	8.40000000000146	17
#FEFEFE	#F5F4FA	48100.4	8	17
#FEFEFE	#F5F4FA	48100	7.59999999999855	17
#FEFEFE	#F5F4FA	48099.6	8	17
#FEFEFE	#F6F4FA	48100.1	8.5	18
#FEFEFE	#F6F4FA	48100.5	8.90000000000146	18
#FEFEFE	#F6F4FA	48100.9	8.5	18
#FEFEFE	#F6F4FA	48100.5	8.09999999999855	18
#FEFEFE	#F6F4FA	48100.1	8.5	18
#FCFCFC	#E6C9C5	48100.6	9	19
#FCFCFC	#E6C9C5	48101	9.40000000000146	19
#FCFCFC	#E6C9C5	48101.4	9	19
#FCFCFC	#E6C9C5	48101	8.59999999999855	19
#FCFCFC	#E6C9C5	48100.6	9	19
#FAFAFA	#D8AEA8	48101.1	9.5	20
#FAFAFA	#D8AEA8	48101.5	9.90000000000146	20
#FAFAFA	#D8AEA8	48101.9	9.5	20
#FAFAFA	#D8AEA8	48101.5	9.09999999999854	20
#FAFAFA	#D8AEA8	48101.1	9.5	20
#FBFBFB	#D7D2E9	48101.6	10	21
#FBFBFB	#D7D2E9	48102	10.4000000000015	21
#FBFBFB	#D7D2E9	48102.4	10	21
#FBFBFB	#D7D2E9	48102	9.59999999999854	21
#FBFBFB	#D7D2E9	48101.6	10	21
#EFEFEF	#A95E58	48102.1	10.5	22
#EFEFEF	#A95E58	48102.5	10.9000000000015	22
#EFEFEF	#A95E58	48102.9	10.5	22
#EFEFEF	#A95E58	48102.5	10.0999999999985	22
#EFEFEF	#A95E58	48102.1	10.5	22
#FCFCFC	#E6C9C5	48102.6	11	23
#FCFCFC	#E6C9C5	48103	11.4000000000015	23
#FCFCFC	#E6C9C5	48103.4	11	23
#FCFCFC	#E6C9C5	48103	10.5999999999985	23
#FCFCFC	#E6C9C5	48102.6	11	23
#F5F5F5	#C0837C	48103.1	11.5	24
#F5F5F5	#C0837C	48103.5	11.9000000000015	24
#F5F5F5	#C0837C	48103.9	11.5	24
#F5F5F5	#C0837C	48103.5	11.0999999999985	24
#F5F5F5	#C0837C	48103.1	11.5	24
#FCFCFC	#E6C9C5	48103.6	12	25
#FCFCFC	#E6C9C5	48104	12.4000000000015	25
#FCFCFC	#E6C9C5	48104.4	12	25
#FCFCFC	#E6C9C5	48104	11.5999999999985	25
#FCFCFC	#E6C9C5	48103.6	12	25
#FFFFFF	#FCF8F7	48104.1	12.5	26
#FFFFFF	#FCF8F7	48104.5	12.9000000000015	26
#FFFFFF	#FCF8F7	48104.9	12.5	26
#FFFFFF	#FCF8F7	48104.5	12.0999999999985	26
#FFFFFF	#FCF8F7	48104.1	12.5	26
#FCFCFC	#E6C9C5	48104.6	13	27
#FCFCFC	#E6C9C5	48105	13.4000000000015	27
#FCFCFC	#E6C9C5	48105.4	13	27
#FCFCFC	#E6C9C5	48105	12.5999999999985	27
#FCFCFC	#E6C9C5	48104.6	13	27
#FCFCFC	#E6C9C5	48105.1	13.5	28
#FCFCFC	#E6C9C5	48105.5	13.9000000000015	28
#FCFCFC	#E6C9C5	48105.9	13.5	28
#FCFCFC	#E6C9C5	48105.5	13.0999999999985	28
#FCFCFC	#E6C9C5	48105.1	13.5	28
#F5F5F5	#C0837C	48105.6	14	29
#F5F5F5	#C0837C	48106	14.4000000000015	29
#F5F5F5	#C0837C	48106.4	14	29
#F5F5F5	#C0837C	48106	13.5999999999985	29
#F5F5F5	#C0837C	48105.6	14	29
#F7F7F7	#C68E87	48106.1	14.5	30
#F7F7F7	#C68E87	48106.5	14.9000000000015	30
#F7F7F7	#C68E87	48106.9	14.5	30
#F7F7F7	#C68E87	48106.5	14.0999999999985	30
#F7F7F7	#C68E87	48106.1	14.5	30
#FDFDFD	#F1DFDD	48106.6	15	31
#FDFDFD	#F1DFDD	48107	15.4000000000015	31
#FDFDFD	#F1DFDD	48107.4	15	31
#FDFDFD	#F1DFDD	48107	14.5999999999985	31
#FDFDFD	#F1DFDD	48106.6	15	31
#F8F8F8	#CE9B95	48107.1	15.5	32
#F8F8F8	#CE9B95	48107.5	15.9000000000015	32
#F8F8F8	#CE9B95	48107.9	15.5	32
#F8F8F8	#CE9B95	48107.5	15.0999999999985	32
#F8F8F8	#CE9B95	48107.1	15.5	32
#F8F8F8	#C1B9DD	48107.6	16	33
#F8F8F8	#C1B9DD	48108	16.4000000000015	33
#F8F8F8	#C1B9DD	48108.4	16	33
#F8F8F8	#C1B9DD	48108	15.5999999999985	33
#F8F8F8	#C1B9DD	48107.6	16	33
#F8F8F8	#CE9B95	48108.6	17	34
#F8F8F8	#CE9B95	48109	17.4000000000015	34
#F8F8F8	#CE9B95	48109.4	17	34
#F8F8F8	#CE9B95	48109	16.5999999999985	34
#F8F8F8	#CE9B95	48108.6	17	34
#F8F8F8	#CE9B95	48109.1	17.5	35
#F8F8F8	#CE9B95	48109.5	17.9000000000015	35
#F8F8F8	#CE9B95	48109.9	17.5	35
#F8F8F8	#CE9B95	48109.5	17.0999999999985	35
#F8F8F8	#CE9B95	48109.1	17.5	35
#FDFDFD	#DFDAEE	48109.6	18	36
#FDFDFD	#DFDAEE	48110	18.4000000000015	36
#FDFDFD	#DFDAEE	48110.4	18	36
#FDFDFD	#DFDAEE	48110	17.5999999999985	36
#FDFDFD	#DFDAEE	48109.6	18	36
#F5F5F5	#C0837C	48110.1	18.5	37
#F5F5F5	#C0837C	48110.5	18.9000000000015	37
#F5F5F5	#C0837C	48110.9	18.5	37
#F5F5F5	#C0837C	48110.5	18.0999999999985	37
#F5F5F5	#C0837C	48110.1	18.5	37
#FFFFFF	#FCF8F7	48110.6	19	38
#FFFFFF	#FCF8F7	48111	19.4000000000015	38
#FFFFFF	#FCF8F7	48111.4	19	38
#FFFFFF	#FCF8F7	48111	18.5999999999985	38
#FFFFFF	#FCF8F7	48110.6	19	38
#FCFCFC	#E6C9C5	48111.1	19.5	39
#FCFCFC	#E6C9C5	48111.5	19.9000000000015	39
#FCFCFC	#E6C9C5	48111.9	19.5	39
#FCFCFC	#E6C9C5	48111.5	19.0999999999985	39
#FCFCFC	#E6C9C5	48111.1	19.5	39
#FAFAFA	#D8AEA8	48111.6	20	40
#FAFAFA	#D8AEA8	48112	20.4000000000015	40
#FAFAFA	#D8AEA8	48112.4	20	40
#FAFAFA	#D8AEA8	48112	19.5999999999985	40
#FAFAFA	#D8AEA8	48111.6	20	40
#FCFCFC	#E6C9C5	48112.1	20.5	41
#FCFCFC	#E6C9C5	48112.5	20.9000000000015	41
#FCFCFC	#E6C9C5	48112.9	20.5	41
#FCFCFC	#E6C9C5	48112.5	20.0999999999985	41
#FCFCFC	#E6C9C5	48112.1	20.5	41
#FCFCFC	#E6C9C5	48112.6	21	42
#FCFCFC	#E6C9C5	48113	21.4000000000015	42
#FCFCFC	#E6C9C5	48113.4	21	42
#FCFCFC	#E6C9C5	48113	20.5999999999985	42
#FCFCFC	#E6C9C5	48112.6	21	42
#F6F6F6	#C0837C	48113.1	21.5	43
#F6F6F6	#C0837C	48113.5	21.9000000000015	43
#F6F6F6	#C0837C	48113.9	21.5	43
#F6F6F6	#C0837C	48113.5	21.0999999999985	43
#F6F6F6	#C0837C	48113.1	21.5	43
#FAFAFA	#D8AEA8	48113.6	22	44
#FAFAFA	#D8AEA8	48114	22.4000000000015	44
#FAFAFA	#D8AEA8	48114.4	22	44
#FAFAFA	#D8AEA8	48114	21.5999999999985	44
#FAFAFA	#D8AEA8	48113.6	22	44
#FAFAFA	#D8ADA8	48114.1	22.5	45
#FAFAFA	#D8ADA8	48114.5	22.9000000000015	45
#FAFAFA	#D8ADA8	48114.9	22.5	45
#FAFAFA	#D8ADA8	48114.5	22.0999999999985	45
#FAFAFA	#D8ADA8	48114.1	22.5	45
#F8F8F8	#CE9B95	48114.6	23	46
#F8F8F8	#CE9B95	48115	23.4000000000015	46
#F8F8F8	#CE9B95	48115.4	23	46
#F8F8F8	#CE9B95	48115	22.5999999999985	46
#F8F8F8	#CE9B95	48114.6	23	46
#FAFAFA	#D8AEA8	48115.1	23.5	47
#FAFAFA	#D8AEA8	48115.5	23.9000000000015	47
#FAFAFA	#D8AEA8	48115.9	23.5	47
#FAFAFA	#D8AEA8	48115.5	23.0999999999985	47
#FAFAFA	#D8AEA8	48115.1	23.5	47
#F8F8F8	#CE9B95	48115.6	24	48
#F8F8F8	#CE9B95	48116	24.4000000000015	48
#F8F8F8	#CE9B95	48116.4	24	48
#F8F8F8	#CE9B95	48116	23.5999999999985	48
#F8F8F8	#CE9B95	48115.6	24	48
#FDFDFD	#F1DFDC	48116.1	24.5	49
#FDFDFD	#F1DFDC	48116.5	24.9000000000015	49
#FDFDFD	#F1DFDC	48116.9	24.5	49
#FDFDFD	#F1DFDC	48116.5	24.0999999999985	49
#FDFDFD	#F1DFDC	48116.1	24.5	49
#484848	#DCB4AF	48092.6	0	50
#484848	#DCB4AF	48093	0.400000000001455	50
#484848	#DCB4AF	48093.4	0	50
#484848	#DCB4AF	48093	-0.400000000001455	50
#484848	#DCB4AF	48092.6	0	50
#585858	#E2C0BC	48093.1	0.5	51
#585858	#E2C0BC	48093.5	0.900000000001455	51
#585858	#E2C0BC	48093.9	0.5	51
#585858	#E2C0BC	48093.5	0.0999999999985448	51
#585858	#E2C0BC	48093.1	0.5	51
#5E5E5E	#DFBAB6	48093.6	1	52
#5E5E5E	#DFBAB6	48094	1.40000000000146	52
#5E5E5E	#DFBAB6	48094.4	1	52
#5E5E5E	#DFBAB6	48094	0.599999999998545	52
#5E5E5E	#DFBAB6	48093.6	1	52
#BBBBBB	#E5C6C2	48094.1	1.5	53
#BBBBBB	#E5C6C2	48094.5	1.90000000000146	53
#BBBBBB	#E5C6C2	48094.9	1.5	53
#BBBBBB	#E5C6C2	48094.5	1.09999999999854	53
#BBBBBB	#E5C6C2	48094.1	1.5	53
#A9A9A9	#D7ACA7	48094.6	2	54
#A9A9A9	#D7ACA7	48095	2.40000000000146	54
#A9A9A9	#D7ACA7	48095.4	2	54
#A9A9A9	#D7ACA7	48095	1.59999999999854	54
#A9A9A9	#D7ACA7	48094.6	2	54
#EDEDED	#EED8D5	48095.1	2.5	55
#EDEDED	#EED8D5	48095.5	2.90000000000146	55
#EDEDED	#EED8D5	48095.9	2.5	55
#EDEDED	#EED8D5	48095.5	2.09999999999854	55
#EDEDED	#EED8D5	48095.1	2.5	55
#EAEAEA	#EBD4D0	48095.6	3	56
#EAEAEA	#EBD4D0	48096	3.40000000000146	56
#EAEAEA	#EBD4D0	48096.4	3	56
#EAEAEA	#EBD4D0	48096	2.59999999999855	56
#EAEAEA	#EBD4D0	48095.6	3	56
#FBFBFB	#F5F4FA	48096.1	3.5	57
#FBFBFB	#F5F4FA	48096.5	3.90000000000146	57
#FBFBFB	#F5F4FA	48096.9	3.5	57
#FBFBFB	#F5F4FA	48096.5	3.09999999999855	57
#FBFBFB	#F5F4FA	48096.1	3.5	57
#FEFEFE	#FBFAFD	48096.6	4	58
#FEFEFE	#FBFAFD	48097	4.40000000000146	58
#FEFEFE	#FBFAFD	48097.4	4	58
#FEFEFE	#FBFAFD	48097	3.59999999999855	58
#FEFEFE	#FBFAFD	48096.6	4	58
#FDFDFD	#FBF5F4	48097.1	4.5	59
#FDFDFD	#FBF5F4	48097.5	4.90000000000146	59
#FDFDFD	#FBF5F4	48097.9	4.5	59
#FDFDFD	#FBF5F4	48097.5	4.09999999999855	59
#FDFDFD	#FBF5F4	48097.1	4.5	59
#F8F8F8	#EED9D7	48097.6	5	60
#F8F8F8	#EED9D7	48098	5.40000000000146	60
#F8F8F8	#EED9D7	48098.4	5	60
#F8F8F8	#EED9D7	48098	4.59999999999855	60
#F8F8F8	#EED9D7	48097.6	5	60
#FBFBFB	#F3E4E2	48098.1	5.5	61
#FBFBFB	#F3E4E2	48098.5	5.90000000000146	61
#FBFBFB	#F3E4E2	48098.9	5.5	61
#FBFBFB	#F3E4E2	48098.5	5.09999999999855	61
#FBFBFB	#F3E4E2	48098.1	5.5	61
#FBFBFB	#EBE9F4	48098.6	6	62
#FBFBFB	#EBE9F4	48099	6.40000000000146	62
#FBFBFB	#EBE9F4	48099.4	6	62
#FBFBFB	#EBE9F4	48099	5.59999999999855	62
#FBFBFB	#EBE9F4	48098.6	6	62
#FBFBFB	#F0DDDA	48099.1	6.5	63
#FBFBFB	#F0DDDA	48099.5	6.90000000000146	63
#FBFBFB	#F0DDDA	48099.9	6.5	63
#FBFBFB	#F0DDDA	48099.5	6.09999999999855	63
#FBFBFB	#F0DDDA	48099.1	6.5	63
#FEFEFE	#FCF7F7	48099.6	7	64
#FEFEFE	#FCF7F7	48100	7.40000000000146	64
#FEFEFE	#FCF7F7	48100.4	7	64
#FEFEFE	#FCF7F7	48100	6.59999999999855	64
#FEFEFE	#FCF7F7	48099.6	7	64
#FDFDFD	#F8F0EF	48100.1	7.5	65
#FDFDFD	#F8F0EF	48100.5	7.90000000000146	65
#FDFDFD	#F8F0EF	48100.9	7.5	65
#FDFDFD	#F8F0EF	48100.5	7.09999999999855	65
#FDFDFD	#F8F0EF	48100.1	7.5	65
#FDFDFD	#F1EEF7	48100.6	8	66
#FDFDFD	#F1EEF7	48101	8.40000000000146	66
#FDFDFD	#F1EEF7	48101.4	8	66
#FDFDFD	#F1EEF7	48101	7.59999999999855	66
#FDFDFD	#F1EEF7	48100.6	8	66
#F4F4F4	#BA7A72	48101.1	8.5	67
#F4F4F4	#BA7A72	48101.5	8.90000000000146	67
#F4F4F4	#BA7A72	48101.9	8.5	67
#F4F4F4	#BA7A72	48101.5	8.09999999999855	67
#F4F4F4	#BA7A72	48101.1	8.5	67
#FAFAFA	#ECD4D1	48101.6	9	68
#FAFAFA	#ECD4D1	48102	9.40000000000146	68
#FAFAFA	#ECD4D1	48102.4	9	68
#FAFAFA	#ECD4D1	48102	8.59999999999855	68
#FAFAFA	#ECD4D1	48101.6	9	68
#F8F8F8	#CE9B95	48102.1	9.5	69
#F8F8F8	#CE9B95	48102.5	9.90000000000146	69
#F8F8F8	#CE9B95	48102.9	9.5	69
#F8F8F8	#CE9B95	48102.5	9.09999999999854	69
#F8F8F8	#CE9B95	48102.1	9.5	69
#FAFAFA	#E5C6C2	48102.6	10	70
#FAFAFA	#E5C6C2	48103	10.4000000000015	70
#FAFAFA	#E5C6C2	48103.4	10	70
#FAFAFA	#E5C6C2	48103	9.59999999999854	70
#FAFAFA	#E5C6C2	48102.6	10	70
#F0F0F0	#AD645D	48103.1	10.5	71
#F0F0F0	#AD645D	48103.5	10.9000000000015	71
#F0F0F0	#AD645D	48103.9	10.5	71
#F0F0F0	#AD645D	48103.5	10.0999999999985	71
#F0F0F0	#AD645D	48103.1	10.5	71
#F5F5F5	#C0837C	48103.6	11	72
#F5F5F5	#C0837C	48104	11.4000000000015	72
#F5F5F5	#C0837C	48104.4	11	72
#F5F5F5	#C0837C	48104	10.5999999999985	72
#F5F5F5	#C0837C	48103.6	11	72
#FEFEFE	#F6EAE8	48104.1	11.5	73
#FEFEFE	#F6EAE8	48104.5	11.9000000000015	73
#FEFEFE	#F6EAE8	48104.9	11.5	73
#FEFEFE	#F6EAE8	48104.5	11.0999999999985	73
#FEFEFE	#F6EAE8	48104.1	11.5	73
#F5F5F5	#C0837C	48104.6	12	74
#F5F5F5	#C0837C	48105	12.4000000000015	74
#F5F5F5	#C0837C	48105.4	12	74
#F5F5F5	#C0837C	48105	11.5999999999985	74
#F5F5F5	#C0837C	48104.6	12	74
#EFEFEF	#AA5F58	48105.6	13	75
#EFEFEF	#AA5F58	48106	13.4000000000015	75
#EFEFEF	#AA5F58	48106.4	13	75
#EFEFEF	#AA5F58	48106	12.5999999999985	75
#EFEFEF	#AA5F58	48105.6	13	75
#FFFFFF	#FDF9F9	48106.1	13.5	76
#FFFFFF	#FDF9F9	48106.5	13.9000000000015	76
#FFFFFF	#FDF9F9	48106.9	13.5	76
#FFFFFF	#FDF9F9	48106.5	13.0999999999985	76
#FFFFFF	#FDF9F9	48106.1	13.5	76
#FBFBFB	#E8CDCA	48106.6	14	77
#FBFBFB	#E8CDCA	48107	14.4000000000015	77
#FBFBFB	#E8CDCA	48107.4	14	77
#FBFBFB	#E8CDCA	48107	13.5999999999985	77
#FBFBFB	#E8CDCA	48106.6	14	77
#FFFFFF	#FCF8F7	48107.1	14.5	78
#FFFFFF	#FCF8F7	48107.5	14.9000000000015	78
#FFFFFF	#FCF8F7	48107.9	14.5	78
#FFFFFF	#FCF8F7	48107.5	14.0999999999985	78
#FFFFFF	#FCF8F7	48107.1	14.5	78
#F5F5F5	#D8ACA7	48107.6	15	79
#F5F5F5	#D8ACA7	48108	15.4000000000015	79
#F5F5F5	#D8ACA7	48108.4	15	79
#F5F5F5	#D8ACA7	48108	14.5999999999985	79
#F5F5F5	#D8ACA7	48107.6	15	79
#FDFDFD	#E7E3F2	48108.1	15.5	80
#FDFDFD	#E7E3F2	48108.5	15.9000000000015	80
#FDFDFD	#E7E3F2	48108.9	15.5	80
#FDFDFD	#E7E3F2	48108.5	15.0999999999985	80
#FDFDFD	#E7E3F2	48108.1	15.5	80
#FEFEFE	#F6F4FA	48108.6	16	81
#FEFEFE	#F6F4FA	48109	16.4000000000015	81
#FEFEFE	#F6F4FA	48109.4	16	81
#FEFEFE	#F6F4FA	48109	15.5999999999985	81
#FEFEFE	#F6F4FA	48108.6	16	81
#F8F8F8	#C4BCDF	48109.1	16.5	82
#F8F8F8	#C4BCDF	48109.5	16.9000000000015	82
#F8F8F8	#C4BCDF	48109.9	16.5	82
#F8F8F8	#C4BCDF	48109.5	16.0999999999985	82
#F8F8F8	#C4BCDF	48109.1	16.5	82
#FFFFFF	#FBFBFD	48109.6	17	83
#FFFFFF	#FBFBFD	48110	17.4000000000015	83
#FFFFFF	#FBFBFD	48110.4	17	83
#FFFFFF	#FBFBFD	48110	16.5999999999985	83
#FFFFFF	#FBFBFD	48109.6	17	83
#FAFAFA	#D8AEA8	48110.1	17.5	84
#FAFAFA	#D8AEA8	48110.5	17.9000000000015	84
#FAFAFA	#D8AEA8	48110.9	17.5	84
#FAFAFA	#D8AEA8	48110.5	17.0999999999985	84
#FAFAFA	#D8AEA8	48110.1	17.5	84
#FDFDFD	#F1DFDC	48110.6	18	85
#FDFDFD	#F1DFDC	48111	18.4000000000015	85
#FDFDFD	#F1DFDC	48111.4	18	85
#FDFDFD	#F1DFDC	48111	17.5999999999985	85
#FDFDFD	#F1DFDC	48110.6	18	85
#F8F8F8	#CE9B95	48111.1	18.5	86
#F8F8F8	#CE9B95	48111.5	18.9000000000015	86
#F8F8F8	#CE9B95	48111.9	18.5	86
#F8F8F8	#CE9B95	48111.5	18.0999999999985	86
#F8F8F8	#CE9B95	48111.1	18.5	86
#F4F4F4	#BB7A73	48111.6	19	87
#F4F4F4	#BB7A73	48112	19.4000000000015	87
#F4F4F4	#BB7A73	48112.4	19	87
#F4F4F4	#BB7A73	48112	18.5999999999985	87
#F4F4F4	#BB7A73	48111.6	19	87
#F3F3F3	#B6726B	48112.1	19.5	88
#F3F3F3	#B6726B	48112.5	19.9000000000015	88
#F3F3F3	#B6726B	48112.9	19.5	88
#F3F3F3	#B6726B	48112.5	19.0999999999985	88
#F3F3F3	#B6726B	48112.1	19.5	88
#FEFEFE	#F5F4FA	48112.6	20	89
#FEFEFE	#F5F4FA	48113	20.4000000000015	89
#FEFEFE	#F5F4FA	48113.4	20	89
#FEFEFE	#F5F4FA	48113	19.5999999999985	89
#FEFEFE	#F5F4FA	48112.6	20	89
#F5F5F5	#C0837C	48113.1	20.5	90
#F5F5F5	#C0837C	48113.5	20.9000000000015	90
#F5F5F5	#C0837C	48113.9	20.5	90
#F5F5F5	#C0837C	48113.5	20.0999999999985	90
#F5F5F5	#C0837C	48113.1	20.5	90
#FCFCFC	#ECD6D3	48113.6	21	91
#FCFCFC	#ECD6D3	48114	21.4000000000015	91
#FCFCFC	#ECD6D3	48114.4	21	91
#FCFCFC	#ECD6D3	48114	20.5999999999985	91
#FCFCFC	#ECD6D3	48113.6	21	91
#F2F2F2	#B16B64	48114.1	21.5	92
#F2F2F2	#B16B64	48114.5	21.9000000000015	92
#F2F2F2	#B16B64	48114.9	21.5	92
#F2F2F2	#B16B64	48114.5	21.0999999999985	92
#F2F2F2	#B16B64	48114.1	21.5	92
#F7F7F7	#C68E87	48114.6	22	93
#F7F7F7	#C68E87	48115	22.4000000000015	93
#F7F7F7	#C68E87	48115.4	22	93
#F7F7F7	#C68E87	48115	21.5999999999985	93
#F7F7F7	#C68E87	48114.6	22	93
#FBFBFB	#D7D2E9	48115.1	22.5	94
#FBFBFB	#D7D2E9	48115.5	22.9000000000015	94
#FBFBFB	#D7D2E9	48115.9	22.5	94
#FBFBFB	#D7D2E9	48115.5	22.0999999999985	94
#FBFBFB	#D7D2E9	48115.1	22.5	94
#F8F8F8	#CE9B95	48115.6	23	95
#F8F8F8	#CE9B95	48116	23.4000000000015	95
#F8F8F8	#CE9B95	48116.4	23	95
#F8F8F8	#CE9B95	48116	22.5999999999985	95
#F8F8F8	#CE9B95	48115.6	23	95
#FEFEFE	#F6F4FA	48116.1	23.5	96
#FEFEFE	#F6F4FA	48116.5	23.9000000000015	96
#FEFEFE	#F6F4FA	48116.9	23.5	96
#FEFEFE	#F6F4FA	48116.5	23.0999999999985	96
#FEFEFE	#F6F4FA	48116.1	23.5	96
#FAFAFA	#D8ADA8	48116.6	24	97
#FAFAFA	#D8ADA8	48117	24.4000000000015	97
#FAFAFA	#D8ADA8	48117.4	24	97
#FAFAFA	#D8ADA8	48117	23.5999999999985	97
#FAFAFA	#D8ADA8	48116.6	24	97
#FAFAFA	#D8AEA8	48117.1	24.5	98
#FAFAFA	#D8AEA8	48117.5	24.9000000000015	98
#FAFAFA	#D8AEA8	48117.9	24.5	98
#FAFAFA	#D8AEA8	48117.5	24.0999999999985	98
#FAFAFA	#D8AEA8	48117.1	24.5	98
#303030	#E5C7C3	48093.6	0	99
#303030	#E5C7C3	48094	0.400000000001455	99
#303030	#E5C7C3	48094.4	0	99
#303030	#E5C7C3	48094	-0.400000000001455	99
#303030	#E5C7C3	48093.6	0	99
#686868	#EDD6D3	48094.1	0.5	100
#686868	#EDD6D3	48094.5	0.900000000001455	100
#686868	#EDD6D3	48094.9	0.5	100
#686868	#EDD6D3	48094.5	0.0999999999985448	100
#686868	#EDD6D3	48094.1	0.5	100
#8C8C8C	#E8CCC9	48094.6	1	101
#8C8C8C	#E8CCC9	48095	1.40000000000146	101
#8C8C8C	#E8CCC9	48095.4	1	101
#8C8C8C	#E8CCC9	48095	0.599999999998545	101
#8C8C8C	#E8CCC9	48094.6	1	101
#6F6F6F	#DFBBB6	48095.1	1.5	102
#6F6F6F	#DFBBB6	48095.5	1.90000000000146	102
#6F6F6F	#DFBBB6	48095.9	1.5	102
#6F6F6F	#DFBBB6	48095.5	1.09999999999854	102
#6F6F6F	#DFBBB6	48095.1	1.5	102
#A8A8A8	#E2C0BC	48095.6	2	103
#A8A8A8	#E2C0BC	48096	2.40000000000146	103
#A8A8A8	#E2C0BC	48096.4	2	103
#A8A8A8	#E2C0BC	48096	1.59999999999854	103
#A8A8A8	#E2C0BC	48095.6	2	103
#F6F6F6	#F9F1F0	48096.1	2.5	104
#F6F6F6	#F9F1F0	48096.5	2.90000000000146	104
#F6F6F6	#F9F1F0	48096.9	2.5	104
#F6F6F6	#F9F1F0	48096.5	2.09999999999854	104
#F6F6F6	#F9F1F0	48096.1	2.5	104
#DEDEDE	#EDD7D4	48096.6	3	105
#DEDEDE	#EDD7D4	48097	3.40000000000146	105
#DEDEDE	#EDD7D4	48097.4	3	105
#DEDEDE	#EDD7D4	48097	2.59999999999855	105
#DEDEDE	#EDD7D4	48096.6	3	105
#FBFBFB	#FAF3F2	48097.1	3.5	106
#FBFBFB	#FAF3F2	48097.5	3.90000000000146	106
#FBFBFB	#FAF3F2	48097.9	3.5	106
#FBFBFB	#FAF3F2	48097.5	3.09999999999855	106
#FBFBFB	#FAF3F2	48097.1	3.5	106
#F7F7F7	#EFECF6	48097.6	4	107
#F7F7F7	#EFECF6	48098	4.40000000000146	107
#F7F7F7	#EFECF6	48098.4	4	107
#F7F7F7	#EFECF6	48098	3.59999999999855	107
#F7F7F7	#EFECF6	48097.6	4	107
#FAFAFA	#F6EBE9	48098.1	4.5	108
#FAFAFA	#F6EBE9	48098.5	4.90000000000146	108
#FAFAFA	#F6EBE9	48098.9	4.5	108
#FAFAFA	#F6EBE9	48098.5	4.09999999999855	108
#FAFAFA	#F6EBE9	48098.1	4.5	108
#E9E9E9	#E5C7C3	48098.6	5	109
#E9E9E9	#E5C7C3	48099	5.40000000000146	109
#E9E9E9	#E5C7C3	48099.4	5	109
#E9E9E9	#E5C7C3	48099	4.59999999999855	109
#E9E9E9	#E5C7C3	48098.6	5	109
#F9F9F9	#F1DFDC	48099.1	5.5	110
#F9F9F9	#F1DFDC	48099.5	5.90000000000146	110
#F9F9F9	#F1DFDC	48099.9	5.5	110
#F9F9F9	#F1DFDC	48099.5	5.09999999999855	110
#F9F9F9	#F1DFDC	48099.1	5.5	110
#F4F4F4	#EED9D6	48099.6	6	111
#F4F4F4	#EED9D6	48100	6.40000000000146	111
#F4F4F4	#EED9D6	48100.4	6	111
#F4F4F4	#EED9D6	48100	5.59999999999855	111
#F4F4F4	#EED9D6	48099.6	6	111
#F0F0F0	#E4C4C0	48100.1	6.5	112
#F0F0F0	#E4C4C0	48100.5	6.90000000000146	112
#F0F0F0	#E4C4C0	48100.9	6.5	112
#F0F0F0	#E4C4C0	48100.5	6.09999999999855	112
#F0F0F0	#E4C4C0	48100.1	6.5	112
#EDEDED	#D4A6A0	48100.6	7	113
#EDEDED	#D4A6A0	48101	7.40000000000146	113
#EDEDED	#D4A6A0	48101.4	7	113
#EDEDED	#D4A6A0	48101	6.59999999999855	113
#EDEDED	#D4A6A0	48100.6	7	113
#F2F2F2	#E6C8C4	48101.1	7.5	114
#F2F2F2	#E6C8C4	48101.5	7.90000000000146	114
#F2F2F2	#E6C8C4	48101.9	7.5	114
#F2F2F2	#E6C8C4	48101.5	7.09999999999855	114
#F2F2F2	#E6C8C4	48101.1	7.5	114
#FFFFFF	#FCFCFD	48101.6	8	115
#FFFFFF	#FCFCFD	48102	8.40000000000146	115
#FFFFFF	#FCFCFD	48102.4	8	115
#FFFFFF	#FCFCFD	48102	7.59999999999855	115
#FFFFFF	#FCFCFD	48101.6	8	115
#FFFFFF	#FEFDFD	48102.1	8.5	116
#FFFFFF	#FEFDFD	48102.5	8.90000000000146	116
#FFFFFF	#FEFDFD	48102.9	8.5	116
#FFFFFF	#FEFDFD	48102.5	8.09999999999855	116
#FFFFFF	#FEFDFD	48102.1	8.5	116
#FFFFFF	#FFFFFF	48102.6	9	117
#FFFFFF	#FFFFFF	48103	9.40000000000146	117
#FFFFFF	#FFFFFF	48103.4	9	117
#FFFFFF	#FFFFFF	48103	8.59999999999855	117
#FFFFFF	#FFFFFF	48102.6	9	117
#F7F7F7	#E8CECA	48103.1	9.5	118
#F7F7F7	#E8CECA	48103.5	9.90000000000146	118
#F7F7F7	#E8CECA	48103.9	9.5	118
#F7F7F7	#E8CECA	48103.5	9.09999999999854	118
#F7F7F7	#E8CECA	48103.1	9.5	118
#FBFBFB	#EFDAD8	48103.6	10	119
#FBFBFB	#EFDAD8	48104	10.4000000000015	119
#FBFBFB	#EFDAD8	48104.4	10	119
#FBFBFB	#EFDAD8	48104	9.59999999999854	119
#FBFBFB	#EFDAD8	48103.6	10	119
#F4F4F4	#DEB9B4	48104.1	10.5	120
#F4F4F4	#DEB9B4	48104.5	10.9000000000015	120
#F4F4F4	#DEB9B4	48104.9	10.5	120
#F4F4F4	#DEB9B4	48104.5	10.0999999999985	120
#F4F4F4	#DEB9B4	48104.1	10.5	120
#F3F3F3	#D2A39D	48104.6	11	121
#F3F3F3	#D2A39D	48105	11.4000000000015	121
#F3F3F3	#D2A39D	48105.4	11	121
#F3F3F3	#D2A39D	48105	10.5999999999985	121
#F3F3F3	#D2A39D	48104.6	11	121
#F5F5F5	#E0BDB8	48105.1	11.5	122
#F5F5F5	#E0BDB8	48105.5	11.9000000000015	122
#F5F5F5	#E0BDB8	48105.9	11.5	122
#F5F5F5	#E0BDB8	48105.5	11.0999999999985	122
#F5F5F5	#E0BDB8	48105.1	11.5	122
#E9E9E9	#9D4C46	48105.6	12	123
#E9E9E9	#9D4C46	48106	12.4000000000015	123
#E9E9E9	#9D4C46	48106.4	12	123
#E9E9E9	#9D4C46	48106	11.5999999999985	123
#E9E9E9	#9D4C46	48105.6	12	123
#FBFBFB	#EFDBD8	48106.1	12.5	124
#FBFBFB	#EFDBD8	48106.5	12.9000000000015	124
#FBFBFB	#EFDBD8	48106.9	12.5	124
#FBFBFB	#EFDBD8	48106.5	12.0999999999985	124
#FBFBFB	#EFDBD8	48106.1	12.5	124
#F9F9F9	#E9CECA	48106.6	13	125
#F9F9F9	#E9CECA	48107	13.4000000000015	125
#F9F9F9	#E9CECA	48107.4	13	125
#F9F9F9	#E9CECA	48107	12.5999999999985	125
#F9F9F9	#E9CECA	48106.6	13	125
#F7F7F7	#DEB8B4	48107.1	13.5	126
#F7F7F7	#DEB8B4	48107.5	13.9000000000015	126
#F7F7F7	#DEB8B4	48107.9	13.5	126
#F7F7F7	#DEB8B4	48107.5	13.0999999999985	126
#F7F7F7	#DEB8B4	48107.1	13.5	126
#F9F9F9	#E9CFCB	48107.6	14	127
#F9F9F9	#E9CFCB	48108	14.4000000000015	127
#F9F9F9	#E9CFCB	48108.4	14	127
#F9F9F9	#E9CFCB	48108	13.5999999999985	127
#F9F9F9	#E9CFCB	48107.6	14	127
#F5F5F5	#D8ADA8	48108.1	14.5	128
#F5F5F5	#D8ADA8	48108.5	14.9000000000015	128
#F5F5F5	#D8ADA8	48108.9	14.5	128
#F5F5F5	#D8ADA8	48108.5	14.0999999999985	128
#F5F5F5	#D8ADA8	48108.1	14.5	128
#F3F3F3	#D2A39D	48108.6	15	129
#F3F3F3	#D2A39D	48109	15.4000000000015	129
#F3F3F3	#D2A39D	48109.4	15	129
#F3F3F3	#D2A39D	48109	14.5999999999985	129
#F3F3F3	#D2A39D	48108.6	15	129
#FCFCFC	#F2E3E0	48109.1	15.5	130
#FCFCFC	#F2E3E0	48109.5	15.9000000000015	130
#FCFCFC	#F2E3E0	48109.9	15.5	130
#FCFCFC	#F2E3E0	48109.5	15.0999999999985	130
#FCFCFC	#F2E3E0	48109.1	15.5	130
#FFFFFF	#FDFAF9	48109.6	16	131
#FFFFFF	#FDFAF9	48110	16.4000000000015	131
#FFFFFF	#FDFAF9	48110.4	16	131
#FFFFFF	#FDFAF9	48110	15.5999999999985	131
#FFFFFF	#FDFAF9	48109.6	16	131
#F6F6F6	#DBB3AE	48110.1	16.5	132
#F6F6F6	#DBB3AE	48110.5	16.9000000000015	132
#F6F6F6	#DBB3AE	48110.9	16.5	132
#F6F6F6	#DBB3AE	48110.5	16.0999999999985	132
#F6F6F6	#DBB3AE	48110.1	16.5	132
#F7F7F7	#C68E87	48110.6	17	133
#F7F7F7	#C68E87	48111	17.4000000000015	133
#F7F7F7	#C68E87	48111.4	17	133
#F7F7F7	#C68E87	48111	16.5999999999985	133
#F7F7F7	#C68E87	48110.6	17	133
#FDFDFD	#F1DEDC	48111.1	17.5	134
#FDFDFD	#F1DEDC	48111.5	17.9000000000015	134
#FDFDFD	#F1DEDC	48111.9	17.5	134
#FDFDFD	#F1DEDC	48111.5	17.0999999999985	134
#FDFDFD	#F1DEDC	48111.1	17.5	134
#F7F7F7	#DEB9B4	48111.6	18	135
#F7F7F7	#DEB9B4	48112	18.4000000000015	135
#F7F7F7	#DEB9B4	48112.4	18	135
#F7F7F7	#DEB9B4	48112	17.5999999999985	135
#F7F7F7	#DEB9B4	48111.6	18	135
#FCFCFC	#F2E1DF	48112.1	18.5	136
#FCFCFC	#F2E1DF	48112.5	18.9000000000015	136
#FCFCFC	#F2E1DF	48112.9	18.5	136
#FCFCFC	#F2E1DF	48112.5	18.0999999999985	136
#FCFCFC	#F2E1DF	48112.1	18.5	136
#FDFDFD	#F6E9E8	48112.6	19	137
#FDFDFD	#F6E9E8	48113	19.4000000000015	137
#FDFDFD	#F6E9E8	48113.4	19	137
#FDFDFD	#F6E9E8	48113	18.5999999999985	137
#FDFDFD	#F6E9E8	48112.6	19	137
#F5F5F5	#BA7972	48113.1	19.5	138
#F5F5F5	#BA7972	48113.5	19.9000000000015	138
#F5F5F5	#BA7972	48113.9	19.5	138
#F5F5F5	#BA7972	48113.5	19.0999999999985	138
#F5F5F5	#BA7972	48113.1	19.5	138
#FCFCFC	#F2E1DF	48113.6	20	139
#FCFCFC	#F2E1DF	48114	20.4000000000015	139
#FCFCFC	#F2E1DF	48114.4	20	139
#FCFCFC	#F2E1DF	48114	19.5999999999985	139
#FCFCFC	#F2E1DF	48113.6	20	139
#FEFEFE	#FBFAFD	48114.1	20.5	140
#FEFEFE	#FBFAFD	48114.5	20.9000000000015	140
#FEFEFE	#FBFAFD	48114.9	20.5	140
#FEFEFE	#FBFAFD	48114.5	20.0999999999985	140
#FEFEFE	#FBFAFD	48114.1	20.5	140
#F7F7F7	#C68E87	48114.6	21	141
#F7F7F7	#C68E87	48115	21.4000000000015	141
#F7F7F7	#C68E87	48115.4	21	141
#F7F7F7	#C68E87	48115	20.5999999999985	141
#F7F7F7	#C68E87	48114.6	21	141
#F9F9F9	#E1BFBA	48115.1	21.5	142
#F9F9F9	#E1BFBA	48115.5	21.9000000000015	142
#F9F9F9	#E1BFBA	48115.9	21.5	142
#F9F9F9	#E1BFBA	48115.5	21.0999999999985	142
#F9F9F9	#E1BFBA	48115.1	21.5	142
#FFFFFF	#FDFAF9	48115.6	22	143
#FFFFFF	#FDFAF9	48116	22.4000000000015	143
#FFFFFF	#FDFAF9	48116.4	22	143
#FFFFFF	#FDFAF9	48116	21.5999999999985	143
#FFFFFF	#FDFAF9	48115.6	22	143
#F5F5F5	#C0837C	48116.1	22.5	144
#F5F5F5	#C0837C	48116.5	22.9000000000015	144
#F5F5F5	#C0837C	48116.9	22.5	144
#F5F5F5	#C0837C	48116.5	22.0999999999985	144
#F5F5F5	#C0837C	48116.1	22.5	144
#F5F5F5	#D7ACA7	48116.6	23	145
#F5F5F5	#D7ACA7	48117	23.4000000000015	145
#F5F5F5	#D7ACA7	48117.4	23	145
#F5F5F5	#D7ACA7	48117	22.5999999999985	145
#F5F5F5	#D7ACA7	48116.6	23	145
#F3F3F3	#B6726A	48117.1	23.5	146
#F3F3F3	#B6726A	48117.5	23.9000000000015	146
#F3F3F3	#B6726A	48117.9	23.5	146
#F3F3F3	#B6726A	48117.5	23.0999999999985	146
#F3F3F3	#B6726A	48117.1	23.5	146
#FBFBFB	#EFDBD8	48117.6	24	147
#FBFBFB	#EFDBD8	48118	24.4000000000015	147
#FBFBFB	#EFDBD8	48118.4	24	147
#FBFBFB	#EFDBD8	48118	23.5999999999985	147
#FBFBFB	#EFDBD8	48117.6	24	147
#FEFEFE	#F6EAE8	48118.1	24.5	148
#FEFEFE	#F6EAE8	48118.5	24.9000000000015	148
#FEFEFE	#F6EAE8	48118.9	24.5	148
#FEFEFE	#F6EAE8	48118.5	24.0999999999985	148
#FEFEFE	#F6EAE8	48118.1	24.5	148
#343434	#EBD2CF	48094.6	0	149
#343434	#EBD2CF	48095	0.400000000001455	149
#343434	#EBD2CF	48095.4	0	149
#343434	#EBD2CF	48095	-0.400000000001455	149
#343434	#EBD2CF	48094.6	0	149
#545454	#ECD4D1	48095.1	0.5	150
#545454	#ECD4D1	48095.5	0.900000000001455	150
#545454	#ECD4D1	48095.9	0.5	150
#545454	#ECD4D1	48095.5	0.0999999999985448	150
#545454	#ECD4D1	48095.1	0.5	150
#424242	#E4C4C0	48095.6	1	151
#424242	#E4C4C0	48096	1.40000000000146	151
#424242	#E4C4C0	48096.4	1	151
#424242	#E4C4C0	48096	0.599999999998545	151
#424242	#E4C4C0	48095.6	1	151
#7B7B7B	#E6C9C5	48096.1	1.5	152
#7B7B7B	#E6C9C5	48096.5	1.90000000000146	152
#7B7B7B	#E6C9C5	48096.9	1.5	152
#7B7B7B	#E6C9C5	48096.5	1.09999999999854	152
#7B7B7B	#E6C9C5	48096.1	1.5	152
#BCBCBC	#EFDBD9	48096.6	2	153
#BCBCBC	#EFDBD9	48097	2.40000000000146	153
#BCBCBC	#EFDBD9	48097.4	2	153
#BCBCBC	#EFDBD9	48097	1.59999999999854	153
#BCBCBC	#EFDBD9	48096.6	2	153
#E1E1E1	#F5E9E7	48097.1	2.5	154
#E1E1E1	#F5E9E7	48097.5	2.90000000000146	154
#E1E1E1	#F5E9E7	48097.9	2.5	154
#E1E1E1	#F5E9E7	48097.5	2.09999999999854	154
#E1E1E1	#F5E9E7	48097.1	2.5	154
#EBEBEB	#F6EAE9	48097.6	3	155
#EBEBEB	#F6EAE9	48098	3.40000000000146	155
#EBEBEB	#F6EAE9	48098.4	3	155
#EBEBEB	#F6EAE9	48098	2.59999999999855	155
#EBEBEB	#F6EAE9	48097.6	3	155
#FCFCFC	#FDF9F9	48098.1	3.5	156
#FCFCFC	#FDF9F9	48098.5	3.90000000000146	156
#FCFCFC	#FDF9F9	48098.9	3.5	156
#FCFCFC	#FDF9F9	48098.5	3.09999999999855	156
#FCFCFC	#FDF9F9	48098.1	3.5	156
#F4F4F4	#F7ECEA	48098.6	4	157
#F4F4F4	#F7ECEA	48099	4.40000000000146	157
#F4F4F4	#F7ECEA	48099.4	4	157
#F4F4F4	#F7ECEA	48099	3.59999999999855	157
#F4F4F4	#F7ECEA	48098.6	4	157
#F3F3F3	#F5E8E6	48099.1	4.5	158
#F3F3F3	#F5E8E6	48099.5	4.90000000000146	158
#F3F3F3	#F5E8E6	48099.9	4.5	158
#F3F3F3	#F5E8E6	48099.5	4.09999999999855	158
#F3F3F3	#F5E8E6	48099.1	4.5	158
#F6F6F6	#F6EAE9	48099.6	5	159
#F6F6F6	#F6EAE9	48100	5.40000000000146	159
#F6F6F6	#F6EAE9	48100.4	5	159
#F6F6F6	#F6EAE9	48100	4.59999999999855	159
#F6F6F6	#F6EAE9	48099.6	5	159
#CDCDCD	#DFBBB6	48100.1	5.5	160
#CDCDCD	#DFBBB6	48100.5	5.90000000000146	160
#CDCDCD	#DFBBB6	48100.9	5.5	160
#CDCDCD	#DFBBB6	48100.5	5.09999999999855	160
#CDCDCD	#DFBBB6	48100.1	5.5	160
#E8E8E8	#EBD3D0	48100.6	6	161
#E8E8E8	#EBD3D0	48101	6.40000000000146	161
#E8E8E8	#EBD3D0	48101.4	6	161
#E8E8E8	#EBD3D0	48101	5.59999999999855	161
#E8E8E8	#EBD3D0	48100.6	6	161
#FBFBFB	#F8F0EF	48101.1	6.5	162
#FBFBFB	#F8F0EF	48101.5	6.90000000000146	162
#FBFBFB	#F8F0EF	48101.9	6.5	162
#FBFBFB	#F8F0EF	48101.5	6.09999999999855	162
#FBFBFB	#F8F0EF	48101.1	6.5	162
#EAEAEA	#E8CCC8	48101.6	7	163
#EAEAEA	#E8CCC8	48102	7.40000000000146	163
#EAEAEA	#E8CCC8	48102.4	7	163
#EAEAEA	#E8CCC8	48102	6.59999999999855	163
#EAEAEA	#E8CCC8	48101.6	7	163
#FFFFFF	#FFFEFF	48102.1	7.5	164
#FFFFFF	#FFFEFF	48102.5	7.90000000000146	164
#FFFFFF	#FFFEFF	48102.9	7.5	164
#FFFFFF	#FFFEFF	48102.5	7.09999999999855	164
#FFFFFF	#FFFEFF	48102.1	7.5	164
#FDFDFD	#FAF4F3	48102.6	8	165
#FDFDFD	#FAF4F3	48103	8.40000000000146	165
#FDFDFD	#FAF4F3	48103.4	8	165
#FDFDFD	#FAF4F3	48103	7.59999999999855	165
#FDFDFD	#FAF4F3	48102.6	8	165
#FDFDFD	#F6F5FA	48103.1	8.5	166
#FDFDFD	#F6F5FA	48103.5	8.90000000000146	166
#FDFDFD	#F6F5FA	48103.9	8.5	166
#FDFDFD	#F6F5FA	48103.5	8.09999999999855	166
#FDFDFD	#F6F5FA	48103.1	8.5	166
#F5F5F5	#EBD3D0	48103.6	9	167
#F5F5F5	#EBD3D0	48104	9.40000000000146	167
#F5F5F5	#EBD3D0	48104.4	9	167
#F5F5F5	#EBD3D0	48104	8.59999999999855	167
#F5F5F5	#EBD3D0	48103.6	9	167
#F9F9F9	#F3E3E1	48104.1	9.5	168
#F9F9F9	#F3E3E1	48104.5	9.90000000000146	168
#F9F9F9	#F3E3E1	48104.9	9.5	168
#F9F9F9	#F3E3E1	48104.5	9.09999999999854	168
#F9F9F9	#F3E3E1	48104.1	9.5	168
#EAEAEA	#DCB4AF	48104.6	10	169
#EAEAEA	#DCB4AF	48105	10.4000000000015	169
#EAEAEA	#DCB4AF	48105.4	10	169
#EAEAEA	#DCB4AF	48105	9.59999999999854	169
#EAEAEA	#DCB4AF	48104.6	10	169
#FAFAFA	#F3E5E3	48105.1	10.5	170
#FAFAFA	#F3E5E3	48105.5	10.9000000000015	170
#FAFAFA	#F3E5E3	48105.9	10.5	170
#FAFAFA	#F3E5E3	48105.5	10.0999999999985	170
#FAFAFA	#F3E5E3	48105.1	10.5	170
#E6E6E6	#D7ACA7	48105.6	11	171
#E6E6E6	#D7ACA7	48106	11.4000000000015	171
#E6E6E6	#D7ACA7	48106.4	11	171
#E6E6E6	#D7ACA7	48106	10.5999999999985	171
#E6E6E6	#D7ACA7	48105.6	11	171
#F3F3F3	#E3C3BF	48106.1	11.5	172
#F3F3F3	#E3C3BF	48106.5	11.9000000000015	172
#F3F3F3	#E3C3BF	48106.9	11.5	172
#F3F3F3	#E3C3BF	48106.5	11.0999999999985	172
#F3F3F3	#E3C3BF	48106.1	11.5	172
#F6F6F6	#EED9D6	48106.6	12	173
#F6F6F6	#EED9D6	48107	12.4000000000015	173
#F6F6F6	#EED9D6	48107.4	12	173
#F6F6F6	#EED9D6	48107	11.5999999999985	173
#F6F6F6	#EED9D6	48106.6	12	173
#DADADA	#B26C65	48107.1	12.5	174
#DADADA	#B26C65	48107.5	12.9000000000015	174
#DADADA	#B26C65	48107.9	12.5	174
#DADADA	#B26C65	48107.5	12.0999999999985	174
#DADADA	#B26C65	48107.1	12.5	174
#DADADA	#D2A39D	48107.6	13	175
#DADADA	#D2A39D	48108	13.4000000000015	175
#DADADA	#D2A39D	48108.4	13	175
#DADADA	#D2A39D	48108	12.5999999999985	175
#DADADA	#D2A39D	48107.6	13	175
#BFBFBF	#9E4E47	48108.1	13.5	176
#BFBFBF	#9E4E47	48108.5	13.9000000000015	176
#BFBFBF	#9E4E47	48108.9	13.5	176
#BFBFBF	#9E4E47	48108.5	13.0999999999985	176
#BFBFBF	#9E4E47	48108.1	13.5	176
#F2F2F2	#E9CECA	48108.6	14	177
#F2F2F2	#E9CECA	48109	14.4000000000015	177
#F2F2F2	#E9CECA	48109.4	14	177
#F2F2F2	#E9CECA	48109	13.5999999999985	177
#F2F2F2	#E9CECA	48108.6	14	177
#D9D9D9	#C1857E	48109.1	14.5	178
#D9D9D9	#C1857E	48109.5	14.9000000000015	178
#D9D9D9	#C1857E	48109.9	14.5	178
#D9D9D9	#C1857E	48109.5	14.0999999999985	178
#D9D9D9	#C1857E	48109.1	14.5	178
#EDEDED	#DAB2AD	48109.6	15	179
#EDEDED	#DAB2AD	48110	15.4000000000015	179
#EDEDED	#DAB2AD	48110.4	15	179
#EDEDED	#DAB2AD	48110	14.5999999999985	179
#EDEDED	#DAB2AD	48109.6	15	179
#DEDEDE	#C58B84	48110.1	15.5	180
#DEDEDE	#C58B84	48110.5	15.9000000000015	180
#DEDEDE	#C58B84	48110.9	15.5	180
#DEDEDE	#C58B84	48110.5	15.0999999999985	180
#DEDEDE	#C58B84	48110.1	15.5	180
#FAFAFA	#EDD7D4	48110.6	16	181
#FAFAFA	#EDD7D4	48111	16.4000000000015	181
#FAFAFA	#EDD7D4	48111.4	16	181
#FAFAFA	#EDD7D4	48111	15.5999999999985	181
#FAFAFA	#EDD7D4	48110.6	16	181
#E4E4E4	#BC7C75	48111.1	16.5	182
#E4E4E4	#BC7C75	48111.5	16.9000000000015	182
#E4E4E4	#BC7C75	48111.9	16.5	182
#E4E4E4	#BC7C75	48111.5	16.0999999999985	182
#E4E4E4	#BC7C75	48111.1	16.5	182
#EAEAEA	#D6AAA5	48111.6	17	183
#EAEAEA	#D6AAA5	48112	17.4000000000015	183
#EAEAEA	#D6AAA5	48112.4	17	183
#EAEAEA	#D6AAA5	48112	16.5999999999985	183
#EAEAEA	#D6AAA5	48111.6	17	183
#E4E4E4	#95403B	48112.1	17.5	184
#E4E4E4	#95403B	48112.5	17.9000000000015	184
#E4E4E4	#95403B	48112.9	17.5	184
#E4E4E4	#95403B	48112.5	17.0999999999985	184
#E4E4E4	#95403B	48112.1	17.5	184
#F2F2F2	#DFBAB6	48112.6	18	185
#F2F2F2	#DFBAB6	48113	18.4000000000015	185
#F2F2F2	#DFBAB6	48113.4	18	185
#F2F2F2	#DFBAB6	48113	17.5999999999985	185
#F2F2F2	#DFBAB6	48112.6	18	185
#E9E9E9	#CF9D97	48113.1	18.5	186
#E9E9E9	#CF9D97	48113.5	18.9000000000015	186
#E9E9E9	#CF9D97	48113.9	18.5	186
#E9E9E9	#CF9D97	48113.5	18.0999999999985	186
#E9E9E9	#CF9D97	48113.1	18.5	186
#E5E5E5	#C0827B	48113.6	19	187
#E5E5E5	#C0827B	48114	19.4000000000015	187
#E5E5E5	#C0827B	48114.4	19	187
#E5E5E5	#C0827B	48114	18.5999999999985	187
#E5E5E5	#C0827B	48113.6	19	187
#FDFDFD	#F6EBEA	48114.1	19.5	188
#FDFDFD	#F6EBEA	48114.5	19.9000000000015	188
#FDFDFD	#F6EBEA	48114.9	19.5	188
#FDFDFD	#F6EBEA	48114.5	19.0999999999985	188
#FDFDFD	#F6EBEA	48114.1	19.5	188
#FEFEFE	#F8F8FB	48114.6	20	189
#FEFEFE	#F8F8FB	48115	20.4000000000015	189
#FEFEFE	#F8F8FB	48115.4	20	189
#FEFEFE	#F8F8FB	48115	19.5999999999985	189
#FEFEFE	#F8F8FB	48114.6	20	189
#F0F0F0	#D7ACA7	48115.1	20.5	190
#F0F0F0	#D7ACA7	48115.5	20.9000000000015	190
#F0F0F0	#D7ACA7	48115.9	20.5	190
#F0F0F0	#D7ACA7	48115.5	20.0999999999985	190
#F0F0F0	#D7ACA7	48115.1	20.5	190
#F0F0F0	#D8ADA7	48115.6	21	191
#F0F0F0	#D8ADA7	48116	21.4000000000015	191
#F0F0F0	#D8ADA7	48116.4	21	191
#F0F0F0	#D8ADA7	48116	20.5999999999985	191
#F0F0F0	#D8ADA7	48115.6	21	191
#F7F7F7	#E9CECA	48116.1	21.5	192
#F7F7F7	#E9CECA	48116.5	21.9000000000015	192
#F7F7F7	#E9CECA	48116.9	21.5	192
#F7F7F7	#E9CECA	48116.5	21.0999999999985	192
#F7F7F7	#E9CECA	48116.1	21.5	192
#F8F8F8	#E6C9C5	48116.6	22	193
#F8F8F8	#E6C9C5	48117	22.4000000000015	193
#F8F8F8	#E6C9C5	48117.4	22	193
#F8F8F8	#E6C9C5	48117	21.5999999999985	193
#F8F8F8	#E6C9C5	48116.6	22	193
#EFEFEF	#D7ACA7	48117.1	22.5	194
#EFEFEF	#D7ACA7	48117.5	22.9000000000015	194
#EFEFEF	#D7ACA7	48117.9	22.5	194
#EFEFEF	#D7ACA7	48117.5	22.0999999999985	194
#EFEFEF	#D7ACA7	48117.1	22.5	194
#FCFCFC	#F2E2E0	48117.6	23	195
#FCFCFC	#F2E2E0	48118	23.4000000000015	195
#FCFCFC	#F2E2E0	48118.4	23	195
#FCFCFC	#F2E2E0	48118	22.5999999999985	195
#FCFCFC	#F2E2E0	48117.6	23	195
#F8F8F8	#EAD1CE	48118.1	23.5	196
#F8F8F8	#EAD1CE	48118.5	23.9000000000015	196
#F8F8F8	#EAD1CE	48118.9	23.5	196
#F8F8F8	#EAD1CE	48118.5	23.0999999999985	196
#F8F8F8	#EAD1CE	48118.1	23.5	196
#F7F7F7	#DEB8B4	48118.6	24	197
#F7F7F7	#DEB8B4	48119	24.4000000000015	197
#F7F7F7	#DEB8B4	48119.4	24	197
#F7F7F7	#DEB8B4	48119	23.5999999999985	197
#F7F7F7	#DEB8B4	48118.6	24	197
#E9E9E9	#9D4B45	48119.1	24.5	198
#E9E9E9	#9D4B45	48119.5	24.9000000000015	198
#E9E9E9	#9D4B45	48119.9	24.5	198
#E9E9E9	#9D4B45	48119.5	24.0999999999985	198
#E9E9E9	#9D4B45	48119.1	24.5	198
#1D1D1D	#E6C8C4	48095.6	0	199
#1D1D1D	#E6C8C4	48096	0.400000000001455	199
#1D1D1D	#E6C8C4	48096.4	0	199
#1D1D1D	#E6C8C4	48096	-0.400000000001455	199
#1D1D1D	#E6C8C4	48095.6	0	199
#4C4C4C	#EBD3D0	48096.1	0.5	200
#4C4C4C	#EBD3D0	48096.5	0.900000000001455	200
#4C4C4C	#EBD3D0	48096.9	0.5	200
#4C4C4C	#EBD3D0	48096.5	0.0999999999985448	200
#4C4C4C	#EBD3D0	48096.1	0.5	200
#919191	#EED9D6	48096.6	1	201
#919191	#EED9D6	48097	1.40000000000146	201
#919191	#EED9D6	48097.4	1	201
#919191	#EED9D6	48097	0.599999999998545	201
#919191	#EED9D6	48096.6	1	201
#C5C5C5	#F3E4E2	48097.1	1.5	202
#C5C5C5	#F3E4E2	48097.5	1.90000000000146	202
#C5C5C5	#F3E4E2	48097.9	1.5	202
#C5C5C5	#F3E4E2	48097.5	1.09999999999854	202
#C5C5C5	#F3E4E2	48097.1	1.5	202
#DFDFDF	#F7ECEB	48097.6	2	203
#DFDFDF	#F7ECEB	48098	2.40000000000146	203
#DFDFDF	#F7ECEB	48098.4	2	203
#DFDFDF	#F7ECEB	48098	1.59999999999854	203
#DFDFDF	#F7ECEB	48097.6	2	203
#FCFCFC	#FCFBFD	48098.1	2.5	204
#FCFCFC	#FCFBFD	48098.5	2.90000000000146	204
#FCFCFC	#FCFBFD	48098.9	2.5	204
#FCFCFC	#FCFBFD	48098.5	2.09999999999854	204
#FCFCFC	#FCFBFD	48098.1	2.5	204
#FCFCFC	#FDFAFA	48098.6	3	205
#FCFCFC	#FDFAFA	48099	3.40000000000146	205
#FCFCFC	#FDFAFA	48099.4	3	205
#FCFCFC	#FDFAFA	48099	2.59999999999855	205
#FCFCFC	#FDFAFA	48098.6	3	205
#EBEBEB	#F4E6E4	48099.1	3.5	206
#EBEBEB	#F4E6E4	48099.5	3.90000000000146	206
#EBEBEB	#F4E6E4	48099.9	3.5	206
#EBEBEB	#F4E6E4	48099.5	3.09999999999855	206
#EBEBEB	#F4E6E4	48099.1	3.5	206
#E7E7E7	#F2E3E1	48099.6	4	207
#E7E7E7	#F2E3E1	48100	4.40000000000146	207
#E7E7E7	#F2E3E1	48100.4	4	207
#E7E7E7	#F2E3E1	48100	3.59999999999855	207
#E7E7E7	#F2E3E1	48099.6	4	207
#E1E1E1	#F0DDDB	48100.1	4.5	208
#E1E1E1	#F0DDDB	48100.5	4.90000000000146	208
#E1E1E1	#F0DDDB	48100.9	4.5	208
#E1E1E1	#F0DDDB	48100.5	4.09999999999855	208
#E1E1E1	#F0DDDB	48100.1	4.5	208
#E6E6E6	#F0DEDB	48100.6	5	209
#E6E6E6	#F0DEDB	48101	5.40000000000146	209
#E6E6E6	#F0DEDB	48101.4	5	209
#E6E6E6	#F0DEDB	48101	4.59999999999855	209
#E6E6E6	#F0DEDB	48100.6	5	209
#DDDDDD	#E8CDCA	48101.1	5.5	210
#DDDDDD	#E8CDCA	48101.5	5.90000000000146	210
#DDDDDD	#E8CDCA	48101.9	5.5	210
#DDDDDD	#E8CDCA	48101.5	5.09999999999855	210
#DDDDDD	#E8CDCA	48101.1	5.5	210
#FDFDFD	#FCF8F8	48101.6	6	211
#FDFDFD	#FCF8F8	48102	6.40000000000146	211
#FDFDFD	#FCF8F8	48102.4	6	211
#FDFDFD	#FCF8F8	48102	5.59999999999855	211
#FDFDFD	#FCF8F8	48101.6	6	211
#EBEBEB	#EAD0CD	48102.1	6.5	212
#EBEBEB	#EAD0CD	48102.5	6.90000000000146	212
#EBEBEB	#EAD0CD	48102.9	6.5	212
#EBEBEB	#EAD0CD	48102.5	6.09999999999855	212
#EBEBEB	#EAD0CD	48102.1	6.5	212
#FFFFFF	#FEFDFD	48102.6	7	213
#FFFFFF	#FEFDFD	48103	7.40000000000146	213
#FFFFFF	#FEFDFD	48103.4	7	213
#FFFFFF	#FEFDFD	48103	6.59999999999855	213
#FFFFFF	#FEFDFD	48102.6	7	213
#ECECEC	#EBD2CF	48103.1	7.5	214
#ECECEC	#EBD2CF	48103.5	7.90000000000146	214
#ECECEC	#EBD2CF	48103.9	7.5	214
#ECECEC	#EBD2CF	48103.5	7.09999999999855	214
#ECECEC	#EBD2CF	48103.1	7.5	214
#FCFCFC	#FAF3F2	48103.6	8	215
#FCFCFC	#FAF3F2	48104	8.40000000000146	215
#FCFCFC	#FAF3F2	48104.4	8	215
#FCFCFC	#FAF3F2	48104	7.59999999999855	215
#FCFCFC	#FAF3F2	48103.6	8	215
#F5F5F5	#EFDCD9	48104.1	8.5	216
#F5F5F5	#EFDCD9	48104.5	8.90000000000146	216
#F5F5F5	#EFDCD9	48104.9	8.5	216
#F5F5F5	#EFDCD9	48104.5	8.09999999999855	216
#F5F5F5	#EFDCD9	48104.1	8.5	216
#E8E8E8	#E4C4C0	48104.6	9	217
#E8E8E8	#E4C4C0	48105	9.40000000000146	217
#E8E8E8	#E4C4C0	48105.4	9	217
#E8E8E8	#E4C4C0	48105	8.59999999999855	217
#E8E8E8	#E4C4C0	48104.6	9	217
#F1F1F1	#E5C6C2	48105.1	9.5	218
#F1F1F1	#E5C6C2	48105.5	9.90000000000146	218
#F1F1F1	#E5C6C2	48105.9	9.5	218
#F1F1F1	#E5C6C2	48105.5	9.09999999999854	218
#F1F1F1	#E5C6C2	48105.1	9.5	218
#F5F5F5	#EED8D6	48105.6	10	219
#F5F5F5	#EED8D6	48106	10.4000000000015	219
#F5F5F5	#EED8D6	48106.4	10	219
#F5F5F5	#EED8D6	48106	9.59999999999854	219
#F5F5F5	#EED8D6	48105.6	10	219
#F9F9F9	#F4E6E4	48106.1	10.5	220
#F9F9F9	#F4E6E4	48106.5	10.9000000000015	220
#F9F9F9	#F4E6E4	48106.9	10.5	220
#F9F9F9	#F4E6E4	48106.5	10.0999999999985	220
#F9F9F9	#F4E6E4	48106.1	10.5	220
#EFEFEF	#E6C9C5	48106.6	11	221
#EFEFEF	#E6C9C5	48107	11.4000000000015	221
#EFEFEF	#E6C9C5	48107.4	11	221
#EFEFEF	#E6C9C5	48107	10.5999999999985	221
#EFEFEF	#E6C9C5	48106.6	11	221
#D9D9D9	#C1857E	48107.1	11.5	222
#D9D9D9	#C1857E	48107.5	11.9000000000015	222
#D9D9D9	#C1857E	48107.9	11.5	222
#D9D9D9	#C1857E	48107.5	11.0999999999985	222
#D9D9D9	#C1857E	48107.1	11.5	222
#F9F9F9	#F2E2E0	48107.6	12	223
#F9F9F9	#F2E2E0	48108	12.4000000000015	223
#F9F9F9	#F2E2E0	48108.4	12	223
#F9F9F9	#F2E2E0	48108	11.5999999999985	223
#F9F9F9	#F2E2E0	48107.6	12	223
#EEEEEE	#DEB8B3	48108.1	12.5	224
#EEEEEE	#DEB8B3	48108.5	12.9000000000015	224
#EEEEEE	#DEB8B3	48108.9	12.5	224
#EEEEEE	#DEB8B3	48108.5	12.0999999999985	224
#EEEEEE	#DEB8B3	48108.1	12.5	224
#F5F5F5	#EFDAD8	48108.6	13	225
#F5F5F5	#EFDAD8	48109	13.4000000000015	225
#F5F5F5	#EFDAD8	48109.4	13	225
#F5F5F5	#EFDAD8	48109	12.5999999999985	225
#F5F5F5	#EFDAD8	48108.6	13	225
#FCFCFC	#F9F2F1	48109.1	13.5	226
#FCFCFC	#F9F2F1	48109.5	13.9000000000015	226
#FCFCFC	#F9F2F1	48109.9	13.5	226
#FCFCFC	#F9F2F1	48109.5	13.0999999999985	226
#FCFCFC	#F9F2F1	48109.1	13.5	226
#EBEBEB	#DFBBB7	48109.6	14	227
#EBEBEB	#DFBBB7	48110	14.4000000000015	227
#EBEBEB	#DFBBB7	48110.4	14	227
#EBEBEB	#DFBBB7	48110	13.5999999999985	227
#EBEBEB	#DFBBB7	48109.6	14	227
#EBEBEB	#D8ADA7	48110.1	14.5	228
#EBEBEB	#D8ADA7	48110.5	14.9000000000015	228
#EBEBEB	#D8ADA7	48110.9	14.5	228
#EBEBEB	#D8ADA7	48110.5	14.0999999999985	228
#EBEBEB	#D8ADA7	48110.1	14.5	228
#E2E2E2	#C78E88	48110.6	15	229
#E2E2E2	#C78E88	48111	15.4000000000015	229
#E2E2E2	#C78E88	48111.4	15	229
#E2E2E2	#C78E88	48111	14.5999999999985	229
#E2E2E2	#C78E88	48110.6	15	229
#F4F4F4	#E1BFBA	48111.1	15.5	230
#F4F4F4	#E1BFBA	48111.5	15.9000000000015	230
#F4F4F4	#E1BFBA	48111.9	15.5	230
#F4F4F4	#E1BFBA	48111.5	15.0999999999985	230
#F4F4F4	#E1BFBA	48111.1	15.5	230
#F5F5F5	#E9CFCB	48111.6	16	231
#F5F5F5	#E9CFCB	48112	16.4000000000015	231
#F5F5F5	#E9CFCB	48112.4	16	231
#F5F5F5	#E9CFCB	48112	15.5999999999985	231
#F5F5F5	#E9CFCB	48111.6	16	231
#EFEFEF	#DBB3AD	48112.1	16.5	232
#EFEFEF	#DBB3AD	48112.5	16.9000000000015	232
#EFEFEF	#DBB3AD	48112.9	16.5	232
#EFEFEF	#DBB3AD	48112.5	16.0999999999985	232
#EFEFEF	#DBB3AD	48112.1	16.5	232
#F6F6F6	#E6C9C5	48112.6	17	233
#F6F6F6	#E6C9C5	48113	17.4000000000015	233
#F6F6F6	#E6C9C5	48113.4	17	233
#F6F6F6	#E6C9C5	48113	16.5999999999985	233
#F6F6F6	#E6C9C5	48112.6	17	233
#F6F6F6	#E0BDB9	48113.1	17.5	234
#F6F6F6	#E0BDB9	48113.5	17.9000000000015	234
#F6F6F6	#E0BDB9	48113.9	17.5	234
#F6F6F6	#E0BDB9	48113.5	17.0999999999985	234
#F6F6F6	#E0BDB9	48113.1	17.5	234
#ECECEC	#A3554E	48113.6	18	235
#ECECEC	#A3554E	48114	18.4000000000015	235
#ECECEC	#A3554E	48114.4	18	235
#ECECEC	#A3554E	48114	17.5999999999985	235
#ECECEC	#A3554E	48113.6	18	235
#F0F0F0	#E1BFBB	48114.1	18.5	236
#F0F0F0	#E1BFBB	48114.5	18.9000000000015	236
#F0F0F0	#E1BFBB	48114.9	18.5	236
#F0F0F0	#E1BFBB	48114.5	18.0999999999985	236
#F0F0F0	#E1BFBB	48114.1	18.5	236
#EBEBEB	#D8ADA8	48114.6	19	237
#EBEBEB	#D8ADA8	48115	19.4000000000015	237
#EBEBEB	#D8ADA8	48115.4	19	237
#EBEBEB	#D8ADA8	48115	18.5999999999985	237
#EBEBEB	#D8ADA8	48114.6	19	237
#FAFAFA	#F3E3E1	48115.1	19.5	238
#FAFAFA	#F3E3E1	48115.5	19.9000000000015	238
#FAFAFA	#F3E3E1	48115.9	19.5	238
#FAFAFA	#F3E3E1	48115.5	19.0999999999985	238
#FAFAFA	#F3E3E1	48115.1	19.5	238
#FDFDFD	#FAF3F2	48115.6	20	239
#FDFDFD	#FAF3F2	48116	20.4000000000015	239
#FDFDFD	#FAF3F2	48116.4	20	239
#FDFDFD	#FAF3F2	48116	19.5999999999985	239
#FDFDFD	#FAF3F2	48115.6	20	239
#F7F7F7	#E3C3BF	48116.1	20.5	240
#F7F7F7	#E3C3BF	48116.5	20.9000000000015	240
#F7F7F7	#E3C3BF	48116.9	20.5	240
#F7F7F7	#E3C3BF	48116.5	20.0999999999985	240
#F7F7F7	#E3C3BF	48116.1	20.5	240
#DFDFDF	#8E3632	48116.6	21	241
#DFDFDF	#8E3632	48117	21.4000000000015	241
#DFDFDF	#8E3632	48117.4	21	241
#DFDFDF	#8E3632	48117	20.5999999999985	241
#DFDFDF	#8E3632	48116.6	21	241
#EBEBEB	#D1A19B	48117.1	21.5	242
#EBEBEB	#D1A19B	48117.5	21.9000000000015	242
#EBEBEB	#D1A19B	48117.9	21.5	242
#EBEBEB	#D1A19B	48117.5	21.0999999999985	242
#EBEBEB	#D1A19B	48117.1	21.5	242
#F6F6F6	#EBD3D0	48117.6	22	243
#F6F6F6	#EBD3D0	48118	22.4000000000015	243
#F6F6F6	#EBD3D0	48118.4	22	243
#F6F6F6	#EBD3D0	48118	21.5999999999985	243
#F6F6F6	#EBD3D0	48117.6	22	243
#F7F7F7	#EAD0CD	48118.1	22.5	244
#F7F7F7	#EAD0CD	48118.5	22.9000000000015	244
#F7F7F7	#EAD0CD	48118.9	22.5	244
#F7F7F7	#EAD0CD	48118.5	22.0999999999985	244
#F7F7F7	#EAD0CD	48118.1	22.5	244
#FCFCFC	#ECD6D3	48118.6	23	245
#FCFCFC	#ECD6D3	48119	23.4000000000015	245
#FCFCFC	#ECD6D3	48119.4	23	245
#FCFCFC	#ECD6D3	48119	22.5999999999985	245
#FCFCFC	#ECD6D3	48118.6	23	245
#F0F0F0	#D9B0AB	48119.1	23.5	246
#F0F0F0	#D9B0AB	48119.5	23.9000000000015	246
#F0F0F0	#D9B0AB	48119.9	23.5	246
#F0F0F0	#D9B0AB	48119.5	23.0999999999985	246
#F0F0F0	#D9B0AB	48119.1	23.5	246
#F8F8F8	#E1BFBA	48119.6	24	247
#F8F8F8	#E1BFBA	48120	24.4000000000015	247
#F8F8F8	#E1BFBA	48120.4	24	247
#F8F8F8	#E1BFBA	48120	23.5999999999985	247
#F8F8F8	#E1BFBA	48119.6	24	247
#F8F8F8	#DEB8B3	48120.1	24.5	248
#F8F8F8	#DEB8B3	48120.5	24.9000000000015	248
#F8F8F8	#DEB8B3	48120.9	24.5	248
#F8F8F8	#DEB8B3	48120.5	24.0999999999985	248
#F8F8F8	#DEB8B3	48120.1	24.5	248
#AEAEAE	#F7EDEC	48096.6	0	249
#AEAEAE	#F7EDEC	48097	0.400000000001455	249
#AEAEAE	#F7EDEC	48097.4	0	249
#AEAEAE	#F7EDEC	48097	-0.400000000001455	249
#AEAEAE	#F7EDEC	48096.6	0	249
#E6E6E6	#FBF6F5	48097.1	0.5	250
#E6E6E6	#FBF6F5	48097.5	0.900000000001455	250
#E6E6E6	#FBF6F5	48097.9	0.5	250
#E6E6E6	#FBF6F5	48097.5	0.0999999999985448	250
#E6E6E6	#FBF6F5	48097.1	0.5	250
#F6F6F6	#FDFAFA	48097.6	1	251
#F6F6F6	#FDFAFA	48098	1.40000000000146	251
#F6F6F6	#FDFAFA	48098.4	1	251
#F6F6F6	#FDFAFA	48098	0.599999999998545	251
#F6F6F6	#FDFAFA	48097.6	1	251
#C0C0C0	#F0EEF7	48098.1	1.5	252
#C0C0C0	#F0EEF7	48098.5	1.90000000000146	252
#C0C0C0	#F0EEF7	48098.9	1.5	252
#C0C0C0	#F0EEF7	48098.5	1.09999999999854	252
#C0C0C0	#F0EEF7	48098.1	1.5	252
#7E7E7E	#E5E1F1	48098.6	2	253
#7E7E7E	#E5E1F1	48099	2.40000000000146	253
#7E7E7E	#E5E1F1	48099.4	2	253
#7E7E7E	#E5E1F1	48099	1.59999999999854	253
#7E7E7E	#E5E1F1	48098.6	2	253
#BEBEBE	#EDEAF5	48099.1	2.5	254
#BEBEBE	#EDEAF5	48099.5	2.90000000000146	254
#BEBEBE	#EDEAF5	48099.9	2.5	254
#BEBEBE	#EDEAF5	48099.5	2.09999999999854	254
#BEBEBE	#EDEAF5	48099.1	2.5	254
#F7F7F7	#F9F9FC	48099.6	3	255
#F7F7F7	#F9F9FC	48100	3.40000000000146	255
#F7F7F7	#F9F9FC	48100.4	3	255
#F7F7F7	#F9F9FC	48100	2.59999999999855	255
#F7F7F7	#F9F9FC	48099.6	3	255
#F9F9F9	#FCF9F9	48100.1	3.5	256
#F9F9F9	#FCF9F9	48100.5	3.90000000000146	256
#F9F9F9	#FCF9F9	48100.9	3.5	256
#F9F9F9	#FCF9F9	48100.5	3.09999999999855	256
#F9F9F9	#FCF9F9	48100.1	3.5	256
#FBFBFB	#FDFAFA	48100.6	4	257
#FBFBFB	#FDFAFA	48101	4.40000000000146	257
#FBFBFB	#FDFAFA	48101.4	4	257
#FBFBFB	#FDFAFA	48101	3.59999999999855	257
#FBFBFB	#FDFAFA	48100.6	4	257
#FBFBFB	#FBFBFD	48101.1	4.5	258
#FBFBFB	#FBFBFD	48101.5	4.90000000000146	258
#FBFBFB	#FBFBFD	48101.9	4.5	258
#FBFBFB	#FBFBFD	48101.5	4.09999999999855	258
#FBFBFB	#FBFBFD	48101.1	4.5	258
#FDFDFD	#FEFDFC	48101.6	5	259
#FDFDFD	#FEFDFC	48102	5.40000000000146	259
#FDFDFD	#FEFDFC	48102.4	5	259
#FDFDFD	#FEFDFC	48102	4.59999999999855	259
#FDFDFD	#FEFDFC	48101.6	5	259
#FFFFFF	#FFFEFE	48102.1	5.5	260
#FFFFFF	#FFFEFE	48102.5	5.90000000000146	260
#FFFFFF	#FFFEFE	48102.9	5.5	260
#FFFFFF	#FFFEFE	48102.5	5.09999999999855	260
#FFFFFF	#FFFEFE	48102.1	5.5	260
#E6E6E6	#F6EAE8	48102.6	6	261
#E6E6E6	#F6EAE8	48103	6.40000000000146	261
#E6E6E6	#F6EAE8	48103.4	6	261
#E6E6E6	#F6EAE8	48103	5.59999999999855	261
#E6E6E6	#F6EAE8	48102.6	6	261
#EFEFEF	#F7ECEA	48103.1	6.5	262
#EFEFEF	#F7ECEA	48103.5	6.90000000000146	262
#EFEFEF	#F7ECEA	48103.9	6.5	262
#EFEFEF	#F7ECEA	48103.5	6.09999999999855	262
#EFEFEF	#F7ECEA	48103.1	6.5	262
#FEFEFE	#FEFDFE	48103.6	7	263
#FEFEFE	#FEFDFE	48104	7.40000000000146	263
#FEFEFE	#FEFDFE	48104.4	7	263
#FEFEFE	#FEFDFE	48104	6.59999999999855	263
#FEFEFE	#FEFDFE	48103.6	7	263
#FEFEFE	#FEFDFD	48104.1	7.5	264
#FEFEFE	#FEFDFD	48104.5	7.90000000000146	264
#FEFEFE	#FEFDFD	48104.9	7.5	264
#FEFEFE	#FEFDFD	48104.5	7.09999999999855	264
#FEFEFE	#FEFDFD	48104.1	7.5	264
#FDFDFD	#FDF9F9	48104.6	8	265
#FDFDFD	#FDF9F9	48105	8.40000000000146	265
#FDFDFD	#FDF9F9	48105.4	8	265
#FDFDFD	#FDF9F9	48105	7.59999999999855	265
#FDFDFD	#FDF9F9	48104.6	8	265
#E9E9E9	#F3E3E1	48105.1	8.5	266
#E9E9E9	#F3E3E1	48105.5	8.90000000000146	266
#E9E9E9	#F3E3E1	48105.9	8.5	266
#E9E9E9	#F3E3E1	48105.5	8.09999999999855	266
#E9E9E9	#F3E3E1	48105.1	8.5	266
#E5E5E5	#F0DEDB	48105.6	9	267
#E5E5E5	#F0DEDB	48106	9.40000000000146	267
#E5E5E5	#F0DEDB	48106.4	9	267
#E5E5E5	#F0DEDB	48106	8.59999999999855	267
#E5E5E5	#F0DEDB	48105.6	9	267
#F7F7F7	#F9F0EF	48106.1	9.5	268
#F7F7F7	#F9F0EF	48106.5	9.90000000000146	268
#F7F7F7	#F9F0EF	48106.9	9.5	268
#F7F7F7	#F9F0EF	48106.5	9.09999999999854	268
#F7F7F7	#F9F0EF	48106.1	9.5	268
#EFEFEF	#F5E7E5	48106.6	10	269
#EFEFEF	#F5E7E5	48107	10.4000000000015	269
#EFEFEF	#F5E7E5	48107.4	10	269
#EFEFEF	#F5E7E5	48107	9.59999999999854	269
#EFEFEF	#F5E7E5	48106.6	10	269
#DFDFDF	#EBD4D1	48107.1	10.5	270
#DFDFDF	#EBD4D1	48107.5	10.9000000000015	270
#DFDFDF	#EBD4D1	48107.9	10.5	270
#DFDFDF	#EBD4D1	48107.5	10.0999999999985	270
#DFDFDF	#EBD4D1	48107.1	10.5	270
#CACACA	#E6C9C5	48107.6	11	271
#CACACA	#E6C9C5	48108	11.4000000000015	271
#CACACA	#E6C9C5	48108.4	11	271
#CACACA	#E6C9C5	48108	10.5999999999985	271
#CACACA	#E6C9C5	48107.6	11	271
#AEAEAE	#DDB8B3	48108.1	11.5	272
#AEAEAE	#DDB8B3	48108.5	11.9000000000015	272
#AEAEAE	#DDB8B3	48108.9	11.5	272
#AEAEAE	#DDB8B3	48108.5	11.0999999999985	272
#AEAEAE	#DDB8B3	48108.1	11.5	272
#BDBDBD	#DCB5B0	48108.6	12	273
#BDBDBD	#DCB5B0	48109	12.4000000000015	273
#BDBDBD	#DCB5B0	48109.4	12	273
#BDBDBD	#DCB5B0	48109	11.5999999999985	273
#BDBDBD	#DCB5B0	48108.6	12	273
#A6A6A6	#D5A7A1	48109.1	12.5	274
#A6A6A6	#D5A7A1	48109.5	12.9000000000015	274
#A6A6A6	#D5A7A1	48109.9	12.5	274
#A6A6A6	#D5A7A1	48109.5	12.0999999999985	274
#A6A6A6	#D5A7A1	48109.1	12.5	274
#E5E5E5	#EDD6D3	48109.6	13	275
#E5E5E5	#EDD6D3	48110	13.4000000000015	275
#E5E5E5	#EDD6D3	48110.4	13	275
#E5E5E5	#EDD6D3	48110	12.5999999999985	275
#E5E5E5	#EDD6D3	48109.6	13	275
#C4C4C4	#DAB1AC	48110.1	13.5	276
#C4C4C4	#DAB1AC	48110.5	13.9000000000015	276
#C4C4C4	#DAB1AC	48110.9	13.5	276
#C4C4C4	#DAB1AC	48110.5	13.0999999999985	276
#C4C4C4	#DAB1AC	48110.1	13.5	276
#D5D5D5	#E0BCB8	48110.6	14	277
#D5D5D5	#E0BCB8	48111	14.4000000000015	277
#D5D5D5	#E0BCB8	48111.4	14	277
#D5D5D5	#E0BCB8	48111	13.5999999999985	277
#D5D5D5	#E0BCB8	48110.6	14	277
#D1D1D1	#E0BDB9	48111.1	14.5	278
#D1D1D1	#E0BDB9	48111.5	14.9000000000015	278
#D1D1D1	#E0BDB9	48111.9	14.5	278
#D1D1D1	#E0BDB9	48111.5	14.0999999999985	278
#D1D1D1	#E0BDB9	48111.1	14.5	278
#E9E9E9	#EDD6D3	48111.6	15	279
#E9E9E9	#EDD6D3	48112	15.4000000000015	279
#E9E9E9	#EDD6D3	48112.4	15	279
#E9E9E9	#EDD6D3	48112	14.5999999999985	279
#E9E9E9	#EDD6D3	48111.6	15	279
#CBCBCB	#D4A6A0	48112.1	15.5	280
#CBCBCB	#D4A6A0	48112.5	15.9000000000015	280
#CBCBCB	#D4A6A0	48112.9	15.5	280
#CBCBCB	#D4A6A0	48112.5	15.0999999999985	280
#CBCBCB	#D4A6A0	48112.1	15.5	280
#E3E3E3	#E7CBC7	48112.6	16	281
#E3E3E3	#E7CBC7	48113	16.4000000000015	281
#E3E3E3	#E7CBC7	48113.4	16	281
#E3E3E3	#E7CBC7	48113	15.5999999999985	281
#E3E3E3	#E7CBC7	48112.6	16	281
#E9E9E9	#E8CCC9	48113.1	16.5	282
#E9E9E9	#E8CCC9	48113.5	16.9000000000015	282
#E9E9E9	#E8CCC9	48113.9	16.5	282
#E9E9E9	#E8CCC9	48113.5	16.0999999999985	282
#E9E9E9	#E8CCC9	48113.1	16.5	282
#E7E7E7	#E3C3BF	48113.6	17	283
#E7E7E7	#E3C3BF	48114	17.4000000000015	283
#E7E7E7	#E3C3BF	48114.4	17	283
#E7E7E7	#E3C3BF	48114	16.5999999999985	283
#E7E7E7	#E3C3BF	48113.6	17	283
#DCDCDC	#E5C6C2	48114.1	17.5	284
#DCDCDC	#E5C6C2	48114.5	17.9000000000015	284
#DCDCDC	#E5C6C2	48114.9	17.5	284
#DCDCDC	#E5C6C2	48114.5	17.0999999999985	284
#DCDCDC	#E5C6C2	48114.1	17.5	284
#D0D0D0	#D8ADA8	48114.6	18	285
#D0D0D0	#D8ADA8	48115	18.4000000000015	285
#D0D0D0	#D8ADA8	48115.4	18	285
#D0D0D0	#D8ADA8	48115	17.5999999999985	285
#D0D0D0	#D8ADA8	48114.6	18	285
#F1F1F1	#EDD7D5	48115.1	18.5	286
#F1F1F1	#EDD7D5	48115.5	18.9000000000015	286
#F1F1F1	#EDD7D5	48115.9	18.5	286
#F1F1F1	#EDD7D5	48115.5	18.0999999999985	286
#F1F1F1	#EDD7D5	48115.1	18.5	286
#CFCFCF	#DAB2AD	48115.6	19	287
#CFCFCF	#DAB2AD	48116	19.4000000000015	287
#CFCFCF	#DAB2AD	48116.4	19	287
#CFCFCF	#DAB2AD	48116	18.5999999999985	287
#CFCFCF	#DAB2AD	48115.6	19	287
#E3E3E3	#E4C5C1	48116.1	19.5	288
#E3E3E3	#E4C5C1	48116.5	19.9000000000015	288
#E3E3E3	#E4C5C1	48116.9	19.5	288
#E3E3E3	#E4C5C1	48116.5	19.0999999999985	288
#E3E3E3	#E4C5C1	48116.1	19.5	288
#E6E6E6	#EAD1CD	48116.6	20	289
#E6E6E6	#EAD1CD	48117	20.4000000000015	289
#E6E6E6	#EAD1CD	48117.4	20	289
#E6E6E6	#EAD1CD	48117	19.5999999999985	289
#E6E6E6	#EAD1CD	48116.6	20	289
#EEEEEE	#EAD0CD	48117.1	20.5	290
#EEEEEE	#EAD0CD	48117.5	20.9000000000015	290
#EEEEEE	#EAD0CD	48117.9	20.5	290
#EEEEEE	#EAD0CD	48117.5	20.0999999999985	290
#EEEEEE	#EAD0CD	48117.1	20.5	290
#D3D3D3	#D6A9A3	48117.6	21	291
#D3D3D3	#D6A9A3	48118	21.4000000000015	291
#D3D3D3	#D6A9A3	48118.4	21	291
#D3D3D3	#D6A9A3	48118	20.5999999999985	291
#D3D3D3	#D6A9A3	48117.6	21	291
#DCDCDC	#DDB7B2	48118.1	21.5	292
#DCDCDC	#DDB7B2	48118.5	21.9000000000015	292
#DCDCDC	#DDB7B2	48118.9	21.5	292
#DCDCDC	#DDB7B2	48118.5	21.0999999999985	292
#DCDCDC	#DDB7B2	48118.1	21.5	292
#D4D4D4	#DAB2AC	48118.6	22	293
#D4D4D4	#DAB2AC	48119	22.4000000000015	293
#D4D4D4	#DAB2AC	48119.4	22	293
#D4D4D4	#DAB2AC	48119	21.5999999999985	293
#D4D4D4	#DAB2AC	48118.6	22	293
#EFEFEF	#EBD2CF	48119.1	22.5	294
#EFEFEF	#EBD2CF	48119.5	22.9000000000015	294
#EFEFEF	#EBD2CF	48119.9	22.5	294
#EFEFEF	#EBD2CF	48119.5	22.0999999999985	294
#EFEFEF	#EBD2CF	48119.1	22.5	294
#F2F2F2	#EDD7D4	48119.6	23	295
#F2F2F2	#EDD7D4	48120	23.4000000000015	295
#F2F2F2	#EDD7D4	48120.4	23	295
#F2F2F2	#EDD7D4	48120	22.5999999999985	295
#F2F2F2	#EDD7D4	48119.6	23	295
#DDDDDD	#D8ACA7	48120.1	23.5	296
#DDDDDD	#D8ACA7	48120.5	23.9000000000015	296
#DDDDDD	#D8ACA7	48120.9	23.5	296
#DDDDDD	#D8ACA7	48120.5	23.0999999999985	296
#DDDDDD	#D8ACA7	48120.1	23.5	296
#F7F7F7	#F0DEDB	48120.6	24	297
#F7F7F7	#F0DEDB	48121	24.4000000000015	297
#F7F7F7	#F0DEDB	48121.4	24	297
#F7F7F7	#F0DEDB	48121	23.5999999999985	297
#F7F7F7	#F0DEDB	48120.6	24	297
#DDDDDD	#D7ACA6	48121.1	24.5	298
#DDDDDD	#D7ACA6	48121.5	24.9000000000015	298
#DDDDDD	#D7ACA6	48121.9	24.5	298
#DDDDDD	#D7ACA6	48121.5	24.0999999999985	298
#DDDDDD	#D7ACA6	48121.1	24.5	298
#ACACAC	#F7EDEC	48097.6	0	299
#ACACAC	#F7EDEC	48098	0.400000000001455	299
#ACACAC	#F7EDEC	48098.4	0	299
#ACACAC	#F7EDEC	48098	-0.400000000001455	299
#ACACAC	#F7EDEC	48097.6	0	299
#EBEBEB	#FCF8F7	48098.1	0.5	300
#EBEBEB	#FCF8F7	48098.5	0.900000000001455	300
#EBEBEB	#FCF8F7	48098.9	0.5	300
#EBEBEB	#FCF8F7	48098.5	0.0999999999985448	300
#EBEBEB	#FCF8F7	48098.1	0.5	300
#FCFCFC	#FDFDFE	48098.6	1	301
#FCFCFC	#FDFDFE	48099	1.40000000000146	301
#FCFCFC	#FDFDFE	48099.4	1	301
#FCFCFC	#FDFDFE	48099	0.599999999998545	301
#FCFCFC	#FDFDFE	48098.6	1	301
#F9F9F9	#FDFBFB	48099.1	1.5	302
#F9F9F9	#FDFBFB	48099.5	1.90000000000146	302
#F9F9F9	#FDFBFB	48099.9	1.5	302
#F9F9F9	#FDFBFB	48099.5	1.09999999999854	302
#F9F9F9	#FDFBFB	48099.1	1.5	302
#F8F8F8	#FDFAFA	48099.6	2	303
#F8F8F8	#FDFAFA	48100	2.40000000000146	303
#F8F8F8	#FDFAFA	48100.4	2	303
#F8F8F8	#FDFAFA	48100	1.59999999999854	303
#F8F8F8	#FDFAFA	48099.6	2	303
#F9F9F9	#FDFAFA	48100.1	2.5	304
#F9F9F9	#FDFAFA	48100.5	2.90000000000146	304
#F9F9F9	#FDFAFA	48100.9	2.5	304
#F9F9F9	#FDFAFA	48100.5	2.09999999999854	304
#F9F9F9	#FDFAFA	48100.1	2.5	304
#D2D2D2	#F7ECEA	48100.6	3	305
#D2D2D2	#F7ECEA	48101	3.40000000000146	305
#D2D2D2	#F7ECEA	48101.4	3	305
#D2D2D2	#F7ECEA	48101	2.59999999999855	305
#D2D2D2	#F7ECEA	48100.6	3	305
#E8E8E8	#F9F1F0	48101.1	3.5	306
#E8E8E8	#F9F1F0	48101.5	3.90000000000146	306
#E8E8E8	#F9F1F0	48101.9	3.5	306
#E8E8E8	#F9F1F0	48101.5	3.09999999999855	306
#E8E8E8	#F9F1F0	48101.1	3.5	306
#D8D8D8	#F7ECEB	48101.6	4	307
#D8D8D8	#F7ECEB	48102	4.40000000000146	307
#D8D8D8	#F7ECEB	48102.4	4	307
#D8D8D8	#F7ECEB	48102	3.59999999999855	307
#D8D8D8	#F7ECEB	48101.6	4	307
#DDDDDD	#F6EBEA	48102.1	4.5	308
#DDDDDD	#F6EBEA	48102.5	4.90000000000146	308
#DDDDDD	#F6EBEA	48102.9	4.5	308
#DDDDDD	#F6EBEA	48102.5	4.09999999999855	308
#DDDDDD	#F6EBEA	48102.1	4.5	308
#F1F1F1	#FAF3F2	48102.6	5	309
#F1F1F1	#FAF3F2	48103	5.40000000000146	309
#F1F1F1	#FAF3F2	48103.4	5	309
#F1F1F1	#FAF3F2	48103	4.59999999999855	309
#F1F1F1	#FAF3F2	48102.6	5	309
#DFDFDF	#F5E8E6	48103.1	5.5	310
#DFDFDF	#F5E8E6	48103.5	5.90000000000146	310
#DFDFDF	#F5E8E6	48103.9	5.5	310
#DFDFDF	#F5E8E6	48103.5	5.09999999999855	310
#DFDFDF	#F5E8E6	48103.1	5.5	310
#DBDBDB	#F4E6E4	48103.6	6	311
#DBDBDB	#F4E6E4	48104	6.40000000000146	311
#DBDBDB	#F4E6E4	48104.4	6	311
#DBDBDB	#F4E6E4	48104	5.59999999999855	311
#DBDBDB	#F4E6E4	48103.6	6	311
#F8F8F8	#FBF6F5	48104.1	6.5	312
#F8F8F8	#FBF6F5	48104.5	6.90000000000146	312
#F8F8F8	#FBF6F5	48104.9	6.5	312
#F8F8F8	#FBF6F5	48104.5	6.09999999999855	312
#F8F8F8	#FBF6F5	48104.1	6.5	312
#FDFDFD	#FCFCFD	48104.6	7	313
#FDFDFD	#FCFCFD	48105	7.40000000000146	313
#FDFDFD	#FCFCFD	48105.4	7	313
#FDFDFD	#FCFCFD	48105	6.59999999999855	313
#FDFDFD	#FCFCFD	48104.6	7	313
#E3E3E3	#F3E4E2	48105.1	7.5	314
#E3E3E3	#F3E4E2	48105.5	7.90000000000146	314
#E3E3E3	#F3E4E2	48105.9	7.5	314
#E3E3E3	#F3E4E2	48105.5	7.09999999999855	314
#E3E3E3	#F3E4E2	48105.1	7.5	314
#DDDDDD	#F0DEDB	48105.6	8	315
#DDDDDD	#F0DEDB	48106	8.40000000000146	315
#DDDDDD	#F0DEDB	48106.4	8	315
#DDDDDD	#F0DEDB	48106	7.59999999999855	315
#DDDDDD	#F0DEDB	48105.6	8	315
#F5F5F5	#F8F0EF	48106.1	8.5	316
#F5F5F5	#F8F0EF	48106.5	8.90000000000146	316
#F5F5F5	#F8F0EF	48106.9	8.5	316
#F5F5F5	#F8F0EF	48106.5	8.09999999999855	316
#F5F5F5	#F8F0EF	48106.1	8.5	316
#F3F3F3	#F7EEEC	48106.6	9	317
#F3F3F3	#F7EEEC	48107	9.40000000000146	317
#F3F3F3	#F7EEEC	48107.4	9	317
#F3F3F3	#F7EEEC	48107	8.59999999999855	317
#F3F3F3	#F7EEEC	48106.6	9	317
#D5D5D5	#EED8D5	48107.1	9.5	318
#D5D5D5	#EED8D5	48107.5	9.90000000000146	318
#D5D5D5	#EED8D5	48107.9	9.5	318
#D5D5D5	#EED8D5	48107.5	9.09999999999854	318
#D5D5D5	#EED8D5	48107.1	9.5	318
#E8E8E8	#F2E2E0	48107.6	10	319
#E8E8E8	#F2E2E0	48108	10.4000000000015	319
#E8E8E8	#F2E2E0	48108.4	10	319
#E8E8E8	#F2E2E0	48108	9.59999999999854	319
#E8E8E8	#F2E2E0	48107.6	10	319
#DFDFDF	#EEDAD7	48108.1	10.5	320
#DFDFDF	#EEDAD7	48108.5	10.9000000000015	320
#DFDFDF	#EEDAD7	48108.9	10.5	320
#DFDFDF	#EEDAD7	48108.5	10.0999999999985	320
#DFDFDF	#EEDAD7	48108.1	10.5	320
#C3C3C3	#E8CECA	48108.6	11	321
#C3C3C3	#E8CECA	48109	11.4000000000015	321
#C3C3C3	#E8CECA	48109.4	11	321
#C3C3C3	#E8CECA	48109	10.5999999999985	321
#C3C3C3	#E8CECA	48108.6	11	321
#CACACA	#E8CDC9	48109.1	11.5	322
#CACACA	#E8CDC9	48109.5	11.9000000000015	322
#CACACA	#E8CDC9	48109.9	11.5	322
#CACACA	#E8CDC9	48109.5	11.0999999999985	322
#CACACA	#E8CDC9	48109.1	11.5	322
#AFAFAF	#DBB3AE	48109.6	12	323
#AFAFAF	#DBB3AE	48110	12.4000000000015	323
#AFAFAF	#DBB3AE	48110.4	12	323
#AFAFAF	#DBB3AE	48110	11.5999999999985	323
#AFAFAF	#DBB3AE	48109.6	12	323
#C6C6C6	#E4C4C0	48110.1	12.5	324
#C6C6C6	#E4C4C0	48110.5	12.9000000000015	324
#C6C6C6	#E4C4C0	48110.9	12.5	324
#C6C6C6	#E4C4C0	48110.5	12.0999999999985	324
#C6C6C6	#E4C4C0	48110.1	12.5	324
#D3D3D3	#E6C9C5	48110.6	13	325
#D3D3D3	#E6C9C5	48111	13.4000000000015	325
#D3D3D3	#E6C9C5	48111.4	13	325
#D3D3D3	#E6C9C5	48111	12.5999999999985	325
#D3D3D3	#E6C9C5	48110.6	13	325
#D5D5D5	#E5C7C3	48111.1	13.5	326
#D5D5D5	#E5C7C3	48111.5	13.9000000000015	326
#D5D5D5	#E5C7C3	48111.9	13.5	326
#D5D5D5	#E5C7C3	48111.5	13.0999999999985	326
#D5D5D5	#E5C7C3	48111.1	13.5	326
#D8D8D8	#E7CBC7	48111.6	14	327
#D8D8D8	#E7CBC7	48112	14.4000000000015	327
#D8D8D8	#E7CBC7	48112.4	14	327
#D8D8D8	#E7CBC7	48112	13.5999999999985	327
#D8D8D8	#E7CBC7	48111.6	14	327
#DFDFDF	#EBD2CF	48112.1	14.5	328
#DFDFDF	#EBD2CF	48112.5	14.9000000000015	328
#DFDFDF	#EBD2CF	48112.9	14.5	328
#DFDFDF	#EBD2CF	48112.5	14.0999999999985	328
#DFDFDF	#EBD2CF	48112.1	14.5	328
#E6E6E6	#EAD0CD	48112.6	15	329
#E6E6E6	#EAD0CD	48113	15.4000000000015	329
#E6E6E6	#EAD0CD	48113.4	15	329
#E6E6E6	#EAD0CD	48113	14.5999999999985	329
#E6E6E6	#EAD0CD	48112.6	15	329
#CECECE	#E0BCB8	48113.1	15.5	330
#CECECE	#E0BCB8	48113.5	15.9000000000015	330
#CECECE	#E0BCB8	48113.9	15.5	330
#CECECE	#E0BCB8	48113.5	15.0999999999985	330
#CECECE	#E0BCB8	48113.1	15.5	330
#D9D9D9	#E5C7C3	48113.6	16	331
#D9D9D9	#E5C7C3	48114	16.4000000000015	331
#D9D9D9	#E5C7C3	48114.4	16	331
#D9D9D9	#E5C7C3	48114	15.5999999999985	331
#D9D9D9	#E5C7C3	48113.6	16	331
#F5F5F5	#F5E7E5	48114.1	16.5	332
#F5F5F5	#F5E7E5	48114.5	16.9000000000015	332
#F5F5F5	#F5E7E5	48114.9	16.5	332
#F5F5F5	#F5E7E5	48114.5	16.0999999999985	332
#F5F5F5	#F5E7E5	48114.1	16.5	332
#D3D3D3	#E2C1BD	48114.6	17	333
#D3D3D3	#E2C1BD	48115	17.4000000000015	333
#D3D3D3	#E2C1BD	48115.4	17	333
#D3D3D3	#E2C1BD	48115	16.5999999999985	333
#D3D3D3	#E2C1BD	48114.6	17	333
#D9D9D9	#E5C7C4	48115.1	17.5	334
#D9D9D9	#E5C7C4	48115.5	17.9000000000015	334
#D9D9D9	#E5C7C4	48115.9	17.5	334
#D9D9D9	#E5C7C4	48115.5	17.0999999999985	334
#D9D9D9	#E5C7C4	48115.1	17.5	334
#DEDEDE	#E1BFBA	48115.6	18	335
#DEDEDE	#E1BFBA	48116	18.4000000000015	335
#DEDEDE	#E1BFBA	48116.4	18	335
#DEDEDE	#E1BFBA	48116	17.5999999999985	335
#DEDEDE	#E1BFBA	48115.6	18	335
#E9E9E9	#EDD7D4	48116.1	18.5	336
#E9E9E9	#EDD7D4	48116.5	18.9000000000015	336
#E9E9E9	#EDD7D4	48116.9	18.5	336
#E9E9E9	#EDD7D4	48116.5	18.0999999999985	336
#E9E9E9	#EDD7D4	48116.1	18.5	336
#D8D8D8	#E2C1BD	48116.6	19	337
#D8D8D8	#E2C1BD	48117	19.4000000000015	337
#D8D8D8	#E2C1BD	48117.4	19	337
#D8D8D8	#E2C1BD	48117	18.5999999999985	337
#D8D8D8	#E2C1BD	48116.6	19	337
#EDEDED	#EFDCD9	48117.1	19.5	338
#EDEDED	#EFDCD9	48117.5	19.9000000000015	338
#EDEDED	#EFDCD9	48117.9	19.5	338
#EDEDED	#EFDCD9	48117.5	19.0999999999985	338
#EDEDED	#EFDCD9	48117.1	19.5	338
#E9E9E9	#EBD3D0	48117.6	20	339
#E9E9E9	#EBD3D0	48118	20.4000000000015	339
#E9E9E9	#EBD3D0	48118.4	20	339
#E9E9E9	#EBD3D0	48118	19.5999999999985	339
#E9E9E9	#EBD3D0	48117.6	20	339
#F2F2F2	#F0DEDC	48118.1	20.5	340
#F2F2F2	#F0DEDC	48118.5	20.9000000000015	340
#F2F2F2	#F0DEDC	48118.9	20.5	340
#F2F2F2	#F0DEDC	48118.5	20.0999999999985	340
#F2F2F2	#F0DEDC	48118.1	20.5	340
#F0F0F0	#EED9D7	48118.6	21	341
#F0F0F0	#EED9D7	48119	21.4000000000015	341
#F0F0F0	#EED9D7	48119.4	21	341
#F0F0F0	#EED9D7	48119	20.5999999999985	341
#F0F0F0	#EED9D7	48118.6	21	341
#E2E2E2	#E7CAC7	48119.1	21.5	342
#E2E2E2	#E7CAC7	48119.5	21.9000000000015	342
#E2E2E2	#E7CAC7	48119.9	21.5	342
#E2E2E2	#E7CAC7	48119.5	21.0999999999985	342
#E2E2E2	#E7CAC7	48119.1	21.5	342
#EDEDED	#EDD8D5	48119.6	22	343
#EDEDED	#EDD8D5	48120	22.4000000000015	343
#EDEDED	#EDD8D5	48120.4	22	343
#EDEDED	#EDD8D5	48120	21.5999999999985	343
#EDEDED	#EDD8D5	48119.6	22	343
#EDEDED	#EAD1CE	48120.1	22.5	344
#EDEDED	#EAD1CE	48120.5	22.9000000000015	344
#EDEDED	#EAD1CE	48120.9	22.5	344
#EDEDED	#EAD1CE	48120.5	22.0999999999985	344
#EDEDED	#EAD1CE	48120.1	22.5	344
#E6E6E6	#E7CAC6	48120.6	23	345
#E6E6E6	#E7CAC6	48121	23.4000000000015	345
#E6E6E6	#E7CAC6	48121.4	23	345
#E6E6E6	#E7CAC6	48121	22.5999999999985	345
#E6E6E6	#E7CAC6	48120.6	23	345
#F7F7F7	#F1E0DE	48121.1	23.5	346
#F7F7F7	#F1E0DE	48121.5	23.9000000000015	346
#F7F7F7	#F1E0DE	48121.9	23.5	346
#F7F7F7	#F1E0DE	48121.5	23.0999999999985	346
#F7F7F7	#F1E0DE	48121.1	23.5	346
#EFEFEF	#EDD6D4	48121.6	24	347
#EFEFEF	#EDD6D4	48122	24.4000000000015	347
#EFEFEF	#EDD6D4	48122.4	24	347
#EFEFEF	#EDD6D4	48122	23.5999999999985	347
#EFEFEF	#EDD6D4	48121.6	24	347
#F2F2F2	#EDD7D5	48122.1	24.5	348
#F2F2F2	#EDD7D5	48122.5	24.9000000000015	348
#F2F2F2	#EDD7D5	48122.9	24.5	348
#F2F2F2	#EDD7D5	48122.5	24.0999999999985	348
#F2F2F2	#EDD7D5	48122.1	24.5	348
#969696	#F6EAE9	48098.6	0	349
#969696	#F6EAE9	48099	0.400000000001455	349
#969696	#F6EAE9	48099.4	0	349
#969696	#F6EAE9	48099	-0.400000000001455	349
#969696	#F6EAE9	48098.6	0	349
#CBCBCB	#F9F2F1	48099.1	0.5	350
#CBCBCB	#F9F2F1	48099.5	0.900000000001455	350
#CBCBCB	#F9F2F1	48099.9	0.5	350
#CBCBCB	#F9F2F1	48099.5	0.0999999999985448	350
#CBCBCB	#F9F2F1	48099.1	0.5	350
#929292	#F4E6E4	48099.6	1	351
#929292	#F4E6E4	48100	1.40000000000146	351
#929292	#F4E6E4	48100.4	1	351
#929292	#F4E6E4	48100	0.599999999998545	351
#929292	#F4E6E4	48099.6	1	351
#C0C0C0	#F7ECEB	48100.1	1.5	352
#C0C0C0	#F7ECEB	48100.5	1.90000000000146	352
#C0C0C0	#F7ECEB	48100.9	1.5	352
#C0C0C0	#F7ECEB	48100.5	1.09999999999854	352
#C0C0C0	#F7ECEB	48100.1	1.5	352
#C4C4C4	#F6EBE9	48100.6	2	353
#C4C4C4	#F6EBE9	48101	2.40000000000146	353
#C4C4C4	#F6EBE9	48101.4	2	353
#C4C4C4	#F6EBE9	48101	1.59999999999854	353
#C4C4C4	#F6EBE9	48100.6	2	353
#939393	#EFDCD9	48101.1	2.5	354
#939393	#EFDCD9	48101.5	2.90000000000146	354
#939393	#EFDCD9	48101.9	2.5	354
#939393	#EFDCD9	48101.5	2.09999999999854	354
#939393	#EFDCD9	48101.1	2.5	354
#C6C6C6	#F5E8E6	48101.6	3	355
#C6C6C6	#F5E8E6	48102	3.40000000000146	355
#C6C6C6	#F5E8E6	48102.4	3	355
#C6C6C6	#F5E8E6	48102	2.59999999999855	355
#C6C6C6	#F5E8E6	48101.6	3	355
#A6A6A6	#F0DEDC	48102.1	3.5	356
#A6A6A6	#F0DEDC	48102.5	3.90000000000146	356
#A6A6A6	#F0DEDC	48102.9	3.5	356
#A6A6A6	#F0DEDC	48102.5	3.09999999999855	356
#A6A6A6	#F0DEDC	48102.1	3.5	356
#D4D4D4	#F5E9E7	48102.6	4	357
#D4D4D4	#F5E9E7	48103	4.40000000000146	357
#D4D4D4	#F5E9E7	48103.4	4	357
#D4D4D4	#F5E9E7	48103	3.59999999999855	357
#D4D4D4	#F5E9E7	48102.6	4	357
#D7D7D7	#F5E9E7	48103.1	4.5	358
#D7D7D7	#F5E9E7	48103.5	4.90000000000146	358
#D7D7D7	#F5E9E7	48103.9	4.5	358
#D7D7D7	#F5E9E7	48103.5	4.09999999999855	358
#D7D7D7	#F5E9E7	48103.1	4.5	358
#DFDFDF	#F6EBEA	48103.6	5	359
#DFDFDF	#F6EBEA	48104	5.40000000000146	359
#DFDFDF	#F6EBEA	48104.4	5	359
#DFDFDF	#F6EBEA	48104	4.59999999999855	359
#DFDFDF	#F6EBEA	48103.6	5	359
#D6D6D6	#F4E6E5	48104.1	5.5	360
#D6D6D6	#F4E6E5	48104.5	5.90000000000146	360
#D6D6D6	#F4E6E5	48104.9	5.5	360
#D6D6D6	#F4E6E5	48104.5	5.09999999999855	360
#D6D6D6	#F4E6E5	48104.1	5.5	360
#FCFCFC	#FDFBFB	48104.6	6	361
#FCFCFC	#FDFBFB	48105	6.40000000000146	361
#FCFCFC	#FDFBFB	48105.4	6	361
#FCFCFC	#FDFBFB	48105	5.59999999999855	361
#FCFCFC	#FDFBFB	48104.6	6	361
#F9F9F9	#FCF7F6	48105.1	6.5	362
#F9F9F9	#FCF7F6	48105.5	6.90000000000146	362
#F9F9F9	#FCF7F6	48105.9	6.5	362
#F9F9F9	#FCF7F6	48105.5	6.09999999999855	362
#F9F9F9	#FCF7F6	48105.1	6.5	362
#FBFBFB	#FCF8F8	48105.6	7	363
#FBFBFB	#FCF8F8	48106	7.40000000000146	363
#FBFBFB	#FCF8F8	48106.4	7	363
#FBFBFB	#FCF8F8	48106	6.59999999999855	363
#FBFBFB	#FCF8F8	48105.6	7	363
#BABABA	#E9CFCB	48106.1	7.5	364
#BABABA	#E9CFCB	48106.5	7.90000000000146	364
#BABABA	#E9CFCB	48106.9	7.5	364
#BABABA	#E9CFCB	48106.5	7.09999999999855	364
#BABABA	#E9CFCB	48106.1	7.5	364
#EFEFEF	#F7ECEB	48106.6	8	365
#EFEFEF	#F7ECEB	48107	8.40000000000146	365
#EFEFEF	#F7ECEB	48107.4	8	365
#EFEFEF	#F7ECEB	48107	7.59999999999855	365
#EFEFEF	#F7ECEB	48106.6	8	365
#F6F6F6	#F9F2F1	48107.1	8.5	366
#F6F6F6	#F9F2F1	48107.5	8.90000000000146	366
#F6F6F6	#F9F2F1	48107.9	8.5	366
#F6F6F6	#F9F2F1	48107.5	8.09999999999855	366
#F6F6F6	#F9F2F1	48107.1	8.5	366
#E9E9E9	#F4E6E4	48107.6	9	367
#E9E9E9	#F4E6E4	48108	9.40000000000146	367
#E9E9E9	#F4E6E4	48108.4	9	367
#E9E9E9	#F4E6E4	48108	8.59999999999855	367
#E9E9E9	#F4E6E4	48107.6	9	367
#D8D8D8	#EED8D5	48108.1	9.5	368
#D8D8D8	#EED8D5	48108.5	9.90000000000146	368
#D8D8D8	#EED8D5	48108.9	9.5	368
#D8D8D8	#EED8D5	48108.5	9.09999999999854	368
#D8D8D8	#EED8D5	48108.1	9.5	368
#B6B6B6	#E5C7C3	48108.6	10	369
#B6B6B6	#E5C7C3	48109	10.4000000000015	369
#B6B6B6	#E5C7C3	48109.4	10	369
#B6B6B6	#E5C7C3	48109	9.59999999999854	369
#B6B6B6	#E5C7C3	48108.6	10	369
#C9C9C9	#EBD3D0	48109.1	10.5	370
#C9C9C9	#EBD3D0	48109.5	10.9000000000015	370
#C9C9C9	#EBD3D0	48109.9	10.5	370
#C9C9C9	#EBD3D0	48109.5	10.0999999999985	370
#C9C9C9	#EBD3D0	48109.1	10.5	370
#CBCBCB	#EAD0CD	48109.6	11	371
#CBCBCB	#EAD0CD	48110	11.4000000000015	371
#CBCBCB	#EAD0CD	48110.4	11	371
#CBCBCB	#EAD0CD	48110	10.5999999999985	371
#CBCBCB	#EAD0CD	48109.6	11	371
#C7C7C7	#E7CAC7	48110.1	11.5	372
#C7C7C7	#E7CAC7	48110.5	11.9000000000015	372
#C7C7C7	#E7CAC7	48110.9	11.5	372
#C7C7C7	#E7CAC7	48110.5	11.0999999999985	372
#C7C7C7	#E7CAC7	48110.1	11.5	372
#DCDCDC	#ECD5D2	48110.6	12	373
#DCDCDC	#ECD5D2	48111	12.4000000000015	373
#DCDCDC	#ECD5D2	48111.4	12	373
#DCDCDC	#ECD5D2	48111	11.5999999999985	373
#DCDCDC	#ECD5D2	48110.6	12	373
#CCCCCC	#E6C8C5	48111.1	12.5	374
#CCCCCC	#E6C8C5	48111.5	12.9000000000015	374
#CCCCCC	#E6C8C5	48111.9	12.5	374
#CCCCCC	#E6C8C5	48111.5	12.0999999999985	374
#CCCCCC	#E6C8C5	48111.1	12.5	374
#E7E7E7	#F0DCDA	48111.6	13	375
#E7E7E7	#F0DCDA	48112	13.4000000000015	375
#E7E7E7	#F0DCDA	48112.4	13	375
#E7E7E7	#F0DCDA	48112	12.5999999999985	375
#E7E7E7	#F0DCDA	48111.6	13	375
#B8B8B8	#DBB2AD	48112.1	13.5	376
#B8B8B8	#DBB2AD	48112.5	13.9000000000015	376
#B8B8B8	#DBB2AD	48112.9	13.5	376
#B8B8B8	#DBB2AD	48112.5	13.0999999999985	376
#B8B8B8	#DBB2AD	48112.1	13.5	376
#D5D5D5	#E6C9C6	48112.6	14	377
#D5D5D5	#E6C9C6	48113	14.4000000000015	377
#D5D5D5	#E6C9C6	48113.4	14	377
#D5D5D5	#E6C9C6	48113	13.5999999999985	377
#D5D5D5	#E6C9C6	48112.6	14	377
#E7E7E7	#EDD8D5	48113.1	14.5	378
#E7E7E7	#EDD8D5	48113.5	14.9000000000015	378
#E7E7E7	#EDD8D5	48113.9	14.5	378
#E7E7E7	#EDD8D5	48113.5	14.0999999999985	378
#E7E7E7	#EDD8D5	48113.1	14.5	378
#F6F6F6	#F6EBEA	48113.6	15	379
#F6F6F6	#F6EBEA	48114	15.4000000000015	379
#F6F6F6	#F6EBEA	48114.4	15	379
#F6F6F6	#F6EBEA	48114	14.5999999999985	379
#F6F6F6	#F6EBEA	48113.6	15	379
#E6E6E6	#EBD3CF	48114.1	15.5	380
#E6E6E6	#EBD3CF	48114.5	15.9000000000015	380
#E6E6E6	#EBD3CF	48114.9	15.5	380
#E6E6E6	#EBD3CF	48114.5	15.0999999999985	380
#E6E6E6	#EBD3CF	48114.1	15.5	380
#D6D6D6	#E4C5C0	48114.6	16	381
#D6D6D6	#E4C5C0	48115	16.4000000000015	381
#D6D6D6	#E4C5C0	48115.4	16	381
#D6D6D6	#E4C5C0	48115	15.5999999999985	381
#D6D6D6	#E4C5C0	48114.6	16	381
#C9C9C9	#DAB1AC	48115.1	16.5	382
#C9C9C9	#DAB1AC	48115.5	16.9000000000015	382
#C9C9C9	#DAB1AC	48115.9	16.5	382
#C9C9C9	#DAB1AC	48115.5	16.0999999999985	382
#C9C9C9	#DAB1AC	48115.1	16.5	382
#E1E1E1	#E8CECA	48115.6	17	383
#E1E1E1	#E8CECA	48116	17.4000000000015	383
#E1E1E1	#E8CECA	48116.4	17	383
#E1E1E1	#E8CECA	48116	16.5999999999985	383
#E1E1E1	#E8CECA	48115.6	17	383
#EFEFEF	#EFDCD9	48116.1	17.5	384
#EFEFEF	#EFDCD9	48116.5	17.9000000000015	384
#EFEFEF	#EFDCD9	48116.9	17.5	384
#EFEFEF	#EFDCD9	48116.5	17.0999999999985	384
#EFEFEF	#EFDCD9	48116.1	17.5	384
#CCCCCC	#DFBBB6	48116.6	18	385
#CCCCCC	#DFBBB6	48117	18.4000000000015	385
#CCCCCC	#DFBBB6	48117.4	18	385
#CCCCCC	#DFBBB6	48117	17.5999999999985	385
#CCCCCC	#DFBBB6	48116.6	18	385
#C1C1C1	#D9B0AB	48117.1	18.5	386
#C1C1C1	#D9B0AB	48117.5	18.9000000000015	386
#C1C1C1	#D9B0AB	48117.9	18.5	386
#C1C1C1	#D9B0AB	48117.5	18.0999999999985	386
#C1C1C1	#D9B0AB	48117.1	18.5	386
#BCBCBC	#D4A7A1	48117.6	19	387
#BCBCBC	#D4A7A1	48118	19.4000000000015	387
#BCBCBC	#D4A7A1	48118.4	19	387
#BCBCBC	#D4A7A1	48118	18.5999999999985	387
#BCBCBC	#D4A7A1	48117.6	19	387
#F2F2F2	#F1E0DE	48118.1	19.5	388
#F2F2F2	#F1E0DE	48118.5	19.9000000000015	388
#F2F2F2	#F1E0DE	48118.9	19.5	388
#F2F2F2	#F1E0DE	48118.5	19.0999999999985	388
#F2F2F2	#F1E0DE	48118.1	19.5	388
#E4E4E4	#E6C9C5	48118.6	20	389
#E4E4E4	#E6C9C5	48119	20.4000000000015	389
#E4E4E4	#E6C9C5	48119.4	20	389
#E4E4E4	#E6C9C5	48119	19.5999999999985	389
#E4E4E4	#E6C9C5	48118.6	20	389
#E7E7E7	#E9CECB	48119.1	20.5	390
#E7E7E7	#E9CECB	48119.5	20.9000000000015	390
#E7E7E7	#E9CECB	48119.9	20.5	390
#E7E7E7	#E9CECB	48119.5	20.0999999999985	390
#E7E7E7	#E9CECB	48119.1	20.5	390
#E2E2E2	#E6C8C5	48119.6	21	391
#E2E2E2	#E6C8C5	48120	21.4000000000015	391
#E2E2E2	#E6C8C5	48120.4	21	391
#E2E2E2	#E6C8C5	48120	20.5999999999985	391
#E2E2E2	#E6C8C5	48119.6	21	391
#F8F8F8	#F6EBEA	48120.1	21.5	392
#F8F8F8	#F6EBEA	48120.5	21.9000000000015	392
#F8F8F8	#F6EBEA	48120.9	21.5	392
#F8F8F8	#F6EBEA	48120.5	21.0999999999985	392
#F8F8F8	#F6EBEA	48120.1	21.5	392
#C8C8C8	#D8AEA8	48120.6	22	393
#C8C8C8	#D8AEA8	48121	22.4000000000015	393
#C8C8C8	#D8AEA8	48121.4	22	393
#C8C8C8	#D8AEA8	48121	21.5999999999985	393
#C8C8C8	#D8AEA8	48120.6	22	393
#ECECEC	#EDD6D3	48121.1	22.5	394
#ECECEC	#EDD6D3	48121.5	22.9000000000015	394
#ECECEC	#EDD6D3	48121.9	22.5	394
#ECECEC	#EDD6D3	48121.5	22.0999999999985	394
#ECECEC	#EDD6D3	48121.1	22.5	394
#F6F6F6	#F2E3E1	48121.6	23	395
#F6F6F6	#F2E3E1	48122	23.4000000000015	395
#F6F6F6	#F2E3E1	48122.4	23	395
#F6F6F6	#F2E3E1	48122	22.5999999999985	395
#F6F6F6	#F2E3E1	48121.6	23	395
#F2F2F2	#EEDAD7	48122.1	23.5	396
#F2F2F2	#EEDAD7	48122.5	23.9000000000015	396
#F2F2F2	#EEDAD7	48122.9	23.5	396
#F2F2F2	#EEDAD7	48122.5	23.0999999999985	396
#F2F2F2	#EEDAD7	48122.1	23.5	396
#EEEEEE	#EDD8D5	48122.6	24	397
#EEEEEE	#EDD8D5	48123	24.4000000000015	397
#EEEEEE	#EDD8D5	48123.4	24	397
#EEEEEE	#EDD8D5	48123	23.5999999999985	397
#EEEEEE	#EDD8D5	48122.6	24	397
#E4E4E4	#E3C3BF	48123.1	24.5	398
#E4E4E4	#E3C3BF	48123.5	24.9000000000015	398
#E4E4E4	#E3C3BF	48123.9	24.5	398
#E4E4E4	#E3C3BF	48123.5	24.0999999999985	398
#E4E4E4	#E3C3BF	48123.1	24.5	398
#B1B1B1	#F8EEED	48099.6	0	399
#B1B1B1	#F8EEED	48100	0.400000000001455	399
#B1B1B1	#F8EEED	48100.4	0	399
#B1B1B1	#F8EEED	48100	-0.400000000001455	399
#B1B1B1	#F8EEED	48099.6	0	399
#AFAFAF	#F7EDEB	48100.1	0.5	400
#AFAFAF	#F7EDEB	48100.5	0.900000000001455	400
#AFAFAF	#F7EDEB	48100.9	0.5	400
#AFAFAF	#F7EDEB	48100.5	0.0999999999985448	400
#AFAFAF	#F7EDEB	48100.1	0.5	400
#C9C9C9	#F8EFEE	48100.6	1	401
#C9C9C9	#F8EFEE	48101	1.40000000000146	401
#C9C9C9	#F8EFEE	48101.4	1	401
#C9C9C9	#F8EFEE	48101	0.599999999998545	401
#C9C9C9	#F8EFEE	48100.6	1	401
#CECECE	#F8EEED	48101.1	1.5	402
#CECECE	#F8EEED	48101.5	1.90000000000146	402
#CECECE	#F8EEED	48101.9	1.5	402
#CECECE	#F8EEED	48101.5	1.09999999999854	402
#CECECE	#F8EEED	48101.1	1.5	402
#919191	#F1DFDC	48101.6	2	403
#919191	#F1DFDC	48102	2.40000000000146	403
#919191	#F1DFDC	48102.4	2	403
#919191	#F1DFDC	48102	1.59999999999854	403
#919191	#F1DFDC	48101.6	2	403
#B2B2B2	#F4E6E4	48102.1	2.5	404
#B2B2B2	#F4E6E4	48102.5	2.90000000000146	404
#B2B2B2	#F4E6E4	48102.9	2.5	404
#B2B2B2	#F4E6E4	48102.5	2.09999999999854	404
#B2B2B2	#F4E6E4	48102.1	2.5	404
#959595	#F0DDDA	48102.6	3	405
#959595	#F0DDDA	48103	3.40000000000146	405
#959595	#F0DDDA	48103.4	3	405
#959595	#F0DDDA	48103	2.59999999999855	405
#959595	#F0DDDA	48102.6	3	405
#D9D9D9	#F7ECEB	48103.1	3.5	406
#D9D9D9	#F7ECEB	48103.5	3.90000000000146	406
#D9D9D9	#F7ECEB	48103.9	3.5	406
#D9D9D9	#F7ECEB	48103.5	3.09999999999855	406
#D9D9D9	#F7ECEB	48103.1	3.5	406
#E9E9E9	#F9F1F0	48103.6	4	407
#E9E9E9	#F9F1F0	48104	4.40000000000146	407
#E9E9E9	#F9F1F0	48104.4	4	407
#E9E9E9	#F9F1F0	48104	3.59999999999855	407
#E9E9E9	#F9F1F0	48103.6	4	407
#D4D4D4	#F5E8E6	48104.1	4.5	408
#D4D4D4	#F5E8E6	48104.5	4.90000000000146	408
#D4D4D4	#F5E8E6	48104.9	4.5	408
#D4D4D4	#F5E8E6	48104.5	4.09999999999855	408
#D4D4D4	#F5E8E6	48104.1	4.5	408
#C1C1C1	#F1E0DE	48104.6	5	409
#C1C1C1	#F1E0DE	48105	5.40000000000146	409
#C1C1C1	#F1E0DE	48105.4	5	409
#C1C1C1	#F1E0DE	48105	4.59999999999855	409
#C1C1C1	#F1E0DE	48104.6	5	409
#EAEAEA	#F8EFED	48105.1	5.5	410
#EAEAEA	#F8EFED	48105.5	5.90000000000146	410
#EAEAEA	#F8EFED	48105.9	5.5	410
#EAEAEA	#F8EFED	48105.5	5.09999999999855	410
#EAEAEA	#F8EFED	48105.1	5.5	410
#FCFCFC	#FDFBFA	48105.6	6	411
#FCFCFC	#FDFBFA	48106	6.40000000000146	411
#FCFCFC	#FDFBFA	48106.4	6	411
#FCFCFC	#FDFBFA	48106	5.59999999999855	411
#FCFCFC	#FDFBFA	48105.6	6	411
#EDEDED	#F7EDEC	48106.1	6.5	412
#EDEDED	#F7EDEC	48106.5	6.90000000000146	412
#EDEDED	#F7EDEC	48106.9	6.5	412
#EDEDED	#F7EDEC	48106.5	6.09999999999855	412
#EDEDED	#F7EDEC	48106.1	6.5	412
#ECECEC	#F7ECEA	48106.6	7	413
#ECECEC	#F7ECEA	48107	7.40000000000146	413
#ECECEC	#F7ECEA	48107.4	7	413
#ECECEC	#F7ECEA	48107	6.59999999999855	413
#ECECEC	#F7ECEA	48106.6	7	413
#D1D1D1	#EFDAD8	48107.1	7.5	414
#D1D1D1	#EFDAD8	48107.5	7.90000000000146	414
#D1D1D1	#EFDAD8	48107.9	7.5	414
#D1D1D1	#EFDAD8	48107.5	7.09999999999855	414
#D1D1D1	#EFDAD8	48107.1	7.5	414
#E9E9E9	#F6E9E8	48107.6	8	415
#E9E9E9	#F6E9E8	48108	8.40000000000146	415
#E9E9E9	#F6E9E8	48108.4	8	415
#E9E9E9	#F6E9E8	48108	7.59999999999855	415
#E9E9E9	#F6E9E8	48107.6	8	415
#DFDFDF	#F2E2E0	48108.1	8.5	416
#DFDFDF	#F2E2E0	48108.5	8.90000000000146	416
#DFDFDF	#F2E2E0	48108.9	8.5	416
#DFDFDF	#F2E2E0	48108.5	8.09999999999855	416
#DFDFDF	#F2E2E0	48108.1	8.5	416
#C8C8C8	#EAD1CE	48108.6	9	417
#C8C8C8	#EAD1CE	48109	9.40000000000146	417
#C8C8C8	#EAD1CE	48109.4	9	417
#C8C8C8	#EAD1CE	48109	8.59999999999855	417
#C8C8C8	#EAD1CE	48108.6	9	417
#D6D6D6	#EFDCDA	48109.1	9.5	418
#D6D6D6	#EFDCDA	48109.5	9.90000000000146	418
#D6D6D6	#EFDCDA	48109.9	9.5	418
#D6D6D6	#EFDCDA	48109.5	9.09999999999854	418
#D6D6D6	#EFDCDA	48109.1	9.5	418
#B5B5B5	#E8CCC8	48109.6	10	419
#B5B5B5	#E8CCC8	48110	10.4000000000015	419
#B5B5B5	#E8CCC8	48110.4	10	419
#B5B5B5	#E8CCC8	48110	9.59999999999854	419
#B5B5B5	#E8CCC8	48109.6	10	419
#CDCDCD	#ECD5D2	48110.1	10.5	420
#CDCDCD	#ECD5D2	48110.5	10.9000000000015	420
#CDCDCD	#ECD5D2	48110.9	10.5	420
#CDCDCD	#ECD5D2	48110.5	10.0999999999985	420
#CDCDCD	#ECD5D2	48110.1	10.5	420
#CFCFCF	#EBD4D1	48110.6	11	421
#CFCFCF	#EBD4D1	48111	11.4000000000015	421
#CFCFCF	#EBD4D1	48111.4	11	421
#CFCFCF	#EBD4D1	48111	10.5999999999985	421
#CFCFCF	#EBD4D1	48110.6	11	421
#ECECEC	#F3E4E2	48111.1	11.5	422
#ECECEC	#F3E4E2	48111.5	11.9000000000015	422
#ECECEC	#F3E4E2	48111.9	11.5	422
#ECECEC	#F3E4E2	48111.5	11.0999999999985	422
#ECECEC	#F3E4E2	48111.1	11.5	422
#D0D0D0	#E8CCC9	48111.6	12	423
#D0D0D0	#E8CCC9	48112	12.4000000000015	423
#D0D0D0	#E8CCC9	48112.4	12	423
#D0D0D0	#E8CCC9	48112	11.5999999999985	423
#D0D0D0	#E8CCC9	48111.6	12	423
#B5B5B5	#E1BFBB	48112.1	12.5	424
#B5B5B5	#E1BFBB	48112.5	12.9000000000015	424
#B5B5B5	#E1BFBB	48112.9	12.5	424
#B5B5B5	#E1BFBB	48112.5	12.0999999999985	424
#B5B5B5	#E1BFBB	48112.1	12.5	424
#D8D8D8	#EAD1CD	48112.6	13	425
#D8D8D8	#EAD1CD	48113	13.4000000000015	425
#D8D8D8	#EAD1CD	48113.4	13	425
#D8D8D8	#EAD1CD	48113	12.5999999999985	425
#D8D8D8	#EAD1CD	48112.6	13	425
#E2E2E2	#EBD3D0	48113.1	13.5	426
#E2E2E2	#EBD3D0	48113.5	13.9000000000015	426
#E2E2E2	#EBD3D0	48113.9	13.5	426
#E2E2E2	#EBD3D0	48113.5	13.0999999999985	426
#E2E2E2	#EBD3D0	48113.1	13.5	426
#DCDCDC	#EBD3CF	48113.6	14	427
#DCDCDC	#EBD3CF	48114	14.4000000000015	427
#DCDCDC	#EBD3CF	48114.4	14	427
#DCDCDC	#EBD3CF	48114	13.5999999999985	427
#DCDCDC	#EBD3CF	48113.6	14	427
#D2D2D2	#E6C9C5	48114.1	14.5	428
#D2D2D2	#E6C9C5	48114.5	14.9000000000015	428
#D2D2D2	#E6C9C5	48114.9	14.5	428
#D2D2D2	#E6C9C5	48114.5	14.0999999999985	428
#D2D2D2	#E6C9C5	48114.1	14.5	428
#E9E9E9	#F0DEDC	48114.6	15	429
#E9E9E9	#F0DEDC	48115	15.4000000000015	429
#E9E9E9	#F0DEDC	48115.4	15	429
#E9E9E9	#F0DEDC	48115	14.5999999999985	429
#E9E9E9	#F0DEDC	48114.6	15	429
#D4D4D4	#E4C4C0	48115.1	15.5	430
#D4D4D4	#E4C4C0	48115.5	15.9000000000015	430
#D4D4D4	#E4C4C0	48115.9	15.5	430
#D4D4D4	#E4C4C0	48115.5	15.0999999999985	430
#D4D4D4	#E4C4C0	48115.1	15.5	430
#E7E7E7	#EDD8D5	48115.6	16	431
#E7E7E7	#EDD8D5	48116	16.4000000000015	431
#E7E7E7	#EDD8D5	48116.4	16	431
#E7E7E7	#EDD8D5	48116	15.5999999999985	431
#E7E7E7	#EDD8D5	48115.6	16	431
#D5D5D5	#E3C2BD	48116.1	16.5	432
#D5D5D5	#E3C2BD	48116.5	16.9000000000015	432
#D5D5D5	#E3C2BD	48116.9	16.5	432
#D5D5D5	#E3C2BD	48116.5	16.0999999999985	432
#D5D5D5	#E3C2BD	48116.1	16.5	432
#BDBDBD	#DDB6B1	48116.6	17	433
#BDBDBD	#DDB6B1	48117	17.4000000000015	433
#BDBDBD	#DDB6B1	48117.4	17	433
#BDBDBD	#DDB6B1	48117	16.5999999999985	433
#BDBDBD	#DDB6B1	48116.6	17	433
#C7C8C8	#DCB5B0	48117.1	17.5	434
#C7C8C8	#DCB5B0	48117.5	17.9000000000015	434
#C7C8C8	#DCB5B0	48117.9	17.5	434
#C7C8C8	#DCB5B0	48117.5	17.0999999999985	434
#C7C8C8	#DCB5B0	48117.1	17.5	434
#D1D1D1	#E5C6C2	48117.6	18	435
#D1D1D1	#E5C6C2	48118	18.4000000000015	435
#D1D1D1	#E5C6C2	48118.4	18	435
#D1D1D1	#E5C6C2	48118	17.5999999999985	435
#D1D1D1	#E5C6C2	48117.6	18	435
#D9D9D9	#E4C5C1	48118.1	18.5	436
#D9D9D9	#E4C5C1	48118.5	18.9000000000015	436
#D9D9D9	#E4C5C1	48118.9	18.5	436
#D9D9D9	#E4C5C1	48118.5	18.0999999999985	436
#D9D9D9	#E4C5C1	48118.1	18.5	436
#D0D0D0	#E4C5C1	48118.6	19	437
#D0D0D0	#E4C5C1	48119	19.4000000000015	437
#D0D0D0	#E4C5C1	48119.4	19	437
#D0D0D0	#E4C5C1	48119	18.5999999999985	437
#D0D0D0	#E4C5C1	48118.6	19	437
#D0D0D0	#E3C2BE	48119.1	19.5	438
#D0D0D0	#E3C2BE	48119.5	19.9000000000015	438
#D0D0D0	#E3C2BE	48119.9	19.5	438
#D0D0D0	#E3C2BE	48119.5	19.0999999999985	438
#D0D0D0	#E3C2BE	48119.1	19.5	438
#E3E3E3	#E7CBC8	48119.6	20	439
#E3E3E3	#E7CBC8	48120	20.4000000000015	439
#E3E3E3	#E7CBC8	48120.4	20	439
#E3E3E3	#E7CBC8	48120	19.5999999999985	439
#E3E3E3	#E7CBC8	48119.6	20	439
#E4E4E4	#E9D0CC	48120.1	20.5	440
#E4E4E4	#E9D0CC	48120.5	20.9000000000015	440
#E4E4E4	#E9D0CC	48120.9	20.5	440
#E4E4E4	#E9D0CC	48120.5	20.0999999999985	440
#E4E4E4	#E9D0CC	48120.1	20.5	440
#D4D4D4	#DFBBB6	48120.6	21	441
#D4D4D4	#DFBBB6	48121	21.4000000000015	441
#D4D4D4	#DFBBB6	48121.4	21	441
#D4D4D4	#DFBBB6	48121	20.5999999999985	441
#D4D4D4	#DFBBB6	48120.6	21	441
#F8F8F8	#F6EBE9	48121.1	21.5	442
#F8F8F8	#F6EBE9	48121.5	21.9000000000015	442
#F8F8F8	#F6EBE9	48121.9	21.5	442
#F8F8F8	#F6EBE9	48121.5	21.0999999999985	442
#F8F8F8	#F6EBE9	48121.1	21.5	442
#FAFAFA	#F8EEED	48121.6	22	443
#FAFAFA	#F8EEED	48122	22.4000000000015	443
#FAFAFA	#F8EEED	48122.4	22	443
#FAFAFA	#F8EEED	48122	21.5999999999985	443
#FAFAFA	#F8EEED	48121.6	22	443
#F1F1F1	#EED9D6	48122.1	22.5	444
#F1F1F1	#EED9D6	48122.5	22.9000000000015	444
#F1F1F1	#EED9D6	48122.9	22.5	444
#F1F1F1	#EED9D6	48122.5	22.0999999999985	444
#F1F1F1	#EED9D6	48122.1	22.5	444
#E5E5E5	#EBD3CF	48122.6	23	445
#E5E5E5	#EBD3CF	48123	23.4000000000015	445
#E5E5E5	#EBD3CF	48123.4	23	445
#E5E5E5	#EBD3CF	48123	22.5999999999985	445
#E5E5E5	#EBD3CF	48122.6	23	445
#E9E9E9	#EBD2CF	48123.1	23.5	446
#E9E9E9	#EBD2CF	48123.5	23.9000000000015	446
#E9E9E9	#EBD2CF	48123.9	23.5	446
#E9E9E9	#EBD2CF	48123.5	23.0999999999985	446
#E9E9E9	#EBD2CF	48123.1	23.5	446
#EEEEEE	#EED9D7	48123.6	24	447
#EEEEEE	#EED9D7	48124	24.4000000000015	447
#EEEEEE	#EED9D7	48124.4	24	447
#EEEEEE	#EED9D7	48124	23.5999999999985	447
#EEEEEE	#EED9D7	48123.6	24	447
#F4F4F4	#F0DDDB	48124.1	24.5	448
#F4F4F4	#F0DDDB	48124.5	24.9000000000015	448
#F4F4F4	#F0DDDB	48124.9	24.5	448
#F4F4F4	#F0DDDB	48124.5	24.0999999999985	448
#F4F4F4	#F0DDDB	48124.1	24.5	448
#5E5E5E	#F2E2E0	48100.6	0	449
#5E5E5E	#F2E2E0	48101	0.400000000001455	449
#5E5E5E	#F2E2E0	48101.4	0	449
#5E5E5E	#F2E2E0	48101	-0.400000000001455	449
#5E5E5E	#F2E2E0	48100.6	0	449
#C6C6C6	#F9F1F0	48101.1	0.5	450
#C6C6C6	#F9F1F0	48101.5	0.900000000001455	450
#C6C6C6	#F9F1F0	48101.9	0.5	450
#C6C6C6	#F9F1F0	48101.5	0.0999999999985448	450
#C6C6C6	#F9F1F0	48101.1	0.5	450
#CBCBCB	#F8EFEE	48101.6	1	451
#CBCBCB	#F8EFEE	48102	1.40000000000146	451
#CBCBCB	#F8EFEE	48102.4	1	451
#CBCBCB	#F8EFEE	48102	0.599999999998545	451
#CBCBCB	#F8EFEE	48101.6	1	451
#797979	#EFDCDA	48102.1	1.5	452
#797979	#EFDCDA	48102.5	1.90000000000146	452
#797979	#EFDCDA	48102.9	1.5	452
#797979	#EFDCDA	48102.5	1.09999999999854	452
#797979	#EFDCDA	48102.1	1.5	452
#AFAFAF	#F4E6E4	48102.6	2	453
#AFAFAF	#F4E6E4	48103	2.40000000000146	453
#AFAFAF	#F4E6E4	48103.4	2	453
#AFAFAF	#F4E6E4	48103	1.59999999999854	453
#AFAFAF	#F4E6E4	48102.6	2	453
#9F9F9F	#F2E2E0	48103.1	2.5	454
#9F9F9F	#F2E2E0	48103.5	2.90000000000146	454
#9F9F9F	#F2E2E0	48103.9	2.5	454
#9F9F9F	#F2E2E0	48103.5	2.09999999999854	454
#9F9F9F	#F2E2E0	48103.1	2.5	454
#E4E4E4	#F9F1F0	48103.6	3	455
#E4E4E4	#F9F1F0	48104	3.40000000000146	455
#E4E4E4	#F9F1F0	48104.4	3	455
#E4E4E4	#F9F1F0	48104	2.59999999999855	455
#E4E4E4	#F9F1F0	48103.6	3	455
#FEFEFE	#FFFEFE	48104.1	3.5	456
#FEFEFE	#FFFEFE	48104.5	3.90000000000146	456
#FEFEFE	#FFFEFE	48104.9	3.5	456
#FEFEFE	#FFFEFE	48104.5	3.09999999999855	456
#FEFEFE	#FFFEFE	48104.1	3.5	456
#C1C1C1	#F3E4E2	48104.6	4	457
#C1C1C1	#F3E4E2	48105	4.40000000000146	457
#C1C1C1	#F3E4E2	48105.4	4	457
#C1C1C1	#F3E4E2	48105	3.59999999999855	457
#C1C1C1	#F3E4E2	48104.6	4	457
#B1B1B1	#EFDCD9	48105.1	4.5	458
#B1B1B1	#EFDCD9	48105.5	4.90000000000146	458
#B1B1B1	#EFDCD9	48105.9	4.5	458
#B1B1B1	#EFDCD9	48105.5	4.09999999999855	458
#B1B1B1	#EFDCD9	48105.1	4.5	458
#D5D5D5	#F4E6E4	48105.6	5	459
#D5D5D5	#F4E6E4	48106	5.40000000000146	459
#D5D5D5	#F4E6E4	48106.4	5	459
#D5D5D5	#F4E6E4	48106	4.59999999999855	459
#D5D5D5	#F4E6E4	48105.6	5	459
#F2F2F2	#FAF2F1	48106.1	5.5	460
#F2F2F2	#FAF2F1	48106.5	5.90000000000146	460
#F2F2F2	#FAF2F1	48106.9	5.5	460
#F2F2F2	#FAF2F1	48106.5	5.09999999999855	460
#F2F2F2	#FAF2F1	48106.1	5.5	460
#F8F8F8	#FBF7F6	48106.6	6	461
#F8F8F8	#FBF7F6	48107	6.40000000000146	461
#F8F8F8	#FBF7F6	48107.4	6	461
#F8F8F8	#FBF7F6	48107	5.59999999999855	461
#F8F8F8	#FBF7F6	48106.6	6	461
#C5C5C5	#EDD6D3	48107.1	6.5	462
#C5C5C5	#EDD6D3	48107.5	6.90000000000146	462
#C5C5C5	#EDD6D3	48107.9	6.5	462
#C5C5C5	#EDD6D3	48107.5	6.09999999999855	462
#C5C5C5	#EDD6D3	48107.1	6.5	462
#DFDFDF	#F3E3E1	48107.6	7	463
#DFDFDF	#F3E3E1	48108	7.40000000000146	463
#DFDFDF	#F3E3E1	48108.4	7	463
#DFDFDF	#F3E3E1	48108	6.59999999999855	463
#DFDFDF	#F3E3E1	48107.6	7	463
#D0D0D0	#EFDBD8	48108.1	7.5	464
#D0D0D0	#EFDBD8	48108.5	7.90000000000146	464
#D0D0D0	#EFDBD8	48108.9	7.5	464
#D0D0D0	#EFDBD8	48108.5	7.09999999999855	464
#D0D0D0	#EFDBD8	48108.1	7.5	464
#E3E3E3	#F4E7E5	48108.6	8	465
#E3E3E3	#F4E7E5	48109	8.40000000000146	465
#E3E3E3	#F4E7E5	48109.4	8	465
#E3E3E3	#F4E7E5	48109	7.59999999999855	465
#E3E3E3	#F4E7E5	48108.6	8	465
#D4D4D4	#EFDCD9	48109.1	8.5	466
#D4D4D4	#EFDCD9	48109.5	8.90000000000146	466
#D4D4D4	#EFDCD9	48109.9	8.5	466
#D4D4D4	#EFDCD9	48109.5	8.09999999999855	466
#D4D4D4	#EFDCD9	48109.1	8.5	466
#E0E0E0	#F3E5E3	48109.6	9	467
#E0E0E0	#F3E5E3	48110	9.40000000000146	467
#E0E0E0	#F3E5E3	48110.4	9	467
#E0E0E0	#F3E5E3	48110	8.59999999999855	467
#E0E0E0	#F3E5E3	48109.6	9	467
#BABABA	#E9CFCC	48110.1	9.5	468
#BABABA	#E9CFCC	48110.5	9.90000000000146	468
#BABABA	#E9CFCC	48110.9	9.5	468
#BABABA	#E9CFCC	48110.5	9.09999999999854	468
#BABABA	#E9CFCC	48110.1	9.5	468
#A8A8A8	#E0BDB9	48110.6	10	469
#A8A8A8	#E0BDB9	48111	10.4000000000015	469
#A8A8A8	#E0BDB9	48111.4	10	469
#A8A8A8	#E0BDB9	48111	9.59999999999854	469
#A8A8A8	#E0BDB9	48110.6	10	469
#DADADA	#EDD7D4	48111.1	10.5	470
#DADADA	#EDD7D4	48111.5	10.9000000000015	470
#DADADA	#EDD7D4	48111.9	10.5	470
#DADADA	#EDD7D4	48111.5	10.0999999999985	470
#DADADA	#EDD7D4	48111.1	10.5	470
#D9D9D9	#EBD2CF	48111.6	11	471
#D9D9D9	#EBD2CF	48112	11.4000000000015	471
#D9D9D9	#EBD2CF	48112.4	11	471
#D9D9D9	#EBD2CF	48112	10.5999999999985	471
#D9D9D9	#EBD2CF	48111.6	11	471
#C7C7C7	#E6C9C5	48112.1	11.5	472
#C7C7C7	#E6C9C5	48112.5	11.9000000000015	472
#C7C7C7	#E6C9C5	48112.9	11.5	472
#C7C7C7	#E6C9C5	48112.5	11.0999999999985	472
#C7C7C7	#E6C9C5	48112.1	11.5	472
#C4C4C4	#E5C6C2	48112.6	12	473
#C4C4C4	#E5C6C2	48113	12.4000000000015	473
#C4C4C4	#E5C6C2	48113.4	12	473
#C4C4C4	#E5C6C2	48113	11.5999999999985	473
#C4C4C4	#E5C6C2	48112.6	12	473
#D4D4D4	#E9CECA	48113.1	12.5	474
#D4D4D4	#E9CECA	48113.5	12.9000000000015	474
#D4D4D4	#E9CECA	48113.9	12.5	474
#D4D4D4	#E9CECA	48113.5	12.0999999999985	474
#D4D4D4	#E9CECA	48113.1	12.5	474
#E1E1E1	#EFDBD8	48113.6	13	475
#E1E1E1	#EFDBD8	48114	13.4000000000015	475
#E1E1E1	#EFDBD8	48114.4	13	475
#E1E1E1	#EFDBD8	48114	12.5999999999985	475
#E1E1E1	#EFDBD8	48113.6	13	475
#EEEEEE	#F3E4E2	48114.1	13.5	476
#EEEEEE	#F3E4E2	48114.5	13.9000000000015	476
#EEEEEE	#F3E4E2	48114.9	13.5	476
#EEEEEE	#F3E4E2	48114.5	13.0999999999985	476
#EEEEEE	#F3E4E2	48114.1	13.5	476
#D9D9D9	#E9CECA	48114.6	14	477
#D9D9D9	#E9CECA	48115	14.4000000000015	477
#D9D9D9	#E9CECA	48115.4	14	477
#D9D9D9	#E9CECA	48115	13.5999999999985	477
#D9D9D9	#E9CECA	48114.6	14	477
#D5D5D5	#E9CFCB	48115.1	14.5	478
#D5D5D5	#E9CFCB	48115.5	14.9000000000015	478
#D5D5D5	#E9CFCB	48115.9	14.5	478
#D5D5D5	#E9CFCB	48115.5	14.0999999999985	478
#D5D5D5	#E9CFCB	48115.1	14.5	478
#E9E9E9	#EED8D6	48115.6	15	479
#E9E9E9	#EED8D6	48116	15.4000000000015	479
#E9E9E9	#EED8D6	48116.4	15	479
#E9E9E9	#EED8D6	48116	14.5999999999985	479
#E9E9E9	#EED8D6	48115.6	15	479
#C6C6C6	#E2C0BB	48116.1	15.5	480
#C6C6C6	#E2C0BB	48116.5	15.9000000000015	480
#C6C6C6	#E2C0BB	48116.9	15.5	480
#C6C6C6	#E2C0BB	48116.5	15.0999999999985	480
#C6C6C6	#E2C0BB	48116.1	15.5	480
#D5D5D5	#E6CAC6	48116.6	16	481
#D5D5D5	#E6CAC6	48117	16.4000000000015	481
#D5D5D5	#E6CAC6	48117.4	16	481
#D5D5D5	#E6CAC6	48117	15.5999999999985	481
#D5D5D5	#E6CAC6	48116.6	16	481
#DFDFDF	#E8CCC8	48117.1	16.5	482
#DFDFDF	#E8CCC8	48117.5	16.9000000000015	482
#DFDFDF	#E8CCC8	48117.9	16.5	482
#DFDFDF	#E8CCC8	48117.5	16.0999999999985	482
#DFDFDF	#E8CCC8	48117.1	16.5	482
#CCCCCC	#DFBBB6	48117.6	17	483
#CCCCCC	#DFBBB6	48118	17.4000000000015	483
#CCCCCC	#DFBBB6	48118.4	17	483
#CCCCCC	#DFBBB6	48118	16.5999999999985	483
#CCCCCC	#DFBBB6	48117.6	17	483
#B1B1B1	#D6A9A4	48118.1	17.5	484
#B1B1B1	#D6A9A4	48118.5	17.9000000000015	484
#B1B1B1	#D6A9A4	48118.9	17.5	484
#B1B1B1	#D6A9A4	48118.5	17.0999999999985	484
#B1B1B1	#D6A9A4	48118.1	17.5	484
#E6E6E6	#EEDAD7	48118.6	18	485
#E6E6E6	#EEDAD7	48119	18.4000000000015	485
#E6E6E6	#EEDAD7	48119.4	18	485
#E6E6E6	#EEDAD7	48119	17.5999999999985	485
#E6E6E6	#EEDAD7	48118.6	18	485
#D3D3D3	#E1BFBA	48119.1	18.5	486
#D3D3D3	#E1BFBA	48119.5	18.9000000000015	486
#D3D3D3	#E1BFBA	48119.9	18.5	486
#D3D3D3	#E1BFBA	48119.5	18.0999999999985	486
#D3D3D3	#E1BFBA	48119.1	18.5	486
#E8E8E8	#EDD7D4	48119.6	19	487
#E8E8E8	#EDD7D4	48120	19.4000000000015	487
#E8E8E8	#EDD7D4	48120.4	19	487
#E8E8E8	#EDD7D4	48120	18.5999999999985	487
#E8E8E8	#EDD7D4	48119.6	19	487
#E4E4E4	#E8CCC8	48120.1	19.5	488
#E4E4E4	#E8CCC8	48120.5	19.9000000000015	488
#E4E4E4	#E8CCC8	48120.9	19.5	488
#E4E4E4	#E8CCC8	48120.5	19.0999999999985	488
#E4E4E4	#E8CCC8	48120.1	19.5	488
#CECECE	#DAB2AD	48120.6	20	489
#CECECE	#DAB2AD	48121	20.4000000000015	489
#CECECE	#DAB2AD	48121.4	20	489
#CECECE	#DAB2AD	48121	19.5999999999985	489
#CECECE	#DAB2AD	48120.6	20	489
#F2F2F2	#F1DFDC	48121.1	20.5	490
#F2F2F2	#F1DFDC	48121.5	20.9000000000015	490
#F2F2F2	#F1DFDC	48121.9	20.5	490
#F2F2F2	#F1DFDC	48121.5	20.0999999999985	490
#F2F2F2	#F1DFDC	48121.1	20.5	490
#DCDCDC	#E5C7C3	48121.6	21	491
#DCDCDC	#E5C7C3	48122	21.4000000000015	491
#DCDCDC	#E5C7C3	48122.4	21	491
#DCDCDC	#E5C7C3	48122	20.5999999999985	491
#DCDCDC	#E5C7C3	48121.6	21	491
#C2C2C2	#D4A7A1	48122.1	21.5	492
#C2C2C2	#D4A7A1	48122.5	21.9000000000015	492
#C2C2C2	#D4A7A1	48122.9	21.5	492
#C2C2C2	#D4A7A1	48122.5	21.0999999999985	492
#C2C2C2	#D4A7A1	48122.1	21.5	492
#F1F1F1	#EDD8D5	48122.6	22	493
#F1F1F1	#EDD8D5	48123	22.4000000000015	493
#F1F1F1	#EDD8D5	48123.4	22	493
#F1F1F1	#EDD8D5	48123	21.5999999999985	493
#F1F1F1	#EDD8D5	48122.6	22	493
#D3D3D3	#DEB9B5	48123.1	22.5	494
#D3D3D3	#DEB9B5	48123.5	22.9000000000015	494
#D3D3D3	#DEB9B5	48123.9	22.5	494
#D3D3D3	#DEB9B5	48123.5	22.0999999999985	494
#D3D3D3	#DEB9B5	48123.1	22.5	494
#F7F7F7	#F5E8E6	48123.6	23	495
#F7F7F7	#F5E8E6	48124	23.4000000000015	495
#F7F7F7	#F5E8E6	48124.4	23	495
#F7F7F7	#F5E8E6	48124	22.5999999999985	495
#F7F7F7	#F5E8E6	48123.6	23	495
#EFEFEF	#EDD8D5	48124.1	23.5	496
#EFEFEF	#EDD8D5	48124.5	23.9000000000015	496
#EFEFEF	#EDD8D5	48124.9	23.5	496
#EFEFEF	#EDD8D5	48124.5	23.0999999999985	496
#EFEFEF	#EDD8D5	48124.1	23.5	496
#EAEAEA	#E9CFCC	48124.6	24	497
#EAEAEA	#E9CFCC	48125	24.4000000000015	497
#EAEAEA	#E9CFCC	48125.4	24	497
#EAEAEA	#E9CFCC	48125	23.5999999999985	497
#EAEAEA	#E9CFCC	48124.6	24	497
#F8F8F8	#F6EAE9	48125.1	24.5	498
#F8F8F8	#F6EAE9	48125.5	24.9000000000015	498
#F8F8F8	#F6EAE9	48125.9	24.5	498
#F8F8F8	#F6EAE9	48125.5	24.0999999999985	498
#F8F8F8	#F6EAE9	48125.1	24.5	498
#7F7F7F	#F4E7E5	48101.6	0	499
#7F7F7F	#F4E7E5	48102	0.400000000001455	499
#7F7F7F	#F4E7E5	48102.4	0	499
#7F7F7F	#F4E7E5	48102	-0.400000000001455	499
#7F7F7F	#F4E7E5	48101.6	0	499
#C4C4C4	#F9F0EF	48102.1	0.5	500
#C4C4C4	#F9F0EF	48102.5	0.900000000001455	500
#C4C4C4	#F9F0EF	48102.9	0.5	500
#C4C4C4	#F9F0EF	48102.5	0.0999999999985448	500
#C4C4C4	#F9F0EF	48102.1	0.5	500
#AEAEAE	#F5E9E8	48102.6	1	501
#AEAEAE	#F5E9E8	48103	1.40000000000146	501
#AEAEAE	#F5E9E8	48103.4	1	501
#AEAEAE	#F5E9E8	48103	0.599999999998545	501
#AEAEAE	#F5E9E8	48102.6	1	501
#BBBBBB	#F6EAE9	48103.1	1.5	502
#BBBBBB	#F6EAE9	48103.5	1.90000000000146	502
#BBBBBB	#F6EAE9	48103.9	1.5	502
#BBBBBB	#F6EAE9	48103.5	1.09999999999854	502
#BBBBBB	#F6EAE9	48103.1	1.5	502
#BABABA	#F6EAE8	48103.6	2	503
#BABABA	#F6EAE8	48104	2.40000000000146	503
#BABABA	#F6EAE8	48104.4	2	503
#BABABA	#F6EAE8	48104	1.59999999999854	503
#BABABA	#F6EAE8	48103.6	2	503
#EAEAEA	#FAF4F4	48104.1	2.5	504
#EAEAEA	#FAF4F4	48104.5	2.90000000000146	504
#EAEAEA	#FAF4F4	48104.9	2.5	504
#EAEAEA	#FAF4F4	48104.5	2.09999999999854	504
#EAEAEA	#FAF4F4	48104.1	2.5	504
#F0F0F0	#FBF6F5	48104.6	3	505
#F0F0F0	#FBF6F5	48105	3.40000000000146	505
#F0F0F0	#FBF6F5	48105.4	3	505
#F0F0F0	#FBF6F5	48105	2.59999999999855	505
#F0F0F0	#FBF6F5	48104.6	3	505
#D8D8D8	#F7EDEC	48105.1	3.5	506
#D8D8D8	#F7EDEC	48105.5	3.90000000000146	506
#D8D8D8	#F7EDEC	48105.9	3.5	506
#D8D8D8	#F7EDEC	48105.5	3.09999999999855	506
#D8D8D8	#F7EDEC	48105.1	3.5	506
#D6D6D6	#F6EAE9	48105.6	4	507
#D6D6D6	#F6EAE9	48106	4.40000000000146	507
#D6D6D6	#F6EAE9	48106.4	4	507
#D6D6D6	#F6EAE9	48106	3.59999999999855	507
#D6D6D6	#F6EAE9	48105.6	4	507
#E8E8E8	#F8F0EF	48106.1	4.5	508
#E8E8E8	#F8F0EF	48106.5	4.90000000000146	508
#E8E8E8	#F8F0EF	48106.9	4.5	508
#E8E8E8	#F8F0EF	48106.5	4.09999999999855	508
#E8E8E8	#F8F0EF	48106.1	4.5	508
#FAFAFA	#FDFAF9	48106.6	5	509
#FAFAFA	#FDFAF9	48107	5.40000000000146	509
#FAFAFA	#FDFAF9	48107.4	5	509
#FAFAFA	#FDFAF9	48107	4.59999999999855	509
#FAFAFA	#FDFAF9	48106.6	5	509
#EDEDED	#F9F0EF	48107.1	5.5	510
#EDEDED	#F9F0EF	48107.5	5.90000000000146	510
#EDEDED	#F9F0EF	48107.9	5.5	510
#EDEDED	#F9F0EF	48107.5	5.09999999999855	510
#EDEDED	#F9F0EF	48107.1	5.5	510
#CCCCCC	#F2E1DF	48107.6	6	511
#CCCCCC	#F2E1DF	48108	6.40000000000146	511
#CCCCCC	#F2E1DF	48108.4	6	511
#CCCCCC	#F2E1DF	48108	5.59999999999855	511
#CCCCCC	#F2E1DF	48107.6	6	511
#CACACA	#F0DDDA	48108.1	6.5	512
#CACACA	#F0DDDA	48108.5	6.90000000000146	512
#CACACA	#F0DDDA	48108.9	6.5	512
#CACACA	#F0DDDA	48108.5	6.09999999999855	512
#CACACA	#F0DDDA	48108.1	6.5	512
#E7E7E7	#F5E9E7	48108.6	7	513
#E7E7E7	#F5E9E7	48109	7.40000000000146	513
#E7E7E7	#F5E9E7	48109.4	7	513
#E7E7E7	#F5E9E7	48109	6.59999999999855	513
#E7E7E7	#F5E9E7	48108.6	7	513
#BDBDBD	#EDD8D5	48109.1	7.5	514
#BDBDBD	#EDD8D5	48109.5	7.90000000000146	514
#BDBDBD	#EDD8D5	48109.9	7.5	514
#BDBDBD	#EDD8D5	48109.5	7.09999999999855	514
#BDBDBD	#EDD8D5	48109.1	7.5	514
#D2D2D2	#F1E0DD	48109.6	8	515
#D2D2D2	#F1E0DD	48110	8.40000000000146	515
#D2D2D2	#F1E0DD	48110.4	8	515
#D2D2D2	#F1E0DD	48110	7.59999999999855	515
#D2D2D2	#F1E0DD	48109.6	8	515
#D2D2D2	#F2E1DF	48110.1	8.5	516
#D2D2D2	#F2E1DF	48110.5	8.90000000000146	516
#D2D2D2	#F2E1DF	48110.9	8.5	516
#D2D2D2	#F2E1DF	48110.5	8.09999999999855	516
#D2D2D2	#F2E1DF	48110.1	8.5	516
#A4A4A4	#E7CAC6	48110.6	9	517
#A4A4A4	#E7CAC6	48111	9.40000000000146	517
#A4A4A4	#E7CAC6	48111.4	9	517
#A4A4A4	#E7CAC6	48111	8.59999999999855	517
#A4A4A4	#E7CAC6	48110.6	9	517
#C3C3C3	#EAD0CD	48111.1	9.5	518
#C3C3C3	#EAD0CD	48111.5	9.90000000000146	518
#C3C3C3	#EAD0CD	48111.9	9.5	518
#C3C3C3	#EAD0CD	48111.5	9.09999999999854	518
#C3C3C3	#EAD0CD	48111.1	9.5	518
#D6D6D6	#EED9D6	48111.6	10	519
#D6D6D6	#EED9D6	48112	10.4000000000015	519
#D6D6D6	#EED9D6	48112.4	10	519
#D6D6D6	#EED9D6	48112	9.59999999999854	519
#D6D6D6	#EED9D6	48111.6	10	519
#D7D7D7	#EDD8D5	48112.1	10.5	520
#D7D7D7	#EDD8D5	48112.5	10.9000000000015	520
#D7D7D7	#EDD8D5	48112.9	10.5	520
#D7D7D7	#EDD8D5	48112.5	10.0999999999985	520
#D7D7D7	#EDD8D5	48112.1	10.5	520
#BDBDBD	#E7CBC8	48112.6	11	521
#BDBDBD	#E7CBC8	48113	11.4000000000015	521
#BDBDBD	#E7CBC8	48113.4	11	521
#BDBDBD	#E7CBC8	48113	10.5999999999985	521
#BDBDBD	#E7CBC8	48112.6	11	521
#CDCDCD	#E9CECB	48113.1	11.5	522
#CDCDCD	#E9CECB	48113.5	11.9000000000015	522
#CDCDCD	#E9CECB	48113.9	11.5	522
#CDCDCD	#E9CECB	48113.5	11.0999999999985	522
#CDCDCD	#E9CECB	48113.1	11.5	522
#CFCFCF	#E9CFCB	48113.6	12	523
#CFCFCF	#E9CFCB	48114	12.4000000000015	523
#CFCFCF	#E9CFCB	48114.4	12	523
#CFCFCF	#E9CFCB	48114	11.5999999999985	523
#CFCFCF	#E9CFCB	48113.6	12	523
#C4C4C4	#E8CCC9	48114.1	12.5	524
#C4C4C4	#E8CCC9	48114.5	12.9000000000015	524
#C4C4C4	#E8CCC9	48114.9	12.5	524
#C4C4C4	#E8CCC9	48114.5	12.0999999999985	524
#C4C4C4	#E8CCC9	48114.1	12.5	524
#E0E0E0	#EEDAD7	48114.6	13	525
#E0E0E0	#EEDAD7	48115	13.4000000000015	525
#E0E0E0	#EEDAD7	48115.4	13	525
#E0E0E0	#EEDAD7	48115	12.5999999999985	525
#E0E0E0	#EEDAD7	48114.6	13	525
#BDBDBD	#E5C6C2	48115.1	13.5	526
#BDBDBD	#E5C6C2	48115.5	13.9000000000015	526
#BDBDBD	#E5C6C2	48115.9	13.5	526
#BDBDBD	#E5C6C2	48115.5	13.0999999999985	526
#BDBDBD	#E5C6C2	48115.1	13.5	526
#D1D1D1	#E8CCC8	48115.6	14	527
#D1D1D1	#E8CCC8	48116	14.4000000000015	527
#D1D1D1	#E8CCC8	48116.4	14	527
#D1D1D1	#E8CCC8	48116	13.5999999999985	527
#D1D1D1	#E8CCC8	48115.6	14	527
#CACACA	#E7CBC7	48116.1	14.5	528
#CACACA	#E7CBC7	48116.5	14.9000000000015	528
#CACACA	#E7CBC7	48116.9	14.5	528
#CACACA	#E7CBC7	48116.5	14.0999999999985	528
#CACACA	#E7CBC7	48116.1	14.5	528
#C8C8C8	#E3C2BE	48116.6	15	529
#C8C8C8	#E3C2BE	48117	15.4000000000015	529
#C8C8C8	#E3C2BE	48117.4	15	529
#C8C8C8	#E3C2BE	48117	14.5999999999985	529
#C8C8C8	#E3C2BE	48116.6	15	529
#D4D4D4	#E8CDCA	48117.1	15.5	530
#D4D4D4	#E8CDCA	48117.5	15.9000000000015	530
#D4D4D4	#E8CDCA	48117.9	15.5	530
#D4D4D4	#E8CDCA	48117.5	15.0999999999985	530
#D4D4D4	#E8CDCA	48117.1	15.5	530
#DADADA	#EAD1CE	48117.6	16	531
#DADADA	#EAD1CE	48118	16.4000000000015	531
#DADADA	#EAD1CE	48118.4	16	531
#DADADA	#EAD1CE	48118	15.5999999999985	531
#DADADA	#EAD1CE	48117.6	16	531
#CFCFCF	#E6C8C5	48118.1	16.5	532
#CFCFCF	#E6C8C5	48118.5	16.9000000000015	532
#CFCFCF	#E6C8C5	48118.9	16.5	532
#CFCFCF	#E6C8C5	48118.5	16.0999999999985	532
#CFCFCF	#E6C8C5	48118.1	16.5	532
#D2D2D2	#E7CBC8	48118.6	17	533
#D2D2D2	#E7CBC8	48119	17.4000000000015	533
#D2D2D2	#E7CBC8	48119.4	17	533
#D2D2D2	#E7CBC8	48119	16.5999999999985	533
#D2D2D2	#E7CBC8	48118.6	17	533
#CBCBCB	#E2C0BC	48119.1	17.5	534
#CBCBCB	#E2C0BC	48119.5	17.9000000000015	534
#CBCBCB	#E2C0BC	48119.9	17.5	534
#CBCBCB	#E2C0BC	48119.5	17.0999999999985	534
#CBCBCB	#E2C0BC	48119.1	17.5	534
#DADADA	#E6C9C5	48119.6	18	535
#DADADA	#E6C9C5	48120	18.4000000000015	535
#DADADA	#E6C9C5	48120.4	18	535
#DADADA	#E6C9C5	48120	17.5999999999985	535
#DADADA	#E6C9C5	48119.6	18	535
#CBCBCB	#E2C0BC	48120.1	18.5	536
#CBCBCB	#E2C0BC	48120.5	18.9000000000015	536
#CBCBCB	#E2C0BC	48120.9	18.5	536
#CBCBCB	#E2C0BC	48120.5	18.0999999999985	536
#CBCBCB	#E2C0BC	48120.1	18.5	536
#D5D5D5	#E7CBC7	48120.6	19	537
#D5D5D5	#E7CBC7	48121	19.4000000000015	537
#D5D5D5	#E7CBC7	48121.4	19	537
#D5D5D5	#E7CBC7	48121	18.5999999999985	537
#D5D5D5	#E7CBC7	48120.6	19	537
#E0E0E0	#EAD0CD	48121.1	19.5	538
#E0E0E0	#EAD0CD	48121.5	19.9000000000015	538
#E0E0E0	#EAD0CD	48121.9	19.5	538
#E0E0E0	#EAD0CD	48121.5	19.0999999999985	538
#E0E0E0	#EAD0CD	48121.1	19.5	538
#D0D0D0	#DDB7B2	48121.6	20	539
#D0D0D0	#DDB7B2	48122	20.4000000000015	539
#D0D0D0	#DDB7B2	48122.4	20	539
#D0D0D0	#DDB7B2	48122	19.5999999999985	539
#D0D0D0	#DDB7B2	48121.6	20	539
#E3E3E3	#E9D0CC	48122.1	20.5	540
#E3E3E3	#E9D0CC	48122.5	20.9000000000015	540
#E3E3E3	#E9D0CC	48122.9	20.5	540
#E3E3E3	#E9D0CC	48122.5	20.0999999999985	540
#E3E3E3	#E9D0CC	48122.1	20.5	540
#B4B4B4	#D4A6A0	48122.6	21	541
#B4B4B4	#D4A6A0	48123	21.4000000000015	541
#B4B4B4	#D4A6A0	48123.4	21	541
#B4B4B4	#D4A6A0	48123	20.5999999999985	541
#B4B4B4	#D4A6A0	48122.6	21	541
#E5E5E5	#EAD0CD	48123.1	21.5	542
#E5E5E5	#EAD0CD	48123.5	21.9000000000015	542
#E5E5E5	#EAD0CD	48123.9	21.5	542
#E5E5E5	#EAD0CD	48123.5	21.0999999999985	542
#E5E5E5	#EAD0CD	48123.1	21.5	542
#EAEAEA	#EEDAD7	48123.6	22	543
#EAEAEA	#EEDAD7	48124	22.4000000000015	543
#EAEAEA	#EEDAD7	48124.4	22	543
#EAEAEA	#EEDAD7	48124	21.5999999999985	543
#EAEAEA	#EEDAD7	48123.6	22	543
#E3E3E3	#EBD3CF	48124.1	22.5	544
#E3E3E3	#EBD3CF	48124.5	22.9000000000015	544
#E3E3E3	#EBD3CF	48124.9	22.5	544
#E3E3E3	#EBD3CF	48124.5	22.0999999999985	544
#E3E3E3	#EBD3CF	48124.1	22.5	544
#E0E0E0	#E7CBC7	48124.6	23	545
#E0E0E0	#E7CBC7	48125	23.4000000000015	545
#E0E0E0	#E7CBC7	48125.4	23	545
#E0E0E0	#E7CBC7	48125	22.5999999999985	545
#E0E0E0	#E7CBC7	48124.6	23	545
#E7E7E7	#EAD1CD	48125.1	23.5	546
#E7E7E7	#EAD1CD	48125.5	23.9000000000015	546
#E7E7E7	#EAD1CD	48125.9	23.5	546
#E7E7E7	#EAD1CD	48125.5	23.0999999999985	546
#E7E7E7	#EAD1CD	48125.1	23.5	546
#F7F7F7	#F6EAE9	48125.6	24	547
#F7F7F7	#F6EAE9	48126	24.4000000000015	547
#F7F7F7	#F6EAE9	48126.4	24	547
#F7F7F7	#F6EAE9	48126	23.5999999999985	547
#F7F7F7	#F6EAE9	48125.6	24	547
#E2E2E2	#EAD1CE	48126.1	24.5	548
#E2E2E2	#EAD1CE	48126.5	24.9000000000015	548
#E2E2E2	#EAD1CE	48126.9	24.5	548
#E2E2E2	#EAD1CE	48126.5	24.0999999999985	548
#E2E2E2	#EAD1CE	48126.1	24.5	548
#5A5A5A	#F1DFDD	48102.6	0	549
#5A5A5A	#F1DFDD	48103	0.400000000001455	549
#5A5A5A	#F1DFDD	48103.4	0	549
#5A5A5A	#F1DFDD	48103	-0.400000000001455	549
#5A5A5A	#F1DFDD	48102.6	0	549
#8B8B8B	#F4E7E5	48103.1	0.5	550
#8B8B8B	#F4E7E5	48103.5	0.900000000001455	550
#8B8B8B	#F4E7E5	48103.9	0.5	550
#8B8B8B	#F4E7E5	48103.5	0.0999999999985448	550
#8B8B8B	#F4E7E5	48103.1	0.5	550
#B5B5B5	#F6EBEA	48103.6	1	551
#B5B5B5	#F6EBEA	48104	1.40000000000146	551
#B5B5B5	#F6EBEA	48104.4	1	551
#B5B5B5	#F6EBEA	48104	0.599999999998545	551
#B5B5B5	#F6EBEA	48103.6	1	551
#AAAAAA	#F5E9E8	48104.1	1.5	552
#AAAAAA	#F5E9E8	48104.5	1.90000000000146	552
#AAAAAA	#F5E9E8	48104.9	1.5	552
#AAAAAA	#F5E9E8	48104.5	1.09999999999854	552
#AAAAAA	#F5E9E8	48104.1	1.5	552
#DDDDDD	#F9F2F1	48104.6	2	553
#DDDDDD	#F9F2F1	48105	2.40000000000146	553
#DDDDDD	#F9F2F1	48105.4	2	553
#DDDDDD	#F9F2F1	48105	1.59999999999854	553
#DDDDDD	#F9F2F1	48104.6	2	553
#D4D4D4	#F8EEED	48105.1	2.5	554
#D4D4D4	#F8EEED	48105.5	2.90000000000146	554
#D4D4D4	#F8EEED	48105.9	2.5	554
#D4D4D4	#F8EEED	48105.5	2.09999999999854	554
#D4D4D4	#F8EEED	48105.1	2.5	554
#D4D4D4	#F7EDEC	48105.6	3	555
#D4D4D4	#F7EDEC	48106	3.40000000000146	555
#D4D4D4	#F7EDEC	48106.4	3	555
#D4D4D4	#F7EDEC	48106	2.59999999999855	555
#D4D4D4	#F7EDEC	48105.6	3	555
#D3D3D3	#F7ECEA	48106.1	3.5	556
#D3D3D3	#F7ECEA	48106.5	3.90000000000146	556
#D3D3D3	#F7ECEA	48106.9	3.5	556
#D3D3D3	#F7ECEA	48106.5	3.09999999999855	556
#D3D3D3	#F7ECEA	48106.1	3.5	556
#F9F9F9	#FBFAFD	48106.6	4	557
#F9F9F9	#FBFAFD	48107	4.40000000000146	557
#F9F9F9	#FBFAFD	48107.4	4	557
#F9F9F9	#FBFAFD	48107	3.59999999999855	557
#F9F9F9	#FBFAFD	48106.6	4	557
#EFEFEF	#F6F4FA	48107.1	4.5	558
#EFEFEF	#F6F4FA	48107.5	4.90000000000146	558
#EFEFEF	#F6F4FA	48107.9	4.5	558
#EFEFEF	#F6F4FA	48107.5	4.09999999999855	558
#EFEFEF	#F6F4FA	48107.1	4.5	558
#F9F9F9	#FCF9F9	48107.6	5	559
#F9F9F9	#FCF9F9	48108	5.40000000000146	559
#F9F9F9	#FCF9F9	48108.4	5	559
#F9F9F9	#FCF9F9	48108	4.59999999999855	559
#F9F9F9	#FCF9F9	48107.6	5	559
#D3D3D3	#F4E7E5	48108.1	5.5	560
#D3D3D3	#F4E7E5	48108.5	5.90000000000146	560
#D3D3D3	#F4E7E5	48108.9	5.5	560
#D3D3D3	#F4E7E5	48108.5	5.09999999999855	560
#D3D3D3	#F4E7E5	48108.1	5.5	560
#D4D4D4	#F4E6E4	48108.6	6	561
#D4D4D4	#F4E6E4	48109	6.40000000000146	561
#D4D4D4	#F4E6E4	48109.4	6	561
#D4D4D4	#F4E6E4	48109	5.59999999999855	561
#D4D4D4	#F4E6E4	48108.6	6	561
#F3F3F3	#FAF4F3	48109.1	6.5	562
#F3F3F3	#FAF4F3	48109.5	6.90000000000146	562
#F3F3F3	#FAF4F3	48109.9	6.5	562
#F3F3F3	#FAF4F3	48109.5	6.09999999999855	562
#F3F3F3	#FAF4F3	48109.1	6.5	562
#CECECE	#F2E2E0	48109.6	7	563
#CECECE	#F2E2E0	48110	7.40000000000146	563
#CECECE	#F2E2E0	48110.4	7	563
#CECECE	#F2E2E0	48110	6.59999999999855	563
#CECECE	#F2E2E0	48109.6	7	563
#D0D0D0	#F2E1DF	48110.1	7.5	564
#D0D0D0	#F2E1DF	48110.5	7.90000000000146	564
#D0D0D0	#F2E1DF	48110.9	7.5	564
#D0D0D0	#F2E1DF	48110.5	7.09999999999855	564
#D0D0D0	#F2E1DF	48110.1	7.5	564
#BDBDBD	#EFDCD9	48110.6	8	565
#BDBDBD	#EFDCD9	48111	8.40000000000146	565
#BDBDBD	#EFDCD9	48111.4	8	565
#BDBDBD	#EFDCD9	48111	7.59999999999855	565
#BDBDBD	#EFDCD9	48110.6	8	565
#E7E7E7	#F6EBE9	48111.1	8.5	566
#E7E7E7	#F6EBE9	48111.5	8.90000000000146	566
#E7E7E7	#F6EBE9	48111.9	8.5	566
#E7E7E7	#F6EBE9	48111.5	8.09999999999855	566
#E7E7E7	#F6EBE9	48111.1	8.5	566
#EAEAEA	#F6EBEA	48111.6	9	567
#EAEAEA	#F6EBEA	48112	9.40000000000146	567
#EAEAEA	#F6EBEA	48112.4	9	567
#EAEAEA	#F6EBEA	48112	8.59999999999855	567
#EAEAEA	#F6EBEA	48111.6	9	567
#E5E5E5	#F4E5E3	48112.1	9.5	568
#E5E5E5	#F4E5E3	48112.5	9.90000000000146	568
#E5E5E5	#F4E5E3	48112.9	9.5	568
#E5E5E5	#F4E5E3	48112.5	9.09999999999854	568
#E5E5E5	#F4E5E3	48112.1	9.5	568
#F7F7F7	#FAF3F2	48112.6	10	569
#F7F7F7	#FAF3F2	48113	10.4000000000015	569
#F7F7F7	#FAF3F2	48113.4	10	569
#F7F7F7	#FAF3F2	48113	9.59999999999854	569
#F7F7F7	#FAF3F2	48112.6	10	569
#CECECE	#EBD3D0	48113.1	10.5	570
#CECECE	#EBD3D0	48113.5	10.9000000000015	570
#CECECE	#EBD3D0	48113.9	10.5	570
#CECECE	#EBD3D0	48113.5	10.0999999999985	570
#CECECE	#EBD3D0	48113.1	10.5	570
#EEEEEE	#F6EAE8	48113.6	11	571
#EEEEEE	#F6EAE8	48114	11.4000000000015	571
#EEEEEE	#F6EAE8	48114.4	11	571
#EEEEEE	#F6EAE8	48114	10.5999999999985	571
#EEEEEE	#F6EAE8	48113.6	11	571
#BDBDBD	#E6C8C4	48114.1	11.5	572
#BDBDBD	#E6C8C4	48114.5	11.9000000000015	572
#BDBDBD	#E6C8C4	48114.9	11.5	572
#BDBDBD	#E6C8C4	48114.5	11.0999999999985	572
#BDBDBD	#E6C8C4	48114.1	11.5	572
#DEDEDE	#EFDBD9	48114.6	12	573
#DEDEDE	#EFDBD9	48115	12.4000000000015	573
#DEDEDE	#EFDBD9	48115.4	12	573
#DEDEDE	#EFDBD9	48115	11.5999999999985	573
#DEDEDE	#EFDBD9	48114.6	12	573
#DBDBDB	#EDD7D4	48115.1	12.5	574
#DBDBDB	#EDD7D4	48115.5	12.9000000000015	574
#DBDBDB	#EDD7D4	48115.9	12.5	574
#DBDBDB	#EDD7D4	48115.5	12.0999999999985	574
#DBDBDB	#EDD7D4	48115.1	12.5	574
#BEBEBE	#E5C7C3	48115.6	13	575
#BEBEBE	#E5C7C3	48116	13.4000000000015	575
#BEBEBE	#E5C7C3	48116.4	13	575
#BEBEBE	#E5C7C3	48116	12.5999999999985	575
#BEBEBE	#E5C7C3	48115.6	13	575
#D6D6D6	#EDD6D3	48116.1	13.5	576
#D6D6D6	#EDD6D3	48116.5	13.9000000000015	576
#D6D6D6	#EDD6D3	48116.9	13.5	576
#D6D6D6	#EDD6D3	48116.5	13.0999999999985	576
#D6D6D6	#EDD6D3	48116.1	13.5	576
#C6C6C6	#E6C8C4	48116.6	14	577
#C6C6C6	#E6C8C4	48117	14.4000000000015	577
#C6C6C6	#E6C8C4	48117.4	14	577
#C6C6C6	#E6C8C4	48117	13.5999999999985	577
#C6C6C6	#E6C8C4	48116.6	14	577
#A1A1A1	#DEB8B4	48117.1	14.5	578
#A1A1A1	#DEB8B4	48117.5	14.9000000000015	578
#A1A1A1	#DEB8B4	48117.9	14.5	578
#A1A1A1	#DEB8B4	48117.5	14.0999999999985	578
#A1A1A1	#DEB8B4	48117.1	14.5	578
#A5A5A5	#DEB9B4	48117.6	15	579
#A5A5A5	#DEB9B4	48118	15.4000000000015	579
#A5A5A5	#DEB9B4	48118.4	15	579
#A5A5A5	#DEB9B4	48118	14.5999999999985	579
#A5A5A5	#DEB9B4	48117.6	15	579
#CBCBCB	#E4C4C0	48118.1	15.5	580
#CBCBCB	#E4C4C0	48118.5	15.9000000000015	580
#CBCBCB	#E4C4C0	48118.9	15.5	580
#CBCBCB	#E4C4C0	48118.5	15.0999999999985	580
#CBCBCB	#E4C4C0	48118.1	15.5	580
#CDCDCD	#E6C8C4	48118.6	16	581
#CDCDCD	#E6C8C4	48119	16.4000000000015	581
#CDCDCD	#E6C8C4	48119.4	16	581
#CDCDCD	#E6C8C4	48119	15.5999999999985	581
#CDCDCD	#E6C8C4	48118.6	16	581
#D9D9D9	#E9D0CC	48119.1	16.5	582
#D9D9D9	#E9D0CC	48119.5	16.9000000000015	582
#D9D9D9	#E9D0CC	48119.9	16.5	582
#D9D9D9	#E9D0CC	48119.5	16.0999999999985	582
#D9D9D9	#E9D0CC	48119.1	16.5	582
#D4D4D4	#E7CBC8	48119.6	17	583
#D4D4D4	#E7CBC8	48120	17.4000000000015	583
#D4D4D4	#E7CBC8	48120.4	17	583
#D4D4D4	#E7CBC8	48120	16.5999999999985	583
#D4D4D4	#E7CBC8	48119.6	17	583
#E8E8E8	#EFDCD9	48120.1	17.5	584
#E8E8E8	#EFDCD9	48120.5	17.9000000000015	584
#E8E8E8	#EFDCD9	48120.9	17.5	584
#E8E8E8	#EFDCD9	48120.5	17.0999999999985	584
#E8E8E8	#EFDCD9	48120.1	17.5	584
#E5E5E5	#F0DEDB	48120.6	18	585
#E5E5E5	#F0DEDB	48121	18.4000000000015	585
#E5E5E5	#F0DEDB	48121.4	18	585
#E5E5E5	#F0DEDB	48121	17.5999999999985	585
#E5E5E5	#F0DEDB	48120.6	18	585
#D4D4D4	#E8CDC9	48121.1	18.5	586
#D4D4D4	#E8CDC9	48121.5	18.9000000000015	586
#D4D4D4	#E8CDC9	48121.9	18.5	586
#D4D4D4	#E8CDC9	48121.5	18.0999999999985	586
#D4D4D4	#E8CDC9	48121.1	18.5	586
#CCCCCC	#E3C3BF	48121.6	19	587
#CCCCCC	#E3C3BF	48122	19.4000000000015	587
#CCCCCC	#E3C3BF	48122.4	19	587
#CCCCCC	#E3C3BF	48122	18.5999999999985	587
#CCCCCC	#E3C3BF	48121.6	19	587
#CECECE	#E5C6C2	48122.1	19.5	588
#CECECE	#E5C6C2	48122.5	19.9000000000015	588
#CECECE	#E5C6C2	48122.9	19.5	588
#CECECE	#E5C6C2	48122.5	19.0999999999985	588
#CECECE	#E5C6C2	48122.1	19.5	588
#EDEDED	#F2E1DF	48122.6	20	589
#EDEDED	#F2E1DF	48123	20.4000000000015	589
#EDEDED	#F2E1DF	48123.4	20	589
#EDEDED	#F2E1DF	48123	19.5999999999985	589
#EDEDED	#F2E1DF	48122.6	20	589
#E4E4E4	#EED9D6	48123.1	20.5	590
#E4E4E4	#EED9D6	48123.5	20.9000000000015	590
#E4E4E4	#EED9D6	48123.9	20.5	590
#E4E4E4	#EED9D6	48123.5	20.0999999999985	590
#E4E4E4	#EED9D6	48123.1	20.5	590
#DCDCDC	#E5C6C2	48123.6	21	591
#DCDCDC	#E5C6C2	48124	21.4000000000015	591
#DCDCDC	#E5C6C2	48124.4	21	591
#DCDCDC	#E5C6C2	48124	20.5999999999985	591
#DCDCDC	#E5C6C2	48123.6	21	591
#DBDBDB	#E9CFCC	48124.1	21.5	592
#DBDBDB	#E9CFCC	48124.5	21.9000000000015	592
#DBDBDB	#E9CFCC	48124.9	21.5	592
#DBDBDB	#E9CFCC	48124.5	21.0999999999985	592
#DBDBDB	#E9CFCC	48124.1	21.5	592
#E7E7E7	#EDD6D3	48124.6	22	593
#E7E7E7	#EDD6D3	48125	22.4000000000015	593
#E7E7E7	#EDD6D3	48125.4	22	593
#E7E7E7	#EDD6D3	48125	21.5999999999985	593
#E7E7E7	#EDD6D3	48124.6	22	593
#E4E4E4	#EBD4D1	48125.1	22.5	594
#E4E4E4	#EBD4D1	48125.5	22.9000000000015	594
#E4E4E4	#EBD4D1	48125.9	22.5	594
#E4E4E4	#EBD4D1	48125.5	22.0999999999985	594
#E4E4E4	#EBD4D1	48125.1	22.5	594
#EFEFEF	#F0DEDB	48125.6	23	595
#EFEFEF	#F0DEDB	48126	23.4000000000015	595
#EFEFEF	#F0DEDB	48126.4	23	595
#EFEFEF	#F0DEDB	48126	22.5999999999985	595
#EFEFEF	#F0DEDB	48125.6	23	595
#F7F7F7	#F7ECEA	48126.1	23.5	596
#F7F7F7	#F7ECEA	48126.5	23.9000000000015	596
#F7F7F7	#F7ECEA	48126.9	23.5	596
#F7F7F7	#F7ECEA	48126.5	23.0999999999985	596
#F7F7F7	#F7ECEA	48126.1	23.5	596
#F3F3F3	#F3E4E2	48126.6	24	597
#F3F3F3	#F3E4E2	48127	24.4000000000015	597
#F3F3F3	#F3E4E2	48127.4	24	597
#F3F3F3	#F3E4E2	48127	23.5999999999985	597
#F3F3F3	#F3E4E2	48126.6	24	597
#DEDEDE	#E9CFCB	48127.1	24.5	598
#DEDEDE	#E9CFCB	48127.5	24.9000000000015	598
#DEDEDE	#E9CFCB	48127.9	24.5	598
#DEDEDE	#E9CFCB	48127.5	24.0999999999985	598
#DEDEDE	#E9CFCB	48127.1	24.5	598
#636363	#F3E3E1	48103.6	0	599
#636363	#F3E3E1	48104	0.400000000001455	599
#636363	#F3E3E1	48104.4	0	599
#636363	#F3E3E1	48104	-0.400000000001455	599
#636363	#F3E3E1	48103.6	0	599
#CACACA	#F9F2F1	48104.1	0.5	600
#CACACA	#F9F2F1	48104.5	0.900000000001455	600
#CACACA	#F9F2F1	48104.9	0.5	600
#CACACA	#F9F2F1	48104.5	0.0999999999985448	600
#CACACA	#F9F2F1	48104.1	0.5	600
#848484	#F3E3E1	48104.6	1	601
#848484	#F3E3E1	48105	1.40000000000146	601
#848484	#F3E3E1	48105.4	1	601
#848484	#F3E3E1	48105	0.599999999998545	601
#848484	#F3E3E1	48104.6	1	601
#DFDFDF	#F9F2F1	48105.1	1.5	602
#DFDFDF	#F9F2F1	48105.5	1.90000000000146	602
#DFDFDF	#F9F2F1	48105.9	1.5	602
#DFDFDF	#F9F2F1	48105.5	1.09999999999854	602
#DFDFDF	#F9F2F1	48105.1	1.5	602
#E3E3E3	#FAF3F2	48105.6	2	603
#E3E3E3	#FAF3F2	48106	2.40000000000146	603
#E3E3E3	#FAF3F2	48106.4	2	603
#E3E3E3	#FAF3F2	48106	1.59999999999854	603
#E3E3E3	#FAF3F2	48105.6	2	603
#CFCFCF	#F7EEEC	48106.1	2.5	604
#CFCFCF	#F7EEEC	48106.5	2.90000000000146	604
#CFCFCF	#F7EEEC	48106.9	2.5	604
#CFCFCF	#F7EEEC	48106.5	2.09999999999854	604
#CFCFCF	#F7EEEC	48106.1	2.5	604
#D7D7D7	#F8EFED	48106.6	3	605
#D7D7D7	#F8EFED	48107	3.40000000000146	605
#D7D7D7	#F8EFED	48107.4	3	605
#D7D7D7	#F8EFED	48107	2.59999999999855	605
#D7D7D7	#F8EFED	48106.6	3	605
#F4F4F4	#F9F8FC	48107.1	3.5	606
#F4F4F4	#F9F8FC	48107.5	3.90000000000146	606
#F4F4F4	#F9F8FC	48107.9	3.5	606
#F4F4F4	#F9F8FC	48107.5	3.09999999999855	606
#F4F4F4	#F9F8FC	48107.1	3.5	606
#EBEBEB	#F5F3FA	48107.6	4	607
#EBEBEB	#F5F3FA	48108	4.40000000000146	607
#EBEBEB	#F5F3FA	48108.4	4	607
#EBEBEB	#F5F3FA	48108	3.59999999999855	607
#EBEBEB	#F5F3FA	48107.6	4	607
#FDFDFD	#FDFCFE	48108.1	4.5	608
#FDFDFD	#FDFCFE	48108.5	4.90000000000146	608
#FDFDFD	#FDFCFE	48108.9	4.5	608
#FDFDFD	#FDFCFE	48108.5	4.09999999999855	608
#FDFDFD	#FDFCFE	48108.1	4.5	608
#D4D4D4	#F5E9E7	48108.6	5	609
#D4D4D4	#F5E9E7	48109	5.40000000000146	609
#D4D4D4	#F5E9E7	48109.4	5	609
#D4D4D4	#F5E9E7	48109	4.59999999999855	609
#D4D4D4	#F5E9E7	48108.6	5	609
#EBEBEB	#F9F0EF	48109.1	5.5	610
#EBEBEB	#F9F0EF	48109.5	5.90000000000146	610
#EBEBEB	#F9F0EF	48109.9	5.5	610
#EBEBEB	#F9F0EF	48109.5	5.09999999999855	610
#EBEBEB	#F9F0EF	48109.1	5.5	610
#F9F9F9	#FCF9F9	48109.6	6	611
#F9F9F9	#FCF9F9	48110	6.40000000000146	611
#F9F9F9	#FCF9F9	48110.4	6	611
#F9F9F9	#FCF9F9	48110	5.59999999999855	611
#F9F9F9	#FCF9F9	48109.6	6	611
#E0E0E0	#F6EAE8	48110.1	6.5	612
#E0E0E0	#F6EAE8	48110.5	6.90000000000146	612
#E0E0E0	#F6EAE8	48110.9	6.5	612
#E0E0E0	#F6EAE8	48110.5	6.09999999999855	612
#E0E0E0	#F6EAE8	48110.1	6.5	612
#E9E9E9	#F8EEED	48110.6	7	613
#E9E9E9	#F8EEED	48111	7.40000000000146	613
#E9E9E9	#F8EEED	48111.4	7	613
#E9E9E9	#F8EEED	48111	6.59999999999855	613
#E9E9E9	#F8EEED	48110.6	7	613
#DEDEDE	#F6EAE8	48111.1	7.5	614
#DEDEDE	#F6EAE8	48111.5	7.90000000000146	614
#DEDEDE	#F6EAE8	48111.9	7.5	614
#DEDEDE	#F6EAE8	48111.5	7.09999999999855	614
#DEDEDE	#F6EAE8	48111.1	7.5	614
#D9D9D9	#F5E8E6	48111.6	8	615
#D9D9D9	#F5E8E6	48112	8.40000000000146	615
#D9D9D9	#F5E8E6	48112.4	8	615
#D9D9D9	#F5E8E6	48112	7.59999999999855	615
#D9D9D9	#F5E8E6	48111.6	8	615
#D3D3D3	#F2E1DF	48112.1	8.5	616
#D3D3D3	#F2E1DF	48112.5	8.90000000000146	616
#D3D3D3	#F2E1DF	48112.9	8.5	616
#D3D3D3	#F2E1DF	48112.5	8.09999999999855	616
#D3D3D3	#F2E1DF	48112.1	8.5	616
#E2E2E2	#F4E6E4	48112.6	9	617
#E2E2E2	#F4E6E4	48113	9.40000000000146	617
#E2E2E2	#F4E6E4	48113.4	9	617
#E2E2E2	#F4E6E4	48113	8.59999999999855	617
#E2E2E2	#F4E6E4	48112.6	9	617
#E8E8E8	#F6EAE8	48113.1	9.5	618
#E8E8E8	#F6EAE8	48113.5	9.90000000000146	618
#E8E8E8	#F6EAE8	48113.9	9.5	618
#E8E8E8	#F6EAE8	48113.5	9.09999999999854	618
#E8E8E8	#F6EAE8	48113.1	9.5	618
#DCDCDC	#F2E1DF	48113.6	10	619
#DCDCDC	#F2E1DF	48114	10.4000000000015	619
#DCDCDC	#F2E1DF	48114.4	10	619
#DCDCDC	#F2E1DF	48114	9.59999999999854	619
#DCDCDC	#F2E1DF	48113.6	10	619
#F3F3F3	#F8F0EF	48114.1	10.5	620
#F3F3F3	#F8F0EF	48114.5	10.9000000000015	620
#F3F3F3	#F8F0EF	48114.9	10.5	620
#F3F3F3	#F8F0EF	48114.5	10.0999999999985	620
#F3F3F3	#F8F0EF	48114.1	10.5	620
#ECECEC	#F5E8E6	48114.6	11	621
#ECECEC	#F5E8E6	48115	11.4000000000015	621
#ECECEC	#F5E8E6	48115.4	11	621
#ECECEC	#F5E8E6	48115	10.5999999999985	621
#ECECEC	#F5E8E6	48114.6	11	621
#E1E1E1	#F2E1DF	48115.1	11.5	622
#E1E1E1	#F2E1DF	48115.5	11.9000000000015	622
#E1E1E1	#F2E1DF	48115.9	11.5	622
#E1E1E1	#F2E1DF	48115.5	11.0999999999985	622
#E1E1E1	#F2E1DF	48115.1	11.5	622
#C9C9C9	#EBD2CF	48115.6	12	623
#C9C9C9	#EBD2CF	48116	12.4000000000015	623
#C9C9C9	#EBD2CF	48116.4	12	623
#C9C9C9	#EBD2CF	48116	11.5999999999985	623
#C9C9C9	#EBD2CF	48115.6	12	623
#D7D7D7	#EFDCD9	48116.1	12.5	624
#D7D7D7	#EFDCD9	48116.5	12.9000000000015	624
#D7D7D7	#EFDCD9	48116.9	12.5	624
#D7D7D7	#EFDCD9	48116.5	12.0999999999985	624
#D7D7D7	#EFDCD9	48116.1	12.5	624
#D7D7D7	#EFDBD8	48116.6	13	625
#D7D7D7	#EFDBD8	48117	13.4000000000015	625
#D7D7D7	#EFDBD8	48117.4	13	625
#D7D7D7	#EFDBD8	48117	12.5999999999985	625
#D7D7D7	#EFDBD8	48116.6	13	625
#D3D3D3	#ECD4D1	48117.1	13.5	626
#D3D3D3	#ECD4D1	48117.5	13.9000000000015	626
#D3D3D3	#ECD4D1	48117.9	13.5	626
#D3D3D3	#ECD4D1	48117.5	13.0999999999985	626
#D3D3D3	#ECD4D1	48117.1	13.5	626
#DBDBDB	#EFDAD8	48117.6	14	627
#DBDBDB	#EFDAD8	48118	14.4000000000015	627
#DBDBDB	#EFDAD8	48118.4	14	627
#DBDBDB	#EFDAD8	48118	13.5999999999985	627
#DBDBDB	#EFDAD8	48117.6	14	627
#B9B9B9	#E3C3BF	48118.1	14.5	628
#B9B9B9	#E3C3BF	48118.5	14.9000000000015	628
#B9B9B9	#E3C3BF	48118.9	14.5	628
#B9B9B9	#E3C3BF	48118.5	14.0999999999985	628
#B9B9B9	#E3C3BF	48118.1	14.5	628
#C2C2C2	#E2C1BC	48118.6	15	629
#C2C2C2	#E2C1BC	48119	15.4000000000015	629
#C2C2C2	#E2C1BC	48119.4	15	629
#C2C2C2	#E2C1BC	48119	14.5999999999985	629
#C2C2C2	#E2C1BC	48118.6	15	629
#D5D5D5	#EBD3D0	48119.1	15.5	630
#D5D5D5	#EBD3D0	48119.5	15.9000000000015	630
#D5D5D5	#EBD3D0	48119.9	15.5	630
#D5D5D5	#EBD3D0	48119.5	15.0999999999985	630
#D5D5D5	#EBD3D0	48119.1	15.5	630
#D0D0D0	#E8CDC9	48119.6	16	631
#D0D0D0	#E8CDC9	48120	16.4000000000015	631
#D0D0D0	#E8CDC9	48120.4	16	631
#D0D0D0	#E8CDC9	48120	15.5999999999985	631
#D0D0D0	#E8CDC9	48119.6	16	631
#D1D1D1	#E9CFCC	48120.1	16.5	632
#D1D1D1	#E9CFCC	48120.5	16.9000000000015	632
#D1D1D1	#E9CFCC	48120.9	16.5	632
#D1D1D1	#E9CFCC	48120.5	16.0999999999985	632
#D1D1D1	#E9CFCC	48120.1	16.5	632
#D3D3D3	#E9D0CC	48120.6	17	633
#D3D3D3	#E9D0CC	48121	17.4000000000015	633
#D3D3D3	#E9D0CC	48121.4	17	633
#D3D3D3	#E9D0CC	48121	16.5999999999985	633
#D3D3D3	#E9D0CC	48120.6	17	633
#E6E6E6	#EFDAD8	48121.1	17.5	634
#E6E6E6	#EFDAD8	48121.5	17.9000000000015	634
#E6E6E6	#EFDAD8	48121.9	17.5	634
#E6E6E6	#EFDAD8	48121.5	17.0999999999985	634
#E6E6E6	#EFDAD8	48121.1	17.5	634
#E0E0E0	#EED9D6	48121.6	18	635
#E0E0E0	#EED9D6	48122	18.4000000000015	635
#E0E0E0	#EED9D6	48122.4	18	635
#E0E0E0	#EED9D6	48122	17.5999999999985	635
#E0E0E0	#EED9D6	48121.6	18	635
#C7C7C7	#E4C4C0	48122.1	18.5	636
#C7C7C7	#E4C4C0	48122.5	18.9000000000015	636
#C7C7C7	#E4C4C0	48122.9	18.5	636
#C7C7C7	#E4C4C0	48122.5	18.0999999999985	636
#C7C7C7	#E4C4C0	48122.1	18.5	636
#F2F2F2	#F4E5E4	48122.6	19	637
#F2F2F2	#F4E5E4	48123	19.4000000000015	637
#F2F2F2	#F4E5E4	48123.4	19	637
#F2F2F2	#F4E5E4	48123	18.5999999999985	637
#F2F2F2	#F4E5E4	48122.6	19	637
#CECECE	#E7CAC6	48123.1	19.5	638
#CECECE	#E7CAC6	48123.5	19.9000000000015	638
#CECECE	#E7CAC6	48123.9	19.5	638
#CECECE	#E7CAC6	48123.5	19.0999999999985	638
#CECECE	#E7CAC6	48123.1	19.5	638
#E5E5E5	#EFDAD8	48123.6	20	639
#E5E5E5	#EFDAD8	48124	20.4000000000015	639
#E5E5E5	#EFDAD8	48124.4	20	639
#E5E5E5	#EFDAD8	48124	19.5999999999985	639
#E5E5E5	#EFDAD8	48123.6	20	639
#EDEDED	#EFDBD8	48124.1	20.5	640
#EDEDED	#EFDBD8	48124.5	20.9000000000015	640
#EDEDED	#EFDBD8	48124.9	20.5	640
#EDEDED	#EFDBD8	48124.5	20.0999999999985	640
#EDEDED	#EFDBD8	48124.1	20.5	640
#D6D6D6	#E8CCC8	48124.6	21	641
#D6D6D6	#E8CCC8	48125	21.4000000000015	641
#D6D6D6	#E8CCC8	48125.4	21	641
#D6D6D6	#E8CCC8	48125	20.5999999999985	641
#D6D6D6	#E8CCC8	48124.6	21	641
#C7C7C7	#E0BDB8	48125.1	21.5	642
#C7C7C7	#E0BDB8	48125.5	21.9000000000015	642
#C7C7C7	#E0BDB8	48125.9	21.5	642
#C7C7C7	#E0BDB8	48125.5	21.0999999999985	642
#C7C7C7	#E0BDB8	48125.1	21.5	642
#D9D9D9	#E7CAC7	48125.6	22	643
#D9D9D9	#E7CAC7	48126	22.4000000000015	643
#D9D9D9	#E7CAC7	48126.4	22	643
#D9D9D9	#E7CAC7	48126	21.5999999999985	643
#D9D9D9	#E7CAC7	48125.6	22	643
#F0F0F0	#F2E2E0	48126.1	22.5	644
#F0F0F0	#F2E2E0	48126.5	22.9000000000015	644
#F0F0F0	#F2E2E0	48126.9	22.5	644
#F0F0F0	#F2E2E0	48126.5	22.0999999999985	644
#F0F0F0	#F2E2E0	48126.1	22.5	644
#F8F8F8	#F8EFEE	48126.6	23	645
#F8F8F8	#F8EFEE	48127	23.4000000000015	645
#F8F8F8	#F8EFEE	48127.4	23	645
#F8F8F8	#F8EFEE	48127	22.5999999999985	645
#F8F8F8	#F8EFEE	48126.6	23	645
#F1F1F1	#F4E6E5	48127.1	23.5	646
#F1F1F1	#F4E6E5	48127.5	23.9000000000015	646
#F1F1F1	#F4E6E5	48127.9	23.5	646
#F1F1F1	#F4E6E5	48127.5	23.0999999999985	646
#F1F1F1	#F4E6E5	48127.1	23.5	646
#E9E9E9	#EFDCDA	48127.6	24	647
#E9E9E9	#EFDCDA	48128	24.4000000000015	647
#E9E9E9	#EFDCDA	48128.4	24	647
#E9E9E9	#EFDCDA	48128	23.5999999999985	647
#E9E9E9	#EFDCDA	48127.6	24	647
#E1E1E1	#EDD7D4	48128.1	24.5	648
#E1E1E1	#EDD7D4	48128.5	24.9000000000015	648
#E1E1E1	#EDD7D4	48128.9	24.5	648
#E1E1E1	#EDD7D4	48128.5	24.0999999999985	648
#E1E1E1	#EDD7D4	48128.1	24.5	648
#717171	#F4E5E3	48104.6	0	649
#717171	#F4E5E3	48105	0.400000000001455	649
#717171	#F4E5E3	48105.4	0	649
#717171	#F4E5E3	48105	-0.400000000001455	649
#717171	#F4E5E3	48104.6	0	649
#939393	#F5E8E6	48105.1	0.5	650
#939393	#F5E8E6	48105.5	0.900000000001455	650
#939393	#F5E8E6	48105.9	0.5	650
#939393	#F5E8E6	48105.5	0.0999999999985448	650
#939393	#F5E8E6	48105.1	0.5	650
#C8C8C8	#F8EFEE	48105.6	1	651
#C8C8C8	#F8EFEE	48106	1.40000000000146	651
#C8C8C8	#F8EFEE	48106.4	1	651
#C8C8C8	#F8EFEE	48106	0.599999999998545	651
#C8C8C8	#F8EFEE	48105.6	1	651
#DADADA	#F9F1F0	48106.1	1.5	652
#DADADA	#F9F1F0	48106.5	1.90000000000146	652
#DADADA	#F9F1F0	48106.9	1.5	652
#DADADA	#F9F1F0	48106.5	1.09999999999854	652
#DADADA	#F9F1F0	48106.1	1.5	652
#B3B3B3	#F5E8E7	48106.6	2	653
#B3B3B3	#F5E8E7	48107	2.40000000000146	653
#B3B3B3	#F5E8E7	48107.4	2	653
#B3B3B3	#F5E8E7	48107	1.59999999999854	653
#B3B3B3	#F5E8E7	48106.6	2	653
#C5C5C5	#F6EBEA	48107.1	2.5	654
#C5C5C5	#F6EBEA	48107.5	2.90000000000146	654
#C5C5C5	#F6EBEA	48107.9	2.5	654
#C5C5C5	#F6EBEA	48107.5	2.09999999999854	654
#C5C5C5	#F6EBEA	48107.1	2.5	654
#F8F8F8	#FDFAFA	48107.6	3	655
#F8F8F8	#FDFAFA	48108	3.40000000000146	655
#F8F8F8	#FDFAFA	48108.4	3	655
#F8F8F8	#FDFAFA	48108	2.59999999999855	655
#F8F8F8	#FDFAFA	48107.6	3	655
#F5F5F5	#F9F8FC	48108.1	3.5	656
#F5F5F5	#F9F8FC	48108.5	3.90000000000146	656
#F5F5F5	#F9F8FC	48108.9	3.5	656
#F5F5F5	#F9F8FC	48108.5	3.09999999999855	656
#F5F5F5	#F9F8FC	48108.1	3.5	656
#F3F3F3	#FBF6F6	48108.6	4	657
#F3F3F3	#FBF6F6	48109	4.40000000000146	657
#F3F3F3	#FBF6F6	48109.4	4	657
#F3F3F3	#FBF6F6	48109	3.59999999999855	657
#F3F3F3	#FBF6F6	48108.6	4	657
#CCCCCC	#F5E8E6	48109.1	4.5	658
#CCCCCC	#F5E8E6	48109.5	4.90000000000146	658
#CCCCCC	#F5E8E6	48109.9	4.5	658
#CCCCCC	#F5E8E6	48109.5	4.09999999999855	658
#CCCCCC	#F5E8E6	48109.1	4.5	658
#B3B3B3	#F0DEDC	48109.6	5	659
#B3B3B3	#F0DEDC	48110	5.40000000000146	659
#B3B3B3	#F0DEDC	48110.4	5	659
#B3B3B3	#F0DEDC	48110	4.59999999999855	659
#B3B3B3	#F0DEDC	48109.6	5	659
#F9F9F9	#FCF9F8	48110.1	5.5	660
#F9F9F9	#FCF9F8	48110.5	5.90000000000146	660
#F9F9F9	#FCF9F8	48110.9	5.5	660
#F9F9F9	#FCF9F8	48110.5	5.09999999999855	660
#F9F9F9	#FCF9F8	48110.1	5.5	660
#F3F3F3	#FBF5F5	48110.6	6	661
#F3F3F3	#FBF5F5	48111	6.40000000000146	661
#F3F3F3	#FBF5F5	48111.4	6	661
#F3F3F3	#FBF5F5	48111	5.59999999999855	661
#F3F3F3	#FBF5F5	48110.6	6	661
#E1E1E1	#F6EBEA	48111.1	6.5	662
#E1E1E1	#F6EBEA	48111.5	6.90000000000146	662
#E1E1E1	#F6EBEA	48111.9	6.5	662
#E1E1E1	#F6EBEA	48111.5	6.09999999999855	662
#E1E1E1	#F6EBEA	48111.1	6.5	662
#E7E7E7	#F8EFED	48111.6	7	663
#E7E7E7	#F8EFED	48112	7.40000000000146	663
#E7E7E7	#F8EFED	48112.4	7	663
#E7E7E7	#F8EFED	48112	6.59999999999855	663
#E7E7E7	#F8EFED	48111.6	7	663
#D8D8D8	#F5E8E7	48112.1	7.5	664
#D8D8D8	#F5E8E7	48112.5	7.90000000000146	664
#D8D8D8	#F5E8E7	48112.9	7.5	664
#D8D8D8	#F5E8E7	48112.5	7.09999999999855	664
#D8D8D8	#F5E8E7	48112.1	7.5	664
#F5F5F5	#FAF4F3	48112.6	8	665
#F5F5F5	#FAF4F3	48113	8.40000000000146	665
#F5F5F5	#FAF4F3	48113.4	8	665
#F5F5F5	#FAF4F3	48113	7.59999999999855	665
#F5F5F5	#FAF4F3	48112.6	8	665
#C9C9C9	#F0DDDA	48113.1	8.5	666
#C9C9C9	#F0DDDA	48113.5	8.90000000000146	666
#C9C9C9	#F0DDDA	48113.9	8.5	666
#C9C9C9	#F0DDDA	48113.5	8.09999999999855	666
#C9C9C9	#F0DDDA	48113.1	8.5	666
#F2F2F2	#F9F0EF	48113.6	9	667
#F2F2F2	#F9F0EF	48114	9.40000000000146	667
#F2F2F2	#F9F0EF	48114.4	9	667
#F2F2F2	#F9F0EF	48114	8.59999999999855	667
#F2F2F2	#F9F0EF	48113.6	9	667
#E1E1E1	#F4E6E4	48114.1	9.5	668
#E1E1E1	#F4E6E4	48114.5	9.90000000000146	668
#E1E1E1	#F4E6E4	48114.9	9.5	668
#E1E1E1	#F4E6E4	48114.5	9.09999999999854	668
#E1E1E1	#F4E6E4	48114.1	9.5	668
#F0F0F0	#F7ECEB	48114.6	10	669
#F0F0F0	#F7ECEB	48115	10.4000000000015	669
#F0F0F0	#F7ECEB	48115.4	10	669
#F0F0F0	#F7ECEB	48115	9.59999999999854	669
#F0F0F0	#F7ECEB	48114.6	10	669
#E4E4E4	#F3E5E3	48115.1	10.5	670
#E4E4E4	#F3E5E3	48115.5	10.9000000000015	670
#E4E4E4	#F3E5E3	48115.9	10.5	670
#E4E4E4	#F3E5E3	48115.5	10.0999999999985	670
#E4E4E4	#F3E5E3	48115.1	10.5	670
#CCCCCC	#ECD6D3	48115.6	11	671
#CCCCCC	#ECD6D3	48116	11.4000000000015	671
#CCCCCC	#ECD6D3	48116.4	11	671
#CCCCCC	#ECD6D3	48116	10.5999999999985	671
#CCCCCC	#ECD6D3	48115.6	11	671
#C9C9C9	#EBD2CF	48116.1	11.5	672
#C9C9C9	#EBD2CF	48116.5	11.9000000000015	672
#C9C9C9	#EBD2CF	48116.9	11.5	672
#C9C9C9	#EBD2CF	48116.5	11.0999999999985	672
#C9C9C9	#EBD2CF	48116.1	11.5	672
#E1E1E1	#F2E2E0	48116.6	12	673
#E1E1E1	#F2E2E0	48117	12.4000000000015	673
#E1E1E1	#F2E2E0	48117.4	12	673
#E1E1E1	#F2E2E0	48117	11.5999999999985	673
#E1E1E1	#F2E2E0	48116.6	12	673
#D8D8D8	#EFDAD8	48117.1	12.5	674
#D8D8D8	#EFDAD8	48117.5	12.9000000000015	674
#D8D8D8	#EFDAD8	48117.9	12.5	674
#D8D8D8	#EFDAD8	48117.5	12.0999999999985	674
#D8D8D8	#EFDAD8	48117.1	12.5	674
#D6D6D6	#EED8D5	48117.6	13	675
#D6D6D6	#EED8D5	48118	13.4000000000015	675
#D6D6D6	#EED8D5	48118.4	13	675
#D6D6D6	#EED8D5	48118	12.5999999999985	675
#D6D6D6	#EED8D5	48117.6	13	675
#CACACA	#ECD5D2	48118.1	13.5	676
#CACACA	#ECD5D2	48118.5	13.9000000000015	676
#CACACA	#ECD5D2	48118.9	13.5	676
#CACACA	#ECD5D2	48118.5	13.0999999999985	676
#CACACA	#ECD5D2	48118.1	13.5	676
#AFAFAF	#E4C5C1	48118.6	14	677
#AFAFAF	#E4C5C1	48119	14.4000000000015	677
#AFAFAF	#E4C5C1	48119.4	14	677
#AFAFAF	#E4C5C1	48119	13.5999999999985	677
#AFAFAF	#E4C5C1	48118.6	14	677
#C5C5C5	#E7CAC6	48119.1	14.5	678
#C5C5C5	#E7CAC6	48119.5	14.9000000000015	678
#C5C5C5	#E7CAC6	48119.9	14.5	678
#C5C5C5	#E7CAC6	48119.5	14.0999999999985	678
#C5C5C5	#E7CAC6	48119.1	14.5	678
#F2F2F2	#F7ECEB	48119.6	15	679
#F2F2F2	#F7ECEB	48120	15.4000000000015	679
#F2F2F2	#F7ECEB	48120.4	15	679
#F2F2F2	#F7ECEB	48120	14.5999999999985	679
#F2F2F2	#F7ECEB	48119.6	15	679
#F1F1F1	#F6E9E8	48120.1	15.5	680
#F1F1F1	#F6E9E8	48120.5	15.9000000000015	680
#F1F1F1	#F6E9E8	48120.9	15.5	680
#F1F1F1	#F6E9E8	48120.5	15.0999999999985	680
#F1F1F1	#F6E9E8	48120.1	15.5	680
#D6D6D6	#EDD7D4	48120.6	16	681
#D6D6D6	#EDD7D4	48121	16.4000000000015	681
#D6D6D6	#EDD7D4	48121.4	16	681
#D6D6D6	#EDD7D4	48121	15.5999999999985	681
#D6D6D6	#EDD7D4	48120.6	16	681
#BFBFBF	#E4C4BF	48121.1	16.5	682
#BFBFBF	#E4C4BF	48121.5	16.9000000000015	682
#BFBFBF	#E4C4BF	48121.9	16.5	682
#BFBFBF	#E4C4BF	48121.5	16.0999999999985	682
#BFBFBF	#E4C4BF	48121.1	16.5	682
#C5C5C5	#E8CCC8	48121.6	17	683
#C5C5C5	#E8CCC8	48122	17.4000000000015	683
#C5C5C5	#E8CCC8	48122.4	17	683
#C5C5C5	#E8CCC8	48122	16.5999999999985	683
#C5C5C5	#E8CCC8	48121.6	17	683
#C8C8C8	#E4C4C0	48122.1	17.5	684
#C8C8C8	#E4C4C0	48122.5	17.9000000000015	684
#C8C8C8	#E4C4C0	48122.9	17.5	684
#C8C8C8	#E4C4C0	48122.5	17.0999999999985	684
#C8C8C8	#E4C4C0	48122.1	17.5	684
#C2C2C2	#E6C9C5	48122.6	18	685
#C2C2C2	#E6C9C5	48123	18.4000000000015	685
#C2C2C2	#E6C9C5	48123.4	18	685
#C2C2C2	#E6C9C5	48123	17.5999999999985	685
#C2C2C2	#E6C9C5	48122.6	18	685
#BFBFBF	#E3C2BE	48123.1	18.5	686
#BFBFBF	#E3C2BE	48123.5	18.9000000000015	686
#BFBFBF	#E3C2BE	48123.9	18.5	686
#BFBFBF	#E3C2BE	48123.5	18.0999999999985	686
#BFBFBF	#E3C2BE	48123.1	18.5	686
#DEDEDE	#EED9D6	48123.6	19	687
#DEDEDE	#EED9D6	48124	19.4000000000015	687
#DEDEDE	#EED9D6	48124.4	19	687
#DEDEDE	#EED9D6	48124	18.5999999999985	687
#DEDEDE	#EED9D6	48123.6	19	687
#DADADA	#EDD7D4	48124.1	19.5	688
#DADADA	#EDD7D4	48124.5	19.9000000000015	688
#DADADA	#EDD7D4	48124.9	19.5	688
#DADADA	#EDD7D4	48124.5	19.0999999999985	688
#DADADA	#EDD7D4	48124.1	19.5	688
#E8E8E8	#EED9D6	48124.6	20	689
#E8E8E8	#EED9D6	48125	20.4000000000015	689
#E8E8E8	#EED9D6	48125.4	20	689
#E8E8E8	#EED9D6	48125	19.5999999999985	689
#E8E8E8	#EED9D6	48124.6	20	689
#D3D3D3	#E8CDCA	48125.1	20.5	690
#D3D3D3	#E8CDCA	48125.5	20.9000000000015	690
#D3D3D3	#E8CDCA	48125.9	20.5	690
#D3D3D3	#E8CDCA	48125.5	20.0999999999985	690
#D3D3D3	#E8CDCA	48125.1	20.5	690
#CCCCCC	#E4C5C1	48125.6	21	691
#CCCCCC	#E4C5C1	48126	21.4000000000015	691
#CCCCCC	#E4C5C1	48126.4	21	691
#CCCCCC	#E4C5C1	48126	20.5999999999985	691
#CCCCCC	#E4C5C1	48125.6	21	691
#D8D8D8	#EAD1CE	48126.1	21.5	692
#D8D8D8	#EAD1CE	48126.5	21.9000000000015	692
#D8D8D8	#EAD1CE	48126.9	21.5	692
#D8D8D8	#EAD1CE	48126.5	21.0999999999985	692
#D8D8D8	#EAD1CE	48126.1	21.5	692
#E2E2E2	#ECD5D2	48126.6	22	693
#E2E2E2	#ECD5D2	48127	22.4000000000015	693
#E2E2E2	#ECD5D2	48127.4	22	693
#E2E2E2	#ECD5D2	48127	21.5999999999985	693
#E2E2E2	#ECD5D2	48126.6	22	693
#F0F0F0	#F3E4E2	48127.1	22.5	694
#F0F0F0	#F3E4E2	48127.5	22.9000000000015	694
#F0F0F0	#F3E4E2	48127.9	22.5	694
#F0F0F0	#F3E4E2	48127.5	22.0999999999985	694
#F0F0F0	#F3E4E2	48127.1	22.5	694
#F5F5F5	#F7ECEB	48127.6	23	695
#F5F5F5	#F7ECEB	48128	23.4000000000015	695
#F5F5F5	#F7ECEB	48128.4	23	695
#F5F5F5	#F7ECEB	48128	22.5999999999985	695
#F5F5F5	#F7ECEB	48127.6	23	695
#DEDEDE	#EDD8D5	48128.1	23.5	696
#DEDEDE	#EDD8D5	48128.5	23.9000000000015	696
#DEDEDE	#EDD8D5	48128.9	23.5	696
#DEDEDE	#EDD8D5	48128.5	23.0999999999985	696
#DEDEDE	#EDD8D5	48128.1	23.5	696
#F5F5F5	#F6EBE9	48128.6	24	697
#F5F5F5	#F6EBE9	48129	24.4000000000015	697
#F5F5F5	#F6EBE9	48129.4	24	697
#F5F5F5	#F6EBE9	48129	23.5999999999985	697
#F5F5F5	#F6EBE9	48128.6	24	697
#E3E3E3	#EFDCD9	48129.1	24.5	698
#E3E3E3	#EFDCD9	48129.5	24.9000000000015	698
#E3E3E3	#EFDCD9	48129.9	24.5	698
#E3E3E3	#EFDCD9	48129.5	24.0999999999985	698
#E3E3E3	#EFDCD9	48129.1	24.5	698
#4B4B4B	#F1E0DE	48105.6	0	699
#4B4B4B	#F1E0DE	48106	0.400000000001455	699
#4B4B4B	#F1E0DE	48106.4	0	699
#4B4B4B	#F1E0DE	48106	-0.400000000001455	699
#4B4B4B	#F1E0DE	48105.6	0	699
#B6B6B6	#F8EEED	48106.1	0.5	700
#B6B6B6	#F8EEED	48106.5	0.900000000001455	700
#B6B6B6	#F8EEED	48106.9	0.5	700
#B6B6B6	#F8EEED	48106.5	0.0999999999985448	700
#B6B6B6	#F8EEED	48106.1	0.5	700
#989898	#F4E5E4	48106.6	1	701
#989898	#F4E5E4	48107	1.40000000000146	701
#989898	#F4E5E4	48107.4	1	701
#989898	#F4E5E4	48107	0.599999999998545	701
#989898	#F4E5E4	48106.6	1	701
#797979	#F1E0DE	48107.1	1.5	702
#797979	#F1E0DE	48107.5	1.90000000000146	702
#797979	#F1E0DE	48107.9	1.5	702
#797979	#F1E0DE	48107.5	1.09999999999854	702
#797979	#F1E0DE	48107.1	1.5	702
#727272	#F0DDDB	48107.6	2	703
#727272	#F0DDDB	48108	2.40000000000146	703
#727272	#F0DDDB	48108.4	2	703
#727272	#F0DDDB	48108	1.59999999999854	703
#727272	#F0DDDB	48107.6	2	703
#F3F3F3	#FCF8F8	48108.1	2.5	704
#F3F3F3	#FCF8F8	48108.5	2.90000000000146	704
#F3F3F3	#FCF8F8	48108.9	2.5	704
#F3F3F3	#FCF8F8	48108.5	2.09999999999854	704
#F3F3F3	#FCF8F8	48108.1	2.5	704
#FDFDFD	#FEFDFD	48108.6	3	705
#FDFDFD	#FEFDFD	48109	3.40000000000146	705
#FDFDFD	#FEFDFD	48109.4	3	705
#FDFDFD	#FEFDFD	48109	2.59999999999855	705
#FDFDFD	#FEFDFD	48108.6	3	705
#DFDFDF	#F8EFEE	48109.1	3.5	706
#DFDFDF	#F8EFEE	48109.5	3.90000000000146	706
#DFDFDF	#F8EFEE	48109.9	3.5	706
#DFDFDF	#F8EFEE	48109.5	3.09999999999855	706
#DFDFDF	#F8EFEE	48109.1	3.5	706
#D1D1D1	#F6EBE9	48109.6	4	707
#D1D1D1	#F6EBE9	48110	4.40000000000146	707
#D1D1D1	#F6EBE9	48110.4	4	707
#D1D1D1	#F6EBE9	48110	3.59999999999855	707
#D1D1D1	#F6EBE9	48109.6	4	707
#D7D7D7	#F6EBEA	48110.1	4.5	708
#D7D7D7	#F6EBEA	48110.5	4.90000000000146	708
#D7D7D7	#F6EBEA	48110.9	4.5	708
#D7D7D7	#F6EBEA	48110.5	4.09999999999855	708
#D7D7D7	#F6EBEA	48110.1	4.5	708
#F8F8F8	#FCF9F8	48110.6	5	709
#F8F8F8	#FCF9F8	48111	5.40000000000146	709
#F8F8F8	#FCF9F8	48111.4	5	709
#F8F8F8	#FCF9F8	48111	4.59999999999855	709
#F8F8F8	#FCF9F8	48110.6	5	709
#DFDFDF	#F7EEEC	48111.1	5.5	710
#DFDFDF	#F7EEEC	48111.5	5.90000000000146	710
#DFDFDF	#F7EEEC	48111.9	5.5	710
#DFDFDF	#F7EEEC	48111.5	5.09999999999855	710
#DFDFDF	#F7EEEC	48111.1	5.5	710
#F3F3F3	#FBF5F4	48111.6	6	711
#F3F3F3	#FBF5F4	48112	6.40000000000146	711
#F3F3F3	#FBF5F4	48112.4	6	711
#F3F3F3	#FBF5F4	48112	5.59999999999855	711
#F3F3F3	#FBF5F4	48111.6	6	711
#D3D3D3	#F5E8E6	48112.1	6.5	712
#D3D3D3	#F5E8E6	48112.5	6.90000000000146	712
#D3D3D3	#F5E8E6	48112.9	6.5	712
#D3D3D3	#F5E8E6	48112.5	6.09999999999855	712
#D3D3D3	#F5E8E6	48112.1	6.5	712
#D5D5D5	#F5E7E5	48112.6	7	713
#D5D5D5	#F5E7E5	48113	7.40000000000146	713
#D5D5D5	#F5E7E5	48113.4	7	713
#D5D5D5	#F5E7E5	48113	6.59999999999855	713
#D5D5D5	#F5E7E5	48112.6	7	713
#ECECEC	#F8EFEE	48113.1	7.5	714
#ECECEC	#F8EFEE	48113.5	7.90000000000146	714
#ECECEC	#F8EFEE	48113.9	7.5	714
#ECECEC	#F8EFEE	48113.5	7.09999999999855	714
#ECECEC	#F8EFEE	48113.1	7.5	714
#EAEAEA	#F7ECEB	48113.6	8	715
#EAEAEA	#F7ECEB	48114	8.40000000000146	715
#EAEAEA	#F7ECEB	48114.4	8	715
#EAEAEA	#F7ECEB	48114	7.59999999999855	715
#EAEAEA	#F7ECEB	48113.6	8	715
#E8E8E8	#F5E9E8	48114.1	8.5	716
#E8E8E8	#F5E9E8	48114.5	8.90000000000146	716
#E8E8E8	#F5E9E8	48114.9	8.5	716
#E8E8E8	#F5E9E8	48114.5	8.09999999999855	716
#E8E8E8	#F5E9E8	48114.1	8.5	716
#EEEEEE	#F8EEED	48114.6	9	717
#EEEEEE	#F8EEED	48115	9.40000000000146	717
#EEEEEE	#F8EEED	48115.4	9	717
#EEEEEE	#F8EEED	48115	8.59999999999855	717
#EEEEEE	#F8EEED	48114.6	9	717
#EEEEEE	#F7ECEB	48115.1	9.5	718
#EEEEEE	#F7ECEB	48115.5	9.90000000000146	718
#EEEEEE	#F7ECEB	48115.9	9.5	718
#EEEEEE	#F7ECEB	48115.5	9.09999999999854	718
#EEEEEE	#F7ECEB	48115.1	9.5	718
#EEEEEE	#F7EDEB	48115.6	10	719
#EEEEEE	#F7EDEB	48116	10.4000000000015	719
#EEEEEE	#F7EDEB	48116.4	10	719
#EEEEEE	#F7EDEB	48116	9.59999999999854	719
#EEEEEE	#F7EDEB	48115.6	10	719
#EBEBEB	#F6EAE9	48116.1	10.5	720
#EBEBEB	#F6EAE9	48116.5	10.9000000000015	720
#EBEBEB	#F6EAE9	48116.9	10.5	720
#EBEBEB	#F6EAE9	48116.5	10.0999999999985	720
#EBEBEB	#F6EAE9	48116.1	10.5	720
#CDCDCD	#EED8D5	48116.6	11	721
#CDCDCD	#EED8D5	48117	11.4000000000015	721
#CDCDCD	#EED8D5	48117.4	11	721
#CDCDCD	#EED8D5	48117	10.5999999999985	721
#CDCDCD	#EED8D5	48116.6	11	721
#D4D4D4	#F0DCDA	48117.1	11.5	722
#D4D4D4	#F0DCDA	48117.5	11.9000000000015	722
#D4D4D4	#F0DCDA	48117.9	11.5	722
#D4D4D4	#F0DCDA	48117.5	11.0999999999985	722
#D4D4D4	#F0DCDA	48117.1	11.5	722
#E4E4E4	#F4E6E4	48117.6	12	723
#E4E4E4	#F4E6E4	48118	12.4000000000015	723
#E4E4E4	#F4E6E4	48118.4	12	723
#E4E4E4	#F4E6E4	48118	11.5999999999985	723
#E4E4E4	#F4E6E4	48117.6	12	723
#E0E0E0	#F2E2E0	48118.1	12.5	724
#E0E0E0	#F2E2E0	48118.5	12.9000000000015	724
#E0E0E0	#F2E2E0	48118.9	12.5	724
#E0E0E0	#F2E2E0	48118.5	12.0999999999985	724
#E0E0E0	#F2E2E0	48118.1	12.5	724
#B0B0B0	#E6C8C4	48118.6	13	725
#B0B0B0	#E6C8C4	48119	13.4000000000015	725
#B0B0B0	#E6C8C4	48119.4	13	725
#B0B0B0	#E6C8C4	48119	12.5999999999985	725
#B0B0B0	#E6C8C4	48118.6	13	725
#B9B9B9	#E7CAC6	48119.1	13.5	726
#B9B9B9	#E7CAC6	48119.5	13.9000000000015	726
#B9B9B9	#E7CAC6	48119.9	13.5	726
#B9B9B9	#E7CAC6	48119.5	13.0999999999985	726
#B9B9B9	#E7CAC6	48119.1	13.5	726
#E8E8E8	#F2E2E0	48119.6	14	727
#E8E8E8	#F2E2E0	48120	14.4000000000015	727
#E8E8E8	#F2E2E0	48120.4	14	727
#E8E8E8	#F2E2E0	48120	13.5999999999985	727
#E8E8E8	#F2E2E0	48119.6	14	727
#E6E6E6	#F3E3E1	48120.1	14.5	728
#E6E6E6	#F3E3E1	48120.5	14.9000000000015	728
#E6E6E6	#F3E3E1	48120.9	14.5	728
#E6E6E6	#F3E3E1	48120.5	14.0999999999985	728
#E6E6E6	#F3E3E1	48120.1	14.5	728
#EEEEEE	#F5E9E7	48120.6	15	729
#EEEEEE	#F5E9E7	48121	15.4000000000015	729
#EEEEEE	#F5E9E7	48121.4	15	729
#EEEEEE	#F5E9E7	48121	14.5999999999985	729
#EEEEEE	#F5E9E7	48120.6	15	729
#DFDFDF	#F1DFDC	48121.1	15.5	730
#DFDFDF	#F1DFDC	48121.5	15.9000000000015	730
#DFDFDF	#F1DFDC	48121.9	15.5	730
#DFDFDF	#F1DFDC	48121.5	15.0999999999985	730
#DFDFDF	#F1DFDC	48121.1	15.5	730
#E1E1E1	#F1DEDC	48121.6	16	731
#E1E1E1	#F1DEDC	48122	16.4000000000015	731
#E1E1E1	#F1DEDC	48122.4	16	731
#E1E1E1	#F1DEDC	48122	15.5999999999985	731
#E1E1E1	#F1DEDC	48121.6	16	731
#CFCFCF	#E9D0CC	48122.1	16.5	732
#CFCFCF	#E9D0CC	48122.5	16.9000000000015	732
#CFCFCF	#E9D0CC	48122.9	16.5	732
#CFCFCF	#E9D0CC	48122.5	16.0999999999985	732
#CFCFCF	#E9D0CC	48122.1	16.5	732
#C0C0C0	#E7CAC6	48122.6	17	733
#C0C0C0	#E7CAC6	48123	17.4000000000015	733
#C0C0C0	#E7CAC6	48123.4	17	733
#C0C0C0	#E7CAC6	48123	16.5999999999985	733
#C0C0C0	#E7CAC6	48122.6	17	733
#CCCCCC	#EBD2CF	48123.1	17.5	734
#CCCCCC	#EBD2CF	48123.5	17.9000000000015	734
#CCCCCC	#EBD2CF	48123.9	17.5	734
#CCCCCC	#EBD2CF	48123.5	17.0999999999985	734
#CCCCCC	#EBD2CF	48123.1	17.5	734
#DDDDDD	#EBD3D0	48123.6	18	735
#DDDDDD	#EBD3D0	48124	18.4000000000015	735
#DDDDDD	#EBD3D0	48124.4	18	735
#DDDDDD	#EBD3D0	48124	17.5999999999985	735
#DDDDDD	#EBD3D0	48123.6	18	735
#DEDEDE	#EDD7D4	48124.1	18.5	736
#DEDEDE	#EDD7D4	48124.5	18.9000000000015	736
#DEDEDE	#EDD7D4	48124.9	18.5	736
#DEDEDE	#EDD7D4	48124.5	18.0999999999985	736
#DEDEDE	#EDD7D4	48124.1	18.5	736
#E5E5E5	#F0DDDB	48124.6	19	737
#E5E5E5	#F0DDDB	48125	19.4000000000015	737
#E5E5E5	#F0DDDB	48125.4	19	737
#E5E5E5	#F0DDDB	48125	18.5999999999985	737
#E5E5E5	#F0DDDB	48124.6	19	737
#ECECEC	#F1DFDD	48125.1	19.5	738
#ECECEC	#F1DFDD	48125.5	19.9000000000015	738
#ECECEC	#F1DFDD	48125.9	19.5	738
#ECECEC	#F1DFDD	48125.5	19.0999999999985	738
#ECECEC	#F1DFDD	48125.1	19.5	738
#E8E8E8	#F1E0DE	48125.6	20	739
#E8E8E8	#F1E0DE	48126	20.4000000000015	739
#E8E8E8	#F1E0DE	48126.4	20	739
#E8E8E8	#F1E0DE	48126	19.5999999999985	739
#E8E8E8	#F1E0DE	48125.6	20	739
#ECECEC	#F3E3E1	48126.1	20.5	740
#ECECEC	#F3E3E1	48126.5	20.9000000000015	740
#ECECEC	#F3E3E1	48126.9	20.5	740
#ECECEC	#F3E3E1	48126.5	20.0999999999985	740
#ECECEC	#F3E3E1	48126.1	20.5	740
#ECECEC	#F3E3E1	48126.6	21	741
#ECECEC	#F3E3E1	48127	21.4000000000015	741
#ECECEC	#F3E3E1	48127.4	21	741
#ECECEC	#F3E3E1	48127	20.5999999999985	741
#ECECEC	#F3E3E1	48126.6	21	741
#F7F7F7	#F8EEED	48127.1	21.5	742
#F7F7F7	#F8EEED	48127.5	21.9000000000015	742
#F7F7F7	#F8EEED	48127.9	21.5	742
#F7F7F7	#F8EEED	48127.5	21.0999999999985	742
#F7F7F7	#F8EEED	48127.1	21.5	742
#E2E2E2	#EDD7D4	48127.6	22	743
#E2E2E2	#EDD7D4	48128	22.4000000000015	743
#E2E2E2	#EDD7D4	48128.4	22	743
#E2E2E2	#EDD7D4	48128	21.5999999999985	743
#E2E2E2	#EDD7D4	48127.6	22	743
#EFEFEF	#F5E7E6	48128.1	22.5	744
#EFEFEF	#F5E7E6	48128.5	22.9000000000015	744
#EFEFEF	#F5E7E6	48128.9	22.5	744
#EFEFEF	#F5E7E6	48128.5	22.0999999999985	744
#EFEFEF	#F5E7E6	48128.1	22.5	744
#E6E6E6	#F1DFDD	48128.6	23	745
#E6E6E6	#F1DFDD	48129	23.4000000000015	745
#E6E6E6	#F1DFDD	48129.4	23	745
#E6E6E6	#F1DFDD	48129	22.5999999999985	745
#E6E6E6	#F1DFDD	48128.6	23	745
#F7F7F7	#F9F0EF	48129.1	23.5	746
#F7F7F7	#F9F0EF	48129.5	23.9000000000015	746
#F7F7F7	#F9F0EF	48129.9	23.5	746
#F7F7F7	#F9F0EF	48129.5	23.0999999999985	746
#F7F7F7	#F9F0EF	48129.1	23.5	746
#FDFDFD	#FAFAFC	48129.6	24	747
#FDFDFD	#FAFAFC	48130	24.4000000000015	747
#FDFDFD	#FAFAFC	48130.4	24	747
#FDFDFD	#FAFAFC	48130	23.5999999999985	747
#FDFDFD	#FAFAFC	48129.6	24	747
#FDFDFD	#FDFBFB	48130.1	24.5	748
#FDFDFD	#FDFBFB	48130.5	24.9000000000015	748
#FDFDFD	#FDFBFB	48130.9	24.5	748
#FDFDFD	#FDFBFB	48130.5	24.0999999999985	748
#FDFDFD	#FDFBFB	48130.1	24.5	748
#535353	#F1E1DE	48106.6	0	749
#535353	#F1E1DE	48107	0.400000000001455	749
#535353	#F1E1DE	48107.4	0	749
#535353	#F1E1DE	48107	-0.400000000001455	749
#535353	#F1E1DE	48106.6	0	749
#ADADAD	#F7EDEC	48107.1	0.5	750
#ADADAD	#F7EDEC	48107.5	0.900000000001455	750
#ADADAD	#F7EDEC	48107.9	0.5	750
#ADADAD	#F7EDEC	48107.5	0.0999999999985448	750
#ADADAD	#F7EDEC	48107.1	0.5	750
#636363	#F1DFDD	48107.6	1	751
#636363	#F1DFDD	48108	1.40000000000146	751
#636363	#F1DFDD	48108.4	1	751
#636363	#F1DFDD	48108	0.599999999998545	751
#636363	#F1DFDD	48107.6	1	751
#6C6C6C	#F0DEDC	48108.1	1.5	752
#6C6C6C	#F0DEDC	48108.5	1.90000000000146	752
#6C6C6C	#F0DEDC	48108.9	1.5	752
#6C6C6C	#F0DEDC	48108.5	1.09999999999854	752
#6C6C6C	#F0DEDC	48108.1	1.5	752
#F0F0F0	#FCF7F6	48108.6	2	753
#F0F0F0	#FCF7F6	48109	2.40000000000146	753
#F0F0F0	#FCF7F6	48109.4	2	753
#F0F0F0	#FCF7F6	48109	1.59999999999854	753
#F0F0F0	#FCF7F6	48108.6	2	753
#FDFDFD	#FEFDFD	48109.1	2.5	754
#FDFDFD	#FEFDFD	48109.5	2.90000000000146	754
#FDFDFD	#FEFDFD	48109.9	2.5	754
#FDFDFD	#FEFDFD	48109.5	2.09999999999854	754
#FDFDFD	#FEFDFD	48109.1	2.5	754
#DDDDDD	#F8F0EF	48109.6	3	755
#DDDDDD	#F8F0EF	48110	3.40000000000146	755
#DDDDDD	#F8F0EF	48110.4	3	755
#DDDDDD	#F8F0EF	48110	2.59999999999855	755
#DDDDDD	#F8F0EF	48109.6	3	755
#D3D3D3	#F7ECEB	48110.1	3.5	756
#D3D3D3	#F7ECEB	48110.5	3.90000000000146	756
#D3D3D3	#F7ECEB	48110.9	3.5	756
#D3D3D3	#F7ECEB	48110.5	3.09999999999855	756
#D3D3D3	#F7ECEB	48110.1	3.5	756
#D3D3D3	#F6EBE9	48110.6	4	757
#D3D3D3	#F6EBE9	48111	4.40000000000146	757
#D3D3D3	#F6EBE9	48111.4	4	757
#D3D3D3	#F6EBE9	48111	3.59999999999855	757
#D3D3D3	#F6EBE9	48110.6	4	757
#F4F4F4	#FBF6F6	48111.1	4.5	758
#F4F4F4	#FBF6F6	48111.5	4.90000000000146	758
#F4F4F4	#FBF6F6	48111.9	4.5	758
#F4F4F4	#FBF6F6	48111.5	4.09999999999855	758
#F4F4F4	#FBF6F6	48111.1	4.5	758
#E2E2E2	#F8F0EF	48111.6	5	759
#E2E2E2	#F8F0EF	48112	5.40000000000146	759
#E2E2E2	#F8F0EF	48112.4	5	759
#E2E2E2	#F8F0EF	48112	4.59999999999855	759
#E2E2E2	#F8F0EF	48111.6	5	759
#FEFEFE	#FEFDFD	48112.1	5.5	760
#FEFEFE	#FEFDFD	48112.5	5.90000000000146	760
#FEFEFE	#FEFDFD	48112.9	5.5	760
#FEFEFE	#FEFDFD	48112.5	5.09999999999855	760
#FEFEFE	#FEFDFD	48112.1	5.5	760
#FEFEFE	#FFFEFE	48112.6	6	761
#FEFEFE	#FFFEFE	48113	6.40000000000146	761
#FEFEFE	#FFFEFE	48113.4	6	761
#FEFEFE	#FFFEFE	48113	5.59999999999855	761
#FEFEFE	#FFFEFE	48112.6	6	761
#F9F9F9	#FCF9F9	48113.1	6.5	762
#F9F9F9	#FCF9F9	48113.5	6.90000000000146	762
#F9F9F9	#FCF9F9	48113.9	6.5	762
#F9F9F9	#FCF9F9	48113.5	6.09999999999855	762
#F9F9F9	#FCF9F9	48113.1	6.5	762
#F6F6F6	#FBF6F6	48113.6	7	763
#F6F6F6	#FBF6F6	48114	7.40000000000146	763
#F6F6F6	#FBF6F6	48114.4	7	763
#F6F6F6	#FBF6F6	48114	6.59999999999855	763
#F6F6F6	#FBF6F6	48113.6	7	763
#F6F6F6	#FBF5F4	48114.1	7.5	764
#F6F6F6	#FBF5F4	48114.5	7.90000000000146	764
#F6F6F6	#FBF5F4	48114.9	7.5	764
#F6F6F6	#FBF5F4	48114.5	7.09999999999855	764
#F6F6F6	#FBF5F4	48114.1	7.5	764
#FDFDFD	#FEFCFC	48114.6	8	765
#FDFDFD	#FEFCFC	48115	8.40000000000146	765
#FDFDFD	#FEFCFC	48115.4	8	765
#FDFDFD	#FEFCFC	48115	7.59999999999855	765
#FDFDFD	#FEFCFC	48114.6	8	765
#F5F5F5	#FAF4F3	48115.1	8.5	766
#F5F5F5	#FAF4F3	48115.5	8.90000000000146	766
#F5F5F5	#FAF4F3	48115.9	8.5	766
#F5F5F5	#FAF4F3	48115.5	8.09999999999855	766
#F5F5F5	#FAF4F3	48115.1	8.5	766
#EFEFEF	#F8EEED	48115.6	9	767
#EFEFEF	#F8EEED	48116	9.40000000000146	767
#EFEFEF	#F8EEED	48116.4	9	767
#EFEFEF	#F8EEED	48116	8.59999999999855	767
#EFEFEF	#F8EEED	48115.6	9	767
#EFEFEF	#F8EFEE	48116.1	9.5	768
#EFEFEF	#F8EFEE	48116.5	9.90000000000146	768
#EFEFEF	#F8EFEE	48116.9	9.5	768
#EFEFEF	#F8EFEE	48116.5	9.09999999999854	768
#EFEFEF	#F8EFEE	48116.1	9.5	768
#F6F6F6	#FAF3F2	48116.6	10	769
#F6F6F6	#FAF3F2	48117	10.4000000000015	769
#F6F6F6	#FAF3F2	48117.4	10	769
#F6F6F6	#FAF3F2	48117	9.59999999999854	769
#F6F6F6	#FAF3F2	48116.6	10	769
#EFEFEF	#F8EFED	48117.1	10.5	770
#EFEFEF	#F8EFED	48117.5	10.9000000000015	770
#EFEFEF	#F8EFED	48117.9	10.5	770
#EFEFEF	#F8EFED	48117.5	10.0999999999985	770
#EFEFEF	#F8EFED	48117.1	10.5	770
#EFEFEF	#F8EEED	48117.6	11	771
#EFEFEF	#F8EEED	48118	11.4000000000015	771
#EFEFEF	#F8EEED	48118.4	11	771
#EFEFEF	#F8EEED	48118	10.5999999999985	771
#EFEFEF	#F8EEED	48117.6	11	771
#F3F3F3	#F9F1F0	48118.1	11.5	772
#F3F3F3	#F9F1F0	48118.5	11.9000000000015	772
#F3F3F3	#F9F1F0	48118.9	11.5	772
#F3F3F3	#F9F1F0	48118.5	11.0999999999985	772
#F3F3F3	#F9F1F0	48118.1	11.5	772
#EDEDED	#F6ECEA	48118.6	12	773
#EDEDED	#F6ECEA	48119	12.4000000000015	773
#EDEDED	#F6ECEA	48119.4	12	773
#EDEDED	#F6ECEA	48119	11.5999999999985	773
#EDEDED	#F6ECEA	48118.6	12	773
#CCCCCC	#EFDAD8	48119.1	12.5	774
#CCCCCC	#EFDAD8	48119.5	12.9000000000015	774
#CCCCCC	#EFDAD8	48119.9	12.5	774
#CCCCCC	#EFDAD8	48119.5	12.0999999999985	774
#CCCCCC	#EFDAD8	48119.1	12.5	774
#C2C2C2	#ECD4D1	48119.6	13	775
#C2C2C2	#ECD4D1	48120	13.4000000000015	775
#C2C2C2	#ECD4D1	48120.4	13	775
#C2C2C2	#ECD4D1	48120	12.5999999999985	775
#C2C2C2	#ECD4D1	48119.6	13	775
#D5D5D5	#EED9D6	48120.1	13.5	776
#D5D5D5	#EED9D6	48120.5	13.9000000000015	776
#D5D5D5	#EED9D6	48120.9	13.5	776
#D5D5D5	#EED9D6	48120.5	13.0999999999985	776
#D5D5D5	#EED9D6	48120.1	13.5	776
#E3E3E3	#F2E1DF	48120.6	14	777
#E3E3E3	#F2E1DF	48121	14.4000000000015	777
#E3E3E3	#F2E1DF	48121.4	14	777
#E3E3E3	#F2E1DF	48121	13.5999999999985	777
#E3E3E3	#F2E1DF	48120.6	14	777
#F2F2F2	#F6EBEA	48121.1	14.5	778
#F2F2F2	#F6EBEA	48121.5	14.9000000000015	778
#F2F2F2	#F6EBEA	48121.9	14.5	778
#F2F2F2	#F6EBEA	48121.5	14.0999999999985	778
#F2F2F2	#F6EBEA	48121.1	14.5	778
#F9F9F9	#FBF5F4	48121.6	15	779
#F9F9F9	#FBF5F4	48122	15.4000000000015	779
#F9F9F9	#FBF5F4	48122.4	15	779
#F9F9F9	#FBF5F4	48122	14.5999999999985	779
#F9F9F9	#FBF5F4	48121.6	15	779
#EFEFEF	#F6EAE8	48122.1	15.5	780
#EFEFEF	#F6EAE8	48122.5	15.9000000000015	780
#EFEFEF	#F6EAE8	48122.9	15.5	780
#EFEFEF	#F6EAE8	48122.5	15.0999999999985	780
#EFEFEF	#F6EAE8	48122.1	15.5	780
#F2F2F2	#F7EDEB	48122.6	16	781
#F2F2F2	#F7EDEB	48123	16.4000000000015	781
#F2F2F2	#F7EDEB	48123.4	16	781
#F2F2F2	#F7EDEB	48123	15.5999999999985	781
#F2F2F2	#F7EDEB	48122.6	16	781
#D1D1D1	#EDD6D3	48123.1	16.5	782
#D1D1D1	#EDD6D3	48123.5	16.9000000000015	782
#D1D1D1	#EDD6D3	48123.9	16.5	782
#D1D1D1	#EDD6D3	48123.5	16.0999999999985	782
#D1D1D1	#EDD6D3	48123.1	16.5	782
#DDDDDD	#EFDCD9	48123.6	17	783
#DDDDDD	#EFDCD9	48124	17.4000000000015	783
#DDDDDD	#EFDCD9	48124.4	17	783
#DDDDDD	#EFDCD9	48124	16.5999999999985	783
#DDDDDD	#EFDCD9	48123.6	17	783
#ECECEC	#F3E4E3	48124.1	17.5	784
#ECECEC	#F3E4E3	48124.5	17.9000000000015	784
#ECECEC	#F3E4E3	48124.9	17.5	784
#ECECEC	#F3E4E3	48124.5	17.0999999999985	784
#ECECEC	#F3E4E3	48124.1	17.5	784
#E0E0E0	#EFDAD8	48124.6	18	785
#E0E0E0	#EFDAD8	48125	18.4000000000015	785
#E0E0E0	#EFDAD8	48125.4	18	785
#E0E0E0	#EFDAD8	48125	17.5999999999985	785
#E0E0E0	#EFDAD8	48124.6	18	785
#DCDCDC	#EDD8D5	48125.1	18.5	786
#DCDCDC	#EDD8D5	48125.5	18.9000000000015	786
#DCDCDC	#EDD8D5	48125.9	18.5	786
#DCDCDC	#EDD8D5	48125.5	18.0999999999985	786
#DCDCDC	#EDD8D5	48125.1	18.5	786
#FBFBFB	#FBF6F5	48125.6	19	787
#FBFBFB	#FBF6F5	48126	19.4000000000015	787
#FBFBFB	#FBF6F5	48126.4	19	787
#FBFBFB	#FBF6F5	48126	18.5999999999985	787
#FBFBFB	#FBF6F5	48125.6	19	787
#E6E6E6	#F2E2DF	48126.1	19.5	788
#E6E6E6	#F2E2DF	48126.5	19.9000000000015	788
#E6E6E6	#F2E2DF	48126.9	19.5	788
#E6E6E6	#F2E2DF	48126.5	19.0999999999985	788
#E6E6E6	#F2E2DF	48126.1	19.5	788
#F3F3F3	#F7ECEB	48126.6	20	789
#F3F3F3	#F7ECEB	48127	20.4000000000015	789
#F3F3F3	#F7ECEB	48127.4	20	789
#F3F3F3	#F7ECEB	48127	19.5999999999985	789
#F3F3F3	#F7ECEB	48126.6	20	789
#FBFBFB	#FBF6F6	48127.1	20.5	790
#FBFBFB	#FBF6F6	48127.5	20.9000000000015	790
#FBFBFB	#FBF6F6	48127.9	20.5	790
#FBFBFB	#FBF6F6	48127.5	20.0999999999985	790
#FBFBFB	#FBF6F6	48127.1	20.5	790
#FBFBFB	#FBF6F5	48127.6	21	791
#FBFBFB	#FBF6F5	48128	21.4000000000015	791
#FBFBFB	#FBF6F5	48128.4	21	791
#FBFBFB	#FBF6F5	48128	20.5999999999985	791
#FBFBFB	#FBF6F5	48127.6	21	791
#F9F9F9	#FAF3F2	48128.1	21.5	792
#F9F9F9	#FAF3F2	48128.5	21.9000000000015	792
#F9F9F9	#FAF3F2	48128.9	21.5	792
#F9F9F9	#FAF3F2	48128.5	21.0999999999985	792
#F9F9F9	#FAF3F2	48128.1	21.5	792
#F9F9F9	#FAF3F2	48128.6	22	793
#F9F9F9	#FAF3F2	48129	22.4000000000015	793
#F9F9F9	#FAF3F2	48129.4	22	793
#F9F9F9	#FAF3F2	48129	21.5999999999985	793
#F9F9F9	#FAF3F2	48128.6	22	793
#F9F9F9	#FAF3F2	48129.1	22.5	794
#F9F9F9	#FAF3F2	48129.5	22.9000000000015	794
#F9F9F9	#FAF3F2	48129.9	22.5	794
#F9F9F9	#FAF3F2	48129.5	22.0999999999985	794
#F9F9F9	#FAF3F2	48129.1	22.5	794
#FDFDFD	#FBFBFD	48129.6	23	795
#FDFDFD	#FBFBFD	48130	23.4000000000015	795
#FDFDFD	#FBFBFD	48130.4	23	795
#FDFDFD	#FBFBFD	48130	22.5999999999985	795
#FDFDFD	#FBFBFD	48129.6	23	795
#F9F9F9	#F5F4FA	48130.1	23.5	796
#F9F9F9	#F5F4FA	48130.5	23.9000000000015	796
#F9F9F9	#F5F4FA	48130.9	23.5	796
#F9F9F9	#F5F4FA	48130.5	23.0999999999985	796
#F9F9F9	#F5F4FA	48130.1	23.5	796
#FCFCFC	#FCF8F7	48130.6	24	797
#FCFCFC	#FCF8F7	48131	24.4000000000015	797
#FCFCFC	#FCF8F7	48131.4	24	797
#FCFCFC	#FCF8F7	48131	23.5999999999985	797
#FCFCFC	#FCF8F7	48130.6	24	797
#F6F6F6	#F2F0F8	48131.1	24.5	798
#F6F6F6	#F2F0F8	48131.5	24.9000000000015	798
#F6F6F6	#F2F0F8	48131.9	24.5	798
#F6F6F6	#F2F0F8	48131.5	24.0999999999985	798
#F6F6F6	#F2F0F8	48131.1	24.5	798
#636363	#F2E3E1	48107.6	0	799
#636363	#F2E3E1	48108	0.400000000001455	799
#636363	#F2E3E1	48108.4	0	799
#636363	#F2E3E1	48108	-0.400000000001455	799
#636363	#F2E3E1	48107.6	0	799
#BBBBBB	#F8EFEE	48108.1	0.5	800
#BBBBBB	#F8EFEE	48108.5	0.900000000001455	800
#BBBBBB	#F8EFEE	48108.9	0.5	800
#BBBBBB	#F8EFEE	48108.5	0.0999999999985448	800
#BBBBBB	#F8EFEE	48108.1	0.5	800
#B9B9B9	#F7ECEB	48108.6	1	801
#B9B9B9	#F7ECEB	48109	1.40000000000146	801
#B9B9B9	#F7ECEB	48109.4	1	801
#B9B9B9	#F7ECEB	48109	0.599999999998545	801
#B9B9B9	#F7ECEB	48108.6	1	801
#F6F6F6	#FDFAF9	48109.1	1.5	802
#F6F6F6	#FDFAF9	48109.5	1.90000000000146	802
#F6F6F6	#FDFAF9	48109.9	1.5	802
#F6F6F6	#FDFAF9	48109.5	1.09999999999854	802
#F6F6F6	#FDFAF9	48109.1	1.5	802
#F2F2F2	#FCF8F7	48109.6	2	803
#F2F2F2	#FCF8F7	48110	2.40000000000146	803
#F2F2F2	#FCF8F7	48110.4	2	803
#F2F2F2	#FCF8F7	48110	1.59999999999854	803
#F2F2F2	#FCF8F7	48109.6	2	803
#F0F0F0	#FBF6F6	48110.1	2.5	804
#F0F0F0	#FBF6F6	48110.5	2.90000000000146	804
#F0F0F0	#FBF6F6	48110.9	2.5	804
#F0F0F0	#FBF6F6	48110.5	2.09999999999854	804
#F0F0F0	#FBF6F6	48110.1	2.5	804
#DCDCDC	#F8EFEE	48110.6	3	805
#DCDCDC	#F8EFEE	48111	3.40000000000146	805
#DCDCDC	#F8EFEE	48111.4	3	805
#DCDCDC	#F8EFEE	48111	2.59999999999855	805
#DCDCDC	#F8EFEE	48110.6	3	805
#BABABA	#F3E5E3	48111.1	3.5	806
#BABABA	#F3E5E3	48111.5	3.90000000000146	806
#BABABA	#F3E5E3	48111.9	3.5	806
#BABABA	#F3E5E3	48111.5	3.09999999999855	806
#BABABA	#F3E5E3	48111.1	3.5	806
#F9F9F9	#FDFAF9	48111.6	4	807
#F9F9F9	#FDFAF9	48112	4.40000000000146	807
#F9F9F9	#FDFAF9	48112.4	4	807
#F9F9F9	#FDFAF9	48112	3.59999999999855	807
#F9F9F9	#FDFAF9	48111.6	4	807
#F5F5F5	#FCF8F7	48112.1	4.5	808
#F5F5F5	#FCF8F7	48112.5	4.90000000000146	808
#F5F5F5	#FCF8F7	48112.9	4.5	808
#F5F5F5	#FCF8F7	48112.5	4.09999999999855	808
#F5F5F5	#FCF8F7	48112.1	4.5	808
#FEFEFE	#FFFEFE	48112.6	5	809
#FEFEFE	#FFFEFE	48113	5.40000000000146	809
#FEFEFE	#FFFEFE	48113.4	5	809
#FEFEFE	#FFFEFE	48113	4.59999999999855	809
#FEFEFE	#FFFEFE	48112.6	5	809
#FCFCFC	#FCFCFD	48113.1	5.5	810
#FCFCFC	#FCFCFD	48113.5	5.90000000000146	810
#FCFCFC	#FCFCFD	48113.9	5.5	810
#FCFCFC	#FCFCFD	48113.5	5.09999999999855	810
#FCFCFC	#FCFCFD	48113.1	5.5	810
#F7F7F7	#FCF8F7	48113.6	6	811
#F7F7F7	#FCF8F7	48114	6.40000000000146	811
#F7F7F7	#FCF8F7	48114.4	6	811
#F7F7F7	#FCF8F7	48114	5.59999999999855	811
#F7F7F7	#FCF8F7	48113.6	6	811
#F6F6F6	#FBF6F6	48114.1	6.5	812
#F6F6F6	#FBF6F6	48114.5	6.90000000000146	812
#F6F6F6	#FBF6F6	48114.9	6.5	812
#F6F6F6	#FBF6F6	48114.5	6.09999999999855	812
#F6F6F6	#FBF6F6	48114.1	6.5	812
#EBEBEB	#F8EEED	48114.6	7	813
#EBEBEB	#F8EEED	48115	7.40000000000146	813
#EBEBEB	#F8EEED	48115.4	7	813
#EBEBEB	#F8EEED	48115	6.59999999999855	813
#EBEBEB	#F8EEED	48114.6	7	813
#F3F3F3	#FAF3F2	48115.1	7.5	814
#F3F3F3	#FAF3F2	48115.5	7.90000000000146	814
#F3F3F3	#FAF3F2	48115.9	7.5	814
#F3F3F3	#FAF3F2	48115.5	7.09999999999855	814
#F3F3F3	#FAF3F2	48115.1	7.5	814
#ECECEC	#F7EEEC	48115.6	8	815
#ECECEC	#F7EEEC	48116	8.40000000000146	815
#ECECEC	#F7EEEC	48116.4	8	815
#ECECEC	#F7EEEC	48116	7.59999999999855	815
#ECECEC	#F7EEEC	48115.6	8	815
#F3F3F3	#F9F2F1	48116.1	8.5	816
#F3F3F3	#F9F2F1	48116.5	8.90000000000146	816
#F3F3F3	#F9F2F1	48116.9	8.5	816
#F3F3F3	#F9F2F1	48116.5	8.09999999999855	816
#F3F3F3	#F9F2F1	48116.1	8.5	816
#EAEAEA	#F7ECEA	48116.6	9	817
#EAEAEA	#F7ECEA	48117	9.40000000000146	817
#EAEAEA	#F7ECEA	48117.4	9	817
#EAEAEA	#F7ECEA	48117	8.59999999999855	817
#EAEAEA	#F7ECEA	48116.6	9	817
#F6F6F6	#FAF4F3	48117.1	9.5	818
#F6F6F6	#FAF4F3	48117.5	9.90000000000146	818
#F6F6F6	#FAF4F3	48117.9	9.5	818
#F6F6F6	#FAF4F3	48117.5	9.09999999999854	818
#F6F6F6	#FAF4F3	48117.1	9.5	818
#F6F6F6	#FAF4F3	48117.6	10	819
#F6F6F6	#FAF4F3	48118	10.4000000000015	819
#F6F6F6	#FAF4F3	48118.4	10	819
#F6F6F6	#FAF4F3	48118	9.59999999999854	819
#F6F6F6	#FAF4F3	48117.6	10	819
#DDDDDD	#F3E4E2	48118.1	10.5	820
#DDDDDD	#F3E4E2	48118.5	10.9000000000015	820
#DDDDDD	#F3E4E2	48118.9	10.5	820
#DDDDDD	#F3E4E2	48118.5	10.0999999999985	820
#DDDDDD	#F3E4E2	48118.1	10.5	820
#FDFDFD	#FDFBFB	48118.6	11	821
#FDFDFD	#FDFBFB	48119	11.4000000000015	821
#FDFDFD	#FDFBFB	48119.4	11	821
#FDFDFD	#FDFBFB	48119	10.5999999999985	821
#FDFDFD	#FDFBFB	48118.6	11	821
#D7D7D7	#F0DEDC	48119.1	11.5	822
#D7D7D7	#F0DEDC	48119.5	11.9000000000015	822
#D7D7D7	#F0DEDC	48119.9	11.5	822
#D7D7D7	#F0DEDC	48119.5	11.0999999999985	822
#D7D7D7	#F0DEDC	48119.1	11.5	822
#CFCFCF	#EFDAD8	48119.6	12	823
#CFCFCF	#EFDAD8	48120	12.4000000000015	823
#CFCFCF	#EFDAD8	48120.4	12	823
#CFCFCF	#EFDAD8	48120	11.5999999999985	823
#CFCFCF	#EFDAD8	48119.6	12	823
#BABABA	#E9CECA	48120.1	12.5	824
#BABABA	#E9CECA	48120.5	12.9000000000015	824
#BABABA	#E9CECA	48120.9	12.5	824
#BABABA	#E9CECA	48120.5	12.0999999999985	824
#BABABA	#E9CECA	48120.1	12.5	824
#CACACA	#EBD3D0	48120.6	13	825
#CACACA	#EBD3D0	48121	13.4000000000015	825
#CACACA	#EBD3D0	48121.4	13	825
#CACACA	#EBD3D0	48121	12.5999999999985	825
#CACACA	#EBD3D0	48120.6	13	825
#EEEEEE	#F5E9E8	48121.1	13.5	826
#EEEEEE	#F5E9E8	48121.5	13.9000000000015	826
#EEEEEE	#F5E9E8	48121.9	13.5	826
#EEEEEE	#F5E9E8	48121.5	13.0999999999985	826
#EEEEEE	#F5E9E8	48121.1	13.5	826
#FCFCFC	#FCF8F8	48121.6	14	827
#FCFCFC	#FCF8F8	48122	14.4000000000015	827
#FCFCFC	#FCF8F8	48122.4	14	827
#FCFCFC	#FCF8F8	48122	13.5999999999985	827
#FCFCFC	#FCF8F8	48121.6	14	827
#F8F8F8	#FAF3F2	48122.1	14.5	828
#F8F8F8	#FAF3F2	48122.5	14.9000000000015	828
#F8F8F8	#FAF3F2	48122.9	14.5	828
#F8F8F8	#FAF3F2	48122.5	14.0999999999985	828
#F8F8F8	#FAF3F2	48122.1	14.5	828
#EDEDED	#F5E9E7	48122.6	15	829
#EDEDED	#F5E9E7	48123	15.4000000000015	829
#EDEDED	#F5E9E7	48123.4	15	829
#EDEDED	#F5E9E7	48123	14.5999999999985	829
#EDEDED	#F5E9E7	48122.6	15	829
#EFEFEF	#F5E8E6	48123.1	15.5	830
#EFEFEF	#F5E8E6	48123.5	15.9000000000015	830
#EFEFEF	#F5E8E6	48123.9	15.5	830
#EFEFEF	#F5E8E6	48123.5	15.0999999999985	830
#EFEFEF	#F5E8E6	48123.1	15.5	830
#D4D4D4	#EED8D5	48123.6	16	831
#D4D4D4	#EED8D5	48124	16.4000000000015	831
#D4D4D4	#EED8D5	48124.4	16	831
#D4D4D4	#EED8D5	48124	15.5999999999985	831
#D4D4D4	#EED8D5	48123.6	16	831
#CDCDCD	#EBD2CF	48124.1	16.5	832
#CDCDCD	#EBD2CF	48124.5	16.9000000000015	832
#CDCDCD	#EBD2CF	48124.9	16.5	832
#CDCDCD	#EBD2CF	48124.5	16.0999999999985	832
#CDCDCD	#EBD2CF	48124.1	16.5	832
#E7E7E7	#F1E0DE	48124.6	17	833
#E7E7E7	#F1E0DE	48125	17.4000000000015	833
#E7E7E7	#F1E0DE	48125.4	17	833
#E7E7E7	#F1E0DE	48125	16.5999999999985	833
#E7E7E7	#F1E0DE	48124.6	17	833
#EFEFEF	#F5E8E6	48125.1	17.5	834
#EFEFEF	#F5E8E6	48125.5	17.9000000000015	834
#EFEFEF	#F5E8E6	48125.9	17.5	834
#EFEFEF	#F5E8E6	48125.5	17.0999999999985	834
#EFEFEF	#F5E8E6	48125.1	17.5	834
#CFCFCF	#EAD1CE	48125.6	18	835
#CFCFCF	#EAD1CE	48126	18.4000000000015	835
#CFCFCF	#EAD1CE	48126.4	18	835
#CFCFCF	#EAD1CE	48126	17.5999999999985	835
#CFCFCF	#EAD1CE	48125.6	18	835
#D9D9D9	#ECD4D1	48126.1	18.5	836
#D9D9D9	#ECD4D1	48126.5	18.9000000000015	836
#D9D9D9	#ECD4D1	48126.9	18.5	836
#D9D9D9	#ECD4D1	48126.5	18.0999999999985	836
#D9D9D9	#ECD4D1	48126.1	18.5	836
#E9E9E9	#F3E4E1	48126.6	19	837
#E9E9E9	#F3E4E1	48127	19.4000000000015	837
#E9E9E9	#F3E4E1	48127.4	19	837
#E9E9E9	#F3E4E1	48127	18.5999999999985	837
#E9E9E9	#F3E4E1	48126.6	19	837
#F5F5F5	#F8EEED	48127.1	19.5	838
#F5F5F5	#F8EEED	48127.5	19.9000000000015	838
#F5F5F5	#F8EEED	48127.9	19.5	838
#F5F5F5	#F8EEED	48127.5	19.0999999999985	838
#F5F5F5	#F8EEED	48127.1	19.5	838
#E2E2E2	#EFDCD9	48127.6	20	839
#E2E2E2	#EFDCD9	48128	20.4000000000015	839
#E2E2E2	#EFDCD9	48128.4	20	839
#E2E2E2	#EFDCD9	48128	19.5999999999985	839
#E2E2E2	#EFDCD9	48127.6	20	839
#ECECEC	#F3E4E2	48128.1	20.5	840
#ECECEC	#F3E4E2	48128.5	20.9000000000015	840
#ECECEC	#F3E4E2	48128.9	20.5	840
#ECECEC	#F3E4E2	48128.5	20.0999999999985	840
#ECECEC	#F3E4E2	48128.1	20.5	840
#F5F5F5	#F7EDEC	48128.6	21	841
#F5F5F5	#F7EDEC	48129	21.4000000000015	841
#F5F5F5	#F7EDEC	48129.4	21	841
#F5F5F5	#F7EDEC	48129	20.5999999999985	841
#F5F5F5	#F7EDEC	48128.6	21	841
#FAFAFA	#FAF4F3	48129.1	21.5	842
#FAFAFA	#FAF4F3	48129.5	21.9000000000015	842
#FAFAFA	#FAF4F3	48129.9	21.5	842
#FAFAFA	#FAF4F3	48129.5	21.0999999999985	842
#FAFAFA	#FAF4F3	48129.1	21.5	842
#F4F4F4	#F7EDEC	48129.6	22	843
#F4F4F4	#F7EDEC	48130	22.4000000000015	843
#F4F4F4	#F7EDEC	48130.4	22	843
#F4F4F4	#F7EDEC	48130	21.5999999999985	843
#F4F4F4	#F7EDEC	48129.6	22	843
#F4F4F4	#F6EBEA	48130.1	22.5	844
#F4F4F4	#F6EBEA	48130.5	22.9000000000015	844
#F4F4F4	#F6EBEA	48130.9	22.5	844
#F4F4F4	#F6EBEA	48130.5	22.0999999999985	844
#F4F4F4	#F6EBEA	48130.1	22.5	844
#FEFEFE	#FDFDFE	48130.6	23	845
#FEFEFE	#FDFDFE	48131	23.4000000000015	845
#FEFEFE	#FDFDFE	48131.4	23	845
#FEFEFE	#FDFDFE	48131	22.5999999999985	845
#FEFEFE	#FDFDFE	48130.6	23	845
#FEFEFE	#FDFDFE	48131.1	23.5	846
#FEFEFE	#FDFDFE	48131.5	23.9000000000015	846
#FEFEFE	#FDFDFE	48131.9	23.5	846
#FEFEFE	#FDFDFE	48131.5	23.0999999999985	846
#FEFEFE	#FDFDFE	48131.1	23.5	846
#F4F4F4	#F7EDEB	48131.6	24	847
#F4F4F4	#F7EDEB	48132	24.4000000000015	847
#F4F4F4	#F7EDEB	48132.4	24	847
#F4F4F4	#F7EDEB	48132	23.5999999999985	847
#F4F4F4	#F7EDEB	48131.6	24	847
#FEFEFE	#FEFCFC	48132.1	24.5	848
#FEFEFE	#FEFCFC	48132.5	24.9000000000015	848
#FEFEFE	#FEFCFC	48132.9	24.5	848
#FEFEFE	#FEFCFC	48132.5	24.0999999999985	848
#FEFEFE	#FEFCFC	48132.1	24.5	848
#666666	#F3E4E2	48108.6	0	849
#666666	#F3E4E2	48109	0.400000000001455	849
#666666	#F3E4E2	48109.4	0	849
#666666	#F3E4E2	48109	-0.400000000001455	849
#666666	#F3E4E2	48108.6	0	849
#BCBCBC	#F8EFEE	48109.1	0.5	850
#BCBCBC	#F8EFEE	48109.5	0.900000000001455	850
#BCBCBC	#F8EFEE	48109.9	0.5	850
#BCBCBC	#F8EFEE	48109.5	0.0999999999985448	850
#BCBCBC	#F8EFEE	48109.1	0.5	850
#E7E7E7	#FBF6F5	48109.6	1	851
#E7E7E7	#FBF6F5	48110	1.40000000000146	851
#E7E7E7	#FBF6F5	48110.4	1	851
#E7E7E7	#FBF6F5	48110	0.599999999998545	851
#E7E7E7	#FBF6F5	48109.6	1	851
#D0D0D0	#F8EFEE	48110.1	1.5	852
#D0D0D0	#F8EFEE	48110.5	1.90000000000146	852
#D0D0D0	#F8EFEE	48110.9	1.5	852
#D0D0D0	#F8EFEE	48110.5	1.09999999999854	852
#D0D0D0	#F8EFEE	48110.1	1.5	852
#DCDCDC	#F9F1F0	48110.6	2	853
#DCDCDC	#F9F1F0	48111	2.40000000000146	853
#DCDCDC	#F9F1F0	48111.4	2	853
#DCDCDC	#F9F1F0	48111	1.59999999999854	853
#DCDCDC	#F9F1F0	48110.6	2	853
#B2B2B2	#F4E6E4	48111.1	2.5	854
#B2B2B2	#F4E6E4	48111.5	2.90000000000146	854
#B2B2B2	#F4E6E4	48111.9	2.5	854
#B2B2B2	#F4E6E4	48111.5	2.09999999999854	854
#B2B2B2	#F4E6E4	48111.1	2.5	854
#B0B0B0	#F3E4E3	48111.6	3	855
#B0B0B0	#F3E4E3	48112	3.40000000000146	855
#B0B0B0	#F3E4E3	48112.4	3	855
#B0B0B0	#F3E4E3	48112	2.59999999999855	855
#B0B0B0	#F3E4E3	48111.6	3	855
#EAEAEA	#FAF4F3	48112.1	3.5	856
#EAEAEA	#FAF4F3	48112.5	3.90000000000146	856
#EAEAEA	#FAF4F3	48112.9	3.5	856
#EAEAEA	#FAF4F3	48112.5	3.09999999999855	856
#EAEAEA	#FAF4F3	48112.1	3.5	856
#E0E0E0	#F9F0EF	48112.6	4	857
#E0E0E0	#F9F0EF	48113	4.40000000000146	857
#E0E0E0	#F9F0EF	48113.4	4	857
#E0E0E0	#F9F0EF	48113	3.59999999999855	857
#E0E0E0	#F9F0EF	48112.6	4	857
#F4F4F4	#FBF7F6	48113.1	4.5	858
#F4F4F4	#FBF7F6	48113.5	4.90000000000146	858
#F4F4F4	#FBF7F6	48113.9	4.5	858
#F4F4F4	#FBF7F6	48113.5	4.09999999999855	858
#F4F4F4	#FBF7F6	48113.1	4.5	858
#EFEFEF	#FAF4F4	48113.6	5	859
#EFEFEF	#FAF4F4	48114	5.40000000000146	859
#EFEFEF	#FAF4F4	48114.4	5	859
#EFEFEF	#FAF4F4	48114	4.59999999999855	859
#EFEFEF	#FAF4F4	48113.6	5	859
#FCFCFC	#FCFCFD	48114.1	5.5	860
#FCFCFC	#FCFCFD	48114.5	5.90000000000146	860
#FCFCFC	#FCFCFD	48114.9	5.5	860
#FCFCFC	#FCFCFD	48114.5	5.09999999999855	860
#FCFCFC	#FCFCFD	48114.1	5.5	860
#FFFFFF	#FFFFFF	48114.6	6	861
#FFFFFF	#FFFFFF	48115	6.40000000000146	861
#FFFFFF	#FFFFFF	48115.4	6	861
#FFFFFF	#FFFFFF	48115	5.59999999999855	861
#FFFFFF	#FFFFFF	48114.6	6	861
#FFFFFF	#FFFFFF	48115.1	6.5	862
#FFFFFF	#FFFFFF	48115.5	6.90000000000146	862
#FFFFFF	#FFFFFF	48115.9	6.5	862
#FFFFFF	#FFFFFF	48115.5	6.09999999999855	862
#FFFFFF	#FFFFFF	48115.1	6.5	862
#FCFCFC	#FCFBFD	48115.6	7	863
#FCFCFC	#FCFBFD	48116	7.40000000000146	863
#FCFCFC	#FCFBFD	48116.4	7	863
#FCFCFC	#FCFBFD	48116	6.59999999999855	863
#FCFCFC	#FCFBFD	48115.6	7	863
#F3F3F3	#FAF3F2	48116.1	7.5	864
#F3F3F3	#FAF3F2	48116.5	7.90000000000146	864
#F3F3F3	#FAF3F2	48116.9	7.5	864
#F3F3F3	#FAF3F2	48116.5	7.09999999999855	864
#F3F3F3	#FAF3F2	48116.1	7.5	864
#FEFEFE	#FEFEFE	48116.6	8	865
#FEFEFE	#FEFEFE	48117	8.40000000000146	865
#FEFEFE	#FEFEFE	48117.4	8	865
#FEFEFE	#FEFEFE	48117	7.59999999999855	865
#FEFEFE	#FEFEFE	48116.6	8	865
#F5F5F5	#FAF4F3	48117.1	8.5	866
#F5F5F5	#FAF4F3	48117.5	8.90000000000146	866
#F5F5F5	#FAF4F3	48117.9	8.5	866
#F5F5F5	#FAF4F3	48117.5	8.09999999999855	866
#F5F5F5	#FAF4F3	48117.1	8.5	866
#EBEBEB	#F7EDEB	48117.6	9	867
#EBEBEB	#F7EDEB	48118	9.40000000000146	867
#EBEBEB	#F7EDEB	48118.4	9	867
#EBEBEB	#F7EDEB	48118	8.59999999999855	867
#EBEBEB	#F7EDEB	48117.6	9	867
#EEEEEE	#F7EEEC	48118.1	9.5	868
#EEEEEE	#F7EEEC	48118.5	9.90000000000146	868
#EEEEEE	#F7EEEC	48118.9	9.5	868
#EEEEEE	#F7EEEC	48118.5	9.09999999999854	868
#EEEEEE	#F7EEEC	48118.1	9.5	868
#F3F3F3	#FAF3F2	48118.6	10	869
#F3F3F3	#FAF3F2	48119	10.4000000000015	869
#F3F3F3	#FAF3F2	48119.4	10	869
#F3F3F3	#FAF3F2	48119	9.59999999999854	869
#F3F3F3	#FAF3F2	48118.6	10	869
#F5F5F5	#FAF4F3	48119.1	10.5	870
#F5F5F5	#FAF4F3	48119.5	10.9000000000015	870
#F5F5F5	#FAF4F3	48119.9	10.5	870
#F5F5F5	#FAF4F3	48119.5	10.0999999999985	870
#F5F5F5	#FAF4F3	48119.1	10.5	870
#E7E7E7	#F5E9E8	48119.6	11	871
#E7E7E7	#F5E9E8	48120	11.4000000000015	871
#E7E7E7	#F5E9E8	48120.4	11	871
#E7E7E7	#F5E9E8	48120	10.5999999999985	871
#E7E7E7	#F5E9E8	48119.6	11	871
#F4F4F4	#F9F1F0	48120.1	11.5	872
#F4F4F4	#F9F1F0	48120.5	11.9000000000015	872
#F4F4F4	#F9F1F0	48120.9	11.5	872
#F4F4F4	#F9F1F0	48120.5	11.0999999999985	872
#F4F4F4	#F9F1F0	48120.1	11.5	872
#D6D6D6	#F0DDDB	48120.6	12	873
#D6D6D6	#F0DDDB	48121	12.4000000000015	873
#D6D6D6	#F0DDDB	48121.4	12	873
#D6D6D6	#F0DDDB	48121	11.5999999999985	873
#D6D6D6	#F0DDDB	48120.6	12	873
#E3E3E3	#F4E5E3	48121.1	12.5	874
#E3E3E3	#F4E5E3	48121.5	12.9000000000015	874
#E3E3E3	#F4E5E3	48121.9	12.5	874
#E3E3E3	#F4E5E3	48121.5	12.0999999999985	874
#E3E3E3	#F4E5E3	48121.1	12.5	874
#EDEDED	#F6EBE9	48121.6	13	875
#EDEDED	#F6EBE9	48122	13.4000000000015	875
#EDEDED	#F6EBE9	48122.4	13	875
#EDEDED	#F6EBE9	48122	12.5999999999985	875
#EDEDED	#F6EBE9	48121.6	13	875
#F7F7F7	#FAF3F2	48122.1	13.5	876
#F7F7F7	#FAF3F2	48122.5	13.9000000000015	876
#F7F7F7	#FAF3F2	48122.9	13.5	876
#F7F7F7	#FAF3F2	48122.5	13.0999999999985	876
#F7F7F7	#FAF3F2	48122.1	13.5	876
#D8D8D8	#EFDBD9	48122.6	14	877
#D8D8D8	#EFDBD9	48123	14.4000000000015	877
#D8D8D8	#EFDBD9	48123.4	14	877
#D8D8D8	#EFDBD9	48123	13.5999999999985	877
#D8D8D8	#EFDBD9	48122.6	14	877
#EFEFEF	#F6EBEA	48123.1	14.5	878
#EFEFEF	#F6EBEA	48123.5	14.9000000000015	878
#EFEFEF	#F6EBEA	48123.9	14.5	878
#EFEFEF	#F6EBEA	48123.5	14.0999999999985	878
#EFEFEF	#F6EBEA	48123.1	14.5	878
#DDDDDD	#F1E0DD	48123.6	15	879
#DDDDDD	#F1E0DD	48124	15.4000000000015	879
#DDDDDD	#F1E0DD	48124.4	15	879
#DDDDDD	#F1E0DD	48124	14.5999999999985	879
#DDDDDD	#F1E0DD	48123.6	15	879
#E6E6E6	#F3E4E2	48124.1	15.5	880
#E6E6E6	#F3E4E2	48124.5	15.9000000000015	880
#E6E6E6	#F3E4E2	48124.9	15.5	880
#E6E6E6	#F3E4E2	48124.5	15.0999999999985	880
#E6E6E6	#F3E4E2	48124.1	15.5	880
#D9D9D9	#EFDBD8	48124.6	16	881
#D9D9D9	#EFDBD8	48125	16.4000000000015	881
#D9D9D9	#EFDBD8	48125.4	16	881
#D9D9D9	#EFDBD8	48125	15.5999999999985	881
#D9D9D9	#EFDBD8	48124.6	16	881
#F3F3F3	#F8EEED	48125.1	16.5	882
#F3F3F3	#F8EEED	48125.5	16.9000000000015	882
#F3F3F3	#F8EEED	48125.9	16.5	882
#F3F3F3	#F8EEED	48125.5	16.0999999999985	882
#F3F3F3	#F8EEED	48125.1	16.5	882
#E0E0E0	#F1DFDD	48125.6	17	883
#E0E0E0	#F1DFDD	48126	17.4000000000015	883
#E0E0E0	#F1DFDD	48126.4	17	883
#E0E0E0	#F1DFDD	48126	16.5999999999985	883
#E0E0E0	#F1DFDD	48125.6	17	883
#F6F6F6	#F9F1F0	48126.1	17.5	884
#F6F6F6	#F9F1F0	48126.5	17.9000000000015	884
#F6F6F6	#F9F1F0	48126.9	17.5	884
#F6F6F6	#F9F1F0	48126.5	17.0999999999985	884
#F6F6F6	#F9F1F0	48126.1	17.5	884
#E7E7E7	#F2E2DF	48126.6	18	885
#E7E7E7	#F2E2DF	48127	18.4000000000015	885
#E7E7E7	#F2E2DF	48127.4	18	885
#E7E7E7	#F2E2DF	48127	17.5999999999985	885
#E7E7E7	#F2E2DF	48126.6	18	885
#E7E7E7	#F3E3E1	48127.1	18.5	886
#E7E7E7	#F3E3E1	48127.5	18.9000000000015	886
#E7E7E7	#F3E3E1	48127.9	18.5	886
#E7E7E7	#F3E3E1	48127.5	18.0999999999985	886
#E7E7E7	#F3E3E1	48127.1	18.5	886
#F8F8F8	#FAF3F2	48127.6	19	887
#F8F8F8	#FAF3F2	48128	19.4000000000015	887
#F8F8F8	#FAF3F2	48128.4	19	887
#F8F8F8	#FAF3F2	48128	18.5999999999985	887
#F8F8F8	#FAF3F2	48127.6	19	887
#F7F7F7	#F8F0EE	48128.1	19.5	888
#F7F7F7	#F8F0EE	48128.5	19.9000000000015	888
#F7F7F7	#F8F0EE	48128.9	19.5	888
#F7F7F7	#F8F0EE	48128.5	19.0999999999985	888
#F7F7F7	#F8F0EE	48128.1	19.5	888
#FCFCFC	#FCF9F8	48128.6	20	889
#FCFCFC	#FCF9F8	48129	20.4000000000015	889
#FCFCFC	#FCF9F8	48129.4	20	889
#FCFCFC	#FCF9F8	48129	19.5999999999985	889
#FCFCFC	#FCF9F8	48128.6	20	889
#FFFFFF	#FFFFFF	48129.1	20.5	890
#FFFFFF	#FFFFFF	48129.5	20.9000000000015	890
#FFFFFF	#FFFFFF	48129.9	20.5	890
#FFFFFF	#FFFFFF	48129.5	20.0999999999985	890
#FFFFFF	#FFFFFF	48129.1	20.5	890
#F6F6F6	#F9F2F1	48129.6	21	891
#F6F6F6	#F9F2F1	48130	21.4000000000015	891
#F6F6F6	#F9F2F1	48130.4	21	891
#F6F6F6	#F9F2F1	48130	20.5999999999985	891
#F6F6F6	#F9F2F1	48129.6	21	891
#F3F3F3	#F7EDEC	48130.1	21.5	892
#F3F3F3	#F7EDEC	48130.5	21.9000000000015	892
#F3F3F3	#F7EDEC	48130.9	21.5	892
#F3F3F3	#F7EDEC	48130.5	21.0999999999985	892
#F3F3F3	#F7EDEC	48130.1	21.5	892
#FCFCFC	#FDF9F9	48130.6	22	893
#FCFCFC	#FDF9F9	48131	22.4000000000015	893
#FCFCFC	#FDF9F9	48131.4	22	893
#FCFCFC	#FDF9F9	48131	21.5999999999985	893
#FCFCFC	#FDF9F9	48130.6	22	893
#FCFCFC	#FAF9FC	48131.1	22.5	894
#FCFCFC	#FAF9FC	48131.5	22.9000000000015	894
#FCFCFC	#FAF9FC	48131.9	22.5	894
#FCFCFC	#FAF9FC	48131.5	22.0999999999985	894
#FCFCFC	#FAF9FC	48131.1	22.5	894
#F7F7F7	#FAF2F1	48131.6	23	895
#F7F7F7	#FAF2F1	48132	23.4000000000015	895
#F7F7F7	#FAF2F1	48132.4	23	895
#F7F7F7	#FAF2F1	48132	22.5999999999985	895
#F7F7F7	#FAF2F1	48131.6	23	895
#FEFEFE	#FEFDFD	48132.1	23.5	896
#FEFEFE	#FEFDFD	48132.5	23.9000000000015	896
#FEFEFE	#FEFDFD	48132.9	23.5	896
#FEFEFE	#FEFDFD	48132.5	23.0999999999985	896
#FEFEFE	#FEFDFD	48132.1	23.5	896
#FCFCFC	#FCF8F8	48132.6	24	897
#FCFCFC	#FCF8F8	48133	24.4000000000015	897
#FCFCFC	#FCF8F8	48133.4	24	897
#FCFCFC	#FCF8F8	48133	23.5999999999985	897
#FCFCFC	#FCF8F8	48132.6	24	897
#FFFFFF	#FEFEFF	48133.1	24.5	898
#FFFFFF	#FEFEFF	48133.5	24.9000000000015	898
#FFFFFF	#FEFEFF	48133.9	24.5	898
#FFFFFF	#FEFEFF	48133.5	24.0999999999985	898
#FFFFFF	#FEFEFF	48133.1	24.5	898
#868686	#F5E7E6	48109.6	0	899
#868686	#F5E7E6	48110	0.400000000001455	899
#868686	#F5E7E6	48110.4	0	899
#868686	#F5E7E6	48110	-0.400000000001455	899
#868686	#F5E7E6	48109.6	0	899
#D5D5D5	#FAF3F2	48110.1	0.5	900
#D5D5D5	#FAF3F2	48110.5	0.900000000001455	900
#D5D5D5	#FAF3F2	48110.9	0.5	900
#D5D5D5	#FAF3F2	48110.5	0.0999999999985448	900
#D5D5D5	#FAF3F2	48110.1	0.5	900
#DFDFDF	#FAF3F2	48110.6	1	901
#DFDFDF	#FAF3F2	48111	1.40000000000146	901
#DFDFDF	#FAF3F2	48111.4	1	901
#DFDFDF	#FAF3F2	48111	0.599999999998545	901
#DFDFDF	#FAF3F2	48110.6	1	901
#CACACA	#F7EEEC	48111.1	1.5	902
#CACACA	#F7EEEC	48111.5	1.90000000000146	902
#CACACA	#F7EEEC	48111.9	1.5	902
#CACACA	#F7EEEC	48111.5	1.09999999999854	902
#CACACA	#F7EEEC	48111.1	1.5	902
#A1A1A1	#F3E5E3	48111.6	2	903
#A1A1A1	#F3E5E3	48112	2.40000000000146	903
#A1A1A1	#F3E5E3	48112.4	2	903
#A1A1A1	#F3E5E3	48112	1.59999999999854	903
#A1A1A1	#F3E5E3	48111.6	2	903
#C2C2C2	#F6EBE9	48112.1	2.5	904
#C2C2C2	#F6EBE9	48112.5	2.90000000000146	904
#C2C2C2	#F6EBE9	48112.9	2.5	904
#C2C2C2	#F6EBE9	48112.5	2.09999999999854	904
#C2C2C2	#F6EBE9	48112.1	2.5	904
#FEFEFE	#FEFEFE	48112.6	3	905
#FEFEFE	#FEFEFE	48113	3.40000000000146	905
#FEFEFE	#FEFEFE	48113.4	3	905
#FEFEFE	#FEFEFE	48113	2.59999999999855	905
#FEFEFE	#FEFEFE	48112.6	3	905
#F1F1F1	#FCF7F6	48113.1	3.5	906
#F1F1F1	#FCF7F6	48113.5	3.90000000000146	906
#F1F1F1	#FCF7F6	48113.9	3.5	906
#F1F1F1	#FCF7F6	48113.5	3.09999999999855	906
#F1F1F1	#FCF7F6	48113.1	3.5	906
#FEFEFE	#FFFEFE	48113.6	4	907
#FEFEFE	#FFFEFE	48114	4.40000000000146	907
#FEFEFE	#FFFEFE	48114.4	4	907
#FEFEFE	#FFFEFE	48114	3.59999999999855	907
#FEFEFE	#FFFEFE	48113.6	4	907
#F2F2F2	#FBF6F5	48114.1	4.5	908
#F2F2F2	#FBF6F5	48114.5	4.90000000000146	908
#F2F2F2	#FBF6F5	48114.9	4.5	908
#F2F2F2	#FBF6F5	48114.5	4.09999999999855	908
#F2F2F2	#FBF6F5	48114.1	4.5	908
#FEFEFE	#FEFEFE	48114.6	5	909
#FEFEFE	#FEFEFE	48115	5.40000000000146	909
#FEFEFE	#FEFEFE	48115.4	5	909
#FEFEFE	#FEFEFE	48115	4.59999999999855	909
#FEFEFE	#FEFEFE	48114.6	5	909
#FAFAFA	#FBFAFD	48115.1	5.5	910
#FAFAFA	#FBFAFD	48115.5	5.90000000000146	910
#FAFAFA	#FBFAFD	48115.9	5.5	910
#FAFAFA	#FBFAFD	48115.5	5.09999999999855	910
#FAFAFA	#FBFAFD	48115.1	5.5	910
#FBFBFB	#FBFBFD	48115.6	6	911
#FBFBFB	#FBFBFD	48116	6.40000000000146	911
#FBFBFB	#FBFBFD	48116.4	6	911
#FBFBFB	#FBFBFD	48116	5.59999999999855	911
#FBFBFB	#FBFBFD	48115.6	6	911
#FFFFFF	#FEFEFF	48116.1	6.5	912
#FFFFFF	#FEFEFF	48116.5	6.90000000000146	912
#FFFFFF	#FEFEFF	48116.9	6.5	912
#FFFFFF	#FEFEFF	48116.5	6.09999999999855	912
#FFFFFF	#FEFEFF	48116.1	6.5	912
#F6F6F6	#FBF6F5	48116.6	7	913
#F6F6F6	#FBF6F5	48117	7.40000000000146	913
#F6F6F6	#FBF6F5	48117.4	7	913
#F6F6F6	#FBF6F5	48117	6.59999999999855	913
#F6F6F6	#FBF6F5	48116.6	7	913
#F7F7F7	#F8F7FB	48117.1	7.5	914
#F7F7F7	#F8F7FB	48117.5	7.90000000000146	914
#F7F7F7	#F8F7FB	48117.9	7.5	914
#F7F7F7	#F8F7FB	48117.5	7.09999999999855	914
#F7F7F7	#F8F7FB	48117.1	7.5	914
#FDFDFD	#FCFCFE	48117.6	8	915
#FDFDFD	#FCFCFE	48118	8.40000000000146	915
#FDFDFD	#FCFCFE	48118.4	8	915
#FDFDFD	#FCFCFE	48118	7.59999999999855	915
#FDFDFD	#FCFCFE	48117.6	8	915
#FAFAFA	#FCF9F8	48118.1	8.5	916
#FAFAFA	#FCF9F8	48118.5	8.90000000000146	916
#FAFAFA	#FCF9F8	48118.9	8.5	916
#FAFAFA	#FCF9F8	48118.5	8.09999999999855	916
#FAFAFA	#FCF9F8	48118.1	8.5	916
#F8F8F8	#FBF6F5	48118.6	9	917
#F8F8F8	#FBF6F5	48119	9.40000000000146	917
#F8F8F8	#FBF6F5	48119.4	9	917
#F8F8F8	#FBF6F5	48119	8.59999999999855	917
#F8F8F8	#FBF6F5	48118.6	9	917
#EAEAEA	#F8EEED	48119.1	9.5	918
#EAEAEA	#F8EEED	48119.5	9.90000000000146	918
#EAEAEA	#F8EEED	48119.9	9.5	918
#EAEAEA	#F8EEED	48119.5	9.09999999999854	918
#EAEAEA	#F8EEED	48119.1	9.5	918
#FDFDFD	#FDFBFB	48119.6	10	919
#FDFDFD	#FDFBFB	48120	10.4000000000015	919
#FDFDFD	#FDFBFB	48120.4	10	919
#FDFDFD	#FDFBFB	48120	9.59999999999854	919
#FDFDFD	#FDFBFB	48119.6	10	919
#FAFAFA	#FCF8F7	48120.1	10.5	920
#FAFAFA	#FCF8F7	48120.5	10.9000000000015	920
#FAFAFA	#FCF8F7	48120.9	10.5	920
#FAFAFA	#FCF8F7	48120.5	10.0999999999985	920
#FAFAFA	#FCF8F7	48120.1	10.5	920
#EBEBEB	#F7EDEC	48120.6	11	921
#EBEBEB	#F7EDEC	48121	11.4000000000015	921
#EBEBEB	#F7EDEC	48121.4	11	921
#EBEBEB	#F7EDEC	48121	10.5999999999985	921
#EBEBEB	#F7EDEC	48120.6	11	921
#DADADA	#F1DFDD	48121.1	11.5	922
#DADADA	#F1DFDD	48121.5	11.9000000000015	922
#DADADA	#F1DFDD	48121.9	11.5	922
#DADADA	#F1DFDD	48121.5	11.0999999999985	922
#DADADA	#F1DFDD	48121.1	11.5	922
#DCDCDC	#F1DFDD	48121.6	12	923
#DCDCDC	#F1DFDD	48122	12.4000000000015	923
#DCDCDC	#F1DFDD	48122.4	12	923
#DCDCDC	#F1DFDD	48122	11.5999999999985	923
#DCDCDC	#F1DFDD	48121.6	12	923
#FDFDFD	#FEFCFB	48122.1	12.5	924
#FDFDFD	#FEFCFB	48122.5	12.9000000000015	924
#FDFDFD	#FEFCFB	48122.9	12.5	924
#FDFDFD	#FEFCFB	48122.5	12.0999999999985	924
#FDFDFD	#FEFCFB	48122.1	12.5	924
#E8E8E8	#F4E7E5	48122.6	13	925
#E8E8E8	#F4E7E5	48123	13.4000000000015	925
#E8E8E8	#F4E7E5	48123.4	13	925
#E8E8E8	#F4E7E5	48123	12.5999999999985	925
#E8E8E8	#F4E7E5	48122.6	13	925
#F7F7F7	#FAF3F2	48123.1	13.5	926
#F7F7F7	#FAF3F2	48123.5	13.9000000000015	926
#F7F7F7	#FAF3F2	48123.9	13.5	926
#F7F7F7	#FAF3F2	48123.5	13.0999999999985	926
#F7F7F7	#FAF3F2	48123.1	13.5	926
#E5E5E5	#F2E2E0	48123.6	14	927
#E5E5E5	#F2E2E0	48124	14.4000000000015	927
#E5E5E5	#F2E2E0	48124.4	14	927
#E5E5E5	#F2E2E0	48124	13.5999999999985	927
#E5E5E5	#F2E2E0	48123.6	14	927
#D7D7D7	#EFDCD9	48124.1	14.5	928
#D7D7D7	#EFDCD9	48124.5	14.9000000000015	928
#D7D7D7	#EFDCD9	48124.9	14.5	928
#D7D7D7	#EFDCD9	48124.5	14.0999999999985	928
#D7D7D7	#EFDCD9	48124.1	14.5	928
#EFEFEF	#F6EBEA	48124.6	15	929
#EFEFEF	#F6EBEA	48125	15.4000000000015	929
#EFEFEF	#F6EBEA	48125.4	15	929
#EFEFEF	#F6EBEA	48125	14.5999999999985	929
#EFEFEF	#F6EBEA	48124.6	15	929
#E2E2E2	#F2E1DF	48125.1	15.5	930
#E2E2E2	#F2E1DF	48125.5	15.9000000000015	930
#E2E2E2	#F2E1DF	48125.9	15.5	930
#E2E2E2	#F2E1DF	48125.5	15.0999999999985	930
#E2E2E2	#F2E1DF	48125.1	15.5	930
#EDEDED	#F5E9E7	48125.6	16	931
#EDEDED	#F5E9E7	48126	16.4000000000015	931
#EDEDED	#F5E9E7	48126.4	16	931
#EDEDED	#F5E9E7	48126	15.5999999999985	931
#EDEDED	#F5E9E7	48125.6	16	931
#DEDEDE	#EFDCDA	48126.1	16.5	932
#DEDEDE	#EFDCDA	48126.5	16.9000000000015	932
#DEDEDE	#EFDCDA	48126.9	16.5	932
#DEDEDE	#EFDCDA	48126.5	16.0999999999985	932
#DEDEDE	#EFDCDA	48126.1	16.5	932
#EAEAEA	#F4E7E5	48126.6	17	933
#EAEAEA	#F4E7E5	48127	17.4000000000015	933
#EAEAEA	#F4E7E5	48127.4	17	933
#EAEAEA	#F4E7E5	48127	16.5999999999985	933
#EAEAEA	#F4E7E5	48126.6	17	933
#E0E0E0	#EFDAD8	48127.1	17.5	934
#E0E0E0	#EFDAD8	48127.5	17.9000000000015	934
#E0E0E0	#EFDAD8	48127.9	17.5	934
#E0E0E0	#EFDAD8	48127.5	17.0999999999985	934
#E0E0E0	#EFDAD8	48127.1	17.5	934
#DDDDDD	#F0DDDB	48127.6	18	935
#DDDDDD	#F0DDDB	48128	18.4000000000015	935
#DDDDDD	#F0DDDB	48128.4	18	935
#DDDDDD	#F0DDDB	48128	17.5999999999985	935
#DDDDDD	#F0DDDB	48127.6	18	935
#F4F4F4	#F7EDEB	48128.1	18.5	936
#F4F4F4	#F7EDEB	48128.5	18.9000000000015	936
#F4F4F4	#F7EDEB	48128.9	18.5	936
#F4F4F4	#F7EDEB	48128.5	18.0999999999985	936
#F4F4F4	#F7EDEB	48128.1	18.5	936
#F6F6F6	#F9F0EF	48128.6	19	937
#F6F6F6	#F9F0EF	48129	19.4000000000015	937
#F6F6F6	#F9F0EF	48129.4	19	937
#F6F6F6	#F9F0EF	48129	18.5999999999985	937
#F6F6F6	#F9F0EF	48128.6	19	937
#FBFBFB	#FBF6F6	48129.1	19.5	938
#FBFBFB	#FBF6F6	48129.5	19.9000000000015	938
#FBFBFB	#FBF6F6	48129.9	19.5	938
#FBFBFB	#FBF6F6	48129.5	19.0999999999985	938
#FBFBFB	#FBF6F6	48129.1	19.5	938
#FDFDFD	#FDF9F9	48129.6	20	939
#FDFDFD	#FDF9F9	48130	20.4000000000015	939
#FDFDFD	#FDF9F9	48130.4	20	939
#FDFDFD	#FDF9F9	48130	19.5999999999985	939
#FDFDFD	#FDF9F9	48129.6	20	939
#F4F4F4	#F7EDEC	48130.1	20.5	940
#F4F4F4	#F7EDEC	48130.5	20.9000000000015	940
#F4F4F4	#F7EDEC	48130.9	20.5	940
#F4F4F4	#F7EDEC	48130.5	20.0999999999985	940
#F4F4F4	#F7EDEC	48130.1	20.5	940
#FEFEFE	#FEFCFC	48130.6	21	941
#FEFEFE	#FEFCFC	48131	21.4000000000015	941
#FEFEFE	#FEFCFC	48131.4	21	941
#FEFEFE	#FEFCFC	48131	20.5999999999985	941
#FEFEFE	#FEFCFC	48130.6	21	941
#FAFAFA	#FBF5F5	48131.1	21.5	942
#FAFAFA	#FBF5F5	48131.5	21.9000000000015	942
#FAFAFA	#FBF5F5	48131.9	21.5	942
#FAFAFA	#FBF5F5	48131.5	21.0999999999985	942
#FAFAFA	#FBF5F5	48131.1	21.5	942
#F7F7F7	#F3F1F9	48131.6	22	943
#F7F7F7	#F3F1F9	48132	22.4000000000015	943
#F7F7F7	#F3F1F9	48132.4	22	943
#F7F7F7	#F3F1F9	48132	21.5999999999985	943
#F7F7F7	#F3F1F9	48131.6	22	943
#FEFEFE	#FDFDFE	48132.1	22.5	944
#FEFEFE	#FDFDFE	48132.5	22.9000000000015	944
#FEFEFE	#FDFDFE	48132.9	22.5	944
#FEFEFE	#FDFDFE	48132.5	22.0999999999985	944
#FEFEFE	#FDFDFE	48132.1	22.5	944
#FDFDFD	#FBFBFD	48132.6	23	945
#FDFDFD	#FBFBFD	48133	23.4000000000015	945
#FDFDFD	#FBFBFD	48133.4	23	945
#FDFDFD	#FBFBFD	48133	22.5999999999985	945
#FDFDFD	#FBFBFD	48132.6	23	945
#F7F7F7	#F4F3F9	48133.1	23.5	946
#F7F7F7	#F4F3F9	48133.5	23.9000000000015	946
#F7F7F7	#F4F3F9	48133.9	23.5	946
#F7F7F7	#F4F3F9	48133.5	23.0999999999985	946
#F7F7F7	#F4F3F9	48133.1	23.5	946
#FCFCFC	#F9F8FC	48133.6	24	947
#FCFCFC	#F9F8FC	48134	24.4000000000015	947
#FCFCFC	#F9F8FC	48134.4	24	947
#FCFCFC	#F9F8FC	48134	23.5999999999985	947
#FCFCFC	#F9F8FC	48133.6	24	947
#F6F6F6	#F9F1F0	48134.1	24.5	948
#F6F6F6	#F9F1F0	48134.5	24.9000000000015	948
#F6F6F6	#F9F1F0	48134.9	24.5	948
#F6F6F6	#F9F1F0	48134.5	24.0999999999985	948
#F6F6F6	#F9F1F0	48134.1	24.5	948
#767676	#F4E5E4	48110.6	0	949
#767676	#F4E5E4	48111	0.400000000001455	949
#767676	#F4E5E4	48111.4	0	949
#767676	#F4E5E4	48111	-0.400000000001455	949
#767676	#F4E5E4	48110.6	0	949
#B4B4B4	#F7EDEC	48111.1	0.5	950
#B4B4B4	#F7EDEC	48111.5	0.900000000001455	950
#B4B4B4	#F7EDEC	48111.9	0.5	950
#B4B4B4	#F7EDEC	48111.5	0.0999999999985448	950
#B4B4B4	#F7EDEC	48111.1	0.5	950
#929292	#F4E5E4	48111.6	1	951
#929292	#F4E5E4	48112	1.40000000000146	951
#929292	#F4E5E4	48112.4	1	951
#929292	#F4E5E4	48112	0.599999999998545	951
#929292	#F4E5E4	48111.6	1	951
#6E6E6E	#F0DDDB	48112.1	1.5	952
#6E6E6E	#F0DDDB	48112.5	1.90000000000146	952
#6E6E6E	#F0DDDB	48112.9	1.5	952
#6E6E6E	#F0DDDB	48112.5	1.09999999999854	952
#6E6E6E	#F0DDDB	48112.1	1.5	952
#ACACAC	#F5E8E6	48112.6	2	953
#ACACAC	#F5E8E6	48113	2.40000000000146	953
#ACACAC	#F5E8E6	48113.4	2	953
#ACACAC	#F5E8E6	48113	1.59999999999854	953
#ACACAC	#F5E8E6	48112.6	2	953
#E9E9E9	#FBF5F4	48113.1	2.5	954
#E9E9E9	#FBF5F4	48113.5	2.90000000000146	954
#E9E9E9	#FBF5F4	48113.9	2.5	954
#E9E9E9	#FBF5F4	48113.5	2.09999999999854	954
#E9E9E9	#FBF5F4	48113.1	2.5	954
#BBBBBB	#F6EAE8	48113.6	3	955
#BBBBBB	#F6EAE8	48114	3.40000000000146	955
#BBBBBB	#F6EAE8	48114.4	3	955
#BBBBBB	#F6EAE8	48114	2.59999999999855	955
#BBBBBB	#F6EAE8	48113.6	3	955
#E2E2E2	#F9F1F0	48114.1	3.5	956
#E2E2E2	#F9F1F0	48114.5	3.90000000000146	956
#E2E2E2	#F9F1F0	48114.9	3.5	956
#E2E2E2	#F9F1F0	48114.5	3.09999999999855	956
#E2E2E2	#F9F1F0	48114.1	3.5	956
#DFDFDF	#F8EFEE	48114.6	4	957
#DFDFDF	#F8EFEE	48115	4.40000000000146	957
#DFDFDF	#F8EFEE	48115.4	4	957
#DFDFDF	#F8EFEE	48115	3.59999999999855	957
#DFDFDF	#F8EFEE	48114.6	4	957
#F8F8F8	#FDF9F9	48115.1	4.5	958
#F8F8F8	#FDF9F9	48115.5	4.90000000000146	958
#F8F8F8	#FDF9F9	48115.9	4.5	958
#F8F8F8	#FDF9F9	48115.5	4.09999999999855	958
#F8F8F8	#FDF9F9	48115.1	4.5	958
#FAFAFA	#FBFAFD	48115.6	5	959
#FAFAFA	#FBFAFD	48116	5.40000000000146	959
#FAFAFA	#FBFAFD	48116.4	5	959
#FAFAFA	#FBFAFD	48116	4.59999999999855	959
#FAFAFA	#FBFAFD	48115.6	5	959
#FBFBFB	#FDFBFA	48116.1	5.5	960
#FBFBFB	#FDFBFA	48116.5	5.90000000000146	960
#FBFBFB	#FDFBFA	48116.9	5.5	960
#FBFBFB	#FDFBFA	48116.5	5.09999999999855	960
#FBFBFB	#FDFBFA	48116.1	5.5	960
#FDFDFD	#FEFDFD	48116.6	6	961
#FDFDFD	#FEFDFD	48117	6.40000000000146	961
#FDFDFD	#FEFDFD	48117.4	6	961
#FDFDFD	#FEFDFD	48117	5.59999999999855	961
#FDFDFD	#FEFDFD	48116.6	6	961
#FCFCFC	#FCFBFD	48117.1	6.5	962
#FCFCFC	#FCFBFD	48117.5	6.90000000000146	962
#FCFCFC	#FCFBFD	48117.9	6.5	962
#FCFCFC	#FCFBFD	48117.5	6.09999999999855	962
#FCFCFC	#FCFBFD	48117.1	6.5	962
#FEFEFE	#FEFEFE	48117.6	7	963
#FEFEFE	#FEFEFE	48118	7.40000000000146	963
#FEFEFE	#FEFEFE	48118.4	7	963
#FEFEFE	#FEFEFE	48118	6.59999999999855	963
#FEFEFE	#FEFEFE	48117.6	7	963
#FBFBFB	#FDFAFA	48118.1	7.5	964
#FBFBFB	#FDFAFA	48118.5	7.90000000000146	964
#FBFBFB	#FDFAFA	48118.9	7.5	964
#FBFBFB	#FDFAFA	48118.5	7.09999999999855	964
#FBFBFB	#FDFAFA	48118.1	7.5	964
#E8E8E8	#F7ECEA	48118.6	8	965
#E8E8E8	#F7ECEA	48119	8.40000000000146	965
#E8E8E8	#F7ECEA	48119.4	8	965
#E8E8E8	#F7ECEA	48119	7.59999999999855	965
#E8E8E8	#F7ECEA	48118.6	8	965
#FEFEFE	#FDFDFE	48119.1	8.5	966
#FEFEFE	#FDFDFE	48119.5	8.90000000000146	966
#FEFEFE	#FDFDFE	48119.9	8.5	966
#FEFEFE	#FDFDFE	48119.5	8.09999999999855	966
#FEFEFE	#FDFDFE	48119.1	8.5	966
#EFEFEF	#F9F1F0	48119.6	9	967
#EFEFEF	#F9F1F0	48120	9.40000000000146	967
#EFEFEF	#F9F1F0	48120.4	9	967
#EFEFEF	#F9F1F0	48120	8.59999999999855	967
#EFEFEF	#F9F1F0	48119.6	9	967
#F9F9F9	#FCF8F7	48120.1	9.5	968
#F9F9F9	#FCF8F7	48120.5	9.90000000000146	968
#F9F9F9	#FCF8F7	48120.9	9.5	968
#F9F9F9	#FCF8F7	48120.5	9.09999999999854	968
#F9F9F9	#FCF8F7	48120.1	9.5	968
#FAFAFA	#FCF8F7	48120.6	10	969
#FAFAFA	#FCF8F7	48121	10.4000000000015	969
#FAFAFA	#FCF8F7	48121.4	10	969
#FAFAFA	#FCF8F7	48121	9.59999999999854	969
#FAFAFA	#FCF8F7	48120.6	10	969
#DCDCDC	#F3E5E3	48121.1	10.5	970
#DCDCDC	#F3E5E3	48121.5	10.9000000000015	970
#DCDCDC	#F3E5E3	48121.9	10.5	970
#DCDCDC	#F3E5E3	48121.5	10.0999999999985	970
#DCDCDC	#F3E5E3	48121.1	10.5	970
#CDCDCD	#EFDCDA	48121.6	11	971
#CDCDCD	#EFDCDA	48122	11.4000000000015	971
#CDCDCD	#EFDCDA	48122.4	11	971
#CDCDCD	#EFDCDA	48122	10.5999999999985	971
#CDCDCD	#EFDCDA	48121.6	11	971
#D7D7D7	#F0DEDC	48122.1	11.5	972
#D7D7D7	#F0DEDC	48122.5	11.9000000000015	972
#D7D7D7	#F0DEDC	48122.9	11.5	972
#D7D7D7	#F0DEDC	48122.5	11.0999999999985	972
#D7D7D7	#F0DEDC	48122.1	11.5	972
#FBFBFB	#FCF8F7	48122.6	12	973
#FBFBFB	#FCF8F7	48123	12.4000000000015	973
#FBFBFB	#FCF8F7	48123.4	12	973
#FBFBFB	#FCF8F7	48123	11.5999999999985	973
#FBFBFB	#FCF8F7	48122.6	12	973
#F6F6F6	#F9F2F1	48123.1	12.5	974
#F6F6F6	#F9F2F1	48123.5	12.9000000000015	974
#F6F6F6	#F9F2F1	48123.9	12.5	974
#F6F6F6	#F9F2F1	48123.5	12.0999999999985	974
#F6F6F6	#F9F2F1	48123.1	12.5	974
#F4F4F4	#F8F0EF	48123.6	13	975
#F4F4F4	#F8F0EF	48124	13.4000000000015	975
#F4F4F4	#F8F0EF	48124.4	13	975
#F4F4F4	#F8F0EF	48124	12.5999999999985	975
#F4F4F4	#F8F0EF	48123.6	13	975
#DDDDDD	#F2E1DF	48124.1	13.5	976
#DDDDDD	#F2E1DF	48124.5	13.9000000000015	976
#DDDDDD	#F2E1DF	48124.9	13.5	976
#DDDDDD	#F2E1DF	48124.5	13.0999999999985	976
#DDDDDD	#F2E1DF	48124.1	13.5	976
#E8E8E8	#F4E6E4	48124.6	14	977
#E8E8E8	#F4E6E4	48125	14.4000000000015	977
#E8E8E8	#F4E6E4	48125.4	14	977
#E8E8E8	#F4E6E4	48125	13.5999999999985	977
#E8E8E8	#F4E6E4	48124.6	14	977
#E1E1E1	#F3E3E1	48125.1	14.5	978
#E1E1E1	#F3E3E1	48125.5	14.9000000000015	978
#E1E1E1	#F3E3E1	48125.9	14.5	978
#E1E1E1	#F3E3E1	48125.5	14.0999999999985	978
#E1E1E1	#F3E3E1	48125.1	14.5	978
#F0F0F0	#F7EDEC	48125.6	15	979
#F0F0F0	#F7EDEC	48126	15.4000000000015	979
#F0F0F0	#F7EDEC	48126.4	15	979
#F0F0F0	#F7EDEC	48126	14.5999999999985	979
#F0F0F0	#F7EDEC	48125.6	15	979
#ECECEC	#F5E8E6	48126.1	15.5	980
#ECECEC	#F5E8E6	48126.5	15.9000000000015	980
#ECECEC	#F5E8E6	48126.9	15.5	980
#ECECEC	#F5E8E6	48126.5	15.0999999999985	980
#ECECEC	#F5E8E6	48126.1	15.5	980
#EEEEEE	#F6EAE8	48126.6	16	981
#EEEEEE	#F6EAE8	48127	16.4000000000015	981
#EEEEEE	#F6EAE8	48127.4	16	981
#EEEEEE	#F6EAE8	48127	15.5999999999985	981
#EEEEEE	#F6EAE8	48126.6	16	981
#DBDBDB	#EFDCDA	48127.1	16.5	982
#DBDBDB	#EFDCDA	48127.5	16.9000000000015	982
#DBDBDB	#EFDCDA	48127.9	16.5	982
#DBDBDB	#EFDCDA	48127.5	16.0999999999985	982
#DBDBDB	#EFDCDA	48127.1	16.5	982
#E9E9E9	#F2E2E0	48127.6	17	983
#E9E9E9	#F2E2E0	48128	17.4000000000015	983
#E9E9E9	#F2E2E0	48128.4	17	983
#E9E9E9	#F2E2E0	48128	16.5999999999985	983
#E9E9E9	#F2E2E0	48127.6	17	983
#DEDEDE	#F0DCDA	48128.1	17.5	984
#DEDEDE	#F0DCDA	48128.5	17.9000000000015	984
#DEDEDE	#F0DCDA	48128.9	17.5	984
#DEDEDE	#F0DCDA	48128.5	17.0999999999985	984
#DEDEDE	#F0DCDA	48128.1	17.5	984
#E6E6E6	#F2E1DF	48128.6	18	985
#E6E6E6	#F2E1DF	48129	18.4000000000015	985
#E6E6E6	#F2E1DF	48129.4	18	985
#E6E6E6	#F2E1DF	48129	17.5999999999985	985
#E6E6E6	#F2E1DF	48128.6	18	985
#F9F9F9	#FAF3F2	48129.1	18.5	986
#F9F9F9	#FAF3F2	48129.5	18.9000000000015	986
#F9F9F9	#FAF3F2	48129.9	18.5	986
#F9F9F9	#FAF3F2	48129.5	18.0999999999985	986
#F9F9F9	#FAF3F2	48129.1	18.5	986
#F7F7F7	#F8EFEE	48129.6	19	987
#F7F7F7	#F8EFEE	48130	19.4000000000015	987
#F7F7F7	#F8EFEE	48130.4	19	987
#F7F7F7	#F8EFEE	48130	18.5999999999985	987
#F7F7F7	#F8EFEE	48129.6	19	987
#F5F5F5	#F8EFED	48130.1	19.5	988
#F5F5F5	#F8EFED	48130.5	19.9000000000015	988
#F5F5F5	#F8EFED	48130.9	19.5	988
#F5F5F5	#F8EFED	48130.5	19.0999999999985	988
#F5F5F5	#F8EFED	48130.1	19.5	988
#F9F9F9	#FAF4F3	48130.6	20	989
#F9F9F9	#FAF4F3	48131	20.4000000000015	989
#F9F9F9	#FAF4F3	48131.4	20	989
#F9F9F9	#FAF4F3	48131	19.5999999999985	989
#F9F9F9	#FAF4F3	48130.6	20	989
#F4F4F4	#F7EDEB	48131.1	20.5	990
#F4F4F4	#F7EDEB	48131.5	20.9000000000015	990
#F4F4F4	#F7EDEB	48131.9	20.5	990
#F4F4F4	#F7EDEB	48131.5	20.0999999999985	990
#F4F4F4	#F7EDEB	48131.1	20.5	990
#FBFBFB	#F8F7FB	48131.6	21	991
#FBFBFB	#F8F7FB	48132	21.4000000000015	991
#FBFBFB	#F8F7FB	48132.4	21	991
#FBFBFB	#F8F7FB	48132	20.5999999999985	991
#FBFBFB	#F8F7FB	48131.6	21	991
#F9F9F9	#F7F6FB	48132.1	21.5	992
#F9F9F9	#F7F6FB	48132.5	21.9000000000015	992
#F9F9F9	#F7F6FB	48132.9	21.5	992
#F9F9F9	#F7F6FB	48132.5	21.0999999999985	992
#F9F9F9	#F7F6FB	48132.1	21.5	992
#FCFCFC	#FBFAFD	48132.6	22	993
#FCFCFC	#FBFAFD	48133	22.4000000000015	993
#FCFCFC	#FBFAFD	48133.4	22	993
#FCFCFC	#FBFAFD	48133	21.5999999999985	993
#FCFCFC	#FBFAFD	48132.6	22	993
#F8F8F8	#F6F4FA	48133.1	22.5	994
#F8F8F8	#F6F4FA	48133.5	22.9000000000015	994
#F8F8F8	#F6F4FA	48133.9	22.5	994
#F8F8F8	#F6F4FA	48133.5	22.0999999999985	994
#F8F8F8	#F6F4FA	48133.1	22.5	994
#F7F7F7	#F9F2F1	48133.6	23	995
#F7F7F7	#F9F2F1	48134	23.4000000000015	995
#F7F7F7	#F9F2F1	48134.4	23	995
#F7F7F7	#F9F2F1	48134	22.5999999999985	995
#F7F7F7	#F9F2F1	48133.6	23	995
#FCFCFC	#F9F8FC	48134.1	23.5	996
#FCFCFC	#F9F8FC	48134.5	23.9000000000015	996
#FCFCFC	#F9F8FC	48134.9	23.5	996
#FCFCFC	#F9F8FC	48134.5	23.0999999999985	996
#FCFCFC	#F9F8FC	48134.1	23.5	996
#FBFBFB	#FCF7F7	48134.6	24	997
#FBFBFB	#FCF7F7	48135	24.4000000000015	997
#FBFBFB	#FCF7F7	48135.4	24	997
#FBFBFB	#FCF7F7	48135	23.5999999999985	997
#FBFBFB	#FCF7F7	48134.6	24	997
#F5F5F5	#F3F1F8	48135.1	24.5	998
#F5F5F5	#F3F1F8	48135.5	24.9000000000015	998
#F5F5F5	#F3F1F8	48135.9	24.5	998
#F5F5F5	#F3F1F8	48135.5	24.0999999999985	998
#F5F5F5	#F3F1F8	48135.1	24.5	998
#434343	#F0DDDA	48111.6	0	999
#434343	#F0DDDA	48112	0.400000000001455	999
#434343	#F0DDDA	48112.4	0	999
#434343	#F0DDDA	48112	-0.400000000001455	999
#434343	#F0DDDA	48111.6	0	999
#BABABA	#F8EEED	48112.1	0.5	1000
#BABABA	#F8EEED	48112.5	0.900000000001455	1000
#BABABA	#F8EEED	48112.9	0.5	1000
#BABABA	#F8EEED	48112.5	0.0999999999985448	1000
#BABABA	#F8EEED	48112.1	0.5	1000
#7B7B7B	#F2E2E0	48112.6	1	1001
#7B7B7B	#F2E2E0	48113	1.40000000000146	1001
#7B7B7B	#F2E2E0	48113.4	1	1001
#7B7B7B	#F2E2E0	48113	0.599999999998545	1001
#7B7B7B	#F2E2E0	48112.6	1	1001
#BCBCBC	#F7ECEA	48113.1	1.5	1002
#BCBCBC	#F7ECEA	48113.5	1.90000000000146	1002
#BCBCBC	#F7ECEA	48113.9	1.5	1002
#BCBCBC	#F7ECEA	48113.5	1.09999999999854	1002
#BCBCBC	#F7ECEA	48113.1	1.5	1002
#FCFCFC	#FEFDFD	48113.6	2	1003
#FCFCFC	#FEFDFD	48114	2.40000000000146	1003
#FCFCFC	#FEFDFD	48114.4	2	1003
#FCFCFC	#FEFDFD	48114	1.59999999999854	1003
#FCFCFC	#FEFDFD	48113.6	2	1003
#D6D6D6	#F9F1F0	48114.1	2.5	1004
#D6D6D6	#F9F1F0	48114.5	2.90000000000146	1004
#D6D6D6	#F9F1F0	48114.9	2.5	1004
#D6D6D6	#F9F1F0	48114.5	2.09999999999854	1004
#D6D6D6	#F9F1F0	48114.1	2.5	1004
#F8F8F8	#FBFBFD	48114.6	3	1005
#F8F8F8	#FBFBFD	48115	3.40000000000146	1005
#F8F8F8	#FBFBFD	48115.4	3	1005
#F8F8F8	#FBFBFD	48115	2.59999999999855	1005
#F8F8F8	#FBFBFD	48114.6	3	1005
#FEFEFE	#FFFEFE	48115.1	3.5	1006
#FEFEFE	#FFFEFE	48115.5	3.90000000000146	1006
#FEFEFE	#FFFEFE	48115.9	3.5	1006
#FEFEFE	#FFFEFE	48115.5	3.09999999999855	1006
#FEFEFE	#FFFEFE	48115.1	3.5	1006
#F1F1F1	#F8F7FB	48115.6	4	1007
#F1F1F1	#F8F7FB	48116	4.40000000000146	1007
#F1F1F1	#F8F7FB	48116.4	4	1007
#F1F1F1	#F8F7FB	48116	3.59999999999855	1007
#F1F1F1	#F8F7FB	48115.6	4	1007
#DCDCDC	#F0EEF7	48116.1	4.5	1008
#DCDCDC	#F0EEF7	48116.5	4.90000000000146	1008
#DCDCDC	#F0EEF7	48116.9	4.5	1008
#DCDCDC	#F0EEF7	48116.5	4.09999999999855	1008
#DCDCDC	#F0EEF7	48116.1	4.5	1008
#F6F6F6	#F8F7FB	48116.6	5	1009
#F6F6F6	#F8F7FB	48117	5.40000000000146	1009
#F6F6F6	#F8F7FB	48117.4	5	1009
#F6F6F6	#F8F7FB	48117	4.59999999999855	1009
#F6F6F6	#F8F7FB	48116.6	5	1009
#F1F1F1	#F5F4FA	48117.1	5.5	1010
#F1F1F1	#F5F4FA	48117.5	5.90000000000146	1010
#F1F1F1	#F5F4FA	48117.9	5.5	1010
#F1F1F1	#F5F4FA	48117.5	5.09999999999855	1010
#F1F1F1	#F5F4FA	48117.1	5.5	1010
#FFFFFF	#FFFEFE	48117.6	6	1011
#FFFFFF	#FFFEFE	48118	6.40000000000146	1011
#FFFFFF	#FFFEFE	48118.4	6	1011
#FFFFFF	#FFFEFE	48118	5.59999999999855	1011
#FFFFFF	#FFFEFE	48117.6	6	1011
#EFEFEF	#F3F2F9	48118.1	6.5	1012
#EFEFEF	#F3F2F9	48118.5	6.90000000000146	1012
#EFEFEF	#F3F2F9	48118.9	6.5	1012
#EFEFEF	#F3F2F9	48118.5	6.09999999999855	1012
#EFEFEF	#F3F2F9	48118.1	6.5	1012
#FDFDFD	#FEFDFD	48118.6	7	1013
#FDFDFD	#FEFDFD	48119	7.40000000000146	1013
#FDFDFD	#FEFDFD	48119.4	7	1013
#FDFDFD	#FEFDFD	48119	6.59999999999855	1013
#FDFDFD	#FEFDFD	48118.6	7	1013
#FDFDFD	#FDFCFE	48119.1	7.5	1014
#FDFDFD	#FDFCFE	48119.5	7.90000000000146	1014
#FDFDFD	#FDFCFE	48119.9	7.5	1014
#FDFDFD	#FDFCFE	48119.5	7.09999999999855	1014
#FDFDFD	#FDFCFE	48119.1	7.5	1014
#FEFEFE	#FEFDFD	48119.6	8	1015
#FEFEFE	#FEFDFD	48120	8.40000000000146	1015
#FEFEFE	#FEFDFD	48120.4	8	1015
#FEFEFE	#FEFDFD	48120	7.59999999999855	1015
#FEFEFE	#FEFDFD	48119.6	8	1015
#FCFCFC	#FDFBFA	48120.1	8.5	1016
#FCFCFC	#FDFBFA	48120.5	8.90000000000146	1016
#FCFCFC	#FDFBFA	48120.9	8.5	1016
#FCFCFC	#FDFBFA	48120.5	8.09999999999855	1016
#FCFCFC	#FDFBFA	48120.1	8.5	1016
#FBFBFB	#FBFBFD	48120.6	9	1017
#FBFBFB	#FBFBFD	48121	9.40000000000146	1017
#FBFBFB	#FBFBFD	48121.4	9	1017
#FBFBFB	#FBFBFD	48121	8.59999999999855	1017
#FBFBFB	#FBFBFD	48120.6	9	1017
#F9F9F9	#F9F8FC	48121.1	9.5	1018
#F9F9F9	#F9F8FC	48121.5	9.90000000000146	1018
#F9F9F9	#F9F8FC	48121.9	9.5	1018
#F9F9F9	#F9F8FC	48121.5	9.09999999999854	1018
#F9F9F9	#F9F8FC	48121.1	9.5	1018
#FBFBFB	#FDFAF9	48121.6	10	1019
#FBFBFB	#FDFAF9	48122	10.4000000000015	1019
#FBFBFB	#FDFAF9	48122.4	10	1019
#FBFBFB	#FDFAF9	48122	9.59999999999854	1019
#FBFBFB	#FDFAF9	48121.6	10	1019
#CECECE	#F0DDDA	48122.1	10.5	1020
#CECECE	#F0DDDA	48122.5	10.9000000000015	1020
#CECECE	#F0DDDA	48122.9	10.5	1020
#CECECE	#F0DDDA	48122.5	10.0999999999985	1020
#CECECE	#F0DDDA	48122.1	10.5	1020
#F2F2F2	#F8EFEE	48122.6	11	1021
#F2F2F2	#F8EFEE	48123	11.4000000000015	1021
#F2F2F2	#F8EFEE	48123.4	11	1021
#F2F2F2	#F8EFEE	48123	10.5999999999985	1021
#F2F2F2	#F8EFEE	48122.6	11	1021
#FFFFFF	#FFFEFE	48123.1	11.5	1022
#FFFFFF	#FFFEFE	48123.5	11.9000000000015	1022
#FFFFFF	#FFFEFE	48123.9	11.5	1022
#FFFFFF	#FFFEFE	48123.5	11.0999999999985	1022
#FFFFFF	#FFFEFE	48123.1	11.5	1022
#F6F6F6	#F9F2F1	48123.6	12	1023
#F6F6F6	#F9F2F1	48124	12.4000000000015	1023
#F6F6F6	#F9F2F1	48124.4	12	1023
#F6F6F6	#F9F2F1	48124	11.5999999999985	1023
#F6F6F6	#F9F2F1	48123.6	12	1023
#E7E7E7	#F5E8E6	48124.1	12.5	1024
#E7E7E7	#F5E8E6	48124.5	12.9000000000015	1024
#E7E7E7	#F5E8E6	48124.9	12.5	1024
#E7E7E7	#F5E8E6	48124.5	12.0999999999985	1024
#E7E7E7	#F5E8E6	48124.1	12.5	1024
#F4F4F4	#F9F0EF	48124.6	13	1025
#F4F4F4	#F9F0EF	48125	13.4000000000015	1025
#F4F4F4	#F9F0EF	48125.4	13	1025
#F4F4F4	#F9F0EF	48125	12.5999999999985	1025
#F4F4F4	#F9F0EF	48124.6	13	1025
#F9F9F9	#FBF6F5	48125.1	13.5	1026
#F9F9F9	#FBF6F5	48125.5	13.9000000000015	1026
#F9F9F9	#FBF6F5	48125.9	13.5	1026
#F9F9F9	#FBF6F5	48125.5	13.0999999999985	1026
#F9F9F9	#FBF6F5	48125.1	13.5	1026
#E1E1E1	#F2E2E0	48125.6	14	1027
#E1E1E1	#F2E2E0	48126	14.4000000000015	1027
#E1E1E1	#F2E2E0	48126.4	14	1027
#E1E1E1	#F2E2E0	48126	13.5999999999985	1027
#E1E1E1	#F2E2E0	48125.6	14	1027
#ECECEC	#F6EAE8	48126.1	14.5	1028
#ECECEC	#F6EAE8	48126.5	14.9000000000015	1028
#ECECEC	#F6EAE8	48126.9	14.5	1028
#ECECEC	#F6EAE8	48126.5	14.0999999999985	1028
#ECECEC	#F6EAE8	48126.1	14.5	1028
#F2F2F2	#F7EDEB	48126.6	15	1029
#F2F2F2	#F7EDEB	48127	15.4000000000015	1029
#F2F2F2	#F7EDEB	48127.4	15	1029
#F2F2F2	#F7EDEB	48127	14.5999999999985	1029
#F2F2F2	#F7EDEB	48126.6	15	1029
#E4E4E4	#F2E2E0	48127.1	15.5	1030
#E4E4E4	#F2E2E0	48127.5	15.9000000000015	1030
#E4E4E4	#F2E2E0	48127.9	15.5	1030
#E4E4E4	#F2E2E0	48127.5	15.0999999999985	1030
#E4E4E4	#F2E2E0	48127.1	15.5	1030
#ECECEC	#F5E9E8	48127.6	16	1031
#ECECEC	#F5E9E8	48128	16.4000000000015	1031
#ECECEC	#F5E9E8	48128.4	16	1031
#ECECEC	#F5E9E8	48128	15.5999999999985	1031
#ECECEC	#F5E9E8	48127.6	16	1031
#F4F4F4	#F7EDEB	48128.1	16.5	1032
#F4F4F4	#F7EDEB	48128.5	16.9000000000015	1032
#F4F4F4	#F7EDEB	48128.9	16.5	1032
#F4F4F4	#F7EDEB	48128.5	16.0999999999985	1032
#F4F4F4	#F7EDEB	48128.1	16.5	1032
#ECECEC	#F5E8E6	48128.6	17	1033
#ECECEC	#F5E8E6	48129	17.4000000000015	1033
#ECECEC	#F5E8E6	48129.4	17	1033
#ECECEC	#F5E8E6	48129	16.5999999999985	1033
#ECECEC	#F5E8E6	48128.6	17	1033
#F2F2F2	#F7ECEB	48129.1	17.5	1034
#F2F2F2	#F7ECEB	48129.5	17.9000000000015	1034
#F2F2F2	#F7ECEB	48129.9	17.5	1034
#F2F2F2	#F7ECEB	48129.5	17.0999999999985	1034
#F2F2F2	#F7ECEB	48129.1	17.5	1034
#EDEDED	#F5E7E6	48129.6	18	1035
#EDEDED	#F5E7E6	48130	18.4000000000015	1035
#EDEDED	#F5E7E6	48130.4	18	1035
#EDEDED	#F5E7E6	48130	17.5999999999985	1035
#EDEDED	#F5E7E6	48129.6	18	1035
#EEEEEE	#F4E6E4	48130.1	18.5	1036
#EEEEEE	#F4E6E4	48130.5	18.9000000000015	1036
#EEEEEE	#F4E6E4	48130.9	18.5	1036
#EEEEEE	#F4E6E4	48130.5	18.0999999999985	1036
#EEEEEE	#F4E6E4	48130.1	18.5	1036
#FDFDFD	#FDFAF9	48130.6	19	1037
#FDFDFD	#FDFAF9	48131	19.4000000000015	1037
#FDFDFD	#FDFAF9	48131.4	19	1037
#FDFDFD	#FDFAF9	48131	18.5999999999985	1037
#FDFDFD	#FDFAF9	48130.6	19	1037
#FEFEFE	#FEFDFD	48131.1	19.5	1038
#FEFEFE	#FEFDFD	48131.5	19.9000000000015	1038
#FEFEFE	#FEFDFD	48131.9	19.5	1038
#FEFEFE	#FEFDFD	48131.5	19.0999999999985	1038
#FEFEFE	#FEFDFD	48131.1	19.5	1038
#FEFEFE	#FCFCFD	48131.6	20	1039
#FEFEFE	#FCFCFD	48132	20.4000000000015	1039
#FEFEFE	#FCFCFD	48132.4	20	1039
#FEFEFE	#FCFCFD	48132	19.5999999999985	1039
#FEFEFE	#FCFCFD	48131.6	20	1039
#F4F4F4	#F1EFF8	48132.1	20.5	1040
#F4F4F4	#F1EFF8	48132.5	20.9000000000015	1040
#F4F4F4	#F1EFF8	48132.9	20.5	1040
#F4F4F4	#F1EFF8	48132.5	20.0999999999985	1040
#F4F4F4	#F1EFF8	48132.1	20.5	1040
#F8F8F8	#F6F4FA	48132.6	21	1041
#F8F8F8	#F6F4FA	48133	21.4000000000015	1041
#F8F8F8	#F6F4FA	48133.4	21	1041
#F8F8F8	#F6F4FA	48133	20.5999999999985	1041
#F8F8F8	#F6F4FA	48132.6	21	1041
#F5F5F5	#F2F0F8	48133.1	21.5	1042
#F5F5F5	#F2F0F8	48133.5	21.9000000000015	1042
#F5F5F5	#F2F0F8	48133.9	21.5	1042
#F5F5F5	#F2F0F8	48133.5	21.0999999999985	1042
#F5F5F5	#F2F0F8	48133.1	21.5	1042
#F4F4F4	#F1EFF8	48133.6	22	1043
#F4F4F4	#F1EFF8	48134	22.4000000000015	1043
#F4F4F4	#F1EFF8	48134.4	22	1043
#F4F4F4	#F1EFF8	48134	21.5999999999985	1043
#F4F4F4	#F1EFF8	48133.6	22	1043
#FBFBFB	#F8F8FB	48134.1	22.5	1044
#FBFBFB	#F8F8FB	48134.5	22.9000000000015	1044
#FBFBFB	#F8F8FB	48134.9	22.5	1044
#FBFBFB	#F8F8FB	48134.5	22.0999999999985	1044
#FBFBFB	#F8F8FB	48134.1	22.5	1044
#FFFFFF	#FFFFFF	48134.6	23	1045
#FFFFFF	#FFFFFF	48135	23.4000000000015	1045
#FFFFFF	#FFFFFF	48135.4	23	1045
#FFFFFF	#FFFFFF	48135	22.5999999999985	1045
#FFFFFF	#FFFFFF	48134.6	23	1045
#F6F6F6	#F4F3F9	48135.1	23.5	1046
#F6F6F6	#F4F3F9	48135.5	23.9000000000015	1046
#F6F6F6	#F4F3F9	48135.9	23.5	1046
#F6F6F6	#F4F3F9	48135.5	23.0999999999985	1046
#F6F6F6	#F4F3F9	48135.1	23.5	1046
#FDFDFD	#FDFBFB	48135.6	24	1047
#FDFDFD	#FDFBFB	48136	24.4000000000015	1047
#FDFDFD	#FDFBFB	48136.4	24	1047
#FDFDFD	#FDFBFB	48136	23.5999999999985	1047
#FDFDFD	#FDFBFB	48135.6	24	1047
#F7F7F7	#F9F2F1	48136.1	24.5	1048
#F7F7F7	#F9F2F1	48136.5	24.9000000000015	1048
#F7F7F7	#F9F2F1	48136.9	24.5	1048
#F7F7F7	#F9F2F1	48136.5	24.0999999999985	1048
#F7F7F7	#F9F2F1	48136.1	24.5	1048
#4E4E4E	#F1DFDD	48112.6	0	1049
#4E4E4E	#F1DFDD	48113	0.400000000001455	1049
#4E4E4E	#F1DFDD	48113.4	0	1049
#4E4E4E	#F1DFDD	48113	-0.400000000001455	1049
#4E4E4E	#F1DFDD	48112.6	0	1049
#868686	#F4E5E3	48113.1	0.5	1050
#868686	#F4E5E3	48113.5	0.900000000001455	1050
#868686	#F4E5E3	48113.9	0.5	1050
#868686	#F4E5E3	48113.5	0.0999999999985448	1050
#868686	#F4E5E3	48113.1	0.5	1050
#767676	#F2E1DF	48113.6	1	1051
#767676	#F2E1DF	48114	1.40000000000146	1051
#767676	#F2E1DF	48114.4	1	1051
#767676	#F2E1DF	48114	0.599999999998545	1051
#767676	#F2E1DF	48113.6	1	1051
#B0B0B0	#F7ECEA	48114.1	1.5	1052
#B0B0B0	#F7ECEA	48114.5	1.90000000000146	1052
#B0B0B0	#F7ECEA	48114.9	1.5	1052
#B0B0B0	#F7ECEA	48114.5	1.09999999999854	1052
#B0B0B0	#F7ECEA	48114.1	1.5	1052
#999999	#F4E6E4	48114.6	2	1053
#999999	#F4E6E4	48115	2.40000000000146	1053
#999999	#F4E6E4	48115.4	2	1053
#999999	#F4E6E4	48115	1.59999999999854	1053
#999999	#F4E6E4	48114.6	2	1053
#C7C7C7	#F7ECEB	48115.1	2.5	1054
#C7C7C7	#F7ECEB	48115.5	2.90000000000146	1054
#C7C7C7	#F7ECEB	48115.9	2.5	1054
#C7C7C7	#F7ECEB	48115.5	2.09999999999854	1054
#C7C7C7	#F7ECEB	48115.1	2.5	1054
#DDDDDD	#F9F1EF	48115.6	3	1055
#DDDDDD	#F9F1EF	48116	3.40000000000146	1055
#DDDDDD	#F9F1EF	48116.4	3	1055
#DDDDDD	#F9F1EF	48116	2.59999999999855	1055
#DDDDDD	#F9F1EF	48115.6	3	1055
#FCFCFC	#FDFCFE	48116.1	3.5	1056
#FCFCFC	#FDFCFE	48116.5	3.90000000000146	1056
#FCFCFC	#FDFCFE	48116.9	3.5	1056
#FCFCFC	#FDFCFE	48116.5	3.09999999999855	1056
#FCFCFC	#FDFCFE	48116.1	3.5	1056
#F9F9F9	#FBFAFD	48116.6	4	1057
#F9F9F9	#FBFAFD	48117	4.40000000000146	1057
#F9F9F9	#FBFAFD	48117.4	4	1057
#F9F9F9	#FBFAFD	48117	3.59999999999855	1057
#F9F9F9	#FBFAFD	48116.6	4	1057
#FCFCFC	#FCFCFE	48117.1	4.5	1058
#FCFCFC	#FCFCFE	48117.5	4.90000000000146	1058
#FCFCFC	#FCFCFE	48117.9	4.5	1058
#FCFCFC	#FCFCFE	48117.5	4.09999999999855	1058
#FCFCFC	#FCFCFE	48117.1	4.5	1058
#F0F0F0	#F5F4FA	48117.6	5	1059
#F0F0F0	#F5F4FA	48118	5.40000000000146	1059
#F0F0F0	#F5F4FA	48118.4	5	1059
#F0F0F0	#F5F4FA	48118	4.59999999999855	1059
#F0F0F0	#F5F4FA	48117.6	5	1059
#FAFAFA	#FBFAFD	48118.1	5.5	1060
#FAFAFA	#FBFAFD	48118.5	5.90000000000146	1060
#FAFAFA	#FBFAFD	48118.9	5.5	1060
#FAFAFA	#FBFAFD	48118.5	5.09999999999855	1060
#FAFAFA	#FBFAFD	48118.1	5.5	1060
#F5F5F5	#F7F6FB	48118.6	6	1061
#F5F5F5	#F7F6FB	48119	6.40000000000146	1061
#F5F5F5	#F7F6FB	48119.4	6	1061
#F5F5F5	#F7F6FB	48119	5.59999999999855	1061
#F5F5F5	#F7F6FB	48118.6	6	1061
#F6F6F6	#FBF6F5	48119.1	6.5	1062
#F6F6F6	#FBF6F5	48119.5	6.90000000000146	1062
#F6F6F6	#FBF6F5	48119.9	6.5	1062
#F6F6F6	#FBF6F5	48119.5	6.09999999999855	1062
#F6F6F6	#FBF6F5	48119.1	6.5	1062
#F9F9F9	#FCF8F7	48119.6	7	1063
#F9F9F9	#FCF8F7	48120	7.40000000000146	1063
#F9F9F9	#FCF8F7	48120.4	7	1063
#F9F9F9	#FCF8F7	48120	6.59999999999855	1063
#F9F9F9	#FCF8F7	48119.6	7	1063
#FEFEFE	#FEFDFD	48120.1	7.5	1064
#FEFEFE	#FEFDFD	48120.5	7.90000000000146	1064
#FEFEFE	#FEFDFD	48120.9	7.5	1064
#FEFEFE	#FEFDFD	48120.5	7.09999999999855	1064
#FEFEFE	#FEFDFD	48120.1	7.5	1064
#FEFEFE	#FEFEFE	48120.6	8	1065
#FEFEFE	#FEFEFE	48121	8.40000000000146	1065
#FEFEFE	#FEFEFE	48121.4	8	1065
#FEFEFE	#FEFEFE	48121	7.59999999999855	1065
#FEFEFE	#FEFEFE	48120.6	8	1065
#FDFDFD	#FCFCFE	48121.1	8.5	1066
#FDFDFD	#FCFCFE	48121.5	8.90000000000146	1066
#FDFDFD	#FCFCFE	48121.9	8.5	1066
#FDFDFD	#FCFCFE	48121.5	8.09999999999855	1066
#FDFDFD	#FCFCFE	48121.1	8.5	1066
#EEEEEE	#F9F0EF	48121.6	9	1067
#EEEEEE	#F9F0EF	48122	9.40000000000146	1067
#EEEEEE	#F9F0EF	48122.4	9	1067
#EEEEEE	#F9F0EF	48122	8.59999999999855	1067
#EEEEEE	#F9F0EF	48121.6	9	1067
#FAFAFA	#FCF9F8	48122.1	9.5	1068
#FAFAFA	#FCF9F8	48122.5	9.90000000000146	1068
#FAFAFA	#FCF9F8	48122.9	9.5	1068
#FAFAFA	#FCF9F8	48122.5	9.09999999999854	1068
#FAFAFA	#FCF9F8	48122.1	9.5	1068
#E8E8E8	#F6EBEA	48122.6	10	1069
#E8E8E8	#F6EBEA	48123	10.4000000000015	1069
#E8E8E8	#F6EBEA	48123.4	10	1069
#E8E8E8	#F6EBEA	48123	9.59999999999854	1069
#E8E8E8	#F6EBEA	48122.6	10	1069
#E8E8E8	#F4E7E5	48123.1	10.5	1070
#E8E8E8	#F4E7E5	48123.5	10.9000000000015	1070
#E8E8E8	#F4E7E5	48123.9	10.5	1070
#E8E8E8	#F4E7E5	48123.5	10.0999999999985	1070
#E8E8E8	#F4E7E5	48123.1	10.5	1070
#F8F8F8	#FBF5F4	48123.6	11	1071
#F8F8F8	#FBF5F4	48124	11.4000000000015	1071
#F8F8F8	#FBF5F4	48124.4	11	1071
#F8F8F8	#FBF5F4	48124	10.5999999999985	1071
#F8F8F8	#FBF5F4	48123.6	11	1071
#FDFDFD	#FEFCFB	48124.1	11.5	1072
#FDFDFD	#FEFCFB	48124.5	11.9000000000015	1072
#FDFDFD	#FEFCFB	48124.9	11.5	1072
#FDFDFD	#FEFCFB	48124.5	11.0999999999985	1072
#FDFDFD	#FEFCFB	48124.1	11.5	1072
#E0E0E0	#F4E5E4	48124.6	12	1073
#E0E0E0	#F4E5E4	48125	12.4000000000015	1073
#E0E0E0	#F4E5E4	48125.4	12	1073
#E0E0E0	#F4E5E4	48125	11.5999999999985	1073
#E0E0E0	#F4E5E4	48124.6	12	1073
#EDEDED	#F7ECEB	48125.1	12.5	1074
#EDEDED	#F7ECEB	48125.5	12.9000000000015	1074
#EDEDED	#F7ECEB	48125.9	12.5	1074
#EDEDED	#F7ECEB	48125.5	12.0999999999985	1074
#EDEDED	#F7ECEB	48125.1	12.5	1074
#E7E7E7	#F5E8E6	48125.6	13	1075
#E7E7E7	#F5E8E6	48126	13.4000000000015	1075
#E7E7E7	#F5E8E6	48126.4	13	1075
#E7E7E7	#F5E8E6	48126	12.5999999999985	1075
#E7E7E7	#F5E8E6	48125.6	13	1075
#E7E7E7	#F5E8E7	48126.1	13.5	1076
#E7E7E7	#F5E8E7	48126.5	13.9000000000015	1076
#E7E7E7	#F5E8E7	48126.9	13.5	1076
#E7E7E7	#F5E8E7	48126.5	13.0999999999985	1076
#E7E7E7	#F5E8E7	48126.1	13.5	1076
#E5E5E5	#F4E6E4	48126.6	14	1077
#E5E5E5	#F4E6E4	48127	14.4000000000015	1077
#E5E5E5	#F4E6E4	48127.4	14	1077
#E5E5E5	#F4E6E4	48127	13.5999999999985	1077
#E5E5E5	#F4E6E4	48126.6	14	1077
#E5E5E5	#F4E5E3	48127.1	14.5	1078
#E5E5E5	#F4E5E3	48127.5	14.9000000000015	1078
#E5E5E5	#F4E5E3	48127.9	14.5	1078
#E5E5E5	#F4E5E3	48127.5	14.0999999999985	1078
#E5E5E5	#F4E5E3	48127.1	14.5	1078
#F3F3F3	#F8EFEE	48127.6	15	1079
#F3F3F3	#F8EFEE	48128	15.4000000000015	1079
#F3F3F3	#F8EFEE	48128.4	15	1079
#F3F3F3	#F8EFEE	48128	14.5999999999985	1079
#F3F3F3	#F8EFEE	48127.6	15	1079
#F5F5F5	#F9F2F1	48128.1	15.5	1080
#F5F5F5	#F9F2F1	48128.5	15.9000000000015	1080
#F5F5F5	#F9F2F1	48128.9	15.5	1080
#F5F5F5	#F9F2F1	48128.5	15.0999999999985	1080
#F5F5F5	#F9F2F1	48128.1	15.5	1080
#FFFFFF	#FFFFFF	48128.6	16	1081
#FFFFFF	#FFFFFF	48129	16.4000000000015	1081
#FFFFFF	#FFFFFF	48129.4	16	1081
#FFFFFF	#FFFFFF	48129	15.5999999999985	1081
#FFFFFF	#FFFFFF	48128.6	16	1081
#E7E7E7	#F3E5E3	48129.1	16.5	1082
#E7E7E7	#F3E5E3	48129.5	16.9000000000015	1082
#E7E7E7	#F3E5E3	48129.9	16.5	1082
#E7E7E7	#F3E5E3	48129.5	16.0999999999985	1082
#E7E7E7	#F3E5E3	48129.1	16.5	1082
#F4F4F4	#F8F0EE	48129.6	17	1083
#F4F4F4	#F8F0EE	48130	17.4000000000015	1083
#F4F4F4	#F8F0EE	48130.4	17	1083
#F4F4F4	#F8F0EE	48130	16.5999999999985	1083
#F4F4F4	#F8F0EE	48129.6	17	1083
#E0E0E0	#F0DEDC	48130.1	17.5	1084
#E0E0E0	#F0DEDC	48130.5	17.9000000000015	1084
#E0E0E0	#F0DEDC	48130.9	17.5	1084
#E0E0E0	#F0DEDC	48130.5	17.0999999999985	1084
#E0E0E0	#F0DEDC	48130.1	17.5	1084
#F9F9F9	#FAF3F2	48130.6	18	1085
#F9F9F9	#FAF3F2	48131	18.4000000000015	1085
#F9F9F9	#FAF3F2	48131.4	18	1085
#F9F9F9	#FAF3F2	48131	17.5999999999985	1085
#F9F9F9	#FAF3F2	48130.6	18	1085
#F8F8F8	#F4F3F9	48131.1	18.5	1086
#F8F8F8	#F4F3F9	48131.5	18.9000000000015	1086
#F8F8F8	#F4F3F9	48131.9	18.5	1086
#F8F8F8	#F4F3F9	48131.5	18.0999999999985	1086
#F8F8F8	#F4F3F9	48131.1	18.5	1086
#FFFFFF	#FFFFFF	48131.6	19	1087
#FFFFFF	#FFFFFF	48132	19.4000000000015	1087
#FFFFFF	#FFFFFF	48132.4	19	1087
#FFFFFF	#FFFFFF	48132	18.5999999999985	1087
#FFFFFF	#FFFFFF	48131.6	19	1087
#FFFFFF	#FFFEFF	48132.1	19.5	1088
#FFFFFF	#FFFEFF	48132.5	19.9000000000015	1088
#FFFFFF	#FFFEFF	48132.9	19.5	1088
#FFFFFF	#FFFEFF	48132.5	19.0999999999985	1088
#FFFFFF	#FFFEFF	48132.1	19.5	1088
#FDFDFD	#FCFBFD	48132.6	20	1089
#FDFDFD	#FCFBFD	48133	20.4000000000015	1089
#FDFDFD	#FCFBFD	48133.4	20	1089
#FDFDFD	#FCFBFD	48133	19.5999999999985	1089
#FDFDFD	#FCFBFD	48132.6	20	1089
#FFFFFF	#FFFFFE	48133.1	20.5	1090
#FFFFFF	#FFFFFE	48133.5	20.9000000000015	1090
#FFFFFF	#FFFFFE	48133.9	20.5	1090
#FFFFFF	#FFFFFE	48133.5	20.0999999999985	1090
#FFFFFF	#FFFFFE	48133.1	20.5	1090
#FCFCFC	#F9F9FC	48133.6	21	1091
#FCFCFC	#F9F9FC	48134	21.4000000000015	1091
#FCFCFC	#F9F9FC	48134.4	21	1091
#FCFCFC	#F9F9FC	48134	20.5999999999985	1091
#FCFCFC	#F9F9FC	48133.6	21	1091
#FCFCFC	#FDFAF9	48134.1	21.5	1092
#FCFCFC	#FDFAF9	48134.5	21.9000000000015	1092
#FCFCFC	#FDFAF9	48134.9	21.5	1092
#FCFCFC	#FDFAF9	48134.5	21.0999999999985	1092
#FCFCFC	#FDFAF9	48134.1	21.5	1092
#FCFCFC	#FAF9FC	48134.6	22	1093
#FCFCFC	#FAF9FC	48135	22.4000000000015	1093
#FCFCFC	#FAF9FC	48135.4	22	1093
#FCFCFC	#FAF9FC	48135	21.5999999999985	1093
#FCFCFC	#FAF9FC	48134.6	22	1093
#F6F6F6	#F4F3F9	48135.1	22.5	1094
#F6F6F6	#F4F3F9	48135.5	22.9000000000015	1094
#F6F6F6	#F4F3F9	48135.9	22.5	1094
#F6F6F6	#F4F3F9	48135.5	22.0999999999985	1094
#F6F6F6	#F4F3F9	48135.1	22.5	1094
#FFFFFF	#FFFFFF	48135.6	23	1095
#FFFFFF	#FFFFFF	48136	23.4000000000015	1095
#FFFFFF	#FFFFFF	48136.4	23	1095
#FFFFFF	#FFFFFF	48136	22.5999999999985	1095
#FFFFFF	#FFFFFF	48135.6	23	1095
#FEFEFE	#FDFDFE	48136.1	23.5	1096
#FEFEFE	#FDFDFE	48136.5	23.9000000000015	1096
#FEFEFE	#FDFDFE	48136.9	23.5	1096
#FEFEFE	#FDFDFE	48136.5	23.0999999999985	1096
#FEFEFE	#FDFDFE	48136.1	23.5	1096
#FAFAFA	#F7F6FB	48136.6	24	1097
#FAFAFA	#F7F6FB	48137	24.4000000000015	1097
#FAFAFA	#F7F6FB	48137.4	24	1097
#FAFAFA	#F7F6FB	48137	23.5999999999985	1097
#FAFAFA	#F7F6FB	48136.6	24	1097
#FDFDFD	#FDFBFB	48137.1	24.5	1098
#FDFDFD	#FDFBFB	48137.5	24.9000000000015	1098
#FDFDFD	#FDFBFB	48137.9	24.5	1098
#FDFDFD	#FDFBFB	48137.5	24.0999999999985	1098
#FDFDFD	#FDFBFB	48137.1	24.5	1098
#727272	#F4E5E3	48113.6	0	1099
#727272	#F4E5E3	48114	0.400000000001455	1099
#727272	#F4E5E3	48114.4	0	1099
#727272	#F4E5E3	48114	-0.400000000001455	1099
#727272	#F4E5E3	48113.6	0	1099
#B4B4B4	#F8EEED	48114.1	0.5	1100
#B4B4B4	#F8EEED	48114.5	0.900000000001455	1100
#B4B4B4	#F8EEED	48114.9	0.5	1100
#B4B4B4	#F8EEED	48114.5	0.0999999999985448	1100
#B4B4B4	#F8EEED	48114.1	0.5	1100
#979797	#F5E8E7	48114.6	1	1101
#979797	#F5E8E7	48115	1.40000000000146	1101
#979797	#F5E8E7	48115.4	1	1101
#979797	#F5E8E7	48115	0.599999999998545	1101
#979797	#F5E8E7	48114.6	1	1101
#7D7D7D	#F2E2E0	48115.1	1.5	1102
#7D7D7D	#F2E2E0	48115.5	1.90000000000146	1102
#7D7D7D	#F2E2E0	48115.9	1.5	1102
#7D7D7D	#F2E2E0	48115.5	1.09999999999854	1102
#7D7D7D	#F2E2E0	48115.1	1.5	1102
#B1B1B1	#F5E9E7	48115.6	2	1103
#B1B1B1	#F5E9E7	48116	2.40000000000146	1103
#B1B1B1	#F5E9E7	48116.4	2	1103
#B1B1B1	#F5E9E7	48116	1.59999999999854	1103
#B1B1B1	#F5E9E7	48115.6	2	1103
#CACACA	#F7EDEB	48116.1	2.5	1104
#CACACA	#F7EDEB	48116.5	2.90000000000146	1104
#CACACA	#F7EDEB	48116.9	2.5	1104
#CACACA	#F7EDEB	48116.5	2.09999999999854	1104
#CACACA	#F7EDEB	48116.1	2.5	1104
#E3E3E3	#FAF2F1	48116.6	3	1105
#E3E3E3	#FAF2F1	48117	3.40000000000146	1105
#E3E3E3	#FAF2F1	48117.4	3	1105
#E3E3E3	#FAF2F1	48117	2.59999999999855	1105
#E3E3E3	#FAF2F1	48116.6	3	1105
#EFEFEF	#FBF5F4	48117.1	3.5	1106
#EFEFEF	#FBF5F4	48117.5	3.90000000000146	1106
#EFEFEF	#FBF5F4	48117.9	3.5	1106
#EFEFEF	#FBF5F4	48117.5	3.09999999999855	1106
#EFEFEF	#FBF5F4	48117.1	3.5	1106
#F7F7F7	#FCF8F8	48117.6	4	1107
#F7F7F7	#FCF8F8	48118	4.40000000000146	1107
#F7F7F7	#FCF8F8	48118.4	4	1107
#F7F7F7	#FCF8F8	48118	3.59999999999855	1107
#F7F7F7	#FCF8F8	48117.6	4	1107
#FBFBFB	#FDFAFA	48118.1	4.5	1108
#FBFBFB	#FDFAFA	48118.5	4.90000000000146	1108
#FBFBFB	#FDFAFA	48118.9	4.5	1108
#FBFBFB	#FDFAFA	48118.5	4.09999999999855	1108
#FBFBFB	#FDFAFA	48118.1	4.5	1108
#FDFDFD	#FEFDFD	48118.6	5	1109
#FDFDFD	#FEFDFD	48119	5.40000000000146	1109
#FDFDFD	#FEFDFD	48119.4	5	1109
#FDFDFD	#FEFDFD	48119	4.59999999999855	1109
#FDFDFD	#FEFDFD	48118.6	5	1109
#FCFCFC	#FCFCFE	48119.1	5.5	1110
#FCFCFC	#FCFCFE	48119.5	5.90000000000146	1110
#FCFCFC	#FCFCFE	48119.9	5.5	1110
#FCFCFC	#FCFCFE	48119.5	5.09999999999855	1110
#FCFCFC	#FCFCFE	48119.1	5.5	1110
#F9F9F9	#FCF9F8	48119.6	6	1111
#F9F9F9	#FCF9F8	48120	6.40000000000146	1111
#F9F9F9	#FCF9F8	48120.4	6	1111
#F9F9F9	#FCF9F8	48120	5.59999999999855	1111
#F9F9F9	#FCF9F8	48119.6	6	1111
#FCFCFC	#FEFCFB	48120.1	6.5	1112
#FCFCFC	#FEFCFB	48120.5	6.90000000000146	1112
#FCFCFC	#FEFCFB	48120.9	6.5	1112
#FCFCFC	#FEFCFB	48120.5	6.09999999999855	1112
#FCFCFC	#FEFCFB	48120.1	6.5	1112
#F3F3F3	#FBF5F4	48120.6	7	1113
#F3F3F3	#FBF5F4	48121	7.40000000000146	1113
#F3F3F3	#FBF5F4	48121.4	7	1113
#F3F3F3	#FBF5F4	48121	6.59999999999855	1113
#F3F3F3	#FBF5F4	48120.6	7	1113
#F4F4F4	#FBF5F5	48121.1	7.5	1114
#F4F4F4	#FBF5F5	48121.5	7.90000000000146	1114
#F4F4F4	#FBF5F5	48121.9	7.5	1114
#F4F4F4	#FBF5F5	48121.5	7.09999999999855	1114
#F4F4F4	#FBF5F5	48121.1	7.5	1114
#FBFBFB	#FDFBFA	48121.6	8	1115
#FBFBFB	#FDFBFA	48122	8.40000000000146	1115
#FBFBFB	#FDFBFA	48122.4	8	1115
#FBFBFB	#FDFBFA	48122	7.59999999999855	1115
#FBFBFB	#FDFBFA	48121.6	8	1115
#FDFDFD	#FDFCFE	48122.1	8.5	1116
#FDFDFD	#FDFCFE	48122.5	8.90000000000146	1116
#FDFDFD	#FDFCFE	48122.9	8.5	1116
#FDFDFD	#FDFCFE	48122.5	8.09999999999855	1116
#FDFDFD	#FDFCFE	48122.1	8.5	1116
#EDEDED	#F9F2F1	48122.6	9	1117
#EDEDED	#F9F2F1	48123	9.40000000000146	1117
#EDEDED	#F9F2F1	48123.4	9	1117
#EDEDED	#F9F2F1	48123	8.59999999999855	1117
#EDEDED	#F9F2F1	48122.6	9	1117
#D4D4D4	#F5E8E6	48123.1	9.5	1118
#D4D4D4	#F5E8E6	48123.5	9.90000000000146	1118
#D4D4D4	#F5E8E6	48123.9	9.5	1118
#D4D4D4	#F5E8E6	48123.5	9.09999999999854	1118
#D4D4D4	#F5E8E6	48123.1	9.5	1118
#FBFBFB	#FCF9F9	48123.6	10	1119
#FBFBFB	#FCF9F9	48124	10.4000000000015	1119
#FBFBFB	#FCF9F9	48124.4	10	1119
#FBFBFB	#FCF9F9	48124	9.59999999999854	1119
#FBFBFB	#FCF9F9	48123.6	10	1119
#FEFEFE	#FEFEFD	48124.1	10.5	1120
#FEFEFE	#FEFEFD	48124.5	10.9000000000015	1120
#FEFEFE	#FEFEFD	48124.9	10.5	1120
#FEFEFE	#FEFEFD	48124.5	10.0999999999985	1120
#FEFEFE	#FEFEFD	48124.1	10.5	1120
#F8F8F8	#FBF6F5	48124.6	11	1121
#F8F8F8	#FBF6F5	48125	11.4000000000015	1121
#F8F8F8	#FBF6F5	48125.4	11	1121
#F8F8F8	#FBF6F5	48125	10.5999999999985	1121
#F8F8F8	#FBF6F5	48124.6	11	1121
#E0E0E0	#F5E8E7	48125.1	11.5	1122
#E0E0E0	#F5E8E7	48125.5	11.9000000000015	1122
#E0E0E0	#F5E8E7	48125.9	11.5	1122
#E0E0E0	#F5E8E7	48125.5	11.0999999999985	1122
#E0E0E0	#F5E8E7	48125.1	11.5	1122
#E1E1E1	#F4E6E4	48125.6	12	1123
#E1E1E1	#F4E6E4	48126	12.4000000000015	1123
#E1E1E1	#F4E6E4	48126.4	12	1123
#E1E1E1	#F4E6E4	48126	11.5999999999985	1123
#E1E1E1	#F4E6E4	48125.6	12	1123
#F5F5F5	#FAF4F3	48126.1	12.5	1124
#F5F5F5	#FAF4F3	48126.5	12.9000000000015	1124
#F5F5F5	#FAF4F3	48126.9	12.5	1124
#F5F5F5	#FAF4F3	48126.5	12.0999999999985	1124
#F5F5F5	#FAF4F3	48126.1	12.5	1124
#F3F3F3	#F9F2F1	48126.6	13	1125
#F3F3F3	#F9F2F1	48127	13.4000000000015	1125
#F3F3F3	#F9F2F1	48127.4	13	1125
#F3F3F3	#F9F2F1	48127	12.5999999999985	1125
#F3F3F3	#F9F2F1	48126.6	13	1125
#F9F9F9	#FCF7F7	48127.1	13.5	1126
#F9F9F9	#FCF7F7	48127.5	13.9000000000015	1126
#F9F9F9	#FCF7F7	48127.9	13.5	1126
#F9F9F9	#FCF7F7	48127.5	13.0999999999985	1126
#F9F9F9	#FCF7F7	48127.1	13.5	1126
#FBFBFB	#FCF9F8	48127.6	14	1127
#FBFBFB	#FCF9F8	48128	14.4000000000015	1127
#FBFBFB	#FCF9F8	48128.4	14	1127
#FBFBFB	#FCF9F8	48128	13.5999999999985	1127
#FBFBFB	#FCF9F8	48127.6	14	1127
#EBEBEB	#F6EBEA	48128.1	14.5	1128
#EBEBEB	#F6EBEA	48128.5	14.9000000000015	1128
#EBEBEB	#F6EBEA	48128.9	14.5	1128
#EBEBEB	#F6EBEA	48128.5	14.0999999999985	1128
#EBEBEB	#F6EBEA	48128.1	14.5	1128
#F9F9F9	#FBF7F6	48128.6	15	1129
#F9F9F9	#FBF7F6	48129	15.4000000000015	1129
#F9F9F9	#FBF7F6	48129.4	15	1129
#F9F9F9	#FBF7F6	48129	14.5999999999985	1129
#F9F9F9	#FBF7F6	48128.6	15	1129
#F5F5F5	#FAF2F1	48129.1	15.5	1130
#F5F5F5	#FAF2F1	48129.5	15.9000000000015	1130
#F5F5F5	#FAF2F1	48129.9	15.5	1130
#F5F5F5	#FAF2F1	48129.5	15.0999999999985	1130
#F5F5F5	#FAF2F1	48129.1	15.5	1130
#FDFDFD	#FDFBFB	48129.6	16	1131
#FDFDFD	#FDFBFB	48130	16.4000000000015	1131
#FDFDFD	#FDFBFB	48130.4	16	1131
#FDFDFD	#FDFBFB	48130	15.5999999999985	1131
#FDFDFD	#FDFBFB	48129.6	16	1131
#FEFEFE	#FEFEFE	48130.1	16.5	1132
#FEFEFE	#FEFEFE	48130.5	16.9000000000015	1132
#FEFEFE	#FEFEFE	48130.9	16.5	1132
#FEFEFE	#FEFEFE	48130.5	16.0999999999985	1132
#FEFEFE	#FEFEFE	48130.1	16.5	1132
#F9F9F9	#FBF6F5	48130.6	17	1133
#F9F9F9	#FBF6F5	48131	17.4000000000015	1133
#F9F9F9	#FBF6F5	48131.4	17	1133
#F9F9F9	#FBF6F5	48131	16.5999999999985	1133
#F9F9F9	#FBF6F5	48130.6	17	1133
#FDFDFD	#FDFBFB	48131.1	17.5	1134
#FDFDFD	#FDFBFB	48131.5	17.9000000000015	1134
#FDFDFD	#FDFBFB	48131.9	17.5	1134
#FDFDFD	#FDFBFB	48131.5	17.0999999999985	1134
#FDFDFD	#FDFBFB	48131.1	17.5	1134
#F9F9F9	#F8F6FB	48131.6	18	1135
#F9F9F9	#F8F6FB	48132	18.4000000000015	1135
#F9F9F9	#F8F6FB	48132.4	18	1135
#F9F9F9	#F8F6FB	48132	17.5999999999985	1135
#F9F9F9	#F8F6FB	48131.6	18	1135
#FFFFFF	#FFFFFF	48132.1	18.5	1136
#FFFFFF	#FFFFFF	48132.5	18.9000000000015	1136
#FFFFFF	#FFFFFF	48132.9	18.5	1136
#FFFFFF	#FFFFFF	48132.5	18.0999999999985	1136
#FFFFFF	#FFFFFF	48132.1	18.5	1136
#F7F7F7	#FAF4F4	48132.6	19	1137
#F7F7F7	#FAF4F4	48133	19.4000000000015	1137
#F7F7F7	#FAF4F4	48133.4	19	1137
#F7F7F7	#FAF4F4	48133	18.5999999999985	1137
#F7F7F7	#FAF4F4	48132.6	19	1137
#F9F9F9	#F8F7FB	48133.1	19.5	1138
#F9F9F9	#F8F7FB	48133.5	19.9000000000015	1138
#F9F9F9	#F8F7FB	48133.9	19.5	1138
#F9F9F9	#F8F7FB	48133.5	19.0999999999985	1138
#F9F9F9	#F8F7FB	48133.1	19.5	1138
#FCFCFC	#FAFAFD	48133.6	20	1139
#FCFCFC	#FAFAFD	48134	20.4000000000015	1139
#FCFCFC	#FAFAFD	48134.4	20	1139
#FCFCFC	#FAFAFD	48134	19.5999999999985	1139
#FCFCFC	#FAFAFD	48133.6	20	1139
#FEFEFE	#FEFEFE	48134.1	20.5	1140
#FEFEFE	#FEFEFE	48134.5	20.9000000000015	1140
#FEFEFE	#FEFEFE	48134.9	20.5	1140
#FEFEFE	#FEFEFE	48134.5	20.0999999999985	1140
#FEFEFE	#FEFEFE	48134.1	20.5	1140
#FEFEFE	#FEFEFD	48134.6	21	1141
#FEFEFE	#FEFEFD	48135	21.4000000000015	1141
#FEFEFE	#FEFEFD	48135.4	21	1141
#FEFEFE	#FEFEFD	48135	20.5999999999985	1141
#FEFEFE	#FEFEFD	48134.6	21	1141
#FEFEFE	#FEFDFD	48135.1	21.5	1142
#FEFEFE	#FEFDFD	48135.5	21.9000000000015	1142
#FEFEFE	#FEFDFD	48135.9	21.5	1142
#FEFEFE	#FEFDFD	48135.5	21.0999999999985	1142
#FEFEFE	#FEFDFD	48135.1	21.5	1142
#F9F9F9	#F8F7FB	48135.6	22	1143
#F9F9F9	#F8F7FB	48136	22.4000000000015	1143
#F9F9F9	#F8F7FB	48136.4	22	1143
#F9F9F9	#F8F7FB	48136	21.5999999999985	1143
#F9F9F9	#F8F7FB	48135.6	22	1143
#FDFDFD	#FCFCFD	48136.1	22.5	1144
#FDFDFD	#FCFCFD	48136.5	22.9000000000015	1144
#FDFDFD	#FCFCFD	48136.9	22.5	1144
#FDFDFD	#FCFCFD	48136.5	22.0999999999985	1144
#FDFDFD	#FCFCFD	48136.1	22.5	1144
#FCFCFC	#FDFAFA	48136.6	23	1145
#FCFCFC	#FDFAFA	48137	23.4000000000015	1145
#FCFCFC	#FDFAFA	48137.4	23	1145
#FCFCFC	#FDFAFA	48137	22.5999999999985	1145
#FCFCFC	#FDFAFA	48136.6	23	1145
#FDFDFD	#FCFCFD	48137.1	23.5	1146
#FDFDFD	#FCFCFD	48137.5	23.9000000000015	1146
#FDFDFD	#FCFCFD	48137.9	23.5	1146
#FDFDFD	#FCFCFD	48137.5	23.0999999999985	1146
#FDFDFD	#FCFCFD	48137.1	23.5	1146
#FCFCFC	#FBFAFD	48137.6	24	1147
#FCFCFC	#FBFAFD	48138	24.4000000000015	1147
#FCFCFC	#FBFAFD	48138.4	24	1147
#FCFCFC	#FBFAFD	48138	23.5999999999985	1147
#FCFCFC	#FBFAFD	48137.6	24	1147
#FCFCFC	#F9F9FC	48138.1	24.5	1148
#FCFCFC	#F9F9FC	48138.5	24.9000000000015	1148
#FCFCFC	#F9F9FC	48138.9	24.5	1148
#FCFCFC	#F9F9FC	48138.5	24.0999999999985	1148
#FCFCFC	#F9F9FC	48138.1	24.5	1148
#6F6F6F	#F4E5E3	48114.6	0	1149
#6F6F6F	#F4E5E3	48115	0.400000000001455	1149
#6F6F6F	#F4E5E3	48115.4	0	1149
#6F6F6F	#F4E5E3	48115	-0.400000000001455	1149
#6F6F6F	#F4E5E3	48114.6	0	1149
#979797	#F5E9E7	48115.1	0.5	1150
#979797	#F5E9E7	48115.5	0.900000000001455	1150
#979797	#F5E9E7	48115.9	0.5	1150
#979797	#F5E9E7	48115.5	0.0999999999985448	1150
#979797	#F5E9E7	48115.1	0.5	1150
#747474	#F1DFDC	48115.6	1	1151
#747474	#F1DFDC	48116	1.40000000000146	1151
#747474	#F1DFDC	48116.4	1	1151
#747474	#F1DFDC	48116	0.599999999998545	1151
#747474	#F1DFDC	48115.6	1	1151
#939393	#F3E4E2	48116.1	1.5	1152
#939393	#F3E4E2	48116.5	1.90000000000146	1152
#939393	#F3E4E2	48116.9	1.5	1152
#939393	#F3E4E2	48116.5	1.09999999999854	1152
#939393	#F3E4E2	48116.1	1.5	1152
#ABABAB	#F4E6E4	48116.6	2	1153
#ABABAB	#F4E6E4	48117	2.40000000000146	1153
#ABABAB	#F4E6E4	48117.4	2	1153
#ABABAB	#F4E6E4	48117	1.59999999999854	1153
#ABABAB	#F4E6E4	48116.6	2	1153
#EAEAEA	#FAF4F4	48117.1	2.5	1154
#EAEAEA	#FAF4F4	48117.5	2.90000000000146	1154
#EAEAEA	#FAF4F4	48117.9	2.5	1154
#EAEAEA	#FAF4F4	48117.5	2.09999999999854	1154
#EAEAEA	#FAF4F4	48117.1	2.5	1154
#FDFDFD	#FEFDFD	48117.6	3	1155
#FDFDFD	#FEFDFD	48118	3.40000000000146	1155
#FDFDFD	#FEFDFD	48118.4	3	1155
#FDFDFD	#FEFDFD	48118	2.59999999999855	1155
#FDFDFD	#FEFDFD	48117.6	3	1155
#DBDBDB	#F7ECEB	48118.1	3.5	1156
#DBDBDB	#F7ECEB	48118.5	3.90000000000146	1156
#DBDBDB	#F7ECEB	48118.9	3.5	1156
#DBDBDB	#F7ECEB	48118.5	3.09999999999855	1156
#DBDBDB	#F7ECEB	48118.1	3.5	1156
#FDFDFD	#FEFDFD	48118.6	4	1157
#FDFDFD	#FEFDFD	48119	4.40000000000146	1157
#FDFDFD	#FEFDFD	48119.4	4	1157
#FDFDFD	#FEFDFD	48119	3.59999999999855	1157
#FDFDFD	#FEFDFD	48118.6	4	1157
#F3F3F3	#FBF6F5	48119.1	4.5	1158
#F3F3F3	#FBF6F5	48119.5	4.90000000000146	1158
#F3F3F3	#FBF6F5	48119.9	4.5	1158
#F3F3F3	#FBF6F5	48119.5	4.09999999999855	1158
#F3F3F3	#FBF6F5	48119.1	4.5	1158
#FBFBFB	#FDFAFA	48119.6	5	1159
#FBFBFB	#FDFAFA	48120	5.40000000000146	1159
#FBFBFB	#FDFAFA	48120.4	5	1159
#FBFBFB	#FDFAFA	48120	4.59999999999855	1159
#FBFBFB	#FDFAFA	48119.6	5	1159
#FCFCFC	#FEFCFB	48120.1	5.5	1160
#FCFCFC	#FEFCFB	48120.5	5.90000000000146	1160
#FCFCFC	#FEFCFB	48120.9	5.5	1160
#FCFCFC	#FEFCFB	48120.5	5.09999999999855	1160
#FCFCFC	#FEFCFB	48120.1	5.5	1160
#F8F8F8	#FCF9F8	48120.6	6	1161
#F8F8F8	#FCF9F8	48121	6.40000000000146	1161
#F8F8F8	#FCF9F8	48121.4	6	1161
#F8F8F8	#FCF9F8	48121	5.59999999999855	1161
#F8F8F8	#FCF9F8	48120.6	6	1161
#F9F9F9	#FCF9F8	48121.1	6.5	1162
#F9F9F9	#FCF9F8	48121.5	6.90000000000146	1162
#F9F9F9	#FCF9F8	48121.9	6.5	1162
#F9F9F9	#FCF9F8	48121.5	6.09999999999855	1162
#F9F9F9	#FCF9F8	48121.1	6.5	1162
#F3F3F3	#FBF5F5	48121.6	7	1163
#F3F3F3	#FBF5F5	48122	7.40000000000146	1163
#F3F3F3	#FBF5F5	48122.4	7	1163
#F3F3F3	#FBF5F5	48122	6.59999999999855	1163
#F3F3F3	#FBF5F5	48121.6	7	1163
#F9F9F9	#FCF9F8	48122.1	7.5	1164
#F9F9F9	#FCF9F8	48122.5	7.90000000000146	1164
#F9F9F9	#FCF9F8	48122.9	7.5	1164
#F9F9F9	#FCF9F8	48122.5	7.09999999999855	1164
#F9F9F9	#FCF9F8	48122.1	7.5	1164
#FEFEFE	#FFFEFE	48122.6	8	1165
#FEFEFE	#FFFEFE	48123	8.40000000000146	1165
#FEFEFE	#FFFEFE	48123.4	8	1165
#FEFEFE	#FFFEFE	48123	7.59999999999855	1165
#FEFEFE	#FFFEFE	48122.6	8	1165
#F0F0F0	#FAF4F3	48123.1	8.5	1166
#F0F0F0	#FAF4F3	48123.5	8.90000000000146	1166
#F0F0F0	#FAF4F3	48123.9	8.5	1166
#F0F0F0	#FAF4F3	48123.5	8.09999999999855	1166
#F0F0F0	#FAF4F3	48123.1	8.5	1166
#E8E8E8	#F8EFEE	48123.6	9	1167
#E8E8E8	#F8EFEE	48124	9.40000000000146	1167
#E8E8E8	#F8EFEE	48124.4	9	1167
#E8E8E8	#F8EFEE	48124	8.59999999999855	1167
#E8E8E8	#F8EFEE	48123.6	9	1167
#F9F9F9	#FCF8F7	48124.1	9.5	1168
#F9F9F9	#FCF8F7	48124.5	9.90000000000146	1168
#F9F9F9	#FCF8F7	48124.9	9.5	1168
#F9F9F9	#FCF8F7	48124.5	9.09999999999854	1168
#F9F9F9	#FCF8F7	48124.1	9.5	1168
#F6F6F6	#FAF4F3	48124.6	10	1169
#F6F6F6	#FAF4F3	48125	10.4000000000015	1169
#F6F6F6	#FAF4F3	48125.4	10	1169
#F6F6F6	#FAF4F3	48125	9.59999999999854	1169
#F6F6F6	#FAF4F3	48124.6	10	1169
#FAFAFA	#FCF8F7	48125.1	10.5	1170
#FAFAFA	#FCF8F7	48125.5	10.9000000000015	1170
#FAFAFA	#FCF8F7	48125.9	10.5	1170
#FAFAFA	#FCF8F7	48125.5	10.0999999999985	1170
#FAFAFA	#FCF8F7	48125.1	10.5	1170
#FBFBFB	#FDF9F9	48125.6	11	1171
#FBFBFB	#FDF9F9	48126	11.4000000000015	1171
#FBFBFB	#FDF9F9	48126.4	11	1171
#FBFBFB	#FDF9F9	48126	10.5999999999985	1171
#FBFBFB	#FDF9F9	48125.6	11	1171
#EEEEEE	#F8EFEE	48126.1	11.5	1172
#EEEEEE	#F8EFEE	48126.5	11.9000000000015	1172
#EEEEEE	#F8EFEE	48126.9	11.5	1172
#EEEEEE	#F8EFEE	48126.5	11.0999999999985	1172
#EEEEEE	#F8EFEE	48126.1	11.5	1172
#E1E1E1	#F5E8E6	48126.6	12	1173
#E1E1E1	#F5E8E6	48127	12.4000000000015	1173
#E1E1E1	#F5E8E6	48127.4	12	1173
#E1E1E1	#F5E8E6	48127	11.5999999999985	1173
#E1E1E1	#F5E8E6	48126.6	12	1173
#E7E7E7	#F6EBE9	48127.1	12.5	1174
#E7E7E7	#F6EBE9	48127.5	12.9000000000015	1174
#E7E7E7	#F6EBE9	48127.9	12.5	1174
#E7E7E7	#F6EBE9	48127.5	12.0999999999985	1174
#E7E7E7	#F6EBE9	48127.1	12.5	1174
#EAEAEA	#F7ECEB	48127.6	13	1175
#EAEAEA	#F7ECEB	48128	13.4000000000015	1175
#EAEAEA	#F7ECEB	48128.4	13	1175
#EAEAEA	#F7ECEB	48128	12.5999999999985	1175
#EAEAEA	#F7ECEB	48127.6	13	1175
#F2F2F2	#F9F0EF	48128.1	13.5	1176
#F2F2F2	#F9F0EF	48128.5	13.9000000000015	1176
#F2F2F2	#F9F0EF	48128.9	13.5	1176
#F2F2F2	#F9F0EF	48128.5	13.0999999999985	1176
#F2F2F2	#F9F0EF	48128.1	13.5	1176
#F8F8F8	#FBF5F4	48128.6	14	1177
#F8F8F8	#FBF5F4	48129	14.4000000000015	1177
#F8F8F8	#FBF5F4	48129.4	14	1177
#F8F8F8	#FBF5F4	48129	13.5999999999985	1177
#F8F8F8	#FBF5F4	48128.6	14	1177
#F9F9F9	#FCF7F6	48129.1	14.5	1178
#F9F9F9	#FCF7F6	48129.5	14.9000000000015	1178
#F9F9F9	#FCF7F6	48129.9	14.5	1178
#F9F9F9	#FCF7F6	48129.5	14.0999999999985	1178
#F9F9F9	#FCF7F6	48129.1	14.5	1178
#F6F6F6	#FAF3F2	48129.6	15	1179
#F6F6F6	#FAF3F2	48130	15.4000000000015	1179
#F6F6F6	#FAF3F2	48130.4	15	1179
#F6F6F6	#FAF3F2	48130	14.5999999999985	1179
#F6F6F6	#FAF3F2	48129.6	15	1179
#F5F5F5	#FAF2F1	48130.1	15.5	1180
#F5F5F5	#FAF2F1	48130.5	15.9000000000015	1180
#F5F5F5	#FAF2F1	48130.9	15.5	1180
#F5F5F5	#FAF2F1	48130.5	15.0999999999985	1180
#F5F5F5	#FAF2F1	48130.1	15.5	1180
#FFFFFF	#FEFEFF	48130.6	16	1181
#FFFFFF	#FEFEFF	48131	16.4000000000015	1181
#FFFFFF	#FEFEFF	48131.4	16	1181
#FFFFFF	#FEFEFF	48131	15.5999999999985	1181
#FFFFFF	#FEFEFF	48130.6	16	1181
#F9F9F9	#FBF6F5	48131.1	16.5	1182
#F9F9F9	#FBF6F5	48131.5	16.9000000000015	1182
#F9F9F9	#FBF6F5	48131.9	16.5	1182
#F9F9F9	#FBF6F5	48131.5	16.0999999999985	1182
#F9F9F9	#FBF6F5	48131.1	16.5	1182
#FCFCFC	#FBFAFD	48131.6	17	1183
#FCFCFC	#FBFAFD	48132	17.4000000000015	1183
#FCFCFC	#FBFAFD	48132.4	17	1183
#FCFCFC	#FBFAFD	48132	16.5999999999985	1183
#FCFCFC	#FBFAFD	48131.6	17	1183
#FEFEFE	#FEFDFE	48132.1	17.5	1184
#FEFEFE	#FEFDFE	48132.5	17.9000000000015	1184
#FEFEFE	#FEFDFE	48132.9	17.5	1184
#FEFEFE	#FEFDFE	48132.5	17.0999999999985	1184
#FEFEFE	#FEFDFE	48132.1	17.5	1184
#FFFFFF	#FFFFFF	48132.6	18	1185
#FFFFFF	#FFFFFF	48133	18.4000000000015	1185
#FFFFFF	#FFFFFF	48133.4	18	1185
#FFFFFF	#FFFFFF	48133	17.5999999999985	1185
#FFFFFF	#FFFFFF	48132.6	18	1185
#F9F9F9	#FBF5F5	48133.1	18.5	1186
#F9F9F9	#FBF5F5	48133.5	18.9000000000015	1186
#F9F9F9	#FBF5F5	48133.9	18.5	1186
#F9F9F9	#FBF5F5	48133.5	18.0999999999985	1186
#F9F9F9	#FBF5F5	48133.1	18.5	1186
#F0F0F0	#F1EFF8	48133.6	19	1187
#F0F0F0	#F1EFF8	48134	19.4000000000015	1187
#F0F0F0	#F1EFF8	48134.4	19	1187
#F0F0F0	#F1EFF8	48134	18.5999999999985	1187
#F0F0F0	#F1EFF8	48133.6	19	1187
#FEFEFE	#FEFEFE	48134.1	19.5	1188
#FEFEFE	#FEFEFE	48134.5	19.9000000000015	1188
#FEFEFE	#FEFEFE	48134.9	19.5	1188
#FEFEFE	#FEFEFE	48134.5	19.0999999999985	1188
#FEFEFE	#FEFEFE	48134.1	19.5	1188
#F8F8F8	#FBF5F4	48134.6	20	1189
#F8F8F8	#FBF5F4	48135	20.4000000000015	1189
#F8F8F8	#FBF5F4	48135.4	20	1189
#F8F8F8	#FBF5F4	48135	19.5999999999985	1189
#F8F8F8	#FBF5F4	48134.6	20	1189
#FBFBFB	#FCF9F8	48135.1	20.5	1190
#FBFBFB	#FCF9F8	48135.5	20.9000000000015	1190
#FBFBFB	#FCF9F8	48135.9	20.5	1190
#FBFBFB	#FCF9F8	48135.5	20.0999999999985	1190
#FBFBFB	#FCF9F8	48135.1	20.5	1190
#FCFCFC	#FDFBFA	48135.6	21	1191
#FCFCFC	#FDFBFA	48136	21.4000000000015	1191
#FCFCFC	#FDFBFA	48136.4	21	1191
#FCFCFC	#FDFBFA	48136	20.5999999999985	1191
#FCFCFC	#FDFBFA	48135.6	21	1191
#F9F9F9	#FCF7F7	48136.1	21.5	1192
#F9F9F9	#FCF7F7	48136.5	21.9000000000015	1192
#F9F9F9	#FCF7F7	48136.9	21.5	1192
#F9F9F9	#FCF7F7	48136.5	21.0999999999985	1192
#F9F9F9	#FCF7F7	48136.1	21.5	1192
#F0F0F0	#F7EEEC	48136.6	22	1193
#F0F0F0	#F7EEEC	48137	22.4000000000015	1193
#F0F0F0	#F7EEEC	48137.4	22	1193
#F0F0F0	#F7EEEC	48137	21.5999999999985	1193
#F0F0F0	#F7EEEC	48136.6	22	1193
#FAFAFA	#FCF7F6	48137.1	22.5	1194
#FAFAFA	#FCF7F6	48137.5	22.9000000000015	1194
#FAFAFA	#FCF7F6	48137.9	22.5	1194
#FAFAFA	#FCF7F6	48137.5	22.0999999999985	1194
#FAFAFA	#FCF7F6	48137.1	22.5	1194
#E5E5E5	#E9E6F3	48137.6	23	1195
#E5E5E5	#E9E6F3	48138	23.4000000000015	1195
#E5E5E5	#E9E6F3	48138.4	23	1195
#E5E5E5	#E9E6F3	48138	22.5999999999985	1195
#E5E5E5	#E9E6F3	48137.6	23	1195
#FFFFFF	#FFFFFF	48138.1	23.5	1196
#FFFFFF	#FFFFFF	48138.5	23.9000000000015	1196
#FFFFFF	#FFFFFF	48138.9	23.5	1196
#FFFFFF	#FFFFFF	48138.5	23.0999999999985	1196
#FFFFFF	#FFFFFF	48138.1	23.5	1196
#FAFAFA	#F6F5FA	48138.6	24	1197
#FAFAFA	#F6F5FA	48139	24.4000000000015	1197
#FAFAFA	#F6F5FA	48139.4	24	1197
#FAFAFA	#F6F5FA	48139	23.5999999999985	1197
#FAFAFA	#F6F5FA	48138.6	24	1197
#F6F6F6	#F2F0F8	48139.1	24.5	1198
#F6F6F6	#F2F0F8	48139.5	24.9000000000015	1198
#F6F6F6	#F2F0F8	48139.9	24.5	1198
#F6F6F6	#F2F0F8	48139.5	24.0999999999985	1198
#F6F6F6	#F2F0F8	48139.1	24.5	1198
#515151	#F1E0DE	48115.6	0	1199
#515151	#F1E0DE	48116	0.400000000001455	1199
#515151	#F1E0DE	48116.4	0	1199
#515151	#F1E0DE	48116	-0.400000000001455	1199
#515151	#F1E0DE	48115.6	0	1199
#8C8C8C	#F5E7E6	48116.1	0.5	1200
#8C8C8C	#F5E7E6	48116.5	0.900000000001455	1200
#8C8C8C	#F5E7E6	48116.9	0.5	1200
#8C8C8C	#F5E7E6	48116.5	0.0999999999985448	1200
#8C8C8C	#F5E7E6	48116.1	0.5	1200
#B7B7B7	#F7ECEB	48116.6	1	1201
#B7B7B7	#F7ECEB	48117	1.40000000000146	1201
#B7B7B7	#F7ECEB	48117.4	1	1201
#B7B7B7	#F7ECEB	48117	0.599999999998545	1201
#B7B7B7	#F7ECEB	48116.6	1	1201
#C3C3C3	#F7EDEC	48117.1	1.5	1202
#C3C3C3	#F7EDEC	48117.5	1.90000000000146	1202
#C3C3C3	#F7EDEC	48117.9	1.5	1202
#C3C3C3	#F7EDEC	48117.5	1.09999999999854	1202
#C3C3C3	#F7EDEC	48117.1	1.5	1202
#F9F9F9	#FCFBFD	48117.6	2	1203
#F9F9F9	#FCFBFD	48118	2.40000000000146	1203
#F9F9F9	#FCFBFD	48118.4	2	1203
#F9F9F9	#FCFBFD	48118	1.59999999999854	1203
#F9F9F9	#FCFBFD	48117.6	2	1203
#F1F1F1	#F8F7FB	48118.1	2.5	1204
#F1F1F1	#F8F7FB	48118.5	2.90000000000146	1204
#F1F1F1	#F8F7FB	48118.9	2.5	1204
#F1F1F1	#F8F7FB	48118.5	2.09999999999854	1204
#F1F1F1	#F8F7FB	48118.1	2.5	1204
#FEFEFE	#FEFEFD	48118.6	3	1205
#FEFEFE	#FEFEFD	48119	3.40000000000146	1205
#FEFEFE	#FEFEFD	48119.4	3	1205
#FEFEFE	#FEFEFD	48119	2.59999999999855	1205
#FEFEFE	#FEFEFD	48118.6	3	1205
#FCFCFC	#FDFCFE	48119.1	3.5	1206
#FCFCFC	#FDFCFE	48119.5	3.90000000000146	1206
#FCFCFC	#FDFCFE	48119.9	3.5	1206
#FCFCFC	#FDFCFE	48119.5	3.09999999999855	1206
#FCFCFC	#FDFCFE	48119.1	3.5	1206
#F8F8F8	#FAF9FC	48119.6	4	1207
#F8F8F8	#FAF9FC	48120	4.40000000000146	1207
#F8F8F8	#FAF9FC	48120.4	4	1207
#F8F8F8	#FAF9FC	48120	3.59999999999855	1207
#F8F8F8	#FAF9FC	48119.6	4	1207
#F9F9F9	#FAFAFC	48120.1	4.5	1208
#F9F9F9	#FAFAFC	48120.5	4.90000000000146	1208
#F9F9F9	#FAFAFC	48120.9	4.5	1208
#F9F9F9	#FAFAFC	48120.5	4.09999999999855	1208
#F9F9F9	#FAFAFC	48120.1	4.5	1208
#F9F9F9	#FAFAFC	48120.6	5	1209
#F9F9F9	#FAFAFC	48121	5.40000000000146	1209
#F9F9F9	#FAFAFC	48121.4	5	1209
#F9F9F9	#FAFAFC	48121	4.59999999999855	1209
#F9F9F9	#FAFAFC	48120.6	5	1209
#EFEFEF	#F5F4FA	48121.1	5.5	1210
#EFEFEF	#F5F4FA	48121.5	5.90000000000146	1210
#EFEFEF	#F5F4FA	48121.9	5.5	1210
#EFEFEF	#F5F4FA	48121.5	5.09999999999855	1210
#EFEFEF	#F5F4FA	48121.1	5.5	1210
#F6F6F6	#F8F7FB	48121.6	6	1211
#F6F6F6	#F8F7FB	48122	6.40000000000146	1211
#F6F6F6	#F8F7FB	48122.4	6	1211
#F6F6F6	#F8F7FB	48122	5.59999999999855	1211
#F6F6F6	#F8F7FB	48121.6	6	1211
#FEFEFE	#FEFEFE	48122.1	6.5	1212
#FEFEFE	#FEFEFE	48122.5	6.90000000000146	1212
#FEFEFE	#FEFEFE	48122.9	6.5	1212
#FEFEFE	#FEFEFE	48122.5	6.09999999999855	1212
#FEFEFE	#FEFEFE	48122.1	6.5	1212
#F9F9F9	#FAF9FC	48122.6	7	1213
#F9F9F9	#FAF9FC	48123	7.40000000000146	1213
#F9F9F9	#FAF9FC	48123.4	7	1213
#F9F9F9	#FAF9FC	48123	6.59999999999855	1213
#F9F9F9	#FAF9FC	48122.6	7	1213
#EDEDED	#F4F2F9	48123.1	7.5	1214
#EDEDED	#F4F2F9	48123.5	7.90000000000146	1214
#EDEDED	#F4F2F9	48123.9	7.5	1214
#EDEDED	#F4F2F9	48123.5	7.09999999999855	1214
#EDEDED	#F4F2F9	48123.1	7.5	1214
#FEFEFE	#FEFEFE	48123.6	8	1215
#FEFEFE	#FEFEFE	48124	8.40000000000146	1215
#FEFEFE	#FEFEFE	48124.4	8	1215
#FEFEFE	#FEFEFE	48124	7.59999999999855	1215
#FEFEFE	#FEFEFE	48123.6	8	1215
#F6F6F6	#FBF6F6	48124.1	8.5	1216
#F6F6F6	#FBF6F6	48124.5	8.90000000000146	1216
#F6F6F6	#FBF6F6	48124.9	8.5	1216
#F6F6F6	#FBF6F6	48124.5	8.09999999999855	1216
#F6F6F6	#FBF6F6	48124.1	8.5	1216
#ECECEC	#F8EEED	48124.6	9	1217
#ECECEC	#F8EEED	48125	9.40000000000146	1217
#ECECEC	#F8EEED	48125.4	9	1217
#ECECEC	#F8EEED	48125	8.59999999999855	1217
#ECECEC	#F8EEED	48124.6	9	1217
#FBFBFB	#FAFAFC	48125.1	9.5	1218
#FBFBFB	#FAFAFC	48125.5	9.90000000000146	1218
#FBFBFB	#FAFAFC	48125.9	9.5	1218
#FBFBFB	#FAFAFC	48125.5	9.09999999999854	1218
#FBFBFB	#FAFAFC	48125.1	9.5	1218
#FFFFFF	#FFFFFF	48125.6	10	1219
#FFFFFF	#FFFFFF	48126	10.4000000000015	1219
#FFFFFF	#FFFFFF	48126.4	10	1219
#FFFFFF	#FFFFFF	48126	9.59999999999854	1219
#FFFFFF	#FFFFFF	48125.6	10	1219
#F9F9F9	#FCF7F7	48126.1	10.5	1220
#F9F9F9	#FCF7F7	48126.5	10.9000000000015	1220
#F9F9F9	#FCF7F7	48126.9	10.5	1220
#F9F9F9	#FCF7F7	48126.5	10.0999999999985	1220
#F9F9F9	#FCF7F7	48126.1	10.5	1220
#EAEAEA	#F6EBE9	48126.6	11	1221
#EAEAEA	#F6EBE9	48127	11.4000000000015	1221
#EAEAEA	#F6EBE9	48127.4	11	1221
#EAEAEA	#F6EBE9	48127	10.5999999999985	1221
#EAEAEA	#F6EBE9	48126.6	11	1221
#F6F6F6	#FAF4F3	48127.1	11.5	1222
#F6F6F6	#FAF4F3	48127.5	11.9000000000015	1222
#F6F6F6	#FAF4F3	48127.9	11.5	1222
#F6F6F6	#FAF4F3	48127.5	11.0999999999985	1222
#F6F6F6	#FAF4F3	48127.1	11.5	1222
#F0F0F0	#F9F0EF	48127.6	12	1223
#F0F0F0	#F9F0EF	48128	12.4000000000015	1223
#F0F0F0	#F9F0EF	48128.4	12	1223
#F0F0F0	#F9F0EF	48128	11.5999999999985	1223
#F0F0F0	#F9F0EF	48127.6	12	1223
#E0E0E0	#F4E6E4	48128.1	12.5	1224
#E0E0E0	#F4E6E4	48128.5	12.9000000000015	1224
#E0E0E0	#F4E6E4	48128.9	12.5	1224
#E0E0E0	#F4E6E4	48128.5	12.0999999999985	1224
#E0E0E0	#F4E6E4	48128.1	12.5	1224
#F8F8F8	#FBF6F5	48128.6	13	1225
#F8F8F8	#FBF6F5	48129	13.4000000000015	1225
#F8F8F8	#FBF6F5	48129.4	13	1225
#F8F8F8	#FBF6F5	48129	12.5999999999985	1225
#F8F8F8	#FBF6F5	48128.6	13	1225
#F0F0F0	#F8EEED	48129.1	13.5	1226
#F0F0F0	#F8EEED	48129.5	13.9000000000015	1226
#F0F0F0	#F8EEED	48129.9	13.5	1226
#F0F0F0	#F8EEED	48129.5	13.0999999999985	1226
#F0F0F0	#F8EEED	48129.1	13.5	1226
#FFFFFF	#FFFEFE	48129.6	14	1227
#FFFFFF	#FFFEFE	48130	14.4000000000015	1227
#FFFFFF	#FFFEFE	48130.4	14	1227
#FFFFFF	#FFFEFE	48130	13.5999999999985	1227
#FFFFFF	#FFFEFE	48129.6	14	1227
#FAFAFA	#FCF7F6	48130.1	14.5	1228
#FAFAFA	#FCF7F6	48130.5	14.9000000000015	1228
#FAFAFA	#FCF7F6	48130.9	14.5	1228
#FAFAFA	#FCF7F6	48130.5	14.0999999999985	1228
#FAFAFA	#FCF7F6	48130.1	14.5	1228
#ECECEC	#F6EBEA	48130.6	15	1229
#ECECEC	#F6EBEA	48131	15.4000000000015	1229
#ECECEC	#F6EBEA	48131.4	15	1229
#ECECEC	#F6EBEA	48131	14.5999999999985	1229
#ECECEC	#F6EBEA	48130.6	15	1229
#F7F7F7	#FAF4F3	48131.1	15.5	1230
#F7F7F7	#FAF4F3	48131.5	15.9000000000015	1230
#F7F7F7	#FAF4F3	48131.9	15.5	1230
#F7F7F7	#FAF4F3	48131.5	15.0999999999985	1230
#F7F7F7	#FAF4F3	48131.1	15.5	1230
#ECECEC	#F6E9E8	48131.6	16	1231
#ECECEC	#F6E9E8	48132	16.4000000000015	1231
#ECECEC	#F6E9E8	48132.4	16	1231
#ECECEC	#F6E9E8	48132	15.5999999999985	1231
#ECECEC	#F6E9E8	48131.6	16	1231
#FCFCFC	#FCF9F8	48132.1	16.5	1232
#FCFCFC	#FCF9F8	48132.5	16.9000000000015	1232
#FCFCFC	#FCF9F8	48132.9	16.5	1232
#FCFCFC	#FCF9F8	48132.5	16.0999999999985	1232
#FCFCFC	#FCF9F8	48132.1	16.5	1232
#FDFDFD	#FBFBFD	48132.6	17	1233
#FDFDFD	#FBFBFD	48133	17.4000000000015	1233
#FDFDFD	#FBFBFD	48133.4	17	1233
#FDFDFD	#FBFBFD	48133	16.5999999999985	1233
#FDFDFD	#FBFBFD	48132.6	17	1233
#FDFDFD	#FBFBFD	48133.1	17.5	1234
#FDFDFD	#FBFBFD	48133.5	17.9000000000015	1234
#FDFDFD	#FBFBFD	48133.9	17.5	1234
#FDFDFD	#FBFBFD	48133.5	17.0999999999985	1234
#FDFDFD	#FBFBFD	48133.1	17.5	1234
#F6F6F6	#F9F2F1	48133.6	18	1235
#F6F6F6	#F9F2F1	48134	18.4000000000015	1235
#F6F6F6	#F9F2F1	48134.4	18	1235
#F6F6F6	#F9F2F1	48134	17.5999999999985	1235
#F6F6F6	#F9F2F1	48133.6	18	1235
#FBFBFB	#F9F8FC	48134.1	18.5	1236
#FBFBFB	#F9F8FC	48134.5	18.9000000000015	1236
#FBFBFB	#F9F8FC	48134.9	18.5	1236
#FBFBFB	#F9F8FC	48134.5	18.0999999999985	1236
#FBFBFB	#F9F8FC	48134.1	18.5	1236
#F8F8F8	#F6F5FA	48134.6	19	1237
#F8F8F8	#F6F5FA	48135	19.4000000000015	1237
#F8F8F8	#F6F5FA	48135.4	19	1237
#F8F8F8	#F6F5FA	48135	18.5999999999985	1237
#F8F8F8	#F6F5FA	48134.6	19	1237
#F5F5F5	#F4F2F9	48135.1	19.5	1238
#F5F5F5	#F4F2F9	48135.5	19.9000000000015	1238
#F5F5F5	#F4F2F9	48135.9	19.5	1238
#F5F5F5	#F4F2F9	48135.5	19.0999999999985	1238
#F5F5F5	#F4F2F9	48135.1	19.5	1238
#FBFBFB	#FAF9FC	48135.6	20	1239
#FBFBFB	#FAF9FC	48136	20.4000000000015	1239
#FBFBFB	#FAF9FC	48136.4	20	1239
#FBFBFB	#FAF9FC	48136	19.5999999999985	1239
#FBFBFB	#FAF9FC	48135.6	20	1239
#F5F5F5	#F4F2F9	48136.1	20.5	1240
#F5F5F5	#F4F2F9	48136.5	20.9000000000015	1240
#F5F5F5	#F4F2F9	48136.9	20.5	1240
#F5F5F5	#F4F2F9	48136.5	20.0999999999985	1240
#F5F5F5	#F4F2F9	48136.1	20.5	1240
#FFFFFF	#FEFEFF	48136.6	21	1241
#FFFFFF	#FEFEFF	48137	21.4000000000015	1241
#FFFFFF	#FEFEFF	48137.4	21	1241
#FFFFFF	#FEFEFF	48137	20.5999999999985	1241
#FFFFFF	#FEFEFF	48136.6	21	1241
#FBFBFB	#FCF8F8	48137.1	21.5	1242
#FBFBFB	#FCF8F8	48137.5	21.9000000000015	1242
#FBFBFB	#FCF8F8	48137.9	21.5	1242
#FBFBFB	#FCF8F8	48137.5	21.0999999999985	1242
#FBFBFB	#FCF8F8	48137.1	21.5	1242
#FEFEFE	#FEFDFD	48137.6	22	1243
#FEFEFE	#FEFDFD	48138	22.4000000000015	1243
#FEFEFE	#FEFDFD	48138.4	22	1243
#FEFEFE	#FEFDFD	48138	21.5999999999985	1243
#FEFEFE	#FEFDFD	48137.6	22	1243
#FCFCFC	#FCF8F8	48138.1	22.5	1244
#FCFCFC	#FCF8F8	48138.5	22.9000000000015	1244
#FCFCFC	#FCF8F8	48138.9	22.5	1244
#FCFCFC	#FCF8F8	48138.5	22.0999999999985	1244
#FCFCFC	#FCF8F8	48138.1	22.5	1244
#FEFEFE	#FDFDFE	48138.6	23	1245
#FEFEFE	#FDFDFE	48139	23.4000000000015	1245
#FEFEFE	#FDFDFE	48139.4	23	1245
#FEFEFE	#FDFDFE	48139	22.5999999999985	1245
#FEFEFE	#FDFDFE	48138.6	23	1245
#FAFAFA	#F6F4FA	48139.1	23.5	1246
#FAFAFA	#F6F4FA	48139.5	23.9000000000015	1246
#FAFAFA	#F6F4FA	48139.9	23.5	1246
#FAFAFA	#F6F4FA	48139.5	23.0999999999985	1246
#FAFAFA	#F6F4FA	48139.1	23.5	1246
#FEFEFE	#FDFCFE	48139.6	24	1247
#FEFEFE	#FDFCFE	48140	24.4000000000015	1247
#FEFEFE	#FDFCFE	48140.4	24	1247
#FEFEFE	#FDFCFE	48140	23.5999999999985	1247
#FEFEFE	#FDFCFE	48139.6	24	1247
#F9F9F9	#FAF4F3	48140.1	24.5	1248
#F9F9F9	#FAF4F3	48140.5	24.9000000000015	1248
#F9F9F9	#FAF4F3	48140.9	24.5	1248
#F9F9F9	#FAF4F3	48140.5	24.0999999999985	1248
#F9F9F9	#FAF4F3	48140.1	24.5	1248
#868686	#F5E8E7	48116.6	0	1249
#868686	#F5E8E7	48117	0.400000000001455	1249
#868686	#F5E8E7	48117.4	0	1249
#868686	#F5E8E7	48117	-0.400000000001455	1249
#868686	#F5E8E7	48116.6	0	1249
#B6B6B6	#F8EEED	48117.1	0.5	1250
#B6B6B6	#F8EEED	48117.5	0.900000000001455	1250
#B6B6B6	#F8EEED	48117.9	0.5	1250
#B6B6B6	#F8EEED	48117.5	0.0999999999985448	1250
#B6B6B6	#F8EEED	48117.1	0.5	1250
#BABABA	#F7EDEC	48117.6	1	1251
#BABABA	#F7EDEC	48118	1.40000000000146	1251
#BABABA	#F7EDEC	48118.4	1	1251
#BABABA	#F7EDEC	48118	0.599999999998545	1251
#BABABA	#F7EDEC	48117.6	1	1251
#FDFDFD	#FEFEFE	48118.1	1.5	1252
#FDFDFD	#FEFEFE	48118.5	1.90000000000146	1252
#FDFDFD	#FEFEFE	48118.9	1.5	1252
#FDFDFD	#FEFEFE	48118.5	1.09999999999854	1252
#FDFDFD	#FEFEFE	48118.1	1.5	1252
#F3F3F3	#FAF9FC	48118.6	2	1253
#F3F3F3	#FAF9FC	48119	2.40000000000146	1253
#F3F3F3	#FAF9FC	48119.4	2	1253
#F3F3F3	#FAF9FC	48119	1.59999999999854	1253
#F3F3F3	#FAF9FC	48118.6	2	1253
#FBFBFB	#FDFBFB	48119.1	2.5	1254
#FBFBFB	#FDFBFB	48119.5	2.90000000000146	1254
#FBFBFB	#FDFBFB	48119.9	2.5	1254
#FBFBFB	#FDFBFB	48119.5	2.09999999999854	1254
#FBFBFB	#FDFBFB	48119.1	2.5	1254
#FCFCFC	#FEFCFC	48119.6	3	1255
#FCFCFC	#FEFCFC	48120	3.40000000000146	1255
#FCFCFC	#FEFCFC	48120.4	3	1255
#FCFCFC	#FEFCFC	48120	2.59999999999855	1255
#FCFCFC	#FEFCFC	48119.6	3	1255
#F8F8F8	#FBFAFD	48120.1	3.5	1256
#F8F8F8	#FBFAFD	48120.5	3.90000000000146	1256
#F8F8F8	#FBFAFD	48120.9	3.5	1256
#F8F8F8	#FBFAFD	48120.5	3.09999999999855	1256
#F8F8F8	#FBFAFD	48120.1	3.5	1256
#EAEAEA	#F5F3F9	48120.6	4	1257
#EAEAEA	#F5F3F9	48121	4.40000000000146	1257
#EAEAEA	#F5F3F9	48121.4	4	1257
#EAEAEA	#F5F3F9	48121	3.59999999999855	1257
#EAEAEA	#F5F3F9	48120.6	4	1257
#E8E8E8	#F4F2F9	48121.1	4.5	1258
#E8E8E8	#F4F2F9	48121.5	4.90000000000146	1258
#E8E8E8	#F4F2F9	48121.9	4.5	1258
#E8E8E8	#F4F2F9	48121.5	4.09999999999855	1258
#E8E8E8	#F4F2F9	48121.1	4.5	1258
#EAEAEA	#F5F3F9	48121.6	5	1259
#EAEAEA	#F5F3F9	48122	5.40000000000146	1259
#EAEAEA	#F5F3F9	48122.4	5	1259
#EAEAEA	#F5F3F9	48122	4.59999999999855	1259
#EAEAEA	#F5F3F9	48121.6	5	1259
#F7F7F7	#F9F8FC	48122.1	5.5	1260
#F7F7F7	#F9F8FC	48122.5	5.90000000000146	1260
#F7F7F7	#F9F8FC	48122.9	5.5	1260
#F7F7F7	#F9F8FC	48122.5	5.09999999999855	1260
#F7F7F7	#F9F8FC	48122.1	5.5	1260
#F5F5F5	#F9F8FC	48122.6	6	1261
#F5F5F5	#F9F8FC	48123	6.40000000000146	1261
#F5F5F5	#F9F8FC	48123.4	6	1261
#F5F5F5	#F9F8FC	48123	5.59999999999855	1261
#F5F5F5	#F9F8FC	48122.6	6	1261
#E7E7E7	#F3F2F9	48123.1	6.5	1262
#E7E7E7	#F3F2F9	48123.5	6.90000000000146	1262
#E7E7E7	#F3F2F9	48123.9	6.5	1262
#E7E7E7	#F3F2F9	48123.5	6.09999999999855	1262
#E7E7E7	#F3F2F9	48123.1	6.5	1262
#F4F4F4	#F8F7FB	48123.6	7	1263
#F4F4F4	#F8F7FB	48124	7.40000000000146	1263
#F4F4F4	#F8F7FB	48124.4	7	1263
#F4F4F4	#F8F7FB	48124	6.59999999999855	1263
#F4F4F4	#F8F7FB	48123.6	7	1263
#FAFAFA	#FBFAFD	48124.1	7.5	1264
#FAFAFA	#FBFAFD	48124.5	7.90000000000146	1264
#FAFAFA	#FBFAFD	48124.9	7.5	1264
#FAFAFA	#FBFAFD	48124.5	7.09999999999855	1264
#FAFAFA	#FBFAFD	48124.1	7.5	1264
#DDDDDD	#F7ECEA	48124.6	8	1265
#DDDDDD	#F7ECEA	48125	8.40000000000146	1265
#DDDDDD	#F7ECEA	48125.4	8	1265
#DDDDDD	#F7ECEA	48125	7.59999999999855	1265
#DDDDDD	#F7ECEA	48124.6	8	1265
#F9F9F9	#FCF8F8	48125.1	8.5	1266
#F9F9F9	#FCF8F8	48125.5	8.90000000000146	1266
#F9F9F9	#FCF8F8	48125.9	8.5	1266
#F9F9F9	#FCF8F8	48125.5	8.09999999999855	1266
#F9F9F9	#FCF8F8	48125.1	8.5	1266
#F8F8F8	#F8F7FB	48125.6	9	1267
#F8F8F8	#F8F7FB	48126	9.40000000000146	1267
#F8F8F8	#F8F7FB	48126.4	9	1267
#F8F8F8	#F8F7FB	48126	8.59999999999855	1267
#F8F8F8	#F8F7FB	48125.6	9	1267
#FEFEFE	#FEFEFF	48126.1	9.5	1268
#FEFEFE	#FEFEFF	48126.5	9.90000000000146	1268
#FEFEFE	#FEFEFF	48126.9	9.5	1268
#FEFEFE	#FEFEFF	48126.5	9.09999999999854	1268
#FEFEFE	#FEFEFF	48126.1	9.5	1268
#FBFBFB	#FBFAFD	48126.6	10	1269
#FBFBFB	#FBFAFD	48127	10.4000000000015	1269
#FBFBFB	#FBFAFD	48127.4	10	1269
#FBFBFB	#FBFAFD	48127	9.59999999999854	1269
#FBFBFB	#FBFAFD	48126.6	10	1269
#F7F7F7	#FBF6F5	48127.1	10.5	1270
#F7F7F7	#FBF6F5	48127.5	10.9000000000015	1270
#F7F7F7	#FBF6F5	48127.9	10.5	1270
#F7F7F7	#FBF6F5	48127.5	10.0999999999985	1270
#F7F7F7	#FBF6F5	48127.1	10.5	1270
#F0F0F0	#F8F0EF	48127.6	11	1271
#F0F0F0	#F8F0EF	48128	11.4000000000015	1271
#F0F0F0	#F8F0EF	48128.4	11	1271
#F0F0F0	#F8F0EF	48128	10.5999999999985	1271
#F0F0F0	#F8F0EF	48127.6	11	1271
#E7E7E7	#F7ECEA	48128.1	11.5	1272
#E7E7E7	#F7ECEA	48128.5	11.9000000000015	1272
#E7E7E7	#F7ECEA	48128.9	11.5	1272
#E7E7E7	#F7ECEA	48128.5	11.0999999999985	1272
#E7E7E7	#F7ECEA	48128.1	11.5	1272
#F2F2F2	#F9F2F1	48128.6	12	1273
#F2F2F2	#F9F2F1	48129	12.4000000000015	1273
#F2F2F2	#F9F2F1	48129.4	12	1273
#F2F2F2	#F9F2F1	48129	11.5999999999985	1273
#F2F2F2	#F9F2F1	48128.6	12	1273
#FEFEFE	#FEFDFD	48129.1	12.5	1274
#FEFEFE	#FEFDFD	48129.5	12.9000000000015	1274
#FEFEFE	#FEFDFD	48129.9	12.5	1274
#FEFEFE	#FEFDFD	48129.5	12.0999999999985	1274
#FEFEFE	#FEFDFD	48129.1	12.5	1274
#F6F6F6	#FAF4F3	48129.6	13	1275
#F6F6F6	#FAF4F3	48130	13.4000000000015	1275
#F6F6F6	#FAF4F3	48130.4	13	1275
#F6F6F6	#FAF4F3	48130	12.5999999999985	1275
#F6F6F6	#FAF4F3	48129.6	13	1275
#F8F8F8	#FBF6F5	48130.1	13.5	1276
#F8F8F8	#FBF6F5	48130.5	13.9000000000015	1276
#F8F8F8	#FBF6F5	48130.9	13.5	1276
#F8F8F8	#FBF6F5	48130.5	13.0999999999985	1276
#F8F8F8	#FBF6F5	48130.1	13.5	1276
#F5F5F5	#FAF2F1	48130.6	14	1277
#F5F5F5	#FAF2F1	48131	14.4000000000015	1277
#F5F5F5	#FAF2F1	48131.4	14	1277
#F5F5F5	#FAF2F1	48131	13.5999999999985	1277
#F5F5F5	#FAF2F1	48130.6	14	1277
#FFFFFF	#FFFFFF	48131.1	14.5	1278
#FFFFFF	#FFFFFF	48131.5	14.9000000000015	1278
#FFFFFF	#FFFFFF	48131.9	14.5	1278
#FFFFFF	#FFFFFF	48131.5	14.0999999999985	1278
#FFFFFF	#FFFFFF	48131.1	14.5	1278
#FCFCFC	#FDFAF9	48131.6	15	1279
#FCFCFC	#FDFAF9	48132	15.4000000000015	1279
#FCFCFC	#FDFAF9	48132.4	15	1279
#FCFCFC	#FDFAF9	48132	14.5999999999985	1279
#FCFCFC	#FDFAF9	48131.6	15	1279
#F5F5F5	#F9F1F0	48132.1	15.5	1280
#F5F5F5	#F9F1F0	48132.5	15.9000000000015	1280
#F5F5F5	#F9F1F0	48132.9	15.5	1280
#F5F5F5	#F9F1F0	48132.5	15.0999999999985	1280
#F5F5F5	#F9F1F0	48132.1	15.5	1280
#F5F5F5	#F9F1F0	48132.6	16	1281
#F5F5F5	#F9F1F0	48133	16.4000000000015	1281
#F5F5F5	#F9F1F0	48133.4	16	1281
#F5F5F5	#F9F1F0	48133	15.5999999999985	1281
#F5F5F5	#F9F1F0	48132.6	16	1281
#FEFEFE	#FEFDFD	48133.1	16.5	1282
#FEFEFE	#FEFDFD	48133.5	16.9000000000015	1282
#FEFEFE	#FEFDFD	48133.9	16.5	1282
#FEFEFE	#FEFDFD	48133.5	16.0999999999985	1282
#FEFEFE	#FEFDFD	48133.1	16.5	1282
#F9F9F9	#F7F6FB	48133.6	17	1283
#F9F9F9	#F7F6FB	48134	17.4000000000015	1283
#F9F9F9	#F7F6FB	48134.4	17	1283
#F9F9F9	#F7F6FB	48134	16.5999999999985	1283
#F9F9F9	#F7F6FB	48133.6	17	1283
#FDFDFD	#FBFBFD	48134.1	17.5	1284
#FDFDFD	#FBFBFD	48134.5	17.9000000000015	1284
#FDFDFD	#FBFBFD	48134.9	17.5	1284
#FDFDFD	#FBFBFD	48134.5	17.0999999999985	1284
#FDFDFD	#FBFBFD	48134.1	17.5	1284
#F7F7F7	#F6F5FA	48134.6	18	1285
#F7F7F7	#F6F5FA	48135	18.4000000000015	1285
#F7F7F7	#F6F5FA	48135.4	18	1285
#F7F7F7	#F6F5FA	48135	17.5999999999985	1285
#F7F7F7	#F6F5FA	48134.6	18	1285
#FAFAFA	#F9F8FC	48135.1	18.5	1286
#FAFAFA	#F9F8FC	48135.5	18.9000000000015	1286
#FAFAFA	#F9F8FC	48135.9	18.5	1286
#FAFAFA	#F9F8FC	48135.5	18.0999999999985	1286
#FAFAFA	#F9F8FC	48135.1	18.5	1286
#F5F5F5	#F5F3F9	48135.6	19	1287
#F5F5F5	#F5F3F9	48136	19.4000000000015	1287
#F5F5F5	#F5F3F9	48136.4	19	1287
#F5F5F5	#F5F3F9	48136	18.5999999999985	1287
#F5F5F5	#F5F3F9	48135.6	19	1287
#F8F8F8	#F6F5FA	48136.1	19.5	1288
#F8F8F8	#F6F5FA	48136.5	19.9000000000015	1288
#F8F8F8	#F6F5FA	48136.9	19.5	1288
#F8F8F8	#F6F5FA	48136.5	19.0999999999985	1288
#F8F8F8	#F6F5FA	48136.1	19.5	1288
#F5F5F5	#F5F3F9	48136.6	20	1289
#F5F5F5	#F5F3F9	48137	20.4000000000015	1289
#F5F5F5	#F5F3F9	48137.4	20	1289
#F5F5F5	#F5F3F9	48137	19.5999999999985	1289
#F5F5F5	#F5F3F9	48136.6	20	1289
#FDFDFD	#FBFBFD	48137.1	20.5	1290
#FDFDFD	#FBFBFD	48137.5	20.9000000000015	1290
#FDFDFD	#FBFBFD	48137.9	20.5	1290
#FDFDFD	#FBFBFD	48137.5	20.0999999999985	1290
#FDFDFD	#FBFBFD	48137.1	20.5	1290
#FEFEFE	#FEFDFD	48137.6	21	1291
#FEFEFE	#FEFDFD	48138	21.4000000000015	1291
#FEFEFE	#FEFDFD	48138.4	21	1291
#FEFEFE	#FEFDFD	48138	20.5999999999985	1291
#FEFEFE	#FEFDFD	48137.6	21	1291
#FCFCFC	#FDF9F9	48138.1	21.5	1292
#FCFCFC	#FDF9F9	48138.5	21.9000000000015	1292
#FCFCFC	#FDF9F9	48138.9	21.5	1292
#FCFCFC	#FDF9F9	48138.5	21.0999999999985	1292
#FCFCFC	#FDF9F9	48138.1	21.5	1292
#FAFAFA	#F8F7FB	48138.6	22	1293
#FAFAFA	#F8F7FB	48139	22.4000000000015	1293
#FAFAFA	#F8F7FB	48139.4	22	1293
#FAFAFA	#F8F7FB	48139	21.5999999999985	1293
#FAFAFA	#F8F7FB	48138.6	22	1293
#F7F7F7	#FAF3F2	48139.1	22.5	1294
#F7F7F7	#FAF3F2	48139.5	22.9000000000015	1294
#F7F7F7	#FAF3F2	48139.9	22.5	1294
#F7F7F7	#FAF3F2	48139.5	22.0999999999985	1294
#F7F7F7	#FAF3F2	48139.1	22.5	1294
#FBFBFB	#FBF6F5	48139.6	23	1295
#FBFBFB	#FBF6F5	48140	23.4000000000015	1295
#FBFBFB	#FBF6F5	48140.4	23	1295
#FBFBFB	#FBF6F5	48140	22.5999999999985	1295
#FBFBFB	#FBF6F5	48139.6	23	1295
#FFFFFF	#FEFEFF	48140.1	23.5	1296
#FFFFFF	#FEFEFF	48140.5	23.9000000000015	1296
#FFFFFF	#FEFEFF	48140.9	23.5	1296
#FFFFFF	#FEFEFF	48140.5	23.0999999999985	1296
#FFFFFF	#FEFEFF	48140.1	23.5	1296
#F4F4F4	#F7EDEC	48140.6	24	1297
#F4F4F4	#F7EDEC	48141	24.4000000000015	1297
#F4F4F4	#F7EDEC	48141.4	24	1297
#F4F4F4	#F7EDEC	48141	23.5999999999985	1297
#F4F4F4	#F7EDEC	48140.6	24	1297
#F5F5F5	#E6E2F1	48141.1	24.5	1298
#F5F5F5	#E6E2F1	48141.5	24.9000000000015	1298
#F5F5F5	#E6E2F1	48141.9	24.5	1298
#F5F5F5	#E6E2F1	48141.5	24.0999999999985	1298
#F5F5F5	#E6E2F1	48141.1	24.5	1298
#4C4C4C	#F0DEDC	48117.6	0	1299
#4C4C4C	#F0DEDC	48118	0.400000000001455	1299
#4C4C4C	#F0DEDC	48118.4	0	1299
#4C4C4C	#F0DEDC	48118	-0.400000000001455	1299
#4C4C4C	#F0DEDC	48117.6	0	1299
#DBDBDB	#FAF4F4	48118.1	0.5	1300
#DBDBDB	#FAF4F4	48118.5	0.900000000001455	1300
#DBDBDB	#FAF4F4	48118.9	0.5	1300
#DBDBDB	#FAF4F4	48118.5	0.0999999999985448	1300
#DBDBDB	#FAF4F4	48118.1	0.5	1300
#F2F2F2	#FCF9F8	48118.6	1	1301
#F2F2F2	#FCF9F8	48119	1.40000000000146	1301
#F2F2F2	#FCF9F8	48119.4	1	1301
#F2F2F2	#FCF9F8	48119	0.599999999998545	1301
#F2F2F2	#FCF9F8	48118.6	1	1301
#FCFCFC	#FEFDFD	48119.1	1.5	1302
#FCFCFC	#FEFDFD	48119.5	1.90000000000146	1302
#FCFCFC	#FEFDFD	48119.9	1.5	1302
#FCFCFC	#FEFDFD	48119.5	1.09999999999854	1302
#FCFCFC	#FEFDFD	48119.1	1.5	1302
#D5D5D5	#F8EEED	48119.6	2	1303
#D5D5D5	#F8EEED	48120	2.40000000000146	1303
#D5D5D5	#F8EEED	48120.4	2	1303
#D5D5D5	#F8EEED	48120	1.59999999999854	1303
#D5D5D5	#F8EEED	48119.6	2	1303
#EFEFEF	#FBF6F5	48120.1	2.5	1304
#EFEFEF	#FBF6F5	48120.5	2.90000000000146	1304
#EFEFEF	#FBF6F5	48120.9	2.5	1304
#EFEFEF	#FBF6F5	48120.5	2.09999999999854	1304
#EFEFEF	#FBF6F5	48120.1	2.5	1304
#ECECEC	#FAF4F3	48120.6	3	1305
#ECECEC	#FAF4F3	48121	3.40000000000146	1305
#ECECEC	#FAF4F3	48121.4	3	1305
#ECECEC	#FAF4F3	48121	2.59999999999855	1305
#ECECEC	#FAF4F3	48120.6	3	1305
#F4F4F4	#FCF7F7	48121.1	3.5	1306
#F4F4F4	#FCF7F7	48121.5	3.90000000000146	1306
#F4F4F4	#FCF7F7	48121.9	3.5	1306
#F4F4F4	#FCF7F7	48121.5	3.09999999999855	1306
#F4F4F4	#FCF7F7	48121.1	3.5	1306
#FAFAFA	#FBFBFD	48121.6	4	1307
#FAFAFA	#FBFBFD	48122	4.40000000000146	1307
#FAFAFA	#FBFBFD	48122.4	4	1307
#FAFAFA	#FBFBFD	48122	3.59999999999855	1307
#FAFAFA	#FBFBFD	48121.6	4	1307
#C4C4C4	#ECE9F5	48122.1	4.5	1308
#C4C4C4	#ECE9F5	48122.5	4.90000000000146	1308
#C4C4C4	#ECE9F5	48122.9	4.5	1308
#C4C4C4	#ECE9F5	48122.5	4.09999999999855	1308
#C4C4C4	#ECE9F5	48122.1	4.5	1308
#F4F4F4	#F8F7FB	48122.6	5	1309
#F4F4F4	#F8F7FB	48123	5.40000000000146	1309
#F4F4F4	#F8F7FB	48123.4	5	1309
#F4F4F4	#F8F7FB	48123	4.59999999999855	1309
#F4F4F4	#F8F7FB	48122.6	5	1309
#FBFBFB	#FCFBFD	48123.1	5.5	1310
#FBFBFB	#FCFBFD	48123.5	5.90000000000146	1310
#FBFBFB	#FCFBFD	48123.9	5.5	1310
#FBFBFB	#FCFBFD	48123.5	5.09999999999855	1310
#FBFBFB	#FCFBFD	48123.1	5.5	1310
#E5E5E5	#F3F1F8	48123.6	6	1311
#E5E5E5	#F3F1F8	48124	6.40000000000146	1311
#E5E5E5	#F3F1F8	48124.4	6	1311
#E5E5E5	#F3F1F8	48124	5.59999999999855	1311
#E5E5E5	#F3F1F8	48123.6	6	1311
#FEFEFE	#FEFEFF	48124.1	6.5	1312
#FEFEFE	#FEFEFF	48124.5	6.90000000000146	1312
#FEFEFE	#FEFEFF	48124.9	6.5	1312
#FEFEFE	#FEFEFF	48124.5	6.09999999999855	1312
#FEFEFE	#FEFEFF	48124.1	6.5	1312
#E6E6E6	#F8F0EF	48124.6	7	1313
#E6E6E6	#F8F0EF	48125	7.40000000000146	1313
#E6E6E6	#F8F0EF	48125.4	7	1313
#E6E6E6	#F8F0EF	48125	6.59999999999855	1313
#E6E6E6	#F8F0EF	48124.6	7	1313
#D7D7D7	#F6EAE8	48125.1	7.5	1314
#D7D7D7	#F6EAE8	48125.5	7.90000000000146	1314
#D7D7D7	#F6EAE8	48125.9	7.5	1314
#D7D7D7	#F6EAE8	48125.5	7.09999999999855	1314
#D7D7D7	#F6EAE8	48125.1	7.5	1314
#DEDEDE	#F5E9E8	48125.6	8	1315
#DEDEDE	#F5E9E8	48126	8.40000000000146	1315
#DEDEDE	#F5E9E8	48126.4	8	1315
#DEDEDE	#F5E9E8	48126	7.59999999999855	1315
#DEDEDE	#F5E9E8	48125.6	8	1315
#FCFCFC	#FDFBFB	48126.1	8.5	1316
#FCFCFC	#FDFBFB	48126.5	8.90000000000146	1316
#FCFCFC	#FDFBFB	48126.9	8.5	1316
#FCFCFC	#FDFBFB	48126.5	8.09999999999855	1316
#FCFCFC	#FDFBFB	48126.1	8.5	1316
#FEFEFE	#FEFEFF	48126.6	9	1317
#FEFEFE	#FEFEFF	48127	9.40000000000146	1317
#FEFEFE	#FEFEFF	48127.4	9	1317
#FEFEFE	#FEFEFF	48127	8.59999999999855	1317
#FEFEFE	#FEFEFF	48126.6	9	1317
#FDFDFD	#FDFCFE	48127.1	9.5	1318
#FDFDFD	#FDFCFE	48127.5	9.90000000000146	1318
#FDFDFD	#FDFCFE	48127.9	9.5	1318
#FDFDFD	#FDFCFE	48127.5	9.09999999999854	1318
#FDFDFD	#FDFCFE	48127.1	9.5	1318
#F3F3F3	#F4F3F9	48127.6	10	1319
#F3F3F3	#F4F3F9	48128	10.4000000000015	1319
#F3F3F3	#F4F3F9	48128.4	10	1319
#F3F3F3	#F4F3F9	48128	9.59999999999854	1319
#F3F3F3	#F4F3F9	48127.6	10	1319
#D2D2D2	#F2E2E0	48128.1	10.5	1320
#D2D2D2	#F2E2E0	48128.5	10.9000000000015	1320
#D2D2D2	#F2E2E0	48128.9	10.5	1320
#D2D2D2	#F2E2E0	48128.5	10.0999999999985	1320
#D2D2D2	#F2E2E0	48128.1	10.5	1320
#F3F3F3	#FAF3F2	48128.6	11	1321
#F3F3F3	#FAF3F2	48129	11.4000000000015	1321
#F3F3F3	#FAF3F2	48129.4	11	1321
#F3F3F3	#FAF3F2	48129	10.5999999999985	1321
#F3F3F3	#FAF3F2	48128.6	11	1321
#F3F3F3	#F9F2F1	48129.1	11.5	1322
#F3F3F3	#F9F2F1	48129.5	11.9000000000015	1322
#F3F3F3	#F9F2F1	48129.9	11.5	1322
#F3F3F3	#F9F2F1	48129.5	11.0999999999985	1322
#F3F3F3	#F9F2F1	48129.1	11.5	1322
#FEFEFE	#FEFEFD	48129.6	12	1323
#FEFEFE	#FEFEFD	48130	12.4000000000015	1323
#FEFEFE	#FEFEFD	48130.4	12	1323
#FEFEFE	#FEFEFD	48130	11.5999999999985	1323
#FEFEFE	#FEFEFD	48129.6	12	1323
#FDFDFD	#FDFBFB	48130.1	12.5	1324
#FDFDFD	#FDFBFB	48130.5	12.9000000000015	1324
#FDFDFD	#FDFBFB	48130.9	12.5	1324
#FDFDFD	#FDFBFB	48130.5	12.0999999999985	1324
#FDFDFD	#FDFBFB	48130.1	12.5	1324
#E7E7E7	#F5E9E7	48130.6	13	1325
#E7E7E7	#F5E9E7	48131	13.4000000000015	1325
#E7E7E7	#F5E9E7	48131.4	13	1325
#E7E7E7	#F5E9E7	48131	12.5999999999985	1325
#E7E7E7	#F5E9E7	48130.6	13	1325
#FEFEFE	#FDFDFE	48131.1	13.5	1326
#FEFEFE	#FDFDFE	48131.5	13.9000000000015	1326
#FEFEFE	#FDFDFE	48131.9	13.5	1326
#FEFEFE	#FDFDFE	48131.5	13.0999999999985	1326
#FEFEFE	#FDFDFE	48131.1	13.5	1326
#DADADA	#F2E1DF	48131.6	14	1327
#DADADA	#F2E1DF	48132	14.4000000000015	1327
#DADADA	#F2E1DF	48132.4	14	1327
#DADADA	#F2E1DF	48132	13.5999999999985	1327
#DADADA	#F2E1DF	48131.6	14	1327
#FCFCFC	#FDF9F9	48132.1	14.5	1328
#FCFCFC	#FDF9F9	48132.5	14.9000000000015	1328
#FCFCFC	#FDF9F9	48132.9	14.5	1328
#FCFCFC	#FDF9F9	48132.5	14.0999999999985	1328
#FCFCFC	#FDF9F9	48132.1	14.5	1328
#F4F4F4	#F8F0EF	48132.6	15	1329
#F4F4F4	#F8F0EF	48133	15.4000000000015	1329
#F4F4F4	#F8F0EF	48133.4	15	1329
#F4F4F4	#F8F0EF	48133	14.5999999999985	1329
#F4F4F4	#F8F0EF	48132.6	15	1329
#F7F7F7	#FAF2F2	48133.1	15.5	1330
#F7F7F7	#FAF2F2	48133.5	15.9000000000015	1330
#F7F7F7	#FAF2F2	48133.9	15.5	1330
#F7F7F7	#FAF2F2	48133.5	15.0999999999985	1330
#F7F7F7	#FAF2F2	48133.1	15.5	1330
#FBFBFB	#F9F8FC	48133.6	16	1331
#FBFBFB	#F9F8FC	48134	16.4000000000015	1331
#FBFBFB	#F9F8FC	48134.4	16	1331
#FBFBFB	#F9F8FC	48134	15.5999999999985	1331
#FBFBFB	#F9F8FC	48133.6	16	1331
#FDFDFD	#FDFAFA	48134.1	16.5	1332
#FDFDFD	#FDFAFA	48134.5	16.9000000000015	1332
#FDFDFD	#FDFAFA	48134.9	16.5	1332
#FDFDFD	#FDFAFA	48134.5	16.0999999999985	1332
#FDFDFD	#FDFAFA	48134.1	16.5	1332
#FEFEFE	#FDFCFE	48134.6	17	1333
#FEFEFE	#FDFCFE	48135	17.4000000000015	1333
#FEFEFE	#FDFCFE	48135.4	17	1333
#FEFEFE	#FDFCFE	48135	16.5999999999985	1333
#FEFEFE	#FDFCFE	48134.6	17	1333
#FDFDFD	#FCFBFD	48135.1	17.5	1334
#FDFDFD	#FCFBFD	48135.5	17.9000000000015	1334
#FDFDFD	#FCFBFD	48135.9	17.5	1334
#FDFDFD	#FCFBFD	48135.5	17.0999999999985	1334
#FDFDFD	#FCFBFD	48135.1	17.5	1334
#FBFBFB	#F9F8FC	48135.6	18	1335
#FBFBFB	#F9F8FC	48136	18.4000000000015	1335
#FBFBFB	#F9F8FC	48136.4	18	1335
#FBFBFB	#F9F8FC	48136	17.5999999999985	1335
#FBFBFB	#F9F8FC	48135.6	18	1335
#FFFFFF	#FFFFFF	48136.1	18.5	1336
#FFFFFF	#FFFFFF	48136.5	18.9000000000015	1336
#FFFFFF	#FFFFFF	48136.9	18.5	1336
#FFFFFF	#FFFFFF	48136.5	18.0999999999985	1336
#FFFFFF	#FFFFFF	48136.1	18.5	1336
#FBFBFB	#F9F8FC	48136.6	19	1337
#FBFBFB	#F9F8FC	48137	19.4000000000015	1337
#FBFBFB	#F9F8FC	48137.4	19	1337
#FBFBFB	#F9F8FC	48137	18.5999999999985	1337
#FBFBFB	#F9F8FC	48136.6	19	1337
#FDFDFD	#FCFCFE	48137.1	19.5	1338
#FDFDFD	#FCFCFE	48137.5	19.9000000000015	1338
#FDFDFD	#FCFCFE	48137.9	19.5	1338
#FDFDFD	#FCFCFE	48137.5	19.0999999999985	1338
#FDFDFD	#FCFCFE	48137.1	19.5	1338
#FDFDFD	#FDFBFA	48137.6	20	1339
#FDFDFD	#FDFBFA	48138	20.4000000000015	1339
#FDFDFD	#FDFBFA	48138.4	20	1339
#FDFDFD	#FDFBFA	48138	19.5999999999985	1339
#FDFDFD	#FDFBFA	48137.6	20	1339
#F1F1F1	#F8EFED	48138.1	20.5	1340
#F1F1F1	#F8EFED	48138.5	20.9000000000015	1340
#F1F1F1	#F8EFED	48138.9	20.5	1340
#F1F1F1	#F8EFED	48138.5	20.0999999999985	1340
#F1F1F1	#F8EFED	48138.1	20.5	1340
#F2F2F2	#F7EEEC	48138.6	21	1341
#F2F2F2	#F7EEEC	48139	21.4000000000015	1341
#F2F2F2	#F7EEEC	48139.4	21	1341
#F2F2F2	#F7EEEC	48139	20.5999999999985	1341
#F2F2F2	#F7EEEC	48138.6	21	1341
#F9F9F9	#FBF5F4	48139.1	21.5	1342
#F9F9F9	#FBF5F4	48139.5	21.9000000000015	1342
#F9F9F9	#FBF5F4	48139.9	21.5	1342
#F9F9F9	#FBF5F4	48139.5	21.0999999999985	1342
#F9F9F9	#FBF5F4	48139.1	21.5	1342
#F7F7F7	#F9F2F1	48139.6	22	1343
#F7F7F7	#F9F2F1	48140	22.4000000000015	1343
#F7F7F7	#F9F2F1	48140.4	22	1343
#F7F7F7	#F9F2F1	48140	21.5999999999985	1343
#F7F7F7	#F9F2F1	48139.6	22	1343
#FCFCFC	#FCF7F7	48140.1	22.5	1344
#FCFCFC	#FCF7F7	48140.5	22.9000000000015	1344
#FCFCFC	#FCF7F7	48140.9	22.5	1344
#FCFCFC	#FCF7F7	48140.5	22.0999999999985	1344
#FCFCFC	#FCF7F7	48140.1	22.5	1344
#F3F3F3	#F6EBEA	48140.6	23	1345
#F3F3F3	#F6EBEA	48141	23.4000000000015	1345
#F3F3F3	#F6EBEA	48141.4	23	1345
#F3F3F3	#F6EBEA	48141	22.5999999999985	1345
#F3F3F3	#F6EBEA	48140.6	23	1345
#FDFDFD	#FCF9F9	48141.1	23.5	1346
#FDFDFD	#FCF9F9	48141.5	23.9000000000015	1346
#FDFDFD	#FCF9F9	48141.9	23.5	1346
#FDFDFD	#FCF9F9	48141.5	23.0999999999985	1346
#FDFDFD	#FCF9F9	48141.1	23.5	1346
#F2F2F2	#E1DDEF	48141.6	24	1347
#F2F2F2	#E1DDEF	48142	24.4000000000015	1347
#F2F2F2	#E1DDEF	48142.4	24	1347
#F2F2F2	#E1DDEF	48142	23.5999999999985	1347
#F2F2F2	#E1DDEF	48141.6	24	1347
#F8F8F8	#F9F2F1	48142.1	24.5	1348
#F8F8F8	#F9F2F1	48142.5	24.9000000000015	1348
#F8F8F8	#F9F2F1	48142.9	24.5	1348
#F8F8F8	#F9F2F1	48142.5	24.0999999999985	1348
#F8F8F8	#F9F2F1	48142.1	24.5	1348
#666666	#F3E4E1	48118.6	0	1349
#666666	#F3E4E1	48119	0.400000000001455	1349
#666666	#F3E4E1	48119.4	0	1349
#666666	#F3E4E1	48119	-0.400000000001455	1349
#666666	#F3E4E1	48118.6	0	1349
#C2C2C2	#F8F0EF	48119.1	0.5	1350
#C2C2C2	#F8F0EF	48119.5	0.900000000001455	1350
#C2C2C2	#F8F0EF	48119.9	0.5	1350
#C2C2C2	#F8F0EF	48119.5	0.0999999999985448	1350
#C2C2C2	#F8F0EF	48119.1	0.5	1350
#EEEEEE	#FCF7F7	48119.6	1	1351
#EEEEEE	#FCF7F7	48120	1.40000000000146	1351
#EEEEEE	#FCF7F7	48120.4	1	1351
#EEEEEE	#FCF7F7	48120	0.599999999998545	1351
#EEEEEE	#FCF7F7	48119.6	1	1351
#E5E5E5	#FAF4F3	48120.1	1.5	1352
#E5E5E5	#FAF4F3	48120.5	1.90000000000146	1352
#E5E5E5	#FAF4F3	48120.9	1.5	1352
#E5E5E5	#FAF4F3	48120.5	1.09999999999854	1352
#E5E5E5	#FAF4F3	48120.1	1.5	1352
#DADADA	#F9F0EF	48120.6	2	1353
#DADADA	#F9F0EF	48121	2.40000000000146	1353
#DADADA	#F9F0EF	48121.4	2	1353
#DADADA	#F9F0EF	48121	1.59999999999854	1353
#DADADA	#F9F0EF	48120.6	2	1353
#EBEBEB	#FBF5F4	48121.1	2.5	1354
#EBEBEB	#FBF5F4	48121.5	2.90000000000146	1354
#EBEBEB	#FBF5F4	48121.9	2.5	1354
#EBEBEB	#FBF5F4	48121.5	2.09999999999854	1354
#EBEBEB	#FBF5F4	48121.1	2.5	1354
#FDFDFD	#FEFDFD	48121.6	3	1355
#FDFDFD	#FEFDFD	48122	3.40000000000146	1355
#FDFDFD	#FEFDFD	48122.4	3	1355
#FDFDFD	#FEFDFD	48122	2.59999999999855	1355
#FDFDFD	#FEFDFD	48121.6	3	1355
#FDFDFD	#FEFDFD	48122.1	3.5	1356
#FDFDFD	#FEFDFD	48122.5	3.90000000000146	1356
#FDFDFD	#FEFDFD	48122.9	3.5	1356
#FDFDFD	#FEFDFD	48122.5	3.09999999999855	1356
#FDFDFD	#FEFDFD	48122.1	3.5	1356
#D6D6D6	#F1EFF7	48122.6	4	1357
#D6D6D6	#F1EFF7	48123	4.40000000000146	1357
#D6D6D6	#F1EFF7	48123.4	4	1357
#D6D6D6	#F1EFF7	48123	3.59999999999855	1357
#D6D6D6	#F1EFF7	48122.6	4	1357
#DBDBDB	#F1EFF8	48123.1	4.5	1358
#DBDBDB	#F1EFF8	48123.5	4.90000000000146	1358
#DBDBDB	#F1EFF8	48123.9	4.5	1358
#DBDBDB	#F1EFF8	48123.5	4.09999999999855	1358
#DBDBDB	#F1EFF8	48123.1	4.5	1358
#EEEEEE	#F6F5FA	48123.6	5	1359
#EEEEEE	#F6F5FA	48124	5.40000000000146	1359
#EEEEEE	#F6F5FA	48124.4	5	1359
#EEEEEE	#F6F5FA	48124	4.59999999999855	1359
#EEEEEE	#F6F5FA	48123.6	5	1359
#FAFAFA	#FBFBFD	48124.1	5.5	1360
#FAFAFA	#FBFBFD	48124.5	5.90000000000146	1360
#FAFAFA	#FBFBFD	48124.9	5.5	1360
#FAFAFA	#FBFBFD	48124.5	5.09999999999855	1360
#FAFAFA	#FBFBFD	48124.1	5.5	1360
#FAFAFA	#FBFBFD	48124.6	6	1361
#FAFAFA	#FBFBFD	48125	6.40000000000146	1361
#FAFAFA	#FBFBFD	48125.4	6	1361
#FAFAFA	#FBFBFD	48125	5.59999999999855	1361
#FAFAFA	#FBFBFD	48124.6	6	1361
#F4F4F4	#FCF7F6	48125.1	6.5	1362
#F4F4F4	#FCF7F6	48125.5	6.90000000000146	1362
#F4F4F4	#FCF7F6	48125.9	6.5	1362
#F4F4F4	#FCF7F6	48125.5	6.09999999999855	1362
#F4F4F4	#FCF7F6	48125.1	6.5	1362
#F3F3F3	#FBF5F5	48125.6	7	1363
#F3F3F3	#FBF5F5	48126	7.40000000000146	1363
#F3F3F3	#FBF5F5	48126.4	7	1363
#F3F3F3	#FBF5F5	48126	6.59999999999855	1363
#F3F3F3	#FBF5F5	48125.6	7	1363
#DDDDDD	#F6EAE9	48126.1	7.5	1364
#DDDDDD	#F6EAE9	48126.5	7.90000000000146	1364
#DDDDDD	#F6EAE9	48126.9	7.5	1364
#DDDDDD	#F6EAE9	48126.5	7.09999999999855	1364
#DDDDDD	#F6EAE9	48126.1	7.5	1364
#FDFDFD	#FEFDFD	48126.6	8	1365
#FDFDFD	#FEFDFD	48127	8.40000000000146	1365
#FDFDFD	#FEFDFD	48127.4	8	1365
#FDFDFD	#FEFDFD	48127	7.59999999999855	1365
#FDFDFD	#FEFDFD	48126.6	8	1365
#FBFBFB	#FBFBFD	48127.1	8.5	1366
#FBFBFB	#FBFBFD	48127.5	8.90000000000146	1366
#FBFBFB	#FBFBFD	48127.9	8.5	1366
#FBFBFB	#FBFBFD	48127.5	8.09999999999855	1366
#FBFBFB	#FBFBFD	48127.1	8.5	1366
#FDFDFD	#FEFCFC	48127.6	9	1367
#FDFDFD	#FEFCFC	48128	9.40000000000146	1367
#FDFDFD	#FEFCFC	48128.4	9	1367
#FDFDFD	#FEFCFC	48128	8.59999999999855	1367
#FDFDFD	#FEFCFC	48127.6	9	1367
#FFFFFF	#FFFFFF	48128.1	9.5	1368
#FFFFFF	#FFFFFF	48128.5	9.90000000000146	1368
#FFFFFF	#FFFFFF	48128.9	9.5	1368
#FFFFFF	#FFFFFF	48128.5	9.09999999999854	1368
#FFFFFF	#FFFFFF	48128.1	9.5	1368
#F9F9F9	#FCF8F8	48128.6	10	1369
#F9F9F9	#FCF8F8	48129	10.4000000000015	1369
#F9F9F9	#FCF8F8	48129.4	10	1369
#F9F9F9	#FCF8F8	48129	9.59999999999854	1369
#F9F9F9	#FCF8F8	48128.6	10	1369
#EEEEEE	#F8F0EF	48129.1	10.5	1370
#EEEEEE	#F8F0EF	48129.5	10.9000000000015	1370
#EEEEEE	#F8F0EF	48129.9	10.5	1370
#EEEEEE	#F8F0EF	48129.5	10.0999999999985	1370
#EEEEEE	#F8F0EF	48129.1	10.5	1370
#F1F1F1	#F9F2F1	48129.6	11	1371
#F1F1F1	#F9F2F1	48130	11.4000000000015	1371
#F1F1F1	#F9F2F1	48130.4	11	1371
#F1F1F1	#F9F2F1	48130	10.5999999999985	1371
#F1F1F1	#F9F2F1	48129.6	11	1371
#F0F0F0	#F8EFEE	48130.1	11.5	1372
#F0F0F0	#F8EFEE	48130.5	11.9000000000015	1372
#F0F0F0	#F8EFEE	48130.9	11.5	1372
#F0F0F0	#F8EFEE	48130.5	11.0999999999985	1372
#F0F0F0	#F8EFEE	48130.1	11.5	1372
#FEFEFE	#FEFEFE	48130.6	12	1373
#FEFEFE	#FEFEFE	48131	12.4000000000015	1373
#FEFEFE	#FEFEFE	48131.4	12	1373
#FEFEFE	#FEFEFE	48131	11.5999999999985	1373
#FEFEFE	#FEFEFE	48130.6	12	1373
#FCFCFC	#FDFBFB	48131.1	12.5	1374
#FCFCFC	#FDFBFB	48131.5	12.9000000000015	1374
#FCFCFC	#FDFBFB	48131.9	12.5	1374
#FCFCFC	#FDFBFB	48131.5	12.0999999999985	1374
#FCFCFC	#FDFBFB	48131.1	12.5	1374
#F7F7F7	#FAF4F3	48131.6	13	1375
#F7F7F7	#FAF4F3	48132	13.4000000000015	1375
#F7F7F7	#FAF4F3	48132.4	13	1375
#F7F7F7	#FAF4F3	48132	12.5999999999985	1375
#F7F7F7	#FAF4F3	48131.6	13	1375
#FEFEFE	#FEFDFE	48132.1	13.5	1376
#FEFEFE	#FEFDFE	48132.5	13.9000000000015	1376
#FEFEFE	#FEFDFE	48132.9	13.5	1376
#FEFEFE	#FEFDFE	48132.5	13.0999999999985	1376
#FEFEFE	#FEFDFE	48132.1	13.5	1376
#FCFCFC	#FDF9F9	48132.6	14	1377
#FCFCFC	#FDF9F9	48133	14.4000000000015	1377
#FCFCFC	#FDF9F9	48133.4	14	1377
#FCFCFC	#FDF9F9	48133	13.5999999999985	1377
#FCFCFC	#FDF9F9	48132.6	14	1377
#FBFBFB	#FCF8F8	48133.1	14.5	1378
#FBFBFB	#FCF8F8	48133.5	14.9000000000015	1378
#FBFBFB	#FCF8F8	48133.9	14.5	1378
#FBFBFB	#FCF8F8	48133.5	14.0999999999985	1378
#FBFBFB	#FCF8F8	48133.1	14.5	1378
#F4F4F4	#F2F0F8	48133.6	15	1379
#F4F4F4	#F2F0F8	48134	15.4000000000015	1379
#F4F4F4	#F2F0F8	48134.4	15	1379
#F4F4F4	#F2F0F8	48134	14.5999999999985	1379
#F4F4F4	#F2F0F8	48133.6	15	1379
#F3F3F3	#F2F1F8	48134.1	15.5	1380
#F3F3F3	#F2F1F8	48134.5	15.9000000000015	1380
#F3F3F3	#F2F1F8	48134.9	15.5	1380
#F3F3F3	#F2F1F8	48134.5	15.0999999999985	1380
#F3F3F3	#F2F1F8	48134.1	15.5	1380
#FEFEFE	#FEFEFE	48134.6	16	1381
#FEFEFE	#FEFEFE	48135	16.4000000000015	1381
#FEFEFE	#FEFEFE	48135.4	16	1381
#FEFEFE	#FEFEFE	48135	15.5999999999985	1381
#FEFEFE	#FEFEFE	48134.6	16	1381
#FEFEFE	#FEFCFC	48135.1	16.5	1382
#FEFEFE	#FEFCFC	48135.5	16.9000000000015	1382
#FEFEFE	#FEFCFC	48135.9	16.5	1382
#FEFEFE	#FEFCFC	48135.5	16.0999999999985	1382
#FEFEFE	#FEFCFC	48135.1	16.5	1382
#FAFAFA	#F8F7FB	48135.6	17	1383
#FAFAFA	#F8F7FB	48136	17.4000000000015	1383
#FAFAFA	#F8F7FB	48136.4	17	1383
#FAFAFA	#F8F7FB	48136	16.5999999999985	1383
#FAFAFA	#F8F7FB	48135.6	17	1383
#F2F2F2	#F2F0F8	48136.1	17.5	1384
#F2F2F2	#F2F0F8	48136.5	17.9000000000015	1384
#F2F2F2	#F2F0F8	48136.9	17.5	1384
#F2F2F2	#F2F0F8	48136.5	17.0999999999985	1384
#F2F2F2	#F2F0F8	48136.1	17.5	1384
#FBFBFB	#F9F8FC	48136.6	18	1385
#FBFBFB	#F9F8FC	48137	18.4000000000015	1385
#FBFBFB	#F9F8FC	48137.4	18	1385
#FBFBFB	#F9F8FC	48137	17.5999999999985	1385
#FBFBFB	#F9F8FC	48136.6	18	1385
#FFFFFF	#FFFEFE	48137.1	18.5	1386
#FFFFFF	#FFFEFE	48137.5	18.9000000000015	1386
#FFFFFF	#FFFEFE	48137.9	18.5	1386
#FFFFFF	#FFFEFE	48137.5	18.0999999999985	1386
#FFFFFF	#FFFEFE	48137.1	18.5	1386
#F9F9F9	#F7F6FB	48137.6	19	1387
#F9F9F9	#F7F6FB	48138	19.4000000000015	1387
#F9F9F9	#F7F6FB	48138.4	19	1387
#F9F9F9	#F7F6FB	48138	18.5999999999985	1387
#F9F9F9	#F7F6FB	48137.6	19	1387
#E8E8E8	#ECE9F5	48138.1	19.5	1388
#E8E8E8	#ECE9F5	48138.5	19.9000000000015	1388
#E8E8E8	#ECE9F5	48138.9	19.5	1388
#E8E8E8	#ECE9F5	48138.5	19.0999999999985	1388
#E8E8E8	#ECE9F5	48138.1	19.5	1388
#FAFAFA	#F8F7FB	48138.6	20	1389
#FAFAFA	#F8F7FB	48139	20.4000000000015	1389
#FAFAFA	#F8F7FB	48139.4	20	1389
#FAFAFA	#F8F7FB	48139	19.5999999999985	1389
#FAFAFA	#F8F7FB	48138.6	20	1389
#F9F9F9	#FBF6F5	48139.1	20.5	1390
#F9F9F9	#FBF6F5	48139.5	20.9000000000015	1390
#F9F9F9	#FBF6F5	48139.9	20.5	1390
#F9F9F9	#FBF6F5	48139.5	20.0999999999985	1390
#F9F9F9	#FBF6F5	48139.1	20.5	1390
#FCFCFC	#FCF8F8	48139.6	21	1391
#FCFCFC	#FCF8F8	48140	21.4000000000015	1391
#FCFCFC	#FCF8F8	48140.4	21	1391
#FCFCFC	#FCF8F8	48140	20.5999999999985	1391
#FCFCFC	#FCF8F8	48139.6	21	1391
#F3F3F3	#F8EFED	48140.1	21.5	1392
#F3F3F3	#F8EFED	48140.5	21.9000000000015	1392
#F3F3F3	#F8EFED	48140.9	21.5	1392
#F3F3F3	#F8EFED	48140.5	21.0999999999985	1392
#F3F3F3	#F8EFED	48140.1	21.5	1392
#FAFAFA	#F7F5FA	48140.6	22	1393
#FAFAFA	#F7F5FA	48141	22.4000000000015	1393
#FAFAFA	#F7F5FA	48141.4	22	1393
#FAFAFA	#F7F5FA	48141	21.5999999999985	1393
#FAFAFA	#F7F5FA	48140.6	22	1393
#FCFCFC	#FBFAFD	48141.1	22.5	1394
#FCFCFC	#FBFAFD	48141.5	22.9000000000015	1394
#FCFCFC	#FBFAFD	48141.9	22.5	1394
#FCFCFC	#FBFAFD	48141.5	22.0999999999985	1394
#FCFCFC	#FBFAFD	48141.1	22.5	1394
#FCFCFC	#FCF9F8	48141.6	23	1395
#FCFCFC	#FCF9F8	48142	23.4000000000015	1395
#FCFCFC	#FCF9F8	48142.4	23	1395
#FCFCFC	#FCF9F8	48142	22.5999999999985	1395
#FCFCFC	#FCF9F8	48141.6	23	1395
#EFEFEF	#E0DCEE	48142.1	23.5	1396
#EFEFEF	#E0DCEE	48142.5	23.9000000000015	1396
#EFEFEF	#E0DCEE	48142.9	23.5	1396
#EFEFEF	#E0DCEE	48142.5	23.0999999999985	1396
#EFEFEF	#E0DCEE	48142.1	23.5	1396
#FFFFFF	#FFFFFF	48142.6	24	1397
#FFFFFF	#FFFFFF	48143	24.4000000000015	1397
#FFFFFF	#FFFFFF	48143.4	24	1397
#FFFFFF	#FFFFFF	48143	23.5999999999985	1397
#FFFFFF	#FFFFFF	48142.6	24	1397
#FFFFFF	#FFFFFF	48143.1	24.5	1398
#FFFFFF	#FFFFFF	48143.5	24.9000000000015	1398
#FFFFFF	#FFFFFF	48143.9	24.5	1398
#FFFFFF	#FFFFFF	48143.5	24.0999999999985	1398
#FFFFFF	#FFFFFF	48143.1	24.5	1398
#919191	#F6EAE9	48119.6	0	1399
#919191	#F6EAE9	48120	0.400000000001455	1399
#919191	#F6EAE9	48120.4	0	1399
#919191	#F6EAE9	48120	-0.400000000001455	1399
#919191	#F6EAE9	48119.6	0	1399
#E8E8E8	#FCF7F6	48120.1	0.5	1400
#E8E8E8	#FCF7F6	48120.5	0.900000000001455	1400
#E8E8E8	#FCF7F6	48120.9	0.5	1400
#E8E8E8	#FCF7F6	48120.5	0.0999999999985448	1400
#E8E8E8	#FCF7F6	48120.1	0.5	1400
#D2D2D2	#F9F1F0	48120.6	1	1401
#D2D2D2	#F9F1F0	48121	1.40000000000146	1401
#D2D2D2	#F9F1F0	48121.4	1	1401
#D2D2D2	#F9F1F0	48121	0.599999999998545	1401
#D2D2D2	#F9F1F0	48120.6	1	1401
#D8D8D8	#F9F1F0	48121.1	1.5	1402
#D8D8D8	#F9F1F0	48121.5	1.90000000000146	1402
#D8D8D8	#F9F1F0	48121.9	1.5	1402
#D8D8D8	#F9F1F0	48121.5	1.09999999999854	1402
#D8D8D8	#F9F1F0	48121.1	1.5	1402
#DDDDDD	#F9F2F1	48121.6	2	1403
#DDDDDD	#F9F2F1	48122	2.40000000000146	1403
#DDDDDD	#F9F2F1	48122.4	2	1403
#DDDDDD	#F9F2F1	48122	1.59999999999854	1403
#DDDDDD	#F9F2F1	48121.6	2	1403
#E5E5E5	#FAF3F2	48122.1	2.5	1404
#E5E5E5	#FAF3F2	48122.5	2.90000000000146	1404
#E5E5E5	#FAF3F2	48122.9	2.5	1404
#E5E5E5	#FAF3F2	48122.5	2.09999999999854	1404
#E5E5E5	#FAF3F2	48122.1	2.5	1404
#F8F8F8	#FDFAFA	48122.6	3	1405
#F8F8F8	#FDFAFA	48123	3.40000000000146	1405
#F8F8F8	#FDFAFA	48123.4	3	1405
#F8F8F8	#FDFAFA	48123	2.59999999999855	1405
#F8F8F8	#FDFAFA	48122.6	3	1405
#FFFFFF	#FFFFFF	48123.1	3.5	1406
#FFFFFF	#FFFFFF	48123.5	3.90000000000146	1406
#FFFFFF	#FFFFFF	48123.9	3.5	1406
#FFFFFF	#FFFFFF	48123.5	3.09999999999855	1406
#FFFFFF	#FFFFFF	48123.1	3.5	1406
#F9F9F9	#FBFBFD	48123.6	4	1407
#F9F9F9	#FBFBFD	48124	4.40000000000146	1407
#F9F9F9	#FBFBFD	48124.4	4	1407
#F9F9F9	#FBFBFD	48124	3.59999999999855	1407
#F9F9F9	#FBFBFD	48123.6	4	1407
#FBFBFB	#FCFCFD	48124.1	4.5	1408
#FBFBFB	#FCFCFD	48124.5	4.90000000000146	1408
#FBFBFB	#FCFCFD	48124.9	4.5	1408
#FBFBFB	#FCFCFD	48124.5	4.09999999999855	1408
#FBFBFB	#FCFCFD	48124.1	4.5	1408
#F6F6F6	#FCF9F8	48124.6	5	1409
#F6F6F6	#FCF9F8	48125	5.40000000000146	1409
#F6F6F6	#FCF9F8	48125.4	5	1409
#F6F6F6	#FCF9F8	48125	4.59999999999855	1409
#F6F6F6	#FCF9F8	48124.6	5	1409
#FEFEFE	#FEFEFE	48125.1	5.5	1410
#FEFEFE	#FEFEFE	48125.5	5.90000000000146	1410
#FEFEFE	#FEFEFE	48125.9	5.5	1410
#FEFEFE	#FEFEFE	48125.5	5.09999999999855	1410
#FEFEFE	#FEFEFE	48125.1	5.5	1410
#FFFFFF	#FFFFFF	48125.6	6	1411
#FFFFFF	#FFFFFF	48126	6.40000000000146	1411
#FFFFFF	#FFFFFF	48126.4	6	1411
#FFFFFF	#FFFFFF	48126	5.59999999999855	1411
#FFFFFF	#FFFFFF	48125.6	6	1411
#E8E8E8	#F9F1F0	48126.1	6.5	1412
#E8E8E8	#F9F1F0	48126.5	6.90000000000146	1412
#E8E8E8	#F9F1F0	48126.9	6.5	1412
#E8E8E8	#F9F1F0	48126.5	6.09999999999855	1412
#E8E8E8	#F9F1F0	48126.1	6.5	1412
#DADADA	#F6EAE9	48126.6	7	1413
#DADADA	#F6EAE9	48127	7.40000000000146	1413
#DADADA	#F6EAE9	48127.4	7	1413
#DADADA	#F6EAE9	48127	6.59999999999855	1413
#DADADA	#F6EAE9	48126.6	7	1413
#FDFDFD	#FDFCFE	48127.1	7.5	1414
#FDFDFD	#FDFCFE	48127.5	7.90000000000146	1414
#FDFDFD	#FDFCFE	48127.9	7.5	1414
#FDFDFD	#FDFCFE	48127.5	7.09999999999855	1414
#FDFDFD	#FDFCFE	48127.1	7.5	1414
#FBFBFB	#FBFBFD	48127.6	8	1415
#FBFBFB	#FBFBFD	48128	8.40000000000146	1415
#FBFBFB	#FBFBFD	48128.4	8	1415
#FBFBFB	#FBFBFD	48128	7.59999999999855	1415
#FBFBFB	#FBFBFD	48127.6	8	1415
#FCFCFC	#FEFCFB	48128.1	8.5	1416
#FCFCFC	#FEFCFB	48128.5	8.90000000000146	1416
#FCFCFC	#FEFCFB	48128.9	8.5	1416
#FCFCFC	#FEFCFB	48128.5	8.09999999999855	1416
#FCFCFC	#FEFCFB	48128.1	8.5	1416
#FFFFFF	#FEFEFF	48128.6	9	1417
#FFFFFF	#FEFEFF	48129	9.40000000000146	1417
#FFFFFF	#FEFEFF	48129.4	9	1417
#FFFFFF	#FEFEFF	48129	8.59999999999855	1417
#FFFFFF	#FEFEFF	48128.6	9	1417
#FFFFFF	#FEFEFF	48129.1	9.5	1418
#FFFFFF	#FEFEFF	48129.5	9.90000000000146	1418
#FFFFFF	#FEFEFF	48129.9	9.5	1418
#FFFFFF	#FEFEFF	48129.5	9.09999999999854	1418
#FFFFFF	#FEFEFF	48129.1	9.5	1418
#F8F8F8	#FCF7F7	48129.6	10	1419
#F8F8F8	#FCF7F7	48130	10.4000000000015	1419
#F8F8F8	#FCF7F7	48130.4	10	1419
#F8F8F8	#FCF7F7	48130	9.59999999999854	1419
#F8F8F8	#FCF7F7	48129.6	10	1419
#FBFBFB	#FDFAFA	48130.1	10.5	1420
#FBFBFB	#FDFAFA	48130.5	10.9000000000015	1420
#FBFBFB	#FDFAFA	48130.9	10.5	1420
#FBFBFB	#FDFAFA	48130.5	10.0999999999985	1420
#FBFBFB	#FDFAFA	48130.1	10.5	1420
#F6F6F6	#FAF4F3	48130.6	11	1421
#F6F6F6	#FAF4F3	48131	11.4000000000015	1421
#F6F6F6	#FAF4F3	48131.4	11	1421
#F6F6F6	#FAF4F3	48131	10.5999999999985	1421
#F6F6F6	#FAF4F3	48130.6	11	1421
#FFFFFF	#FFFEFF	48131.1	11.5	1422
#FFFFFF	#FFFEFF	48131.5	11.9000000000015	1422
#FFFFFF	#FFFEFF	48131.9	11.5	1422
#FFFFFF	#FFFEFF	48131.5	11.0999999999985	1422
#FFFFFF	#FFFEFF	48131.1	11.5	1422
#F6F6F6	#FAF4F3	48131.6	12	1423
#F6F6F6	#FAF4F3	48132	12.4000000000015	1423
#F6F6F6	#FAF4F3	48132.4	12	1423
#F6F6F6	#FAF4F3	48132	11.5999999999985	1423
#F6F6F6	#FAF4F3	48131.6	12	1423
#FDFDFD	#FCFCFE	48132.1	12.5	1424
#FDFDFD	#FCFCFE	48132.5	12.9000000000015	1424
#FDFDFD	#FCFCFE	48132.9	12.5	1424
#FDFDFD	#FCFCFE	48132.5	12.0999999999985	1424
#FDFDFD	#FCFCFE	48132.1	12.5	1424
#F2F2F2	#F8F0EF	48132.6	13	1425
#F2F2F2	#F8F0EF	48133	13.4000000000015	1425
#F2F2F2	#F8F0EF	48133.4	13	1425
#F2F2F2	#F8F0EF	48133	12.5999999999985	1425
#F2F2F2	#F8F0EF	48132.6	13	1425
#F3F3F3	#F9F1F0	48133.1	13.5	1426
#F3F3F3	#F9F1F0	48133.5	13.9000000000015	1426
#F3F3F3	#F9F1F0	48133.9	13.5	1426
#F3F3F3	#F9F1F0	48133.5	13.0999999999985	1426
#F3F3F3	#F9F1F0	48133.1	13.5	1426
#EBEBEB	#F5E9E7	48133.6	14	1427
#EBEBEB	#F5E9E7	48134	14.4000000000015	1427
#EBEBEB	#F5E9E7	48134.4	14	1427
#EBEBEB	#F5E9E7	48134	13.5999999999985	1427
#EBEBEB	#F5E9E7	48133.6	14	1427
#FBFBFB	#F9F8FC	48134.1	14.5	1428
#FBFBFB	#F9F8FC	48134.5	14.9000000000015	1428
#FBFBFB	#F9F8FC	48134.9	14.5	1428
#FBFBFB	#F9F8FC	48134.5	14.0999999999985	1428
#FBFBFB	#F9F8FC	48134.1	14.5	1428
#F6F6F6	#F4F3F9	48134.6	15	1429
#F6F6F6	#F4F3F9	48135	15.4000000000015	1429
#F6F6F6	#F4F3F9	48135.4	15	1429
#F6F6F6	#F4F3F9	48135	14.5999999999985	1429
#F6F6F6	#F4F3F9	48134.6	15	1429
#F0F0F0	#F1EFF7	48135.1	15.5	1430
#F0F0F0	#F1EFF7	48135.5	15.9000000000015	1430
#F0F0F0	#F1EFF7	48135.9	15.5	1430
#F0F0F0	#F1EFF7	48135.5	15.0999999999985	1430
#F0F0F0	#F1EFF7	48135.1	15.5	1430
#F5F5F5	#F3F2F9	48135.6	16	1431
#F5F5F5	#F3F2F9	48136	16.4000000000015	1431
#F5F5F5	#F3F2F9	48136.4	16	1431
#F5F5F5	#F3F2F9	48136	15.5999999999985	1431
#F5F5F5	#F3F2F9	48135.6	16	1431
#E2E2E2	#E9E6F3	48136.1	16.5	1432
#E2E2E2	#E9E6F3	48136.5	16.9000000000015	1432
#E2E2E2	#E9E6F3	48136.9	16.5	1432
#E2E2E2	#E9E6F3	48136.5	16.0999999999985	1432
#E2E2E2	#E9E6F3	48136.1	16.5	1432
#E4E4E4	#E9E5F3	48136.6	17	1433
#E4E4E4	#E9E5F3	48137	17.4000000000015	1433
#E4E4E4	#E9E5F3	48137.4	17	1433
#E4E4E4	#E9E5F3	48137	16.5999999999985	1433
#E4E4E4	#E9E5F3	48136.6	17	1433
#F6F6F6	#F6F4FA	48137.1	17.5	1434
#F6F6F6	#F6F4FA	48137.5	17.9000000000015	1434
#F6F6F6	#F6F4FA	48137.9	17.5	1434
#F6F6F6	#F6F4FA	48137.5	17.0999999999985	1434
#F6F6F6	#F6F4FA	48137.1	17.5	1434
#F7F7F7	#F6F5FA	48137.6	18	1435
#F7F7F7	#F6F5FA	48138	18.4000000000015	1435
#F7F7F7	#F6F5FA	48138.4	18	1435
#F7F7F7	#F6F5FA	48138	17.5999999999985	1435
#F7F7F7	#F6F5FA	48137.6	18	1435
#F8F8F8	#F7F5FA	48138.1	18.5	1436
#F8F8F8	#F7F5FA	48138.5	18.9000000000015	1436
#F8F8F8	#F7F5FA	48138.9	18.5	1436
#F8F8F8	#F7F5FA	48138.5	18.0999999999985	1436
#F8F8F8	#F7F5FA	48138.1	18.5	1436
#EBEBEB	#EDEBF5	48138.6	19	1437
#EBEBEB	#EDEBF5	48139	19.4000000000015	1437
#EBEBEB	#EDEBF5	48139.4	19	1437
#EBEBEB	#EDEBF5	48139	18.5999999999985	1437
#EBEBEB	#EDEBF5	48138.6	19	1437
#F8F8F8	#F6F5FA	48139.1	19.5	1438
#F8F8F8	#F6F5FA	48139.5	19.9000000000015	1438
#F8F8F8	#F6F5FA	48139.9	19.5	1438
#F8F8F8	#F6F5FA	48139.5	19.0999999999985	1438
#F8F8F8	#F6F5FA	48139.1	19.5	1438
#FDFDFD	#FDFBFB	48139.6	20	1439
#FDFDFD	#FDFBFB	48140	20.4000000000015	1439
#FDFDFD	#FDFBFB	48140.4	20	1439
#FDFDFD	#FDFBFB	48140	19.5999999999985	1439
#FDFDFD	#FDFBFB	48139.6	20	1439
#F1F1F1	#F7EDEC	48140.1	20.5	1440
#F1F1F1	#F7EDEC	48140.5	20.9000000000015	1440
#F1F1F1	#F7EDEC	48140.9	20.5	1440
#F1F1F1	#F7EDEC	48140.5	20.0999999999985	1440
#F1F1F1	#F7EDEC	48140.1	20.5	1440
#F8F8F8	#FAF4F3	48140.6	21	1441
#F8F8F8	#FAF4F3	48141	21.4000000000015	1441
#F8F8F8	#FAF4F3	48141.4	21	1441
#F8F8F8	#FAF4F3	48141	20.5999999999985	1441
#F8F8F8	#FAF4F3	48140.6	21	1441
#FCFCFC	#FCF9F8	48141.1	21.5	1442
#FCFCFC	#FCF9F8	48141.5	21.9000000000015	1442
#FCFCFC	#FCF9F8	48141.9	21.5	1442
#FCFCFC	#FCF9F8	48141.5	21.0999999999985	1442
#FCFCFC	#FCF9F8	48141.1	21.5	1442
#FCFCFC	#FAF9FC	48141.6	22	1443
#FCFCFC	#FAF9FC	48142	22.4000000000015	1443
#FCFCFC	#FAF9FC	48142.4	22	1443
#FCFCFC	#FAF9FC	48142	21.5999999999985	1443
#FCFCFC	#FAF9FC	48141.6	22	1443
#FEFEFE	#FEFDFC	48142.1	22.5	1444
#FEFEFE	#FEFDFC	48142.5	22.9000000000015	1444
#FEFEFE	#FEFDFC	48142.9	22.5	1444
#FEFEFE	#FEFDFC	48142.5	22.0999999999985	1444
#FEFEFE	#FEFDFC	48142.1	22.5	1444
#FCFCFC	#F6F4FA	48142.6	23	1445
#FCFCFC	#F6F4FA	48143	23.4000000000015	1445
#FCFCFC	#F6F4FA	48143.4	23	1445
#FCFCFC	#F6F4FA	48143	22.5999999999985	1445
#FCFCFC	#F6F4FA	48142.6	23	1445
#FFFFFF	#FFFFFF	48143.1	23.5	1446
#FFFFFF	#FFFFFF	48143.5	23.9000000000015	1446
#FFFFFF	#FFFFFF	48143.9	23.5	1446
#FFFFFF	#FFFFFF	48143.5	23.0999999999985	1446
#FFFFFF	#FFFFFF	48143.1	23.5	1446
#FEFEFE	#FEFEFE	48143.6	24	1447
#FEFEFE	#FEFEFE	48144	24.4000000000015	1447
#FEFEFE	#FEFEFE	48144.4	24	1447
#FEFEFE	#FEFEFE	48144	23.5999999999985	1447
#FEFEFE	#FEFEFE	48143.6	24	1447
#F9F9F9	#FBF6F5	48144.1	24.5	1448
#F9F9F9	#FBF6F5	48144.5	24.9000000000015	1448
#F9F9F9	#FBF6F5	48144.9	24.5	1448
#F9F9F9	#FBF6F5	48144.5	24.0999999999985	1448
#F9F9F9	#FBF6F5	48144.1	24.5	1448
#9D9D9D	#F7ECEA	48120.6	0	1449
#9D9D9D	#F7ECEA	48121	0.400000000001455	1449
#9D9D9D	#F7ECEA	48121.4	0	1449
#9D9D9D	#F7ECEA	48121	-0.400000000001455	1449
#9D9D9D	#F7ECEA	48120.6	0	1449
#BFBFBF	#F8F0EE	48121.1	0.5	1450
#BFBFBF	#F8F0EE	48121.5	0.900000000001455	1450
#BFBFBF	#F8F0EE	48121.9	0.5	1450
#BFBFBF	#F8F0EE	48121.5	0.0999999999985448	1450
#BFBFBF	#F8F0EE	48121.1	0.5	1450
#8E8E8E	#F4E7E5	48121.6	1	1451
#8E8E8E	#F4E7E5	48122	1.40000000000146	1451
#8E8E8E	#F4E7E5	48122.4	1	1451
#8E8E8E	#F4E7E5	48122	0.599999999998545	1451
#8E8E8E	#F4E7E5	48121.6	1	1451
#C3C3C3	#F8EEED	48122.1	1.5	1452
#C3C3C3	#F8EEED	48122.5	1.90000000000146	1452
#C3C3C3	#F8EEED	48122.9	1.5	1452
#C3C3C3	#F8EEED	48122.5	1.09999999999854	1452
#C3C3C3	#F8EEED	48122.1	1.5	1452
#D8D8D8	#F9F1F0	48122.6	2	1453
#D8D8D8	#F9F1F0	48123	2.40000000000146	1453
#D8D8D8	#F9F1F0	48123.4	2	1453
#D8D8D8	#F9F1F0	48123	1.59999999999854	1453
#D8D8D8	#F9F1F0	48122.6	2	1453
#EFEFEF	#FCF7F7	48123.1	2.5	1454
#EFEFEF	#FCF7F7	48123.5	2.90000000000146	1454
#EFEFEF	#FCF7F7	48123.9	2.5	1454
#EFEFEF	#FCF7F7	48123.5	2.09999999999854	1454
#EFEFEF	#FCF7F7	48123.1	2.5	1454
#F7F7F7	#FBFAFD	48123.6	3	1455
#F7F7F7	#FBFAFD	48124	3.40000000000146	1455
#F7F7F7	#FBFAFD	48124.4	3	1455
#F7F7F7	#FBFAFD	48124	2.59999999999855	1455
#F7F7F7	#FBFAFD	48123.6	3	1455
#E2E2E2	#F4F3F9	48124.1	3.5	1456
#E2E2E2	#F4F3F9	48124.5	3.90000000000146	1456
#E2E2E2	#F4F3F9	48124.9	3.5	1456
#E2E2E2	#F4F3F9	48124.5	3.09999999999855	1456
#E2E2E2	#F4F3F9	48124.1	3.5	1456
#DFDFDF	#F4F3F9	48124.6	4	1457
#DFDFDF	#F4F3F9	48125	4.40000000000146	1457
#DFDFDF	#F4F3F9	48125.4	4	1457
#DFDFDF	#F4F3F9	48125	3.59999999999855	1457
#DFDFDF	#F4F3F9	48124.6	4	1457
#EFEFEF	#F8F7FB	48125.1	4.5	1458
#EFEFEF	#F8F7FB	48125.5	4.90000000000146	1458
#EFEFEF	#F8F7FB	48125.9	4.5	1458
#EFEFEF	#F8F7FB	48125.5	4.09999999999855	1458
#EFEFEF	#F8F7FB	48125.1	4.5	1458
#DADADA	#F2F0F8	48125.6	5	1459
#DADADA	#F2F0F8	48126	5.40000000000146	1459
#DADADA	#F2F0F8	48126.4	5	1459
#DADADA	#F2F0F8	48126	4.59999999999855	1459
#DADADA	#F2F0F8	48125.6	5	1459
#D1D1D1	#EFEDF6	48126.1	5.5	1460
#D1D1D1	#EFEDF6	48126.5	5.90000000000146	1460
#D1D1D1	#EFEDF6	48126.9	5.5	1460
#D1D1D1	#EFEDF6	48126.5	5.09999999999855	1460
#D1D1D1	#EFEDF6	48126.1	5.5	1460
#FDFDFD	#FEFDFE	48126.6	6	1461
#FDFDFD	#FEFDFE	48127	6.40000000000146	1461
#FDFDFD	#FEFDFE	48127.4	6	1461
#FDFDFD	#FEFDFE	48127	5.59999999999855	1461
#FDFDFD	#FEFDFE	48126.6	6	1461
#FAFAFA	#FDFAFA	48127.1	6.5	1462
#FAFAFA	#FDFAFA	48127.5	6.90000000000146	1462
#FAFAFA	#FDFAFA	48127.9	6.5	1462
#FAFAFA	#FDFAFA	48127.5	6.09999999999855	1462
#FAFAFA	#FDFAFA	48127.1	6.5	1462
#FAFAFA	#FBFAFD	48127.6	7	1463
#FAFAFA	#FBFAFD	48128	7.40000000000146	1463
#FAFAFA	#FBFAFD	48128.4	7	1463
#FAFAFA	#FBFAFD	48128	6.59999999999855	1463
#FAFAFA	#FBFAFD	48127.6	7	1463
#EEEEEE	#F4F3F9	48128.1	7.5	1464
#EEEEEE	#F4F3F9	48128.5	7.90000000000146	1464
#EEEEEE	#F4F3F9	48128.9	7.5	1464
#EEEEEE	#F4F3F9	48128.5	7.09999999999855	1464
#EEEEEE	#F4F3F9	48128.1	7.5	1464
#F9F9F9	#FAF9FC	48128.6	8	1465
#F9F9F9	#FAF9FC	48129	8.40000000000146	1465
#F9F9F9	#FAF9FC	48129.4	8	1465
#F9F9F9	#FAF9FC	48129	7.59999999999855	1465
#F9F9F9	#FAF9FC	48128.6	8	1465
#DFDFDF	#EFECF6	48129.1	8.5	1466
#DFDFDF	#EFECF6	48129.5	8.90000000000146	1466
#DFDFDF	#EFECF6	48129.9	8.5	1466
#DFDFDF	#EFECF6	48129.5	8.09999999999855	1466
#DFDFDF	#EFECF6	48129.1	8.5	1466
#F4F4F4	#F6F5FA	48129.6	9	1467
#F4F4F4	#F6F5FA	48130	9.40000000000146	1467
#F4F4F4	#F6F5FA	48130.4	9	1467
#F4F4F4	#F6F5FA	48130	8.59999999999855	1467
#F4F4F4	#F6F5FA	48129.6	9	1467
#F8F8F8	#F8F7FB	48130.1	9.5	1468
#F8F8F8	#F8F7FB	48130.5	9.90000000000146	1468
#F8F8F8	#F8F7FB	48130.9	9.5	1468
#F8F8F8	#F8F7FB	48130.5	9.09999999999854	1468
#F8F8F8	#F8F7FB	48130.1	9.5	1468
#F8F8F8	#FBF7F6	48130.6	10	1469
#F8F8F8	#FBF7F6	48131	10.4000000000015	1469
#F8F8F8	#FBF7F6	48131.4	10	1469
#F8F8F8	#FBF7F6	48131	9.59999999999854	1469
#F8F8F8	#FBF7F6	48130.6	10	1469
#FBFBFB	#FBFAFD	48131.1	10.5	1470
#FBFBFB	#FBFAFD	48131.5	10.9000000000015	1470
#FBFBFB	#FBFAFD	48131.9	10.5	1470
#FBFBFB	#FBFAFD	48131.5	10.0999999999985	1470
#FBFBFB	#FBFAFD	48131.1	10.5	1470
#FBFBFB	#FAF9FC	48131.6	11	1471
#FBFBFB	#FAF9FC	48132	11.4000000000015	1471
#FBFBFB	#FAF9FC	48132.4	11	1471
#FBFBFB	#FAF9FC	48132	10.5999999999985	1471
#FBFBFB	#FAF9FC	48131.6	11	1471
#FDFDFD	#FDFCFE	48132.1	11.5	1472
#FDFDFD	#FDFCFE	48132.5	11.9000000000015	1472
#FDFDFD	#FDFCFE	48132.9	11.5	1472
#FDFDFD	#FDFCFE	48132.5	11.0999999999985	1472
#FDFDFD	#FDFCFE	48132.1	11.5	1472
#F8F8F8	#F5F4FA	48132.6	12	1473
#F8F8F8	#F5F4FA	48133	12.4000000000015	1473
#F8F8F8	#F5F4FA	48133.4	12	1473
#F8F8F8	#F5F4FA	48133	11.5999999999985	1473
#F8F8F8	#F5F4FA	48132.6	12	1473
#FDFDFD	#FDFBFB	48133.1	12.5	1474
#FDFDFD	#FDFBFB	48133.5	12.9000000000015	1474
#FDFDFD	#FDFBFB	48133.9	12.5	1474
#FDFDFD	#FDFBFB	48133.5	12.0999999999985	1474
#FDFDFD	#FDFBFB	48133.1	12.5	1474
#F3F3F3	#F3F1F8	48133.6	13	1475
#F3F3F3	#F3F1F8	48134	13.4000000000015	1475
#F3F3F3	#F3F1F8	48134.4	13	1475
#F3F3F3	#F3F1F8	48134	12.5999999999985	1475
#F3F3F3	#F3F1F8	48133.6	13	1475
#F8F8F8	#FAF4F3	48134.1	13.5	1476
#F8F8F8	#FAF4F3	48134.5	13.9000000000015	1476
#F8F8F8	#FAF4F3	48134.9	13.5	1476
#F8F8F8	#FAF4F3	48134.5	13.0999999999985	1476
#F8F8F8	#FAF4F3	48134.1	13.5	1476
#FBFBFB	#F9F8FC	48134.6	14	1477
#FBFBFB	#F9F8FC	48135	14.4000000000015	1477
#FBFBFB	#F9F8FC	48135.4	14	1477
#FBFBFB	#F9F8FC	48135	13.5999999999985	1477
#FBFBFB	#F9F8FC	48134.6	14	1477
#F2F2F2	#F0EEF7	48135.1	14.5	1478
#F2F2F2	#F0EEF7	48135.5	14.9000000000015	1478
#F2F2F2	#F0EEF7	48135.9	14.5	1478
#F2F2F2	#F0EEF7	48135.5	14.0999999999985	1478
#F2F2F2	#F0EEF7	48135.1	14.5	1478
#E0E0E0	#E7E3F2	48135.6	15	1479
#E0E0E0	#E7E3F2	48136	15.4000000000015	1479
#E0E0E0	#E7E3F2	48136.4	15	1479
#E0E0E0	#E7E3F2	48136	14.5999999999985	1479
#E0E0E0	#E7E3F2	48135.6	15	1479
#DFDFDF	#E8E5F3	48136.1	15.5	1480
#DFDFDF	#E8E5F3	48136.5	15.9000000000015	1480
#DFDFDF	#E8E5F3	48136.9	15.5	1480
#DFDFDF	#E8E5F3	48136.5	15.0999999999985	1480
#DFDFDF	#E8E5F3	48136.1	15.5	1480
#EBEBEB	#EDEBF5	48136.6	16	1481
#EBEBEB	#EDEBF5	48137	16.4000000000015	1481
#EBEBEB	#EDEBF5	48137.4	16	1481
#EBEBEB	#EDEBF5	48137	15.5999999999985	1481
#EBEBEB	#EDEBF5	48136.6	16	1481
#F8F8F8	#F6F5FA	48137.1	16.5	1482
#F8F8F8	#F6F5FA	48137.5	16.9000000000015	1482
#F8F8F8	#F6F5FA	48137.9	16.5	1482
#F8F8F8	#F6F5FA	48137.5	16.0999999999985	1482
#F8F8F8	#F6F5FA	48137.1	16.5	1482
#F4F4F4	#F4F3F9	48137.6	17	1483
#F4F4F4	#F4F3F9	48138	17.4000000000015	1483
#F4F4F4	#F4F3F9	48138.4	17	1483
#F4F4F4	#F4F3F9	48138	16.5999999999985	1483
#F4F4F4	#F4F3F9	48137.6	17	1483
#F4F4F4	#F4F2F9	48138.1	17.5	1484
#F4F4F4	#F4F2F9	48138.5	17.9000000000015	1484
#F4F4F4	#F4F2F9	48138.9	17.5	1484
#F4F4F4	#F4F2F9	48138.5	17.0999999999985	1484
#F4F4F4	#F4F2F9	48138.1	17.5	1484
#DDDDDD	#E4E1F0	48138.6	18	1485
#DDDDDD	#E4E1F0	48139	18.4000000000015	1485
#DDDDDD	#E4E1F0	48139.4	18	1485
#DDDDDD	#E4E1F0	48139	17.5999999999985	1485
#DDDDDD	#E4E1F0	48138.6	18	1485
#E5E5E5	#E8E4F2	48139.1	18.5	1486
#E5E5E5	#E8E4F2	48139.5	18.9000000000015	1486
#E5E5E5	#E8E4F2	48139.9	18.5	1486
#E5E5E5	#E8E4F2	48139.5	18.0999999999985	1486
#E5E5E5	#E8E4F2	48139.1	18.5	1486
#FBFBFB	#F9F9FC	48139.6	19	1487
#FBFBFB	#F9F9FC	48140	19.4000000000015	1487
#FBFBFB	#F9F9FC	48140.4	19	1487
#FBFBFB	#F9F9FC	48140	18.5999999999985	1487
#FBFBFB	#F9F9FC	48139.6	19	1487
#FAFAFA	#FBF7F6	48140.1	19.5	1488
#FAFAFA	#FBF7F6	48140.5	19.9000000000015	1488
#FAFAFA	#FBF7F6	48140.9	19.5	1488
#FAFAFA	#FBF7F6	48140.5	19.0999999999985	1488
#FAFAFA	#FBF7F6	48140.1	19.5	1488
#FBFBFB	#F9F8FC	48140.6	20	1489
#FBFBFB	#F9F8FC	48141	20.4000000000015	1489
#FBFBFB	#F9F8FC	48141.4	20	1489
#FBFBFB	#F9F8FC	48141	19.5999999999985	1489
#FBFBFB	#F9F8FC	48140.6	20	1489
#FDFDFD	#FEFCFB	48141.1	20.5	1490
#FDFDFD	#FEFCFB	48141.5	20.9000000000015	1490
#FDFDFD	#FEFCFB	48141.9	20.5	1490
#FDFDFD	#FEFCFB	48141.5	20.0999999999985	1490
#FDFDFD	#FEFCFB	48141.1	20.5	1490
#FFFFFF	#FEFEFE	48141.6	21	1491
#FFFFFF	#FEFEFE	48142	21.4000000000015	1491
#FFFFFF	#FEFEFE	48142.4	21	1491
#FFFFFF	#FEFEFE	48142	20.5999999999985	1491
#FFFFFF	#FEFEFE	48141.6	21	1491
#F8F8F8	#FAF4F3	48142.1	21.5	1492
#F8F8F8	#FAF4F3	48142.5	21.9000000000015	1492
#F8F8F8	#FAF4F3	48142.9	21.5	1492
#F8F8F8	#FAF4F3	48142.5	21.0999999999985	1492
#F8F8F8	#FAF4F3	48142.1	21.5	1492
#FFFFFF	#FFFFFF	48142.6	22	1493
#FFFFFF	#FFFFFF	48143	22.4000000000015	1493
#FFFFFF	#FFFFFF	48143.4	22	1493
#FFFFFF	#FFFFFF	48143	21.5999999999985	1493
#FFFFFF	#FFFFFF	48142.6	22	1493
#FCFCFC	#F7F5FA	48143.1	22.5	1494
#FCFCFC	#F7F5FA	48143.5	22.9000000000015	1494
#FCFCFC	#F7F5FA	48143.9	22.5	1494
#FCFCFC	#F7F5FA	48143.5	22.0999999999985	1494
#FCFCFC	#F7F5FA	48143.1	22.5	1494
#FDFDFD	#FDFBFB	48143.6	23	1495
#FDFDFD	#FDFBFB	48144	23.4000000000015	1495
#FDFDFD	#FDFBFB	48144.4	23	1495
#FDFDFD	#FDFBFB	48144	22.5999999999985	1495
#FDFDFD	#FDFBFB	48143.6	23	1495
#F8F8F8	#F5F4FA	48144.1	23.5	1496
#F8F8F8	#F5F4FA	48144.5	23.9000000000015	1496
#F8F8F8	#F5F4FA	48144.9	23.5	1496
#F8F8F8	#F5F4FA	48144.5	23.0999999999985	1496
#F8F8F8	#F5F4FA	48144.1	23.5	1496
#F7F7F7	#F4F3F9	48144.6	24	1497
#F7F7F7	#F4F3F9	48145	24.4000000000015	1497
#F7F7F7	#F4F3F9	48145.4	24	1497
#F7F7F7	#F4F3F9	48145	23.5999999999985	1497
#F7F7F7	#F4F3F9	48144.6	24	1497
#F2F2F2	#F0EEF7	48145.1	24.5	1498
#F2F2F2	#F0EEF7	48145.5	24.9000000000015	1498
#F2F2F2	#F0EEF7	48145.9	24.5	1498
#F2F2F2	#F0EEF7	48145.5	24.0999999999985	1498
#F2F2F2	#F0EEF7	48145.1	24.5	1498
#747474	#F4E5E3	48121.6	0	1499
#747474	#F4E5E3	48122	0.400000000001455	1499
#747474	#F4E5E3	48122.4	0	1499
#747474	#F4E5E3	48122	-0.400000000001455	1499
#747474	#F4E5E3	48121.6	0	1499
#DFDFDF	#FBF5F4	48122.1	0.5	1500
#DFDFDF	#FBF5F4	48122.5	0.900000000001455	1500
#DFDFDF	#FBF5F4	48122.9	0.5	1500
#DFDFDF	#FBF5F4	48122.5	0.0999999999985448	1500
#DFDFDF	#FBF5F4	48122.1	0.5	1500
#F5F5F5	#FDFAFA	48122.6	1	1501
#F5F5F5	#FDFAFA	48123	1.40000000000146	1501
#F5F5F5	#FDFAFA	48123.4	1	1501
#F5F5F5	#FDFAFA	48123	0.599999999998545	1501
#F5F5F5	#FDFAFA	48122.6	1	1501
#EDEDED	#FBF7F6	48123.1	1.5	1502
#EDEDED	#FBF7F6	48123.5	1.90000000000146	1502
#EDEDED	#FBF7F6	48123.9	1.5	1502
#EDEDED	#FBF7F6	48123.5	1.09999999999854	1502
#EDEDED	#FBF7F6	48123.1	1.5	1502
#FCFCFC	#FEFDFC	48123.6	2	1503
#FCFCFC	#FEFDFC	48124	2.40000000000146	1503
#FCFCFC	#FEFDFC	48124.4	2	1503
#FCFCFC	#FEFDFC	48124	1.59999999999854	1503
#FCFCFC	#FEFDFC	48123.6	2	1503
#EEEEEE	#F8F7FB	48124.1	2.5	1504
#EEEEEE	#F8F7FB	48124.5	2.90000000000146	1504
#EEEEEE	#F8F7FB	48124.9	2.5	1504
#EEEEEE	#F8F7FB	48124.5	2.09999999999854	1504
#EEEEEE	#F8F7FB	48124.1	2.5	1504
#C6C6C6	#EEECF6	48124.6	3	1505
#C6C6C6	#EEECF6	48125	3.40000000000146	1505
#C6C6C6	#EEECF6	48125.4	3	1505
#C6C6C6	#EEECF6	48125	2.59999999999855	1505
#C6C6C6	#EEECF6	48124.6	3	1505
#CCCCCC	#EFEDF6	48125.1	3.5	1506
#CCCCCC	#EFEDF6	48125.5	3.90000000000146	1506
#CCCCCC	#EFEDF6	48125.9	3.5	1506
#CCCCCC	#EFEDF6	48125.5	3.09999999999855	1506
#CCCCCC	#EFEDF6	48125.1	3.5	1506
#E6E6E6	#F5F4FA	48125.6	4	1507
#E6E6E6	#F5F4FA	48126	4.40000000000146	1507
#E6E6E6	#F5F4FA	48126.4	4	1507
#E6E6E6	#F5F4FA	48126	3.59999999999855	1507
#E6E6E6	#F5F4FA	48125.6	4	1507
#D1D1D1	#EFEDF6	48126.1	4.5	1508
#D1D1D1	#EFEDF6	48126.5	4.90000000000146	1508
#D1D1D1	#EFEDF6	48126.9	4.5	1508
#D1D1D1	#EFEDF6	48126.5	4.09999999999855	1508
#D1D1D1	#EFEDF6	48126.1	4.5	1508
#CFCFCF	#EFEDF7	48126.6	5	1509
#CFCFCF	#EFEDF7	48127	5.40000000000146	1509
#CFCFCF	#EFEDF7	48127.4	5	1509
#CFCFCF	#EFEDF7	48127	4.59999999999855	1509
#CFCFCF	#EFEDF7	48126.6	5	1509
#FCFCFC	#FDFCFE	48127.1	5.5	1510
#FCFCFC	#FDFCFE	48127.5	5.90000000000146	1510
#FCFCFC	#FDFCFE	48127.9	5.5	1510
#FCFCFC	#FDFCFE	48127.5	5.09999999999855	1510
#FCFCFC	#FDFCFE	48127.1	5.5	1510
#FDFDFD	#FDFCFE	48127.6	6	1511
#FDFDFD	#FDFCFE	48128	6.40000000000146	1511
#FDFDFD	#FDFCFE	48128.4	6	1511
#FDFDFD	#FDFCFE	48128	5.59999999999855	1511
#FDFDFD	#FDFCFE	48127.6	6	1511
#E9E9E9	#F3F1F9	48128.1	6.5	1512
#E9E9E9	#F3F1F9	48128.5	6.90000000000146	1512
#E9E9E9	#F3F1F9	48128.9	6.5	1512
#E9E9E9	#F3F1F9	48128.5	6.09999999999855	1512
#E9E9E9	#F3F1F9	48128.1	6.5	1512
#FEFEFE	#FEFEFE	48128.6	7	1513
#FEFEFE	#FEFEFE	48129	7.40000000000146	1513
#FEFEFE	#FEFEFE	48129.4	7	1513
#FEFEFE	#FEFEFE	48129	6.59999999999855	1513
#FEFEFE	#FEFEFE	48128.6	7	1513
#FBFBFB	#FBFBFD	48129.1	7.5	1514
#FBFBFB	#FBFBFD	48129.5	7.90000000000146	1514
#FBFBFB	#FBFBFD	48129.9	7.5	1514
#FBFBFB	#FBFBFD	48129.5	7.09999999999855	1514
#FBFBFB	#FBFBFD	48129.1	7.5	1514
#CACACA	#E7E4F2	48129.6	8	1515
#CACACA	#E7E4F2	48130	8.40000000000146	1515
#CACACA	#E7E4F2	48130.4	8	1515
#CACACA	#E7E4F2	48130	7.59999999999855	1515
#CACACA	#E7E4F2	48129.6	8	1515
#ECECEC	#F2F1F8	48130.1	8.5	1516
#ECECEC	#F2F1F8	48130.5	8.90000000000146	1516
#ECECEC	#F2F1F8	48130.9	8.5	1516
#ECECEC	#F2F1F8	48130.5	8.09999999999855	1516
#ECECEC	#F2F1F8	48130.1	8.5	1516
#F2F2F2	#F5F3F9	48130.6	9	1517
#F2F2F2	#F5F3F9	48131	9.40000000000146	1517
#F2F2F2	#F5F3F9	48131.4	9	1517
#F2F2F2	#F5F3F9	48131	8.59999999999855	1517
#F2F2F2	#F5F3F9	48130.6	9	1517
#FDFDFD	#FCFCFE	48131.1	9.5	1518
#FDFDFD	#FCFCFE	48131.5	9.90000000000146	1518
#FDFDFD	#FCFCFE	48131.9	9.5	1518
#FDFDFD	#FCFCFE	48131.5	9.09999999999854	1518
#FDFDFD	#FCFCFE	48131.1	9.5	1518
#F8F8F8	#F7F6FB	48131.6	10	1519
#F8F8F8	#F7F6FB	48132	10.4000000000015	1519
#F8F8F8	#F7F6FB	48132.4	10	1519
#F8F8F8	#F7F6FB	48132	9.59999999999854	1519
#F8F8F8	#F7F6FB	48131.6	10	1519
#F0F0F0	#F2F0F8	48132.1	10.5	1520
#F0F0F0	#F2F0F8	48132.5	10.9000000000015	1520
#F0F0F0	#F2F0F8	48132.9	10.5	1520
#F0F0F0	#F2F0F8	48132.5	10.0999999999985	1520
#F0F0F0	#F2F0F8	48132.1	10.5	1520
#F8F8F8	#FBF6F5	48132.6	11	1521
#F8F8F8	#FBF6F5	48133	11.4000000000015	1521
#F8F8F8	#FBF6F5	48133.4	11	1521
#F8F8F8	#FBF6F5	48133	10.5999999999985	1521
#F8F8F8	#FBF6F5	48132.6	11	1521
#FAFAFA	#F8F7FB	48133.1	11.5	1522
#FAFAFA	#F8F7FB	48133.5	11.9000000000015	1522
#FAFAFA	#F8F7FB	48133.9	11.5	1522
#FAFAFA	#F8F7FB	48133.5	11.0999999999985	1522
#FAFAFA	#F8F7FB	48133.1	11.5	1522
#F5F5F5	#F4F2F9	48133.6	12	1523
#F5F5F5	#F4F2F9	48134	12.4000000000015	1523
#F5F5F5	#F4F2F9	48134.4	12	1523
#F5F5F5	#F4F2F9	48134	11.5999999999985	1523
#F5F5F5	#F4F2F9	48133.6	12	1523
#E0E0E0	#E4E0F0	48134.1	12.5	1524
#E0E0E0	#E4E0F0	48134.5	12.9000000000015	1524
#E0E0E0	#E4E0F0	48134.9	12.5	1524
#E0E0E0	#E4E0F0	48134.5	12.0999999999985	1524
#E0E0E0	#E4E0F0	48134.1	12.5	1524
#FDFDFD	#FDFBFB	48134.6	13	1525
#FDFDFD	#FDFBFB	48135	13.4000000000015	1525
#FDFDFD	#FDFBFB	48135.4	13	1525
#FDFDFD	#FDFBFB	48135	12.5999999999985	1525
#FDFDFD	#FDFBFB	48134.6	13	1525
#FEFEFE	#FCFCFD	48135.1	13.5	1526
#FEFEFE	#FCFCFD	48135.5	13.9000000000015	1526
#FEFEFE	#FCFCFD	48135.9	13.5	1526
#FEFEFE	#FCFCFD	48135.5	13.0999999999985	1526
#FEFEFE	#FCFCFD	48135.1	13.5	1526
#E5E5E5	#E7E4F2	48135.6	14	1527
#E5E5E5	#E7E4F2	48136	14.4000000000015	1527
#E5E5E5	#E7E4F2	48136.4	14	1527
#E5E5E5	#E7E4F2	48136	13.5999999999985	1527
#E5E5E5	#E7E4F2	48135.6	14	1527
#CACACA	#DBD6EC	48136.1	14.5	1528
#CACACA	#DBD6EC	48136.5	14.9000000000015	1528
#CACACA	#DBD6EC	48136.9	14.5	1528
#CACACA	#DBD6EC	48136.5	14.0999999999985	1528
#CACACA	#DBD6EC	48136.1	14.5	1528
#D4D4D4	#E0DBEE	48136.6	15	1529
#D4D4D4	#E0DBEE	48137	15.4000000000015	1529
#D4D4D4	#E0DBEE	48137.4	15	1529
#D4D4D4	#E0DBEE	48137	14.5999999999985	1529
#D4D4D4	#E0DBEE	48136.6	15	1529
#EFEFEF	#EEECF6	48137.1	15.5	1530
#EFEFEF	#EEECF6	48137.5	15.9000000000015	1530
#EFEFEF	#EEECF6	48137.9	15.5	1530
#EFEFEF	#EEECF6	48137.5	15.0999999999985	1530
#EFEFEF	#EEECF6	48137.1	15.5	1530
#E7E7E7	#EAE7F3	48137.6	16	1531
#E7E7E7	#EAE7F3	48138	16.4000000000015	1531
#E7E7E7	#EAE7F3	48138.4	16	1531
#E7E7E7	#EAE7F3	48138	15.5999999999985	1531
#E7E7E7	#EAE7F3	48137.6	16	1531
#CACACA	#E1DDEF	48138.1	16.5	1532
#CACACA	#E1DDEF	48138.5	16.9000000000015	1532
#CACACA	#E1DDEF	48138.9	16.5	1532
#CACACA	#E1DDEF	48138.5	16.0999999999985	1532
#CACACA	#E1DDEF	48138.1	16.5	1532
#E6E6E6	#E9E6F3	48138.6	17	1533
#E6E6E6	#E9E6F3	48139	17.4000000000015	1533
#E6E6E6	#E9E6F3	48139.4	17	1533
#E6E6E6	#E9E6F3	48139	16.5999999999985	1533
#E6E6E6	#E9E6F3	48138.6	17	1533
#F1F1F1	#F0EEF7	48139.1	17.5	1534
#F1F1F1	#F0EEF7	48139.5	17.9000000000015	1534
#F1F1F1	#F0EEF7	48139.9	17.5	1534
#F1F1F1	#F0EEF7	48139.5	17.0999999999985	1534
#F1F1F1	#F0EEF7	48139.1	17.5	1534
#DBDBDB	#E4E0F0	48139.6	18	1535
#DBDBDB	#E4E0F0	48140	18.4000000000015	1535
#DBDBDB	#E4E0F0	48140.4	18	1535
#DBDBDB	#E4E0F0	48140	17.5999999999985	1535
#DBDBDB	#E4E0F0	48139.6	18	1535
#F4F4F4	#F2F0F8	48140.1	18.5	1536
#F4F4F4	#F2F0F8	48140.5	18.9000000000015	1536
#F4F4F4	#F2F0F8	48140.9	18.5	1536
#F4F4F4	#F2F0F8	48140.5	18.0999999999985	1536
#F4F4F4	#F2F0F8	48140.1	18.5	1536
#F1F1F1	#EFECF6	48140.6	19	1537
#F1F1F1	#EFECF6	48141	19.4000000000015	1537
#F1F1F1	#EFECF6	48141.4	19	1537
#F1F1F1	#EFECF6	48141	18.5999999999985	1537
#F1F1F1	#EFECF6	48140.6	19	1537
#FFFFFF	#FEFEFF	48141.1	19.5	1538
#FFFFFF	#FEFEFF	48141.5	19.9000000000015	1538
#FFFFFF	#FEFEFF	48141.9	19.5	1538
#FFFFFF	#FEFEFF	48141.5	19.0999999999985	1538
#FFFFFF	#FEFEFF	48141.1	19.5	1538
#FFFFFF	#FEFEFF	48141.6	20	1539
#FFFFFF	#FEFEFF	48142	20.4000000000015	1539
#FFFFFF	#FEFEFF	48142.4	20	1539
#FFFFFF	#FEFEFF	48142	19.5999999999985	1539
#FFFFFF	#FEFEFF	48141.6	20	1539
#FAFAFA	#F6F5FA	48142.1	20.5	1540
#FAFAFA	#F6F5FA	48142.5	20.9000000000015	1540
#FAFAFA	#F6F5FA	48142.9	20.5	1540
#FAFAFA	#F6F5FA	48142.5	20.0999999999985	1540
#FAFAFA	#F6F5FA	48142.1	20.5	1540
#FCFCFC	#FAFAFC	48142.6	21	1541
#FCFCFC	#FAFAFC	48143	21.4000000000015	1541
#FCFCFC	#FAFAFC	48143.4	21	1541
#FCFCFC	#FAFAFC	48143	20.5999999999985	1541
#FCFCFC	#FAFAFC	48142.6	21	1541
#FCFCFC	#F9F8FC	48143.1	21.5	1542
#FCFCFC	#F9F8FC	48143.5	21.9000000000015	1542
#FCFCFC	#F9F8FC	48143.9	21.5	1542
#FCFCFC	#F9F8FC	48143.5	21.0999999999985	1542
#FCFCFC	#F9F8FC	48143.1	21.5	1542
#FFFFFF	#FDFDFE	48143.6	22	1543
#FFFFFF	#FDFDFE	48144	22.4000000000015	1543
#FFFFFF	#FDFDFE	48144.4	22	1543
#FFFFFF	#FDFDFE	48144	21.5999999999985	1543
#FFFFFF	#FDFDFE	48143.6	22	1543
#FCFCFC	#FAF9FC	48144.1	22.5	1544
#FCFCFC	#FAF9FC	48144.5	22.9000000000015	1544
#FCFCFC	#FAF9FC	48144.9	22.5	1544
#FCFCFC	#FAF9FC	48144.5	22.0999999999985	1544
#FCFCFC	#FAF9FC	48144.1	22.5	1544
#F9F9F9	#F5F4FA	48144.6	23	1545
#F9F9F9	#F5F4FA	48145	23.4000000000015	1545
#F9F9F9	#F5F4FA	48145.4	23	1545
#F9F9F9	#F5F4FA	48145	22.5999999999985	1545
#F9F9F9	#F5F4FA	48144.6	23	1545
#FDFDFD	#FDFBFB	48145.1	23.5	1546
#FDFDFD	#FDFBFB	48145.5	23.9000000000015	1546
#FDFDFD	#FDFBFB	48145.9	23.5	1546
#FDFDFD	#FDFBFB	48145.5	23.0999999999985	1546
#FDFDFD	#FDFBFB	48145.1	23.5	1546
#F9F9F9	#F6F5FA	48145.6	24	1547
#F9F9F9	#F6F5FA	48146	24.4000000000015	1547
#F9F9F9	#F6F5FA	48146.4	24	1547
#F9F9F9	#F6F5FA	48146	23.5999999999985	1547
#F9F9F9	#F6F5FA	48145.6	24	1547
#FFFFFF	#FFFFFF	48146.1	24.5	1548
#FFFFFF	#FFFFFF	48146.5	24.9000000000015	1548
#FFFFFF	#FFFFFF	48146.9	24.5	1548
#FFFFFF	#FFFFFF	48146.5	24.0999999999985	1548
#FFFFFF	#FFFFFF	48146.1	24.5	1548
#7F7F7F	#F4E7E5	48122.6	0	1549
#7F7F7F	#F4E7E5	48123	0.400000000001455	1549
#7F7F7F	#F4E7E5	48123.4	0	1549
#7F7F7F	#F4E7E5	48123	-0.400000000001455	1549
#7F7F7F	#F4E7E5	48122.6	0	1549
#EBEBEB	#FCF8F7	48123.1	0.5	1550
#EBEBEB	#FCF8F7	48123.5	0.900000000001455	1550
#EBEBEB	#FCF8F7	48123.9	0.5	1550
#EBEBEB	#FCF8F7	48123.5	0.0999999999985448	1550
#EBEBEB	#FCF8F7	48123.1	0.5	1550
#E8E8E8	#FBF6F5	48123.6	1	1551
#E8E8E8	#FBF6F5	48124	1.40000000000146	1551
#E8E8E8	#FBF6F5	48124.4	1	1551
#E8E8E8	#FBF6F5	48124	0.599999999998545	1551
#E8E8E8	#FBF6F5	48123.6	1	1551
#F0F0F0	#FCF8F7	48124.1	1.5	1552
#F0F0F0	#FCF8F7	48124.5	1.90000000000146	1552
#F0F0F0	#FCF8F7	48124.9	1.5	1552
#F0F0F0	#FCF8F7	48124.5	1.09999999999854	1552
#F0F0F0	#FCF8F7	48124.1	1.5	1552
#F8F8F8	#FBFBFD	48124.6	2	1553
#F8F8F8	#FBFBFD	48125	2.40000000000146	1553
#F8F8F8	#FBFBFD	48125.4	2	1553
#F8F8F8	#FBFBFD	48125	1.59999999999854	1553
#F8F8F8	#FBFBFD	48124.6	2	1553
#DADADA	#F2F0F8	48125.1	2.5	1554
#DADADA	#F2F0F8	48125.5	2.90000000000146	1554
#DADADA	#F2F0F8	48125.9	2.5	1554
#DADADA	#F2F0F8	48125.5	2.09999999999854	1554
#DADADA	#F2F0F8	48125.1	2.5	1554
#DCDCDC	#F3F1F9	48125.6	3	1555
#DCDCDC	#F3F1F9	48126	3.40000000000146	1555
#DCDCDC	#F3F1F9	48126.4	3	1555
#DCDCDC	#F3F1F9	48126	2.59999999999855	1555
#DCDCDC	#F3F1F9	48125.6	3	1555
#E1E1E1	#F4F2F9	48126.1	3.5	1556
#E1E1E1	#F4F2F9	48126.5	3.90000000000146	1556
#E1E1E1	#F4F2F9	48126.9	3.5	1556
#E1E1E1	#F4F2F9	48126.5	3.09999999999855	1556
#E1E1E1	#F4F2F9	48126.1	3.5	1556
#E4E4E4	#F4F2F9	48126.6	4	1557
#E4E4E4	#F4F2F9	48127	4.40000000000146	1557
#E4E4E4	#F4F2F9	48127.4	4	1557
#E4E4E4	#F4F2F9	48127	3.59999999999855	1557
#E4E4E4	#F4F2F9	48126.6	4	1557
#E9E9E9	#F5F4FA	48127.1	4.5	1558
#E9E9E9	#F5F4FA	48127.5	4.90000000000146	1558
#E9E9E9	#F5F4FA	48127.9	4.5	1558
#E9E9E9	#F5F4FA	48127.5	4.09999999999855	1558
#E9E9E9	#F5F4FA	48127.1	4.5	1558
#FEFEFE	#FFFEFE	48127.6	5	1559
#FEFEFE	#FFFEFE	48128	5.40000000000146	1559
#FEFEFE	#FFFEFE	48128.4	5	1559
#FEFEFE	#FFFEFE	48128	4.59999999999855	1559
#FEFEFE	#FFFEFE	48127.6	5	1559
#FBFBFB	#FDFAFA	48128.1	5.5	1560
#FBFBFB	#FDFAFA	48128.5	5.90000000000146	1560
#FBFBFB	#FDFAFA	48128.9	5.5	1560
#FBFBFB	#FDFAFA	48128.5	5.09999999999855	1560
#FBFBFB	#FDFAFA	48128.1	5.5	1560
#EFEFEF	#F5F4FA	48128.6	6	1561
#EFEFEF	#F5F4FA	48129	6.40000000000146	1561
#EFEFEF	#F5F4FA	48129.4	6	1561
#EFEFEF	#F5F4FA	48129	5.59999999999855	1561
#EFEFEF	#F5F4FA	48128.6	6	1561
#F3F3F3	#F7F6FB	48129.1	6.5	1562
#F3F3F3	#F7F6FB	48129.5	6.90000000000146	1562
#F3F3F3	#F7F6FB	48129.9	6.5	1562
#F3F3F3	#F7F6FB	48129.5	6.09999999999855	1562
#F3F3F3	#F7F6FB	48129.1	6.5	1562
#ECECEC	#F3F1F9	48129.6	7	1563
#ECECEC	#F3F1F9	48130	7.40000000000146	1563
#ECECEC	#F3F1F9	48130.4	7	1563
#ECECEC	#F3F1F9	48130	6.59999999999855	1563
#ECECEC	#F3F1F9	48129.6	7	1563
#DBDBDB	#ECEAF5	48130.1	7.5	1564
#DBDBDB	#ECEAF5	48130.5	7.90000000000146	1564
#DBDBDB	#ECEAF5	48130.9	7.5	1564
#DBDBDB	#ECEAF5	48130.5	7.09999999999855	1564
#DBDBDB	#ECEAF5	48130.1	7.5	1564
#E0E0E0	#EDEAF5	48130.6	8	1565
#E0E0E0	#EDEAF5	48131	8.40000000000146	1565
#E0E0E0	#EDEAF5	48131.4	8	1565
#E0E0E0	#EDEAF5	48131	7.59999999999855	1565
#E0E0E0	#EDEAF5	48130.6	8	1565
#E5E5E5	#EEEBF6	48131.1	8.5	1566
#E5E5E5	#EEEBF6	48131.5	8.90000000000146	1566
#E5E5E5	#EEEBF6	48131.9	8.5	1566
#E5E5E5	#EEEBF6	48131.5	8.09999999999855	1566
#E5E5E5	#EEEBF6	48131.1	8.5	1566
#F3F3F3	#F4F2F9	48131.6	9	1567
#F3F3F3	#F4F2F9	48132	9.40000000000146	1567
#F3F3F3	#F4F2F9	48132.4	9	1567
#F3F3F3	#F4F2F9	48132	8.59999999999855	1567
#F3F3F3	#F4F2F9	48131.6	9	1567
#FBFBFB	#F9F9FC	48132.1	9.5	1568
#FBFBFB	#F9F9FC	48132.5	9.90000000000146	1568
#FBFBFB	#F9F9FC	48132.9	9.5	1568
#FBFBFB	#F9F9FC	48132.5	9.09999999999854	1568
#FBFBFB	#F9F9FC	48132.1	9.5	1568
#D7D7D7	#E4E0F0	48132.6	10	1569
#D7D7D7	#E4E0F0	48133	10.4000000000015	1569
#D7D7D7	#E4E0F0	48133.4	10	1569
#D7D7D7	#E4E0F0	48133	9.59999999999854	1569
#D7D7D7	#E4E0F0	48132.6	10	1569
#EFEFEF	#F0EEF7	48133.1	10.5	1570
#EFEFEF	#F0EEF7	48133.5	10.9000000000015	1570
#EFEFEF	#F0EEF7	48133.9	10.5	1570
#EFEFEF	#F0EEF7	48133.5	10.0999999999985	1570
#EFEFEF	#F0EEF7	48133.1	10.5	1570
#F4F4F4	#F2F0F8	48133.6	11	1571
#F4F4F4	#F2F0F8	48134	11.4000000000015	1571
#F4F4F4	#F2F0F8	48134.4	11	1571
#F4F4F4	#F2F0F8	48134	10.5999999999985	1571
#F4F4F4	#F2F0F8	48133.6	11	1571
#FAFAFA	#F8F7FB	48134.1	11.5	1572
#FAFAFA	#F8F7FB	48134.5	11.9000000000015	1572
#FAFAFA	#F8F7FB	48134.9	11.5	1572
#FAFAFA	#F8F7FB	48134.5	11.0999999999985	1572
#FAFAFA	#F8F7FB	48134.1	11.5	1572
#F6F6F6	#F4F2F9	48134.6	12	1573
#F6F6F6	#F4F2F9	48135	12.4000000000015	1573
#F6F6F6	#F4F2F9	48135.4	12	1573
#F6F6F6	#F4F2F9	48135	11.5999999999985	1573
#F6F6F6	#F4F2F9	48134.6	12	1573
#FBFBFB	#F7F6FB	48135.1	12.5	1574
#FBFBFB	#F7F6FB	48135.5	12.9000000000015	1574
#FBFBFB	#F7F6FB	48135.9	12.5	1574
#FBFBFB	#F7F6FB	48135.5	12.0999999999985	1574
#FBFBFB	#F7F6FB	48135.1	12.5	1574
#EBEBEB	#EAE7F3	48135.6	13	1575
#EBEBEB	#EAE7F3	48136	13.4000000000015	1575
#EBEBEB	#EAE7F3	48136.4	13	1575
#EBEBEB	#EAE7F3	48136	12.5999999999985	1575
#EBEBEB	#EAE7F3	48135.6	13	1575
#ECECEC	#EDEAF5	48136.1	13.5	1576
#ECECEC	#EDEAF5	48136.5	13.9000000000015	1576
#ECECEC	#EDEAF5	48136.9	13.5	1576
#ECECEC	#EDEAF5	48136.5	13.0999999999985	1576
#ECECEC	#EDEAF5	48136.1	13.5	1576
#BFBFBF	#D7D2E9	48136.6	14	1577
#BFBFBF	#D7D2E9	48137	14.4000000000015	1577
#BFBFBF	#D7D2E9	48137.4	14	1577
#BFBFBF	#D7D2E9	48137	13.5999999999985	1577
#BFBFBF	#D7D2E9	48136.6	14	1577
#D5D5D5	#E0DBEE	48137.1	14.5	1578
#D5D5D5	#E0DBEE	48137.5	14.9000000000015	1578
#D5D5D5	#E0DBEE	48137.9	14.5	1578
#D5D5D5	#E0DBEE	48137.5	14.0999999999985	1578
#D5D5D5	#E0DBEE	48137.1	14.5	1578
#BDBDBD	#D0CAE6	48137.6	15	1579
#BDBDBD	#D0CAE6	48138	15.4000000000015	1579
#BDBDBD	#D0CAE6	48138.4	15	1579
#BDBDBD	#D0CAE6	48138	14.5999999999985	1579
#BDBDBD	#D0CAE6	48137.6	15	1579
#CACACA	#DAD6EB	48138.1	15.5	1580
#CACACA	#DAD6EB	48138.5	15.9000000000015	1580
#CACACA	#DAD6EB	48138.9	15.5	1580
#CACACA	#DAD6EB	48138.5	15.0999999999985	1580
#CACACA	#DAD6EB	48138.1	15.5	1580
#E0E0E0	#E9E6F3	48138.6	16	1581
#E0E0E0	#E9E6F3	48139	16.4000000000015	1581
#E0E0E0	#E9E6F3	48139.4	16	1581
#E0E0E0	#E9E6F3	48139	15.5999999999985	1581
#E0E0E0	#E9E6F3	48138.6	16	1581
#DDDDDD	#E3DFF0	48139.1	16.5	1582
#DDDDDD	#E3DFF0	48139.5	16.9000000000015	1582
#DDDDDD	#E3DFF0	48139.9	16.5	1582
#DDDDDD	#E3DFF0	48139.5	16.0999999999985	1582
#DDDDDD	#E3DFF0	48139.1	16.5	1582
#C2C2C2	#D6D1E9	48139.6	17	1583
#C2C2C2	#D6D1E9	48140	17.4000000000015	1583
#C2C2C2	#D6D1E9	48140.4	17	1583
#C2C2C2	#D6D1E9	48140	16.5999999999985	1583
#C2C2C2	#D6D1E9	48139.6	17	1583
#D7D7D7	#DFDBEE	48140.1	17.5	1584
#D7D7D7	#DFDBEE	48140.5	17.9000000000015	1584
#D7D7D7	#DFDBEE	48140.9	17.5	1584
#D7D7D7	#DFDBEE	48140.5	17.0999999999985	1584
#D7D7D7	#DFDBEE	48140.1	17.5	1584
#EFEFEF	#EDEAF5	48140.6	18	1585
#EFEFEF	#EDEAF5	48141	18.4000000000015	1585
#EFEFEF	#EDEAF5	48141.4	18	1585
#EFEFEF	#EDEAF5	48141	17.5999999999985	1585
#EFEFEF	#EDEAF5	48140.6	18	1585
#FCFCFC	#F9F8FC	48141.1	18.5	1586
#FCFCFC	#F9F8FC	48141.5	18.9000000000015	1586
#FCFCFC	#F9F8FC	48141.9	18.5	1586
#FCFCFC	#F9F8FC	48141.5	18.0999999999985	1586
#FCFCFC	#F9F8FC	48141.1	18.5	1586
#FCFCFC	#FCF8F7	48141.6	19	1587
#FCFCFC	#FCF8F7	48142	19.4000000000015	1587
#FCFCFC	#FCF8F7	48142.4	19	1587
#FCFCFC	#FCF8F7	48142	18.5999999999985	1587
#FCFCFC	#FCF8F7	48141.6	19	1587
#FFFFFF	#FFFFFF	48142.1	19.5	1588
#FFFFFF	#FFFFFF	48142.5	19.9000000000015	1588
#FFFFFF	#FFFFFF	48142.9	19.5	1588
#FFFFFF	#FFFFFF	48142.5	19.0999999999985	1588
#FFFFFF	#FFFFFF	48142.1	19.5	1588
#EEEEEE	#EAE7F4	48142.6	20	1589
#EEEEEE	#EAE7F4	48143	20.4000000000015	1589
#EEEEEE	#EAE7F4	48143.4	20	1589
#EEEEEE	#EAE7F4	48143	19.5999999999985	1589
#EEEEEE	#EAE7F4	48142.6	20	1589
#F8F8F8	#F4F3F9	48143.1	20.5	1590
#F8F8F8	#F4F3F9	48143.5	20.9000000000015	1590
#F8F8F8	#F4F3F9	48143.9	20.5	1590
#F8F8F8	#F4F3F9	48143.5	20.0999999999985	1590
#F8F8F8	#F4F3F9	48143.1	20.5	1590
#F9F9F9	#F6F5FA	48143.6	21	1591
#F9F9F9	#F6F5FA	48144	21.4000000000015	1591
#F9F9F9	#F6F5FA	48144.4	21	1591
#F9F9F9	#F6F5FA	48144	20.5999999999985	1591
#F9F9F9	#F6F5FA	48143.6	21	1591
#F6F6F6	#E8E5F3	48144.1	21.5	1592
#F6F6F6	#E8E5F3	48144.5	21.9000000000015	1592
#F6F6F6	#E8E5F3	48144.9	21.5	1592
#F6F6F6	#E8E5F3	48144.5	21.0999999999985	1592
#F6F6F6	#E8E5F3	48144.1	21.5	1592
#F7F7F7	#F4F2F9	48144.6	22	1593
#F7F7F7	#F4F2F9	48145	22.4000000000015	1593
#F7F7F7	#F4F2F9	48145.4	22	1593
#F7F7F7	#F4F2F9	48145	21.5999999999985	1593
#F7F7F7	#F4F2F9	48144.6	22	1593
#F7F7F7	#F4F2F9	48145.1	22.5	1594
#F7F7F7	#F4F2F9	48145.5	22.9000000000015	1594
#F7F7F7	#F4F2F9	48145.9	22.5	1594
#F7F7F7	#F4F2F9	48145.5	22.0999999999985	1594
#F7F7F7	#F4F2F9	48145.1	22.5	1594
#FCFCFC	#FAF9FC	48145.6	23	1595
#FCFCFC	#FAF9FC	48146	23.4000000000015	1595
#FCFCFC	#FAF9FC	48146.4	23	1595
#FCFCFC	#FAF9FC	48146	22.5999999999985	1595
#FCFCFC	#FAF9FC	48145.6	23	1595
#F5F5F5	#F0EEF7	48146.1	23.5	1596
#F5F5F5	#F0EEF7	48146.5	23.9000000000015	1596
#F5F5F5	#F0EEF7	48146.9	23.5	1596
#F5F5F5	#F0EEF7	48146.5	23.0999999999985	1596
#F5F5F5	#F0EEF7	48146.1	23.5	1596
#FCFCFC	#F9F8FC	48146.6	24	1597
#FCFCFC	#F9F8FC	48147	24.4000000000015	1597
#FCFCFC	#F9F8FC	48147.4	24	1597
#FCFCFC	#F9F8FC	48147	23.5999999999985	1597
#FCFCFC	#F9F8FC	48146.6	24	1597
#FCFCFC	#FBF7F6	48147.1	24.5	1598
#FCFCFC	#FBF7F6	48147.5	24.9000000000015	1598
#FCFCFC	#FBF7F6	48147.9	24.5	1598
#FCFCFC	#FBF7F6	48147.5	24.0999999999985	1598
#FCFCFC	#FBF7F6	48147.1	24.5	1598
#838383	#F5E8E6	48123.6	0	1599
#838383	#F5E8E6	48124	0.400000000001455	1599
#838383	#F5E8E6	48124.4	0	1599
#838383	#F5E8E6	48124	-0.400000000001455	1599
#838383	#F5E8E6	48123.6	0	1599
#D1D1D1	#FAF3F2	48124.1	0.5	1600
#D1D1D1	#FAF3F2	48124.5	0.900000000001455	1600
#D1D1D1	#FAF3F2	48124.9	0.5	1600
#D1D1D1	#FAF3F2	48124.5	0.0999999999985448	1600
#D1D1D1	#FAF3F2	48124.1	0.5	1600
#D9D9D9	#FAF4F3	48124.6	1	1601
#D9D9D9	#FAF4F3	48125	1.40000000000146	1601
#D9D9D9	#FAF4F3	48125.4	1	1601
#D9D9D9	#FAF4F3	48125	0.599999999998545	1601
#D9D9D9	#FAF4F3	48124.6	1	1601
#FFFFFF	#FFFFFF	48125.1	1.5	1602
#FFFFFF	#FFFFFF	48125.5	1.90000000000146	1602
#FFFFFF	#FFFFFF	48125.9	1.5	1602
#FFFFFF	#FFFFFF	48125.5	1.09999999999854	1602
#FFFFFF	#FFFFFF	48125.1	1.5	1602
#F7F7F7	#FBFAFD	48125.6	2	1603
#F7F7F7	#FBFAFD	48126	2.40000000000146	1603
#F7F7F7	#FBFAFD	48126.4	2	1603
#F7F7F7	#FBFAFD	48126	1.59999999999854	1603
#F7F7F7	#FBFAFD	48125.6	2	1603
#FBFBFB	#FDFDFE	48126.1	2.5	1604
#FBFBFB	#FDFDFE	48126.5	2.90000000000146	1604
#FBFBFB	#FDFDFE	48126.9	2.5	1604
#FBFBFB	#FDFDFE	48126.5	2.09999999999854	1604
#FBFBFB	#FDFDFE	48126.1	2.5	1604
#FEFEFE	#FFFEFE	48126.6	3	1605
#FEFEFE	#FFFEFE	48127	3.40000000000146	1605
#FEFEFE	#FFFEFE	48127.4	3	1605
#FEFEFE	#FFFEFE	48127	2.59999999999855	1605
#FEFEFE	#FFFEFE	48126.6	3	1605
#FCFCFC	#FDFCFE	48127.1	3.5	1606
#FCFCFC	#FDFCFE	48127.5	3.90000000000146	1606
#FCFCFC	#FDFCFE	48127.9	3.5	1606
#FCFCFC	#FDFCFE	48127.5	3.09999999999855	1606
#FCFCFC	#FDFCFE	48127.1	3.5	1606
#E2E2E2	#F4F3F9	48127.6	4	1607
#E2E2E2	#F4F3F9	48128	4.40000000000146	1607
#E2E2E2	#F4F3F9	48128.4	4	1607
#E2E2E2	#F4F3F9	48128	3.59999999999855	1607
#E2E2E2	#F4F3F9	48127.6	4	1607
#FEFEFE	#FFFEFE	48128.1	4.5	1608
#FEFEFE	#FFFEFE	48128.5	4.90000000000146	1608
#FEFEFE	#FFFEFE	48128.9	4.5	1608
#FEFEFE	#FFFEFE	48128.5	4.09999999999855	1608
#FEFEFE	#FFFEFE	48128.1	4.5	1608
#F6F6F6	#FCF8F7	48128.6	5	1609
#F6F6F6	#FCF8F7	48129	5.40000000000146	1609
#F6F6F6	#FCF8F7	48129.4	5	1609
#F6F6F6	#FCF8F7	48129	4.59999999999855	1609
#F6F6F6	#FCF8F7	48128.6	5	1609
#FBFBFB	#FCFBFD	48129.1	5.5	1610
#FBFBFB	#FCFBFD	48129.5	5.90000000000146	1610
#FBFBFB	#FCFBFD	48129.9	5.5	1610
#FBFBFB	#FCFBFD	48129.5	5.09999999999855	1610
#FBFBFB	#FCFBFD	48129.1	5.5	1610
#FCFCFC	#FCFCFD	48129.6	6	1611
#FCFCFC	#FCFCFD	48130	6.40000000000146	1611
#FCFCFC	#FCFCFD	48130.4	6	1611
#FCFCFC	#FCFCFD	48130	5.59999999999855	1611
#FCFCFC	#FCFCFD	48129.6	6	1611
#F2F2F2	#F7F6FB	48130.1	6.5	1612
#F2F2F2	#F7F6FB	48130.5	6.90000000000146	1612
#F2F2F2	#F7F6FB	48130.9	6.5	1612
#F2F2F2	#F7F6FB	48130.5	6.09999999999855	1612
#F2F2F2	#F7F6FB	48130.1	6.5	1612
#F7F7F7	#F9F8FC	48130.6	7	1613
#F7F7F7	#F9F8FC	48131	7.40000000000146	1613
#F7F7F7	#F9F8FC	48131.4	7	1613
#F7F7F7	#F9F8FC	48131	6.59999999999855	1613
#F7F7F7	#F9F8FC	48130.6	7	1613
#F8F8F8	#F9F8FC	48131.1	7.5	1614
#F8F8F8	#F9F8FC	48131.5	7.90000000000146	1614
#F8F8F8	#F9F8FC	48131.9	7.5	1614
#F8F8F8	#F9F8FC	48131.5	7.09999999999855	1614
#F8F8F8	#F9F8FC	48131.1	7.5	1614
#F6F6F6	#F8F7FB	48131.6	8	1615
#F6F6F6	#F8F7FB	48132	8.40000000000146	1615
#F6F6F6	#F8F7FB	48132.4	8	1615
#F6F6F6	#F8F7FB	48132	7.59999999999855	1615
#F6F6F6	#F8F7FB	48131.6	8	1615
#FFFFFF	#FFFFFF	48132.1	8.5	1616
#FFFFFF	#FFFFFF	48132.5	8.90000000000146	1616
#FFFFFF	#FFFFFF	48132.9	8.5	1616
#FFFFFF	#FFFFFF	48132.5	8.09999999999855	1616
#FFFFFF	#FFFFFF	48132.1	8.5	1616
#F7F7F7	#F7F6FB	48132.6	9	1617
#F7F7F7	#F7F6FB	48133	9.40000000000146	1617
#F7F7F7	#F7F6FB	48133.4	9	1617
#F7F7F7	#F7F6FB	48133	8.59999999999855	1617
#F7F7F7	#F7F6FB	48132.6	9	1617
#F4F4F4	#F5F3FA	48133.1	9.5	1618
#F4F4F4	#F5F3FA	48133.5	9.90000000000146	1618
#F4F4F4	#F5F3FA	48133.9	9.5	1618
#F4F4F4	#F5F3FA	48133.5	9.09999999999854	1618
#F4F4F4	#F5F3FA	48133.1	9.5	1618
#F9F9F9	#F9F8FC	48133.6	10	1619
#F9F9F9	#F9F8FC	48134	10.4000000000015	1619
#F9F9F9	#F9F8FC	48134.4	10	1619
#F9F9F9	#F9F8FC	48134	9.59999999999854	1619
#F9F9F9	#F9F8FC	48133.6	10	1619
#E7E7E7	#ECE9F5	48134.1	10.5	1620
#E7E7E7	#ECE9F5	48134.5	10.9000000000015	1620
#E7E7E7	#ECE9F5	48134.9	10.5	1620
#E7E7E7	#ECE9F5	48134.5	10.0999999999985	1620
#E7E7E7	#ECE9F5	48134.1	10.5	1620
#FAFAFA	#F9F8FC	48134.6	11	1621
#FAFAFA	#F9F8FC	48135	11.4000000000015	1621
#FAFAFA	#F9F8FC	48135.4	11	1621
#FAFAFA	#F9F8FC	48135	10.5999999999985	1621
#FAFAFA	#F9F8FC	48134.6	11	1621
#F7F7F7	#F6F4FA	48135.1	11.5	1622
#F7F7F7	#F6F4FA	48135.5	11.9000000000015	1622
#F7F7F7	#F6F4FA	48135.9	11.5	1622
#F7F7F7	#F6F4FA	48135.5	11.0999999999985	1622
#F7F7F7	#F6F4FA	48135.1	11.5	1622
#F5F5F5	#F4F3F9	48135.6	12	1623
#F5F5F5	#F4F3F9	48136	12.4000000000015	1623
#F5F5F5	#F4F3F9	48136.4	12	1623
#F5F5F5	#F4F3F9	48136	11.5999999999985	1623
#F5F5F5	#F4F3F9	48135.6	12	1623
#F1F1F1	#F0EEF7	48136.1	12.5	1624
#F1F1F1	#F0EEF7	48136.5	12.9000000000015	1624
#F1F1F1	#F0EEF7	48136.9	12.5	1624
#F1F1F1	#F0EEF7	48136.5	12.0999999999985	1624
#F1F1F1	#F0EEF7	48136.1	12.5	1624
#EEEEEE	#EEECF6	48136.6	13	1625
#EEEEEE	#EEECF6	48137	13.4000000000015	1625
#EEEEEE	#EEECF6	48137.4	13	1625
#EEEEEE	#EEECF6	48137	12.5999999999985	1625
#EEEEEE	#EEECF6	48136.6	13	1625
#E3E3E3	#E9E6F3	48137.1	13.5	1626
#E3E3E3	#E9E6F3	48137.5	13.9000000000015	1626
#E3E3E3	#E9E6F3	48137.9	13.5	1626
#E3E3E3	#E9E6F3	48137.5	13.0999999999985	1626
#E3E3E3	#E9E6F3	48137.1	13.5	1626
#D7D7D7	#E4E1F1	48137.6	14	1627
#D7D7D7	#E4E1F1	48138	14.4000000000015	1627
#D7D7D7	#E4E1F1	48138.4	14	1627
#D7D7D7	#E4E1F1	48138	13.5999999999985	1627
#D7D7D7	#E4E1F1	48137.6	14	1627
#ECECEC	#EEEBF6	48138.1	14.5	1628
#ECECEC	#EEEBF6	48138.5	14.9000000000015	1628
#ECECEC	#EEEBF6	48138.9	14.5	1628
#ECECEC	#EEEBF6	48138.5	14.0999999999985	1628
#ECECEC	#EEEBF6	48138.1	14.5	1628
#D3D3D3	#E3E0F0	48138.6	15	1629
#D3D3D3	#E3E0F0	48139	15.4000000000015	1629
#D3D3D3	#E3E0F0	48139.4	15	1629
#D3D3D3	#E3E0F0	48139	14.5999999999985	1629
#D3D3D3	#E3E0F0	48138.6	15	1629
#E1E1E1	#EAE7F4	48139.1	15.5	1630
#E1E1E1	#EAE7F4	48139.5	15.9000000000015	1630
#E1E1E1	#EAE7F4	48139.9	15.5	1630
#E1E1E1	#EAE7F4	48139.5	15.0999999999985	1630
#E1E1E1	#EAE7F4	48139.1	15.5	1630
#E0E0E0	#E8E4F2	48139.6	16	1631
#E0E0E0	#E8E4F2	48140	16.4000000000015	1631
#E0E0E0	#E8E4F2	48140.4	16	1631
#E0E0E0	#E8E4F2	48140	15.5999999999985	1631
#E0E0E0	#E8E4F2	48139.6	16	1631
#DBDBDB	#E5E1F1	48140.1	16.5	1632
#DBDBDB	#E5E1F1	48140.5	16.9000000000015	1632
#DBDBDB	#E5E1F1	48140.9	16.5	1632
#DBDBDB	#E5E1F1	48140.5	16.0999999999985	1632
#DBDBDB	#E5E1F1	48140.1	16.5	1632
#E6E6E6	#EAE7F4	48140.6	17	1633
#E6E6E6	#EAE7F4	48141	17.4000000000015	1633
#E6E6E6	#EAE7F4	48141.4	17	1633
#E6E6E6	#EAE7F4	48141	16.5999999999985	1633
#E6E6E6	#EAE7F4	48140.6	17	1633
#FCFCFC	#FAF9FC	48141.1	17.5	1634
#FCFCFC	#FAF9FC	48141.5	17.9000000000015	1634
#FCFCFC	#FAF9FC	48141.9	17.5	1634
#FCFCFC	#FAF9FC	48141.5	17.0999999999985	1634
#FCFCFC	#FAF9FC	48141.1	17.5	1634
#F7F7F7	#FAF3F2	48141.6	18	1635
#F7F7F7	#FAF3F2	48142	18.4000000000015	1635
#F7F7F7	#FAF3F2	48142.4	18	1635
#F7F7F7	#FAF3F2	48142	17.5999999999985	1635
#F7F7F7	#FAF3F2	48141.6	18	1635
#FDFDFD	#FCFBFD	48142.1	18.5	1636
#FDFDFD	#FCFBFD	48142.5	18.9000000000015	1636
#FDFDFD	#FCFBFD	48142.9	18.5	1636
#FDFDFD	#FCFBFD	48142.5	18.0999999999985	1636
#FDFDFD	#FCFBFD	48142.1	18.5	1636
#F8F8F8	#FAF4F3	48142.6	19	1637
#F8F8F8	#FAF4F3	48143	19.4000000000015	1637
#F8F8F8	#FAF4F3	48143.4	19	1637
#F8F8F8	#FAF4F3	48143	18.5999999999985	1637
#F8F8F8	#FAF4F3	48142.6	19	1637
#F7F7F7	#F8F0EE	48143.1	19.5	1638
#F7F7F7	#F8F0EE	48143.5	19.9000000000015	1638
#F7F7F7	#F8F0EE	48143.9	19.5	1638
#F7F7F7	#F8F0EE	48143.5	19.0999999999985	1638
#F7F7F7	#F8F0EE	48143.1	19.5	1638
#FBFBFB	#FCF7F6	48143.6	20	1639
#FBFBFB	#FCF7F6	48144	20.4000000000015	1639
#FBFBFB	#FCF7F6	48144.4	20	1639
#FBFBFB	#FCF7F6	48144	19.5999999999985	1639
#FBFBFB	#FCF7F6	48143.6	20	1639
#FFFFFF	#FEFEFE	48144.1	20.5	1640
#FFFFFF	#FEFEFE	48144.5	20.9000000000015	1640
#FFFFFF	#FEFEFE	48144.9	20.5	1640
#FFFFFF	#FEFEFE	48144.5	20.0999999999985	1640
#FFFFFF	#FEFEFE	48144.1	20.5	1640
#FBFBFB	#F4F3F9	48144.6	21	1641
#FBFBFB	#F4F3F9	48145	21.4000000000015	1641
#FBFBFB	#F4F3F9	48145.4	21	1641
#FBFBFB	#F4F3F9	48145	20.5999999999985	1641
#FBFBFB	#F4F3F9	48144.6	21	1641
#F8F8F8	#F5F3FA	48145.1	21.5	1642
#F8F8F8	#F5F3FA	48145.5	21.9000000000015	1642
#F8F8F8	#F5F3FA	48145.9	21.5	1642
#F8F8F8	#F5F3FA	48145.5	21.0999999999985	1642
#F8F8F8	#F5F3FA	48145.1	21.5	1642
#FAFAFA	#FBF6F5	48145.6	22	1643
#FAFAFA	#FBF6F5	48146	22.4000000000015	1643
#FAFAFA	#FBF6F5	48146.4	22	1643
#FAFAFA	#FBF6F5	48146	21.5999999999985	1643
#FAFAFA	#FBF6F5	48145.6	22	1643
#F2F2F2	#F0EEF7	48146.1	22.5	1644
#F2F2F2	#F0EEF7	48146.5	22.9000000000015	1644
#F2F2F2	#F0EEF7	48146.9	22.5	1644
#F2F2F2	#F0EEF7	48146.5	22.0999999999985	1644
#F2F2F2	#F0EEF7	48146.1	22.5	1644
#FAFAFA	#F8F7FB	48146.6	23	1645
#FAFAFA	#F8F7FB	48147	23.4000000000015	1645
#FAFAFA	#F8F7FB	48147.4	23	1645
#FAFAFA	#F8F7FB	48147	22.5999999999985	1645
#FAFAFA	#F8F7FB	48146.6	23	1645
#FAFAFA	#FBF5F4	48147.1	23.5	1646
#FAFAFA	#FBF5F4	48147.5	23.9000000000015	1646
#FAFAFA	#FBF5F4	48147.9	23.5	1646
#FAFAFA	#FBF5F4	48147.5	23.0999999999985	1646
#FAFAFA	#FBF5F4	48147.1	23.5	1646
#F8F8F8	#F9F0EF	48147.6	24	1647
#F8F8F8	#F9F0EF	48148	24.4000000000015	1647
#F8F8F8	#F9F0EF	48148.4	24	1647
#F8F8F8	#F9F0EF	48148	23.5999999999985	1647
#F8F8F8	#F9F0EF	48147.6	24	1647
#FFFFFF	#FEFEFF	48148.1	24.5	1648
#FFFFFF	#FEFEFF	48148.5	24.9000000000015	1648
#FFFFFF	#FEFEFF	48148.9	24.5	1648
#FFFFFF	#FEFEFF	48148.5	24.0999999999985	1648
#FFFFFF	#FEFEFF	48148.1	24.5	1648
#848484	#F5E8E6	48124.6	0	1649
#848484	#F5E8E6	48125	0.400000000001455	1649
#848484	#F5E8E6	48125.4	0	1649
#848484	#F5E8E6	48125	-0.400000000001455	1649
#848484	#F5E8E6	48124.6	0	1649
#D1D1D1	#FAF3F2	48125.1	0.5	1650
#D1D1D1	#FAF3F2	48125.5	0.900000000001455	1650
#D1D1D1	#FAF3F2	48125.9	0.5	1650
#D1D1D1	#FAF3F2	48125.5	0.0999999999985448	1650
#D1D1D1	#FAF3F2	48125.1	0.5	1650
#F5F5F5	#FDFAF9	48125.6	1	1651
#F5F5F5	#FDFAF9	48126	1.40000000000146	1651
#F5F5F5	#FDFAF9	48126.4	1	1651
#F5F5F5	#FDFAF9	48126	0.599999999998545	1651
#F5F5F5	#FDFAF9	48125.6	1	1651
#FDFDFD	#FEFDFD	48126.1	1.5	1652
#FDFDFD	#FEFDFD	48126.5	1.90000000000146	1652
#FDFDFD	#FEFDFD	48126.9	1.5	1652
#FDFDFD	#FEFDFD	48126.5	1.09999999999854	1652
#FDFDFD	#FEFDFD	48126.1	1.5	1652
#F5F5F5	#FDF9F9	48126.6	2	1653
#F5F5F5	#FDF9F9	48127	2.40000000000146	1653
#F5F5F5	#FDF9F9	48127.4	2	1653
#F5F5F5	#FDF9F9	48127	1.59999999999854	1653
#F5F5F5	#FDF9F9	48126.6	2	1653
#D7D7D7	#F9F1F0	48127.1	2.5	1654
#D7D7D7	#F9F1F0	48127.5	2.90000000000146	1654
#D7D7D7	#F9F1F0	48127.9	2.5	1654
#D7D7D7	#F9F1F0	48127.5	2.09999999999854	1654
#D7D7D7	#F9F1F0	48127.1	2.5	1654
#C9C9C9	#F7ECEA	48127.6	3	1655
#C9C9C9	#F7ECEA	48128	3.40000000000146	1655
#C9C9C9	#F7ECEA	48128.4	3	1655
#C9C9C9	#F7ECEA	48128	2.59999999999855	1655
#C9C9C9	#F7ECEA	48127.6	3	1655
#FFFFFF	#FFFFFF	48128.1	3.5	1656
#FFFFFF	#FFFFFF	48128.5	3.90000000000146	1656
#FFFFFF	#FFFFFF	48128.9	3.5	1656
#FFFFFF	#FFFFFF	48128.5	3.09999999999855	1656
#FFFFFF	#FFFFFF	48128.1	3.5	1656
#F1F1F1	#FBF6F5	48128.6	4	1657
#F1F1F1	#FBF6F5	48129	4.40000000000146	1657
#F1F1F1	#FBF6F5	48129.4	4	1657
#F1F1F1	#FBF6F5	48129	3.59999999999855	1657
#F1F1F1	#FBF6F5	48128.6	4	1657
#EAEAEA	#F9F2F1	48129.1	4.5	1658
#EAEAEA	#F9F2F1	48129.5	4.90000000000146	1658
#EAEAEA	#F9F2F1	48129.9	4.5	1658
#EAEAEA	#F9F2F1	48129.5	4.09999999999855	1658
#EAEAEA	#F9F2F1	48129.1	4.5	1658
#FDFDFD	#FDFDFE	48129.6	5	1659
#FDFDFD	#FDFDFE	48130	5.40000000000146	1659
#FDFDFD	#FDFDFE	48130.4	5	1659
#FDFDFD	#FDFDFE	48130	4.59999999999855	1659
#FDFDFD	#FDFDFE	48129.6	5	1659
#FCFCFC	#FCFCFE	48130.1	5.5	1660
#FCFCFC	#FCFCFE	48130.5	5.90000000000146	1660
#FCFCFC	#FCFCFE	48130.9	5.5	1660
#FCFCFC	#FCFCFE	48130.5	5.09999999999855	1660
#FCFCFC	#FCFCFE	48130.1	5.5	1660
#FCFCFC	#FCFBFD	48130.6	6	1661
#FCFCFC	#FCFBFD	48131	6.40000000000146	1661
#FCFCFC	#FCFBFD	48131.4	6	1661
#FCFCFC	#FCFBFD	48131	5.59999999999855	1661
#FCFCFC	#FCFBFD	48130.6	6	1661
#EEEEEE	#F4F3F9	48131.1	6.5	1662
#EEEEEE	#F4F3F9	48131.5	6.90000000000146	1662
#EEEEEE	#F4F3F9	48131.9	6.5	1662
#EEEEEE	#F4F3F9	48131.5	6.09999999999855	1662
#EEEEEE	#F4F3F9	48131.1	6.5	1662
#F5F5F5	#F7F6FB	48131.6	7	1663
#F5F5F5	#F7F6FB	48132	7.40000000000146	1663
#F5F5F5	#F7F6FB	48132.4	7	1663
#F5F5F5	#F7F6FB	48132	6.59999999999855	1663
#F5F5F5	#F7F6FB	48131.6	7	1663
#EAEAEA	#F1EFF7	48132.1	7.5	1664
#EAEAEA	#F1EFF7	48132.5	7.90000000000146	1664
#EAEAEA	#F1EFF7	48132.9	7.5	1664
#EAEAEA	#F1EFF7	48132.5	7.09999999999855	1664
#EAEAEA	#F1EFF7	48132.1	7.5	1664
#FBFBFB	#FDFAF9	48132.6	8	1665
#FBFBFB	#FDFAF9	48133	8.40000000000146	1665
#FBFBFB	#FDFAF9	48133.4	8	1665
#FBFBFB	#FDFAF9	48133	7.59999999999855	1665
#FBFBFB	#FDFAF9	48132.6	8	1665
#F5F5F5	#F5F4FA	48133.1	8.5	1666
#F5F5F5	#F5F4FA	48133.5	8.90000000000146	1666
#F5F5F5	#F5F4FA	48133.9	8.5	1666
#F5F5F5	#F5F4FA	48133.5	8.09999999999855	1666
#F5F5F5	#F5F4FA	48133.1	8.5	1666
#F2F2F2	#F3F1F9	48133.6	9	1667
#F2F2F2	#F3F1F9	48134	9.40000000000146	1667
#F2F2F2	#F3F1F9	48134.4	9	1667
#F2F2F2	#F3F1F9	48134	8.59999999999855	1667
#F2F2F2	#F3F1F9	48133.6	9	1667
#ECECEC	#F0EEF7	48134.1	9.5	1668
#ECECEC	#F0EEF7	48134.5	9.90000000000146	1668
#ECECEC	#F0EEF7	48134.9	9.5	1668
#ECECEC	#F0EEF7	48134.5	9.09999999999854	1668
#ECECEC	#F0EEF7	48134.1	9.5	1668
#E2E2E2	#E8E4F2	48134.6	10	1669
#E2E2E2	#E8E4F2	48135	10.4000000000015	1669
#E2E2E2	#E8E4F2	48135.4	10	1669
#E2E2E2	#E8E4F2	48135	9.59999999999854	1669
#E2E2E2	#E8E4F2	48134.6	10	1669
#FEFEFE	#FEFDFD	48135.1	10.5	1670
#FEFEFE	#FEFDFD	48135.5	10.9000000000015	1670
#FEFEFE	#FEFDFD	48135.9	10.5	1670
#FEFEFE	#FEFDFD	48135.5	10.0999999999985	1670
#FEFEFE	#FEFDFD	48135.1	10.5	1670
#FEFEFE	#FDFDFE	48135.6	11	1671
#FEFEFE	#FDFDFE	48136	11.4000000000015	1671
#FEFEFE	#FDFDFE	48136.4	11	1671
#FEFEFE	#FDFDFE	48136	10.5999999999985	1671
#FEFEFE	#FDFDFE	48135.6	11	1671
#FFFFFF	#FFFFFF	48136.1	11.5	1672
#FFFFFF	#FFFFFF	48136.5	11.9000000000015	1672
#FFFFFF	#FFFFFF	48136.9	11.5	1672
#FFFFFF	#FFFFFF	48136.5	11.0999999999985	1672
#FFFFFF	#FFFFFF	48136.1	11.5	1672
#F2F2F2	#EFEDF7	48136.6	12	1673
#F2F2F2	#EFEDF7	48137	12.4000000000015	1673
#F2F2F2	#EFEDF7	48137.4	12	1673
#F2F2F2	#EFEDF7	48137	11.5999999999985	1673
#F2F2F2	#EFEDF7	48136.6	12	1673
#EFEFEF	#EEECF6	48137.1	12.5	1674
#EFEFEF	#EEECF6	48137.5	12.9000000000015	1674
#EFEFEF	#EEECF6	48137.9	12.5	1674
#EFEFEF	#EEECF6	48137.5	12.0999999999985	1674
#EFEFEF	#EEECF6	48137.1	12.5	1674
#D8D8D8	#E3DFF0	48137.6	13	1675
#D8D8D8	#E3DFF0	48138	13.4000000000015	1675
#D8D8D8	#E3DFF0	48138.4	13	1675
#D8D8D8	#E3DFF0	48138	12.5999999999985	1675
#D8D8D8	#E3DFF0	48137.6	13	1675
#DEDEDE	#E5E2F1	48138.1	13.5	1676
#DEDEDE	#E5E2F1	48138.5	13.9000000000015	1676
#DEDEDE	#E5E2F1	48138.9	13.5	1676
#DEDEDE	#E5E2F1	48138.5	13.0999999999985	1676
#DEDEDE	#E5E2F1	48138.1	13.5	1676
#DBDBDB	#E2DEEF	48138.6	14	1677
#DBDBDB	#E2DEEF	48139	14.4000000000015	1677
#DBDBDB	#E2DEEF	48139.4	14	1677
#DBDBDB	#E2DEEF	48139	13.5999999999985	1677
#DBDBDB	#E2DEEF	48138.6	14	1677
#EBEBEB	#ECEAF5	48139.1	14.5	1678
#EBEBEB	#ECEAF5	48139.5	14.9000000000015	1678
#EBEBEB	#ECEAF5	48139.9	14.5	1678
#EBEBEB	#ECEAF5	48139.5	14.0999999999985	1678
#EBEBEB	#ECEAF5	48139.1	14.5	1678
#CCCCCC	#DEDAED	48139.6	15	1679
#CCCCCC	#DEDAED	48140	15.4000000000015	1679
#CCCCCC	#DEDAED	48140.4	15	1679
#CCCCCC	#DEDAED	48140	14.5999999999985	1679
#CCCCCC	#DEDAED	48139.6	15	1679
#F5F5F5	#F3F1F8	48140.1	15.5	1680
#F5F5F5	#F3F1F8	48140.5	15.9000000000015	1680
#F5F5F5	#F3F1F8	48140.9	15.5	1680
#F5F5F5	#F3F1F8	48140.5	15.0999999999985	1680
#F5F5F5	#F3F1F8	48140.1	15.5	1680
#C4C4C4	#D6D0E9	48140.6	16	1681
#C4C4C4	#D6D0E9	48141	16.4000000000015	1681
#C4C4C4	#D6D0E9	48141.4	16	1681
#C4C4C4	#D6D0E9	48141	15.5999999999985	1681
#C4C4C4	#D6D0E9	48140.6	16	1681
#D5D5D5	#E1DDEF	48141.1	16.5	1682
#D5D5D5	#E1DDEF	48141.5	16.9000000000015	1682
#D5D5D5	#E1DDEF	48141.9	16.5	1682
#D5D5D5	#E1DDEF	48141.5	16.0999999999985	1682
#D5D5D5	#E1DDEF	48141.1	16.5	1682
#EAEAEA	#EBE9F4	48141.6	17	1683
#EAEAEA	#EBE9F4	48142	17.4000000000015	1683
#EAEAEA	#EBE9F4	48142.4	17	1683
#EAEAEA	#EBE9F4	48142	16.5999999999985	1683
#EAEAEA	#EBE9F4	48141.6	17	1683
#F2F2F2	#F1EEF7	48142.1	17.5	1684
#F2F2F2	#F1EEF7	48142.5	17.9000000000015	1684
#F2F2F2	#F1EEF7	48142.9	17.5	1684
#F2F2F2	#F1EEF7	48142.5	17.0999999999985	1684
#F2F2F2	#F1EEF7	48142.1	17.5	1684
#FCFCFC	#F9F9FC	48142.6	18	1685
#FCFCFC	#F9F9FC	48143	18.4000000000015	1685
#FCFCFC	#F9F9FC	48143.4	18	1685
#FCFCFC	#F9F9FC	48143	17.5999999999985	1685
#FCFCFC	#F9F9FC	48142.6	18	1685
#FFFFFF	#FFFFFF	48143.1	18.5	1686
#FFFFFF	#FFFFFF	48143.5	18.9000000000015	1686
#FFFFFF	#FFFFFF	48143.9	18.5	1686
#FFFFFF	#FFFFFF	48143.5	18.0999999999985	1686
#FFFFFF	#FFFFFF	48143.1	18.5	1686
#F3F3F3	#ECEAF5	48143.6	19	1687
#F3F3F3	#ECEAF5	48144	19.4000000000015	1687
#F3F3F3	#ECEAF5	48144.4	19	1687
#F3F3F3	#ECEAF5	48144	18.5999999999985	1687
#F3F3F3	#ECEAF5	48143.6	19	1687
#F9F9F9	#F6F4FA	48144.1	19.5	1688
#F9F9F9	#F6F4FA	48144.5	19.9000000000015	1688
#F9F9F9	#F6F4FA	48144.9	19.5	1688
#F9F9F9	#F6F4FA	48144.5	19.0999999999985	1688
#F9F9F9	#F6F4FA	48144.1	19.5	1688
#FEFEFE	#FDFDFE	48144.6	20	1689
#FEFEFE	#FDFDFE	48145	20.4000000000015	1689
#FEFEFE	#FDFDFE	48145.4	20	1689
#FEFEFE	#FDFDFE	48145	19.5999999999985	1689
#FEFEFE	#FDFDFE	48144.6	20	1689
#F0F0F0	#DFDAEE	48145.1	20.5	1690
#F0F0F0	#DFDAEE	48145.5	20.9000000000015	1690
#F0F0F0	#DFDAEE	48145.9	20.5	1690
#F0F0F0	#DFDAEE	48145.5	20.0999999999985	1690
#F0F0F0	#DFDAEE	48145.1	20.5	1690
#FEFEFE	#FEFDFE	48145.6	21	1691
#FEFEFE	#FEFDFE	48146	21.4000000000015	1691
#FEFEFE	#FEFDFE	48146.4	21	1691
#FEFEFE	#FEFDFE	48146	20.5999999999985	1691
#FEFEFE	#FEFDFE	48145.6	21	1691
#FAFAFA	#F7F6FB	48146.1	21.5	1692
#FAFAFA	#F7F6FB	48146.5	21.9000000000015	1692
#FAFAFA	#F7F6FB	48146.9	21.5	1692
#FAFAFA	#F7F6FB	48146.5	21.0999999999985	1692
#FAFAFA	#F7F6FB	48146.1	21.5	1692
#F7F7F7	#F4F2F9	48146.6	22	1693
#F7F7F7	#F4F2F9	48147	22.4000000000015	1693
#F7F7F7	#F4F2F9	48147.4	22	1693
#F7F7F7	#F4F2F9	48147	21.5999999999985	1693
#F7F7F7	#F4F2F9	48146.6	22	1693
#F3F3F3	#EFEDF6	48147.1	22.5	1694
#F3F3F3	#EFEDF6	48147.5	22.9000000000015	1694
#F3F3F3	#EFEDF6	48147.9	22.5	1694
#F3F3F3	#EFEDF6	48147.5	22.0999999999985	1694
#F3F3F3	#EFEDF6	48147.1	22.5	1694
#FEFEFE	#FDFDFE	48147.6	23	1695
#FEFEFE	#FDFDFE	48148	23.4000000000015	1695
#FEFEFE	#FDFDFE	48148.4	23	1695
#FEFEFE	#FDFDFE	48148	22.5999999999985	1695
#FEFEFE	#FDFDFE	48147.6	23	1695
#F4F4F4	#F6EBE9	48148.1	23.5	1696
#F4F4F4	#F6EBE9	48148.5	23.9000000000015	1696
#F4F4F4	#F6EBE9	48148.9	23.5	1696
#F4F4F4	#F6EBE9	48148.5	23.0999999999985	1696
#F4F4F4	#F6EBE9	48148.1	23.5	1696
#FEFEFE	#FDFDFE	48148.6	24	1697
#FEFEFE	#FDFDFE	48149	24.4000000000015	1697
#FEFEFE	#FDFDFE	48149.4	24	1697
#FEFEFE	#FDFDFE	48149	23.5999999999985	1697
#FEFEFE	#FDFDFE	48148.6	24	1697
#F3F3F3	#EEEBF6	48149.1	24.5	1698
#F3F3F3	#EEEBF6	48149.5	24.9000000000015	1698
#F3F3F3	#EEEBF6	48149.9	24.5	1698
#F3F3F3	#EEEBF6	48149.5	24.0999999999985	1698
#F3F3F3	#EEEBF6	48149.1	24.5	1698
#818181	#F5E8E6	48125.6	0	1699
#818181	#F5E8E6	48126	0.400000000001455	1699
#818181	#F5E8E6	48126.4	0	1699
#818181	#F5E8E6	48126	-0.400000000001455	1699
#818181	#F5E8E6	48125.6	0	1699
#FDFDFD	#FEFEFE	48126.1	0.5	1700
#FDFDFD	#FEFEFE	48126.5	0.900000000001455	1700
#FDFDFD	#FEFEFE	48126.9	0.5	1700
#FDFDFD	#FEFEFE	48126.5	0.0999999999985448	1700
#FDFDFD	#FEFEFE	48126.1	0.5	1700
#F0F0F0	#FCF8F7	48126.6	1	1701
#F0F0F0	#FCF8F7	48127	1.40000000000146	1701
#F0F0F0	#FCF8F7	48127.4	1	1701
#F0F0F0	#FCF8F7	48127	0.599999999998545	1701
#F0F0F0	#FCF8F7	48126.6	1	1701
#D4D4D4	#F9F1F0	48127.1	1.5	1702
#D4D4D4	#F9F1F0	48127.5	1.90000000000146	1702
#D4D4D4	#F9F1F0	48127.9	1.5	1702
#D4D4D4	#F9F1F0	48127.5	1.09999999999854	1702
#D4D4D4	#F9F1F0	48127.1	1.5	1702
#C8C8C8	#F8EFEE	48127.6	2	1703
#C8C8C8	#F8EFEE	48128	2.40000000000146	1703
#C8C8C8	#F8EFEE	48128.4	2	1703
#C8C8C8	#F8EFEE	48128	1.59999999999854	1703
#C8C8C8	#F8EFEE	48127.6	2	1703
#B2B2B2	#F6EAE8	48128.1	2.5	1704
#B2B2B2	#F6EAE8	48128.5	2.90000000000146	1704
#B2B2B2	#F6EAE8	48128.9	2.5	1704
#B2B2B2	#F6EAE8	48128.5	2.09999999999854	1704
#B2B2B2	#F6EAE8	48128.1	2.5	1704
#FEFEFE	#FFFEFE	48128.6	3	1705
#FEFEFE	#FFFEFE	48129	3.40000000000146	1705
#FEFEFE	#FFFEFE	48129.4	3	1705
#FEFEFE	#FFFEFE	48129	2.59999999999855	1705
#FEFEFE	#FFFEFE	48128.6	3	1705
#E0E0E0	#F9F0EF	48129.1	3.5	1706
#E0E0E0	#F9F0EF	48129.5	3.90000000000146	1706
#E0E0E0	#F9F0EF	48129.9	3.5	1706
#E0E0E0	#F9F0EF	48129.5	3.09999999999855	1706
#E0E0E0	#F9F0EF	48129.1	3.5	1706
#E8E8E8	#F9F2F1	48129.6	4	1707
#E8E8E8	#F9F2F1	48130	4.40000000000146	1707
#E8E8E8	#F9F2F1	48130.4	4	1707
#E8E8E8	#F9F2F1	48130	3.59999999999855	1707
#E8E8E8	#F9F2F1	48129.6	4	1707
#FDFDFD	#FEFDFC	48130.1	4.5	1708
#FDFDFD	#FEFDFC	48130.5	4.90000000000146	1708
#FDFDFD	#FEFDFC	48130.9	4.5	1708
#FDFDFD	#FEFDFC	48130.5	4.09999999999855	1708
#FDFDFD	#FEFDFC	48130.1	4.5	1708
#FEFEFE	#FFFEFE	48130.6	5	1709
#FEFEFE	#FFFEFE	48131	5.40000000000146	1709
#FEFEFE	#FFFEFE	48131.4	5	1709
#FEFEFE	#FFFEFE	48131	4.59999999999855	1709
#FEFEFE	#FFFEFE	48130.6	5	1709
#FEFEFE	#FFFEFE	48131.1	5.5	1710
#FEFEFE	#FFFEFE	48131.5	5.90000000000146	1710
#FEFEFE	#FFFEFE	48131.9	5.5	1710
#FEFEFE	#FFFEFE	48131.5	5.09999999999855	1710
#FEFEFE	#FFFEFE	48131.1	5.5	1710
#EEEEEE	#F5F3F9	48131.6	6	1711
#EEEEEE	#F5F3F9	48132	6.40000000000146	1711
#EEEEEE	#F5F3F9	48132.4	6	1711
#EEEEEE	#F5F3F9	48132	5.59999999999855	1711
#EEEEEE	#F5F3F9	48131.6	6	1711
#F6F6F6	#F8F7FB	48132.1	6.5	1712
#F6F6F6	#F8F7FB	48132.5	6.90000000000146	1712
#F6F6F6	#F8F7FB	48132.9	6.5	1712
#F6F6F6	#F8F7FB	48132.5	6.09999999999855	1712
#F6F6F6	#F8F7FB	48132.1	6.5	1712
#FBFBFB	#FDFAFA	48132.6	7	1713
#FBFBFB	#FDFAFA	48133	7.40000000000146	1713
#FBFBFB	#FDFAFA	48133.4	7	1713
#FBFBFB	#FDFAFA	48133	6.59999999999855	1713
#FBFBFB	#FDFAFA	48132.6	7	1713
#FFFFFF	#FFFFFF	48133.1	7.5	1714
#FFFFFF	#FFFFFF	48133.5	7.90000000000146	1714
#FFFFFF	#FFFFFF	48133.9	7.5	1714
#FFFFFF	#FFFFFF	48133.5	7.09999999999855	1714
#FFFFFF	#FFFFFF	48133.1	7.5	1714
#F7F7F7	#F7F6FB	48133.6	8	1715
#F7F7F7	#F7F6FB	48134	8.40000000000146	1715
#F7F7F7	#F7F6FB	48134.4	8	1715
#F7F7F7	#F7F6FB	48134	7.59999999999855	1715
#F7F7F7	#F7F6FB	48133.6	8	1715
#FAFAFA	#F9F8FC	48134.1	8.5	1716
#FAFAFA	#F9F8FC	48134.5	8.90000000000146	1716
#FAFAFA	#F9F8FC	48134.9	8.5	1716
#FAFAFA	#F9F8FC	48134.5	8.09999999999855	1716
#FAFAFA	#F9F8FC	48134.1	8.5	1716
#FFFFFF	#FFFFFF	48134.6	9	1717
#FFFFFF	#FFFFFF	48135	9.40000000000146	1717
#FFFFFF	#FFFFFF	48135.4	9	1717
#FFFFFF	#FFFFFF	48135	8.59999999999855	1717
#FFFFFF	#FFFFFF	48134.6	9	1717
#FEFEFE	#FEFEFE	48135.1	9.5	1718
#FEFEFE	#FEFEFE	48135.5	9.90000000000146	1718
#FEFEFE	#FEFEFE	48135.9	9.5	1718
#FEFEFE	#FEFEFE	48135.5	9.09999999999854	1718
#FEFEFE	#FEFEFE	48135.1	9.5	1718
#F5F5F5	#F5F3F9	48135.6	10	1719
#F5F5F5	#F5F3F9	48136	10.4000000000015	1719
#F5F5F5	#F5F3F9	48136.4	10	1719
#F5F5F5	#F5F3F9	48136	9.59999999999854	1719
#F5F5F5	#F5F3F9	48135.6	10	1719
#F1F1F1	#F2F0F8	48136.1	10.5	1720
#F1F1F1	#F2F0F8	48136.5	10.9000000000015	1720
#F1F1F1	#F2F0F8	48136.9	10.5	1720
#F1F1F1	#F2F0F8	48136.5	10.0999999999985	1720
#F1F1F1	#F2F0F8	48136.1	10.5	1720
#FCFCFC	#FAF9FC	48136.6	11	1721
#FCFCFC	#FAF9FC	48137	11.4000000000015	1721
#FCFCFC	#FAF9FC	48137.4	11	1721
#FCFCFC	#FAF9FC	48137	10.5999999999985	1721
#FCFCFC	#FAF9FC	48136.6	11	1721
#F0F0F0	#EFEDF6	48137.1	11.5	1722
#F0F0F0	#EFEDF6	48137.5	11.9000000000015	1722
#F0F0F0	#EFEDF6	48137.9	11.5	1722
#F0F0F0	#EFEDF6	48137.5	11.0999999999985	1722
#F0F0F0	#EFEDF6	48137.1	11.5	1722
#F2F2F2	#F1EFF8	48137.6	12	1723
#F2F2F2	#F1EFF8	48138	12.4000000000015	1723
#F2F2F2	#F1EFF8	48138.4	12	1723
#F2F2F2	#F1EFF8	48138	11.5999999999985	1723
#F2F2F2	#F1EFF8	48137.6	12	1723
#EEEEEE	#EFEDF6	48138.1	12.5	1724
#EEEEEE	#EFEDF6	48138.5	12.9000000000015	1724
#EEEEEE	#EFEDF6	48138.9	12.5	1724
#EEEEEE	#EFEDF6	48138.5	12.0999999999985	1724
#EEEEEE	#EFEDF6	48138.1	12.5	1724
#FEFEFE	#FEFCFC	48138.6	13	1725
#FEFEFE	#FEFCFC	48139	13.4000000000015	1725
#FEFEFE	#FEFCFC	48139.4	13	1725
#FEFEFE	#FEFCFC	48139	12.5999999999985	1725
#FEFEFE	#FEFCFC	48138.6	13	1725
#ECECEC	#EEEBF6	48139.1	13.5	1726
#ECECEC	#EEEBF6	48139.5	13.9000000000015	1726
#ECECEC	#EEEBF6	48139.9	13.5	1726
#ECECEC	#EEEBF6	48139.5	13.0999999999985	1726
#ECECEC	#EEEBF6	48139.1	13.5	1726
#E5E5E5	#E9E6F3	48139.6	14	1727
#E5E5E5	#E9E6F3	48140	14.4000000000015	1727
#E5E5E5	#E9E6F3	48140.4	14	1727
#E5E5E5	#E9E6F3	48140	13.5999999999985	1727
#E5E5E5	#E9E6F3	48139.6	14	1727
#F8F8F8	#F6F5FA	48140.1	14.5	1728
#F8F8F8	#F6F5FA	48140.5	14.9000000000015	1728
#F8F8F8	#F6F5FA	48140.9	14.5	1728
#F8F8F8	#F6F5FA	48140.5	14.0999999999985	1728
#F8F8F8	#F6F5FA	48140.1	14.5	1728
#E5E5E5	#EAE7F4	48140.6	15	1729
#E5E5E5	#EAE7F4	48141	15.4000000000015	1729
#E5E5E5	#EAE7F4	48141.4	15	1729
#E5E5E5	#EAE7F4	48141	14.5999999999985	1729
#E5E5E5	#EAE7F4	48140.6	15	1729
#D4D4D4	#E0DCEE	48141.1	15.5	1730
#D4D4D4	#E0DCEE	48141.5	15.9000000000015	1730
#D4D4D4	#E0DCEE	48141.9	15.5	1730
#D4D4D4	#E0DCEE	48141.5	15.0999999999985	1730
#D4D4D4	#E0DCEE	48141.1	15.5	1730
#EFEFEF	#EFEDF6	48141.6	16	1731
#EFEFEF	#EFEDF6	48142	16.4000000000015	1731
#EFEFEF	#EFEDF6	48142.4	16	1731
#EFEFEF	#EFEDF6	48142	15.5999999999985	1731
#EFEFEF	#EFEDF6	48141.6	16	1731
#F0F0F0	#EFEDF7	48142.1	16.5	1732
#F0F0F0	#EFEDF7	48142.5	16.9000000000015	1732
#F0F0F0	#EFEDF7	48142.9	16.5	1732
#F0F0F0	#EFEDF7	48142.5	16.0999999999985	1732
#F0F0F0	#EFEDF7	48142.1	16.5	1732
#FEFEFE	#FCFCFE	48142.6	17	1733
#FEFEFE	#FCFCFE	48143	17.4000000000015	1733
#FEFEFE	#FCFCFE	48143.4	17	1733
#FEFEFE	#FCFCFE	48143	16.5999999999985	1733
#FEFEFE	#FCFCFE	48142.6	17	1733
#FAFAFA	#FBF5F4	48143.1	17.5	1734
#FAFAFA	#FBF5F4	48143.5	17.9000000000015	1734
#FAFAFA	#FBF5F4	48143.9	17.5	1734
#FAFAFA	#FBF5F4	48143.5	17.0999999999985	1734
#FAFAFA	#FBF5F4	48143.1	17.5	1734
#F7F7F7	#F9F1F0	48143.6	18	1735
#F7F7F7	#F9F1F0	48144	18.4000000000015	1735
#F7F7F7	#F9F1F0	48144.4	18	1735
#F7F7F7	#F9F1F0	48144	17.5999999999985	1735
#F7F7F7	#F9F1F0	48143.6	18	1735
#FEFEFE	#FEFCFB	48144.1	18.5	1736
#FEFEFE	#FEFCFB	48144.5	18.9000000000015	1736
#FEFEFE	#FEFCFB	48144.9	18.5	1736
#FEFEFE	#FEFCFB	48144.5	18.0999999999985	1736
#FEFEFE	#FEFCFB	48144.1	18.5	1736
#FFFFFF	#FEFEFE	48144.6	19	1737
#FFFFFF	#FEFEFE	48145	19.4000000000015	1737
#FFFFFF	#FEFEFE	48145.4	19	1737
#FFFFFF	#FEFEFE	48145	18.5999999999985	1737
#FFFFFF	#FEFEFE	48144.6	19	1737
#F2F2F2	#F5E9E7	48145.1	19.5	1738
#F2F2F2	#F5E9E7	48145.5	19.9000000000015	1738
#F2F2F2	#F5E9E7	48145.9	19.5	1738
#F2F2F2	#F5E9E7	48145.5	19.0999999999985	1738
#F2F2F2	#F5E9E7	48145.1	19.5	1738
#FAFAFA	#EFEDF6	48145.6	20	1739
#FAFAFA	#EFEDF6	48146	20.4000000000015	1739
#FAFAFA	#EFEDF6	48146.4	20	1739
#FAFAFA	#EFEDF6	48146	19.5999999999985	1739
#FAFAFA	#EFEDF6	48145.6	20	1739
#F9F9F9	#FBF5F4	48146.1	20.5	1740
#F9F9F9	#FBF5F4	48146.5	20.9000000000015	1740
#F9F9F9	#FBF5F4	48146.9	20.5	1740
#F9F9F9	#FBF5F4	48146.5	20.0999999999985	1740
#F9F9F9	#FBF5F4	48146.1	20.5	1740
#FDFDFD	#FDF9F9	48146.6	21	1741
#FDFDFD	#FDF9F9	48147	21.4000000000015	1741
#FDFDFD	#FDF9F9	48147.4	21	1741
#FDFDFD	#FDF9F9	48147	20.5999999999985	1741
#FDFDFD	#FDF9F9	48146.6	21	1741
#FAFAFA	#FBF5F4	48147.1	21.5	1742
#FAFAFA	#FBF5F4	48147.5	21.9000000000015	1742
#FAFAFA	#FBF5F4	48147.9	21.5	1742
#FAFAFA	#FBF5F4	48147.5	21.0999999999985	1742
#FAFAFA	#FBF5F4	48147.1	21.5	1742
#F9F9F9	#F7F5FA	48147.6	22	1743
#F9F9F9	#F7F5FA	48148	22.4000000000015	1743
#F9F9F9	#F7F5FA	48148.4	22	1743
#F9F9F9	#F7F5FA	48148	21.5999999999985	1743
#F9F9F9	#F7F5FA	48147.6	22	1743
#F3F3F3	#F7ECEA	48148.1	22.5	1744
#F3F3F3	#F7ECEA	48148.5	22.9000000000015	1744
#F3F3F3	#F7ECEA	48148.9	22.5	1744
#F3F3F3	#F7ECEA	48148.5	22.0999999999985	1744
#F3F3F3	#F7ECEA	48148.1	22.5	1744
#F9F9F9	#F9F2F1	48148.6	23	1745
#F9F9F9	#F9F2F1	48149	23.4000000000015	1745
#F9F9F9	#F9F2F1	48149.4	23	1745
#F9F9F9	#F9F2F1	48149	22.5999999999985	1745
#F9F9F9	#F9F2F1	48148.6	23	1745
#FDFDFD	#FAF9FC	48149.1	23.5	1746
#FDFDFD	#FAF9FC	48149.5	23.9000000000015	1746
#FDFDFD	#FAF9FC	48149.9	23.5	1746
#FDFDFD	#FAF9FC	48149.5	23.0999999999985	1746
#FDFDFD	#FAF9FC	48149.1	23.5	1746
#FDFDFD	#FDFAFA	48149.6	24	1747
#FDFDFD	#FDFAFA	48150	24.4000000000015	1747
#FDFDFD	#FDFAFA	48150.4	24	1747
#FDFDFD	#FDFAFA	48150	23.5999999999985	1747
#FDFDFD	#FDFAFA	48149.6	24	1747
#FFFFFF	#FFFFFF	48150.1	24.5	1748
#FFFFFF	#FFFFFF	48150.5	24.9000000000015	1748
#FFFFFF	#FFFFFF	48150.9	24.5	1748
#FFFFFF	#FFFFFF	48150.5	24.0999999999985	1748
#FFFFFF	#FFFFFF	48150.1	24.5	1748
#686868	#F3E4E2	48126.6	0	1749
#686868	#F3E4E2	48127	0.400000000001455	1749
#686868	#F3E4E2	48127.4	0	1749
#686868	#F3E4E2	48127	-0.400000000001455	1749
#686868	#F3E4E2	48126.6	0	1749
#E2E2E2	#FBF5F4	48127.1	0.5	1750
#E2E2E2	#FBF5F4	48127.5	0.900000000001455	1750
#E2E2E2	#FBF5F4	48127.9	0.5	1750
#E2E2E2	#FBF5F4	48127.5	0.0999999999985448	1750
#E2E2E2	#FBF5F4	48127.1	0.5	1750
#F7F7F7	#FDFBFB	48127.6	1	1751
#F7F7F7	#FDFBFB	48128	1.40000000000146	1751
#F7F7F7	#FDFBFB	48128.4	1	1751
#F7F7F7	#FDFBFB	48128	0.599999999998545	1751
#F7F7F7	#FDFBFB	48127.6	1	1751
#F8F8F8	#FDFBFB	48128.1	1.5	1752
#F8F8F8	#FDFBFB	48128.5	1.90000000000146	1752
#F8F8F8	#FDFBFB	48128.9	1.5	1752
#F8F8F8	#FDFBFB	48128.5	1.09999999999854	1752
#F8F8F8	#FDFBFB	48128.1	1.5	1752
#F3F3F3	#FCF9F8	48128.6	2	1753
#F3F3F3	#FCF9F8	48129	2.40000000000146	1753
#F3F3F3	#FCF9F8	48129.4	2	1753
#F3F3F3	#FCF9F8	48129	1.59999999999854	1753
#F3F3F3	#FCF9F8	48128.6	2	1753
#FEFEFE	#FFFFFF	48129.1	2.5	1754
#FEFEFE	#FFFFFF	48129.5	2.90000000000146	1754
#FEFEFE	#FFFFFF	48129.9	2.5	1754
#FEFEFE	#FFFFFF	48129.5	2.09999999999854	1754
#FEFEFE	#FFFFFF	48129.1	2.5	1754
#F1F1F1	#FCF7F6	48129.6	3	1755
#F1F1F1	#FCF7F6	48130	3.40000000000146	1755
#F1F1F1	#FCF7F6	48130.4	3	1755
#F1F1F1	#FCF7F6	48130	2.59999999999855	1755
#F1F1F1	#FCF7F6	48129.6	3	1755
#E2E2E2	#F9F0EF	48130.1	3.5	1756
#E2E2E2	#F9F0EF	48130.5	3.90000000000146	1756
#E2E2E2	#F9F0EF	48130.9	3.5	1756
#E2E2E2	#F9F0EF	48130.5	3.09999999999855	1756
#E2E2E2	#F9F0EF	48130.1	3.5	1756
#FDFDFD	#FDFDFE	48130.6	4	1757
#FDFDFD	#FDFDFE	48131	4.40000000000146	1757
#FDFDFD	#FDFDFE	48131.4	4	1757
#FDFDFD	#FDFDFE	48131	3.59999999999855	1757
#FDFDFD	#FDFDFE	48130.6	4	1757
#F3F3F3	#FBF6F5	48131.1	4.5	1758
#F3F3F3	#FBF6F5	48131.5	4.90000000000146	1758
#F3F3F3	#FBF6F5	48131.9	4.5	1758
#F3F3F3	#FBF6F5	48131.5	4.09999999999855	1758
#F3F3F3	#FBF6F5	48131.1	4.5	1758
#FDFDFD	#FDFDFE	48131.6	5	1759
#FDFDFD	#FDFDFE	48132	5.40000000000146	1759
#FDFDFD	#FDFDFE	48132.4	5	1759
#FDFDFD	#FDFDFE	48132	4.59999999999855	1759
#FDFDFD	#FDFDFE	48131.6	5	1759
#FEFEFE	#FEFDFE	48132.1	5.5	1760
#FEFEFE	#FEFDFE	48132.5	5.90000000000146	1760
#FEFEFE	#FEFDFE	48132.9	5.5	1760
#FEFEFE	#FEFDFE	48132.5	5.09999999999855	1760
#FEFEFE	#FEFDFE	48132.1	5.5	1760
#F8F8F8	#F9F8FC	48132.6	6	1761
#F8F8F8	#F9F8FC	48133	6.40000000000146	1761
#F8F8F8	#F9F8FC	48133.4	6	1761
#F8F8F8	#F9F8FC	48133	5.59999999999855	1761
#F8F8F8	#F9F8FC	48132.6	6	1761
#FAFAFA	#FDFAF9	48133.1	6.5	1762
#FAFAFA	#FDFAF9	48133.5	6.90000000000146	1762
#FAFAFA	#FDFAF9	48133.9	6.5	1762
#FAFAFA	#FDFAF9	48133.5	6.09999999999855	1762
#FAFAFA	#FDFAF9	48133.1	6.5	1762
#EDEDED	#F9F0EF	48133.6	7	1763
#EDEDED	#F9F0EF	48134	7.40000000000146	1763
#EDEDED	#F9F0EF	48134.4	7	1763
#EDEDED	#F9F0EF	48134	6.59999999999855	1763
#EDEDED	#F9F0EF	48133.6	7	1763
#FEFEFE	#FEFDFD	48134.1	7.5	1764
#FEFEFE	#FEFDFD	48134.5	7.90000000000146	1764
#FEFEFE	#FEFDFD	48134.9	7.5	1764
#FEFEFE	#FEFDFD	48134.5	7.09999999999855	1764
#FEFEFE	#FEFDFD	48134.1	7.5	1764
#F6F6F6	#FBF6F5	48134.6	8	1765
#F6F6F6	#FBF6F5	48135	8.40000000000146	1765
#F6F6F6	#FBF6F5	48135.4	8	1765
#F6F6F6	#FBF6F5	48135	7.59999999999855	1765
#F6F6F6	#FBF6F5	48134.6	8	1765
#FDFDFD	#FCFCFE	48135.1	8.5	1766
#FDFDFD	#FCFCFE	48135.5	8.90000000000146	1766
#FDFDFD	#FCFCFE	48135.9	8.5	1766
#FDFDFD	#FCFCFE	48135.5	8.09999999999855	1766
#FDFDFD	#FCFCFE	48135.1	8.5	1766
#F6F6F6	#F6F5FA	48135.6	9	1767
#F6F6F6	#F6F5FA	48136	9.40000000000146	1767
#F6F6F6	#F6F5FA	48136.4	9	1767
#F6F6F6	#F6F5FA	48136	8.59999999999855	1767
#F6F6F6	#F6F5FA	48135.6	9	1767
#FAFAFA	#FCF9F8	48136.1	9.5	1768
#FAFAFA	#FCF9F8	48136.5	9.90000000000146	1768
#FAFAFA	#FCF9F8	48136.9	9.5	1768
#FAFAFA	#FCF9F8	48136.5	9.09999999999854	1768
#FAFAFA	#FCF9F8	48136.1	9.5	1768
#FEFEFE	#FDFDFE	48136.6	10	1769
#FEFEFE	#FDFDFE	48137	10.4000000000015	1769
#FEFEFE	#FDFDFE	48137.4	10	1769
#FEFEFE	#FDFDFE	48137	9.59999999999854	1769
#FEFEFE	#FDFDFE	48136.6	10	1769
#F4F4F4	#F9F1F0	48137.1	10.5	1770
#F4F4F4	#F9F1F0	48137.5	10.9000000000015	1770
#F4F4F4	#F9F1F0	48137.9	10.5	1770
#F4F4F4	#F9F1F0	48137.5	10.0999999999985	1770
#F4F4F4	#F9F1F0	48137.1	10.5	1770
#FEFEFE	#FEFCFC	48137.6	11	1771
#FEFEFE	#FEFCFC	48138	11.4000000000015	1771
#FEFEFE	#FEFCFC	48138.4	11	1771
#FEFEFE	#FEFCFC	48138	10.5999999999985	1771
#FEFEFE	#FEFCFC	48137.6	11	1771
#F4F4F4	#F3F1F8	48138.1	11.5	1772
#F4F4F4	#F3F1F8	48138.5	11.9000000000015	1772
#F4F4F4	#F3F1F8	48138.9	11.5	1772
#F4F4F4	#F3F1F8	48138.5	11.0999999999985	1772
#F4F4F4	#F3F1F8	48138.1	11.5	1772
#ECECEC	#EFEDF6	48138.6	12	1773
#ECECEC	#EFEDF6	48139	12.4000000000015	1773
#ECECEC	#EFEDF6	48139.4	12	1773
#ECECEC	#EFEDF6	48139	11.5999999999985	1773
#ECECEC	#EFEDF6	48138.6	12	1773
#F9F9F9	#F8F7FB	48139.1	12.5	1774
#F9F9F9	#F8F7FB	48139.5	12.9000000000015	1774
#F9F9F9	#F8F7FB	48139.9	12.5	1774
#F9F9F9	#F8F7FB	48139.5	12.0999999999985	1774
#F9F9F9	#F8F7FB	48139.1	12.5	1774
#F8F8F8	#F7F6FB	48139.6	13	1775
#F8F8F8	#F7F6FB	48140	13.4000000000015	1775
#F8F8F8	#F7F6FB	48140.4	13	1775
#F8F8F8	#F7F6FB	48140	12.5999999999985	1775
#F8F8F8	#F7F6FB	48139.6	13	1775
#DFDFDF	#E8E4F2	48140.1	13.5	1776
#DFDFDF	#E8E4F2	48140.5	13.9000000000015	1776
#DFDFDF	#E8E4F2	48140.9	13.5	1776
#DFDFDF	#E8E4F2	48140.5	13.0999999999985	1776
#DFDFDF	#E8E4F2	48140.1	13.5	1776
#E8E8E8	#ECEAF5	48140.6	14	1777
#E8E8E8	#ECEAF5	48141	14.4000000000015	1777
#E8E8E8	#ECEAF5	48141.4	14	1777
#E8E8E8	#ECEAF5	48141	13.5999999999985	1777
#E8E8E8	#ECEAF5	48140.6	14	1777
#F7F7F7	#F5F4FA	48141.1	14.5	1778
#F7F7F7	#F5F4FA	48141.5	14.9000000000015	1778
#F7F7F7	#F5F4FA	48141.9	14.5	1778
#F7F7F7	#F5F4FA	48141.5	14.0999999999985	1778
#F7F7F7	#F5F4FA	48141.1	14.5	1778
#F9F9F9	#F8F7FB	48141.6	15	1779
#F9F9F9	#F8F7FB	48142	15.4000000000015	1779
#F9F9F9	#F8F7FB	48142.4	15	1779
#F9F9F9	#F8F7FB	48142	14.5999999999985	1779
#F9F9F9	#F8F7FB	48141.6	15	1779
#F1F1F1	#F2F0F8	48142.1	15.5	1780
#F1F1F1	#F2F0F8	48142.5	15.9000000000015	1780
#F1F1F1	#F2F0F8	48142.9	15.5	1780
#F1F1F1	#F2F0F8	48142.5	15.0999999999985	1780
#F1F1F1	#F2F0F8	48142.1	15.5	1780
#FEFEFE	#FDFDFE	48142.6	16	1781
#FEFEFE	#FDFDFE	48143	16.4000000000015	1781
#FEFEFE	#FDFDFE	48143.4	16	1781
#FEFEFE	#FDFDFE	48143	15.5999999999985	1781
#FEFEFE	#FDFDFE	48142.6	16	1781
#FDFDFD	#FEFCFB	48143.1	16.5	1782
#FDFDFD	#FEFCFB	48143.5	16.9000000000015	1782
#FDFDFD	#FEFCFB	48143.9	16.5	1782
#FDFDFD	#FEFCFB	48143.5	16.0999999999985	1782
#FDFDFD	#FEFCFB	48143.1	16.5	1782
#FDFDFD	#FDFAFA	48143.6	17	1783
#FDFDFD	#FDFAFA	48144	17.4000000000015	1783
#FDFDFD	#FDFAFA	48144.4	17	1783
#FDFDFD	#FDFAFA	48144	16.5999999999985	1783
#FDFDFD	#FDFAFA	48143.6	17	1783
#F3F3F3	#F8EEED	48144.1	17.5	1784
#F3F3F3	#F8EEED	48144.5	17.9000000000015	1784
#F3F3F3	#F8EEED	48144.9	17.5	1784
#F3F3F3	#F8EEED	48144.5	17.0999999999985	1784
#F3F3F3	#F8EEED	48144.1	17.5	1784
#FCFCFC	#FCF8F7	48144.6	18	1785
#FCFCFC	#FCF8F7	48145	18.4000000000015	1785
#FCFCFC	#FCF8F7	48145.4	18	1785
#FCFCFC	#FCF8F7	48145	17.5999999999985	1785
#FCFCFC	#FCF8F7	48144.6	18	1785
#FAFAFA	#FAF4F3	48145.1	18.5	1786
#FAFAFA	#FAF4F3	48145.5	18.9000000000015	1786
#FAFAFA	#FAF4F3	48145.9	18.5	1786
#FAFAFA	#FAF4F3	48145.5	18.0999999999985	1786
#FAFAFA	#FAF4F3	48145.1	18.5	1786
#F8F8F8	#F9F2F1	48145.6	19	1787
#F8F8F8	#F9F2F1	48146	19.4000000000015	1787
#F8F8F8	#F9F2F1	48146.4	19	1787
#F8F8F8	#F9F2F1	48146	18.5999999999985	1787
#F8F8F8	#F9F2F1	48145.6	19	1787
#FDFDFD	#F5F4FA	48146.1	19.5	1788
#FDFDFD	#F5F4FA	48146.5	19.9000000000015	1788
#FDFDFD	#F5F4FA	48146.9	19.5	1788
#FDFDFD	#F5F4FA	48146.5	19.0999999999985	1788
#FDFDFD	#F5F4FA	48146.1	19.5	1788
#F7F7F7	#F9F1F0	48146.6	20	1789
#F7F7F7	#F9F1F0	48147	20.4000000000015	1789
#F7F7F7	#F9F1F0	48147.4	20	1789
#F7F7F7	#F9F1F0	48147	19.5999999999985	1789
#F7F7F7	#F9F1F0	48146.6	20	1789
#F5F5F5	#F8F0EE	48147.1	20.5	1790
#F5F5F5	#F8F0EE	48147.5	20.9000000000015	1790
#F5F5F5	#F8F0EE	48147.9	20.5	1790
#F5F5F5	#F8F0EE	48147.5	20.0999999999985	1790
#F5F5F5	#F8F0EE	48147.1	20.5	1790
#FBFBFB	#FCF8F7	48147.6	21	1791
#FBFBFB	#FCF8F7	48148	21.4000000000015	1791
#FBFBFB	#FCF8F7	48148.4	21	1791
#FBFBFB	#FCF8F7	48148	20.5999999999985	1791
#FBFBFB	#FCF8F7	48147.6	21	1791
#FCFCFC	#FDFAF9	48148.1	21.5	1792
#FCFCFC	#FDFAF9	48148.5	21.9000000000015	1792
#FCFCFC	#FDFAF9	48148.9	21.5	1792
#FCFCFC	#FDFAF9	48148.5	21.0999999999985	1792
#FCFCFC	#FDFAF9	48148.1	21.5	1792
#F2F2F2	#F7EDEB	48148.6	22	1793
#F2F2F2	#F7EDEB	48149	22.4000000000015	1793
#F2F2F2	#F7EDEB	48149.4	22	1793
#F2F2F2	#F7EDEB	48149	21.5999999999985	1793
#F2F2F2	#F7EDEB	48148.6	22	1793
#EDEDED	#F4E6E4	48149.1	22.5	1794
#EDEDED	#F4E6E4	48149.5	22.9000000000015	1794
#EDEDED	#F4E6E4	48149.9	22.5	1794
#EDEDED	#F4E6E4	48149.5	22.0999999999985	1794
#EDEDED	#F4E6E4	48149.1	22.5	1794
#F7F7F7	#F9F0EF	48149.6	23	1795
#F7F7F7	#F9F0EF	48150	23.4000000000015	1795
#F7F7F7	#F9F0EF	48150.4	23	1795
#F7F7F7	#F9F0EF	48150	22.5999999999985	1795
#F7F7F7	#F9F0EF	48149.6	23	1795
#E3E3E3	#F1E0DE	48150.1	23.5	1796
#E3E3E3	#F1E0DE	48150.5	23.9000000000015	1796
#E3E3E3	#F1E0DE	48150.9	23.5	1796
#E3E3E3	#F1E0DE	48150.5	23.0999999999985	1796
#E3E3E3	#F1E0DE	48150.1	23.5	1796
#E8E8E8	#F2E1DF	48150.6	24	1797
#E8E8E8	#F2E1DF	48151	24.4000000000015	1797
#E8E8E8	#F2E1DF	48151.4	24	1797
#E8E8E8	#F2E1DF	48151	23.5999999999985	1797
#E8E8E8	#F2E1DF	48150.6	24	1797
#FAFAFA	#FAF4F4	48151.1	24.5	1798
#FAFAFA	#FAF4F4	48151.5	24.9000000000015	1798
#FAFAFA	#FAF4F4	48151.9	24.5	1798
#FAFAFA	#FAF4F4	48151.5	24.0999999999985	1798
#FAFAFA	#FAF4F4	48151.1	24.5	1798
#474747	#F0DDDA	48127.6	0	1799
#474747	#F0DDDA	48128	0.400000000001455	1799
#474747	#F0DDDA	48128.4	0	1799
#474747	#F0DDDA	48128	-0.400000000001455	1799
#474747	#F0DDDA	48127.6	0	1799
#C0C0C0	#F8F0EE	48128.1	0.5	1800
#C0C0C0	#F8F0EE	48128.5	0.900000000001455	1800
#C0C0C0	#F8F0EE	48128.9	0.5	1800
#C0C0C0	#F8F0EE	48128.5	0.0999999999985448	1800
#C0C0C0	#F8F0EE	48128.1	0.5	1800
#ADADAD	#F6EBE9	48128.6	1	1801
#ADADAD	#F6EBE9	48129	1.40000000000146	1801
#ADADAD	#F6EBE9	48129.4	1	1801
#ADADAD	#F6EBE9	48129	0.599999999998545	1801
#ADADAD	#F6EBE9	48128.6	1	1801
#A2A2A2	#F4E7E5	48129.1	1.5	1802
#A2A2A2	#F4E7E5	48129.5	1.90000000000146	1802
#A2A2A2	#F4E7E5	48129.9	1.5	1802
#A2A2A2	#F4E7E5	48129.5	1.09999999999854	1802
#A2A2A2	#F4E7E5	48129.1	1.5	1802
#B2B2B2	#F5E8E7	48129.6	2	1803
#B2B2B2	#F5E8E7	48130	2.40000000000146	1803
#B2B2B2	#F5E8E7	48130.4	2	1803
#B2B2B2	#F5E8E7	48130	1.59999999999854	1803
#B2B2B2	#F5E8E7	48129.6	2	1803
#A7A7A7	#F3E3E1	48130.1	2.5	1804
#A7A7A7	#F3E3E1	48130.5	2.90000000000146	1804
#A7A7A7	#F3E3E1	48130.9	2.5	1804
#A7A7A7	#F3E3E1	48130.5	2.09999999999854	1804
#A7A7A7	#F3E3E1	48130.1	2.5	1804
#DFDFDF	#F8EFED	48130.6	3	1805
#DFDFDF	#F8EFED	48131	3.40000000000146	1805
#DFDFDF	#F8EFED	48131.4	3	1805
#DFDFDF	#F8EFED	48131	2.59999999999855	1805
#DFDFDF	#F8EFED	48130.6	3	1805
#F7F7F7	#FCF8F8	48131.1	3.5	1806
#F7F7F7	#FCF8F8	48131.5	3.90000000000146	1806
#F7F7F7	#FCF8F8	48131.9	3.5	1806
#F7F7F7	#FCF8F8	48131.5	3.09999999999855	1806
#F7F7F7	#FCF8F8	48131.1	3.5	1806
#F3F3F3	#FBF6F5	48131.6	4	1807
#F3F3F3	#FBF6F5	48132	4.40000000000146	1807
#F3F3F3	#FBF6F5	48132.4	4	1807
#F3F3F3	#FBF6F5	48132	3.59999999999855	1807
#F3F3F3	#FBF6F5	48131.6	4	1807
#FAFAFA	#FDFAFA	48132.1	4.5	1808
#FAFAFA	#FDFAFA	48132.5	4.90000000000146	1808
#FAFAFA	#FDFAFA	48132.9	4.5	1808
#FAFAFA	#FDFAFA	48132.5	4.09999999999855	1808
#FAFAFA	#FDFAFA	48132.1	4.5	1808
#F9F9F9	#FDF9F9	48132.6	5	1809
#F9F9F9	#FDF9F9	48133	5.40000000000146	1809
#F9F9F9	#FDF9F9	48133.4	5	1809
#F9F9F9	#FDF9F9	48133	4.59999999999855	1809
#F9F9F9	#FDF9F9	48132.6	5	1809
#F6F6F6	#FBF7F6	48133.1	5.5	1810
#F6F6F6	#FBF7F6	48133.5	5.90000000000146	1810
#F6F6F6	#FBF7F6	48133.9	5.5	1810
#F6F6F6	#FBF7F6	48133.5	5.09999999999855	1810
#F6F6F6	#FBF7F6	48133.1	5.5	1810
#D4D4D4	#F4E7E5	48133.6	6	1811
#D4D4D4	#F4E7E5	48134	6.40000000000146	1811
#D4D4D4	#F4E7E5	48134.4	6	1811
#D4D4D4	#F4E7E5	48134	5.59999999999855	1811
#D4D4D4	#F4E7E5	48133.6	6	1811
#D1D1D1	#F4E6E4	48134.1	6.5	1812
#D1D1D1	#F4E6E4	48134.5	6.90000000000146	1812
#D1D1D1	#F4E6E4	48134.9	6.5	1812
#D1D1D1	#F4E6E4	48134.5	6.09999999999855	1812
#D1D1D1	#F4E6E4	48134.1	6.5	1812
#DEDEDE	#F5E8E6	48134.6	7	1813
#DEDEDE	#F5E8E6	48135	7.40000000000146	1813
#DEDEDE	#F5E8E6	48135.4	7	1813
#DEDEDE	#F5E8E6	48135	6.59999999999855	1813
#DEDEDE	#F5E8E6	48134.6	7	1813
#F6F6F6	#FBF5F5	48135.1	7.5	1814
#F6F6F6	#FBF5F5	48135.5	7.90000000000146	1814
#F6F6F6	#FBF5F5	48135.9	7.5	1814
#F6F6F6	#FBF5F5	48135.5	7.09999999999855	1814
#F6F6F6	#FBF5F5	48135.1	7.5	1814
#FAFAFA	#FCF9F9	48135.6	8	1815
#FAFAFA	#FCF9F9	48136	8.40000000000146	1815
#FAFAFA	#FCF9F9	48136.4	8	1815
#FAFAFA	#FCF9F9	48136	7.59999999999855	1815
#FAFAFA	#FCF9F9	48135.6	8	1815
#FCFCFC	#FDFBFB	48136.1	8.5	1816
#FCFCFC	#FDFBFB	48136.5	8.90000000000146	1816
#FCFCFC	#FDFBFB	48136.9	8.5	1816
#FCFCFC	#FDFBFB	48136.5	8.09999999999855	1816
#FCFCFC	#FDFBFB	48136.1	8.5	1816
#FCFCFC	#FDFBFB	48136.6	9	1817
#FCFCFC	#FDFBFB	48137	9.40000000000146	1817
#FCFCFC	#FDFBFB	48137.4	9	1817
#FCFCFC	#FDFBFB	48137	8.59999999999855	1817
#FCFCFC	#FDFBFB	48136.6	9	1817
#F3F3F3	#F9F1F0	48137.1	9.5	1818
#F3F3F3	#F9F1F0	48137.5	9.90000000000146	1818
#F3F3F3	#F9F1F0	48137.9	9.5	1818
#F3F3F3	#F9F1F0	48137.5	9.09999999999854	1818
#F3F3F3	#F9F1F0	48137.1	9.5	1818
#F5F5F5	#FAF4F3	48137.6	10	1819
#F5F5F5	#FAF4F3	48138	10.4000000000015	1819
#F5F5F5	#FAF4F3	48138.4	10	1819
#F5F5F5	#FAF4F3	48138	9.59999999999854	1819
#F5F5F5	#FAF4F3	48137.6	10	1819
#F9F9F9	#FBF6F5	48138.1	10.5	1820
#F9F9F9	#FBF6F5	48138.5	10.9000000000015	1820
#F9F9F9	#FBF6F5	48138.9	10.5	1820
#F9F9F9	#FBF6F5	48138.5	10.0999999999985	1820
#F9F9F9	#FBF6F5	48138.1	10.5	1820
#FAFAFA	#FBF7F6	48138.6	11	1821
#FAFAFA	#FBF7F6	48139	11.4000000000015	1821
#FAFAFA	#FBF7F6	48139.4	11	1821
#FAFAFA	#FBF7F6	48139	10.5999999999985	1821
#FAFAFA	#FBF7F6	48138.6	11	1821
#FCFCFC	#FBFAFD	48139.1	11.5	1822
#FCFCFC	#FBFAFD	48139.5	11.9000000000015	1822
#FCFCFC	#FBFAFD	48139.9	11.5	1822
#FCFCFC	#FBFAFD	48139.5	11.0999999999985	1822
#FCFCFC	#FBFAFD	48139.1	11.5	1822
#F7F7F7	#FAF4F3	48139.6	12	1823
#F7F7F7	#FAF4F3	48140	12.4000000000015	1823
#F7F7F7	#FAF4F3	48140.4	12	1823
#F7F7F7	#FAF4F3	48140	11.5999999999985	1823
#F7F7F7	#FAF4F3	48139.6	12	1823
#FEFEFE	#FEFCFC	48140.1	12.5	1824
#FEFEFE	#FEFCFC	48140.5	12.9000000000015	1824
#FEFEFE	#FEFCFC	48140.9	12.5	1824
#FEFEFE	#FEFCFC	48140.5	12.0999999999985	1824
#FEFEFE	#FEFCFC	48140.1	12.5	1824
#F6F6F6	#F6F4FA	48140.6	13	1825
#F6F6F6	#F6F4FA	48141	13.4000000000015	1825
#F6F6F6	#F6F4FA	48141.4	13	1825
#F6F6F6	#F6F4FA	48141	12.5999999999985	1825
#F6F6F6	#F6F4FA	48140.6	13	1825
#ECECEC	#F0EDF7	48141.1	13.5	1826
#ECECEC	#F0EDF7	48141.5	13.9000000000015	1826
#ECECEC	#F0EDF7	48141.9	13.5	1826
#ECECEC	#F0EDF7	48141.5	13.0999999999985	1826
#ECECEC	#F0EDF7	48141.1	13.5	1826
#F9F9F9	#F7F6FB	48141.6	14	1827
#F9F9F9	#F7F6FB	48142	14.4000000000015	1827
#F9F9F9	#F7F6FB	48142.4	14	1827
#F9F9F9	#F7F6FB	48142	13.5999999999985	1827
#F9F9F9	#F7F6FB	48141.6	14	1827
#F8F8F8	#F7F6FB	48142.1	14.5	1828
#F8F8F8	#F7F6FB	48142.5	14.9000000000015	1828
#F8F8F8	#F7F6FB	48142.9	14.5	1828
#F8F8F8	#F7F6FB	48142.5	14.0999999999985	1828
#F8F8F8	#F7F6FB	48142.1	14.5	1828
#FDFDFD	#FBFBFD	48142.6	15	1829
#FDFDFD	#FBFBFD	48143	15.4000000000015	1829
#FDFDFD	#FBFBFD	48143.4	15	1829
#FDFDFD	#FBFBFD	48143	14.5999999999985	1829
#FDFDFD	#FBFBFD	48142.6	15	1829
#F1F1F1	#F8EEED	48143.1	15.5	1830
#F1F1F1	#F8EEED	48143.5	15.9000000000015	1830
#F1F1F1	#F8EEED	48143.9	15.5	1830
#F1F1F1	#F8EEED	48143.5	15.0999999999985	1830
#F1F1F1	#F8EEED	48143.1	15.5	1830
#F7F7F7	#FAF3F2	48143.6	16	1831
#F7F7F7	#FAF3F2	48144	16.4000000000015	1831
#F7F7F7	#FAF3F2	48144.4	16	1831
#F7F7F7	#FAF3F2	48144	15.5999999999985	1831
#F7F7F7	#FAF3F2	48143.6	16	1831
#F2F2F2	#F7EDEB	48144.1	16.5	1832
#F2F2F2	#F7EDEB	48144.5	16.9000000000015	1832
#F2F2F2	#F7EDEB	48144.9	16.5	1832
#F2F2F2	#F7EDEB	48144.5	16.0999999999985	1832
#F2F2F2	#F7EDEB	48144.1	16.5	1832
#FEFEFE	#FCFCFE	48144.6	17	1833
#FEFEFE	#FCFCFE	48145	17.4000000000015	1833
#FEFEFE	#FCFCFE	48145.4	17	1833
#FEFEFE	#FCFCFE	48145	16.5999999999985	1833
#FEFEFE	#FCFCFE	48144.6	17	1833
#F9F9F9	#FAF3F2	48145.1	17.5	1834
#F9F9F9	#FAF3F2	48145.5	17.9000000000015	1834
#F9F9F9	#FAF3F2	48145.9	17.5	1834
#F9F9F9	#FAF3F2	48145.5	17.0999999999985	1834
#F9F9F9	#FAF3F2	48145.1	17.5	1834
#FDFDFD	#FCF9F9	48145.6	18	1835
#FDFDFD	#FCF9F9	48146	18.4000000000015	1835
#FDFDFD	#FCF9F9	48146.4	18	1835
#FDFDFD	#FCF9F9	48146	17.5999999999985	1835
#FDFDFD	#FCF9F9	48145.6	18	1835
#F3F3F3	#F6EBEA	48146.1	18.5	1836
#F3F3F3	#F6EBEA	48146.5	18.9000000000015	1836
#F3F3F3	#F6EBEA	48146.9	18.5	1836
#F3F3F3	#F6EBEA	48146.5	18.0999999999985	1836
#F3F3F3	#F6EBEA	48146.1	18.5	1836
#F7F7F7	#E8E5F3	48146.6	19	1837
#F7F7F7	#E8E5F3	48147	19.4000000000015	1837
#F7F7F7	#E8E5F3	48147.4	19	1837
#F7F7F7	#E8E5F3	48147	18.5999999999985	1837
#F7F7F7	#E8E5F3	48146.6	19	1837
#EEEEEE	#F5E8E6	48147.1	19.5	1838
#EEEEEE	#F5E8E6	48147.5	19.9000000000015	1838
#EEEEEE	#F5E8E6	48147.9	19.5	1838
#EEEEEE	#F5E8E6	48147.5	19.0999999999985	1838
#EEEEEE	#F5E8E6	48147.1	19.5	1838
#FBFBFB	#FCF7F6	48147.6	20	1839
#FBFBFB	#FCF7F6	48148	20.4000000000015	1839
#FBFBFB	#FCF7F6	48148.4	20	1839
#FBFBFB	#FCF7F6	48148	19.5999999999985	1839
#FBFBFB	#FCF7F6	48147.6	20	1839
#F6F6F6	#FAF3F2	48148.1	20.5	1840
#F6F6F6	#FAF3F2	48148.5	20.9000000000015	1840
#F6F6F6	#FAF3F2	48148.9	20.5	1840
#F6F6F6	#FAF3F2	48148.5	20.0999999999985	1840
#F6F6F6	#FAF3F2	48148.1	20.5	1840
#F6F6F6	#F9F1F0	48148.6	21	1841
#F6F6F6	#F9F1F0	48149	21.4000000000015	1841
#F6F6F6	#F9F1F0	48149.4	21	1841
#F6F6F6	#F9F1F0	48149	20.5999999999985	1841
#F6F6F6	#F9F1F0	48148.6	21	1841
#F6F6F6	#F9F1F0	48149.1	21.5	1842
#F6F6F6	#F9F1F0	48149.5	21.9000000000015	1842
#F6F6F6	#F9F1F0	48149.9	21.5	1842
#F6F6F6	#F9F1F0	48149.5	21.0999999999985	1842
#F6F6F6	#F9F1F0	48149.1	21.5	1842
#F3F3F3	#F6EBEA	48149.6	22	1843
#F3F3F3	#F6EBEA	48150	22.4000000000015	1843
#F3F3F3	#F6EBEA	48150.4	22	1843
#F3F3F3	#F6EBEA	48150	21.5999999999985	1843
#F3F3F3	#F6EBEA	48149.6	22	1843
#FCFCFC	#FCF7F7	48150.1	22.5	1844
#FCFCFC	#FCF7F7	48150.5	22.9000000000015	1844
#FCFCFC	#FCF7F7	48150.9	22.5	1844
#FCFCFC	#FCF7F7	48150.5	22.0999999999985	1844
#FCFCFC	#FCF7F7	48150.1	22.5	1844
#E7E7E7	#F1E0DE	48150.6	23	1845
#E7E7E7	#F1E0DE	48151	23.4000000000015	1845
#E7E7E7	#F1E0DE	48151.4	23	1845
#E7E7E7	#F1E0DE	48151	22.5999999999985	1845
#E7E7E7	#F1E0DE	48150.6	23	1845
#DFDFDF	#EFDBD8	48151.1	23.5	1846
#DFDFDF	#EFDBD8	48151.5	23.9000000000015	1846
#DFDFDF	#EFDBD8	48151.9	23.5	1846
#DFDFDF	#EFDBD8	48151.5	23.0999999999985	1846
#DFDFDF	#EFDBD8	48151.1	23.5	1846
#FAFAFA	#FAF4F4	48151.6	24	1847
#FAFAFA	#FAF4F4	48152	24.4000000000015	1847
#FAFAFA	#FAF4F4	48152.4	24	1847
#FAFAFA	#FAF4F4	48152	23.5999999999985	1847
#FAFAFA	#FAF4F4	48151.6	24	1847
#F7F7F7	#F9F0EF	48152.1	24.5	1848
#F7F7F7	#F9F0EF	48152.5	24.9000000000015	1848
#F7F7F7	#F9F0EF	48152.9	24.5	1848
#F7F7F7	#F9F0EF	48152.5	24.0999999999985	1848
#F7F7F7	#F9F0EF	48152.1	24.5	1848
#3D3D3D	#F0DDDB	48128.6	0	1849
#3D3D3D	#F0DDDB	48129	0.400000000001455	1849
#3D3D3D	#F0DDDB	48129.4	0	1849
#3D3D3D	#F0DDDB	48129	-0.400000000001455	1849
#3D3D3D	#F0DDDB	48128.6	0	1849
#8E8E8E	#F5E8E7	48129.1	0.5	1850
#8E8E8E	#F5E8E7	48129.5	0.900000000001455	1850
#8E8E8E	#F5E8E7	48129.9	0.5	1850
#8E8E8E	#F5E8E7	48129.5	0.0999999999985448	1850
#8E8E8E	#F5E8E7	48129.1	0.5	1850
#696969	#F0DEDB	48129.6	1	1851
#696969	#F0DEDB	48130	1.40000000000146	1851
#696969	#F0DEDB	48130.4	1	1851
#696969	#F0DEDB	48130	0.599999999998545	1851
#696969	#F0DEDB	48129.6	1	1851
#A6A6A6	#F4E7E5	48130.1	1.5	1852
#A6A6A6	#F4E7E5	48130.5	1.90000000000146	1852
#A6A6A6	#F4E7E5	48130.9	1.5	1852
#A6A6A6	#F4E7E5	48130.5	1.09999999999854	1852
#A6A6A6	#F4E7E5	48130.1	1.5	1852
#7E7E7E	#EFDBD9	48130.6	2	1853
#7E7E7E	#EFDBD9	48131	2.40000000000146	1853
#7E7E7E	#EFDBD9	48131.4	2	1853
#7E7E7E	#EFDBD9	48131	1.59999999999854	1853
#7E7E7E	#EFDBD9	48130.6	2	1853
#C6C6C6	#F5E9E7	48131.1	2.5	1854
#C6C6C6	#F5E9E7	48131.5	2.90000000000146	1854
#C6C6C6	#F5E9E7	48131.9	2.5	1854
#C6C6C6	#F5E9E7	48131.5	2.09999999999854	1854
#C6C6C6	#F5E9E7	48131.1	2.5	1854
#E1E1E1	#F8F0EF	48131.6	3	1855
#E1E1E1	#F8F0EF	48132	3.40000000000146	1855
#E1E1E1	#F8F0EF	48132.4	3	1855
#E1E1E1	#F8F0EF	48132	2.59999999999855	1855
#E1E1E1	#F8F0EF	48131.6	3	1855
#F4F4F4	#FBF7F6	48132.1	3.5	1856
#F4F4F4	#FBF7F6	48132.5	3.90000000000146	1856
#F4F4F4	#FBF7F6	48132.9	3.5	1856
#F4F4F4	#FBF7F6	48132.5	3.09999999999855	1856
#F4F4F4	#FBF7F6	48132.1	3.5	1856
#F3F3F3	#FBF7F6	48132.6	4	1857
#F3F3F3	#FBF7F6	48133	4.40000000000146	1857
#F3F3F3	#FBF7F6	48133.4	4	1857
#F3F3F3	#FBF7F6	48133	3.59999999999855	1857
#F3F3F3	#FBF7F6	48132.6	4	1857
#E6E6E6	#F9F0EF	48133.1	4.5	1858
#E6E6E6	#F9F0EF	48133.5	4.90000000000146	1858
#E6E6E6	#F9F0EF	48133.9	4.5	1858
#E6E6E6	#F9F0EF	48133.5	4.09999999999855	1858
#E6E6E6	#F9F0EF	48133.1	4.5	1858
#F8F8F8	#FCF8F8	48133.6	5	1859
#F8F8F8	#FCF8F8	48134	5.40000000000146	1859
#F8F8F8	#FCF8F8	48134.4	5	1859
#F8F8F8	#FCF8F8	48134	4.59999999999855	1859
#F8F8F8	#FCF8F8	48133.6	5	1859
#E8E8E8	#F9F1EF	48134.1	5.5	1860
#E8E8E8	#F9F1EF	48134.5	5.90000000000146	1860
#E8E8E8	#F9F1EF	48134.9	5.5	1860
#E8E8E8	#F9F1EF	48134.5	5.09999999999855	1860
#E8E8E8	#F9F1EF	48134.1	5.5	1860
#C8C8C8	#F3E4E2	48134.6	6	1861
#C8C8C8	#F3E4E2	48135	6.40000000000146	1861
#C8C8C8	#F3E4E2	48135.4	6	1861
#C8C8C8	#F3E4E2	48135	5.59999999999855	1861
#C8C8C8	#F3E4E2	48134.6	6	1861
#F1F1F1	#FAF3F2	48135.1	6.5	1862
#F1F1F1	#FAF3F2	48135.5	6.90000000000146	1862
#F1F1F1	#FAF3F2	48135.9	6.5	1862
#F1F1F1	#FAF3F2	48135.5	6.09999999999855	1862
#F1F1F1	#FAF3F2	48135.1	6.5	1862
#FAFAFA	#FCF9F9	48135.6	7	1863
#FAFAFA	#FCF9F9	48136	7.40000000000146	1863
#FAFAFA	#FCF9F9	48136.4	7	1863
#FAFAFA	#FCF9F9	48136	6.59999999999855	1863
#FAFAFA	#FCF9F9	48135.6	7	1863
#F0F0F0	#F9F2F1	48136.1	7.5	1864
#F0F0F0	#F9F2F1	48136.5	7.90000000000146	1864
#F0F0F0	#F9F2F1	48136.9	7.5	1864
#F0F0F0	#F9F2F1	48136.5	7.09999999999855	1864
#F0F0F0	#F9F2F1	48136.1	7.5	1864
#F6F6F6	#FBF5F4	48136.6	8	1865
#F6F6F6	#FBF5F4	48137	8.40000000000146	1865
#F6F6F6	#FBF5F4	48137.4	8	1865
#F6F6F6	#FBF5F4	48137	7.59999999999855	1865
#F6F6F6	#FBF5F4	48136.6	8	1865
#F8F8F8	#FCF7F7	48137.1	8.5	1866
#F8F8F8	#FCF7F7	48137.5	8.90000000000146	1866
#F8F8F8	#FCF7F7	48137.9	8.5	1866
#F8F8F8	#FCF7F7	48137.5	8.09999999999855	1866
#F8F8F8	#FCF7F7	48137.1	8.5	1866
#FCFCFC	#FDFAFA	48137.6	9	1867
#FCFCFC	#FDFAFA	48138	9.40000000000146	1867
#FCFCFC	#FDFAFA	48138.4	9	1867
#FCFCFC	#FDFAFA	48138	8.59999999999855	1867
#FCFCFC	#FDFAFA	48137.6	9	1867
#E7E7E7	#F6EAE8	48138.1	9.5	1868
#E7E7E7	#F6EAE8	48138.5	9.90000000000146	1868
#E7E7E7	#F6EAE8	48138.9	9.5	1868
#E7E7E7	#F6EAE8	48138.5	9.09999999999854	1868
#E7E7E7	#F6EAE8	48138.1	9.5	1868
#FDFDFD	#FEFCFC	48138.6	10	1869
#FDFDFD	#FEFCFC	48139	10.4000000000015	1869
#FDFDFD	#FEFCFC	48139.4	10	1869
#FDFDFD	#FEFCFC	48139	9.59999999999854	1869
#FDFDFD	#FEFCFC	48138.6	10	1869
#EFEFEF	#F2F0F8	48139.1	10.5	1870
#EFEFEF	#F2F0F8	48139.5	10.9000000000015	1870
#EFEFEF	#F2F0F8	48139.9	10.5	1870
#EFEFEF	#F2F0F8	48139.5	10.0999999999985	1870
#EFEFEF	#F2F0F8	48139.1	10.5	1870
#FEFEFE	#FFFEFE	48139.6	11	1871
#FEFEFE	#FFFEFE	48140	11.4000000000015	1871
#FEFEFE	#FFFEFE	48140.4	11	1871
#FEFEFE	#FFFEFE	48140	10.5999999999985	1871
#FEFEFE	#FFFEFE	48139.6	11	1871
#FBFBFB	#FAF9FC	48140.1	11.5	1872
#FBFBFB	#FAF9FC	48140.5	11.9000000000015	1872
#FBFBFB	#FAF9FC	48140.9	11.5	1872
#FBFBFB	#FAF9FC	48140.5	11.0999999999985	1872
#FBFBFB	#FAF9FC	48140.1	11.5	1872
#FDFDFD	#FEFCFC	48140.6	12	1873
#FDFDFD	#FEFCFC	48141	12.4000000000015	1873
#FDFDFD	#FEFCFC	48141.4	12	1873
#FDFDFD	#FEFCFC	48141	11.5999999999985	1873
#FDFDFD	#FEFCFC	48140.6	12	1873
#F6F6F6	#F5F4FA	48141.1	12.5	1874
#F6F6F6	#F5F4FA	48141.5	12.9000000000015	1874
#F6F6F6	#F5F4FA	48141.9	12.5	1874
#F6F6F6	#F5F4FA	48141.5	12.0999999999985	1874
#F6F6F6	#F5F4FA	48141.1	12.5	1874
#F7F7F7	#F7F6FB	48141.6	13	1875
#F7F7F7	#F7F6FB	48142	13.4000000000015	1875
#F7F7F7	#F7F6FB	48142.4	13	1875
#F7F7F7	#F7F6FB	48142	12.5999999999985	1875
#F7F7F7	#F7F6FB	48141.6	13	1875
#F9F9F9	#F8F7FB	48142.1	13.5	1876
#F9F9F9	#F8F7FB	48142.5	13.9000000000015	1876
#F9F9F9	#F8F7FB	48142.9	13.5	1876
#F9F9F9	#F8F7FB	48142.5	13.0999999999985	1876
#F9F9F9	#F8F7FB	48142.1	13.5	1876
#FEFEFE	#FFFEFE	48142.6	14	1877
#FEFEFE	#FFFEFE	48143	14.4000000000015	1877
#FEFEFE	#FFFEFE	48143.4	14	1877
#FEFEFE	#FFFEFE	48143	13.5999999999985	1877
#FEFEFE	#FFFEFE	48142.6	14	1877
#FEFEFE	#FDFDFE	48143.1	14.5	1878
#FEFEFE	#FDFDFE	48143.5	14.9000000000015	1878
#FEFEFE	#FDFDFE	48143.9	14.5	1878
#FEFEFE	#FDFDFE	48143.5	14.0999999999985	1878
#FEFEFE	#FDFDFE	48143.1	14.5	1878
#E8E8E8	#F6E9E8	48143.6	15	1879
#E8E8E8	#F6E9E8	48144	15.4000000000015	1879
#E8E8E8	#F6E9E8	48144.4	15	1879
#E8E8E8	#F6E9E8	48144	14.5999999999985	1879
#E8E8E8	#F6E9E8	48143.6	15	1879
#F3F3F3	#F8F0EF	48144.1	15.5	1880
#F3F3F3	#F8F0EF	48144.5	15.9000000000015	1880
#F3F3F3	#F8F0EF	48144.9	15.5	1880
#F3F3F3	#F8F0EF	48144.5	15.0999999999985	1880
#F3F3F3	#F8F0EF	48144.1	15.5	1880
#F8F8F8	#FAF4F3	48144.6	16	1881
#F8F8F8	#FAF4F3	48145	16.4000000000015	1881
#F8F8F8	#FAF4F3	48145.4	16	1881
#F8F8F8	#FAF4F3	48145	15.5999999999985	1881
#F8F8F8	#FAF4F3	48144.6	16	1881
#E0E0E0	#F1E0DE	48145.1	16.5	1882
#E0E0E0	#F1E0DE	48145.5	16.9000000000015	1882
#E0E0E0	#F1E0DE	48145.9	16.5	1882
#E0E0E0	#F1E0DE	48145.5	16.0999999999985	1882
#E0E0E0	#F1E0DE	48145.1	16.5	1882
#FDFDFD	#FDFAF9	48145.6	17	1883
#FDFDFD	#FDFAF9	48146	17.4000000000015	1883
#FDFDFD	#FDFAF9	48146.4	17	1883
#FDFDFD	#FDFAF9	48146	16.5999999999985	1883
#FDFDFD	#FDFAF9	48145.6	17	1883
#EFEFEF	#F5E9E8	48146.1	17.5	1884
#EFEFEF	#F5E9E8	48146.5	17.9000000000015	1884
#EFEFEF	#F5E9E8	48146.9	17.5	1884
#EFEFEF	#F5E9E8	48146.5	17.0999999999985	1884
#EFEFEF	#F5E9E8	48146.1	17.5	1884
#FEFEFE	#FEFCFC	48146.6	18	1885
#FEFEFE	#FEFCFC	48147	18.4000000000015	1885
#FEFEFE	#FEFCFC	48147.4	18	1885
#FEFEFE	#FEFCFC	48147	17.5999999999985	1885
#FEFEFE	#FEFCFC	48146.6	18	1885
#F9F9F9	#EEECF6	48147.1	18.5	1886
#F9F9F9	#EEECF6	48147.5	18.9000000000015	1886
#F9F9F9	#EEECF6	48147.9	18.5	1886
#F9F9F9	#EEECF6	48147.5	18.0999999999985	1886
#F9F9F9	#EEECF6	48147.1	18.5	1886
#EBEBEB	#F5E7E6	48147.6	19	1887
#EBEBEB	#F5E7E6	48148	19.4000000000015	1887
#EBEBEB	#F5E7E6	48148.4	19	1887
#EBEBEB	#F5E7E6	48148	18.5999999999985	1887
#EBEBEB	#F5E7E6	48147.6	19	1887
#F2F2F2	#F7EEEC	48148.1	19.5	1888
#F2F2F2	#F7EEEC	48148.5	19.9000000000015	1888
#F2F2F2	#F7EEEC	48148.9	19.5	1888
#F2F2F2	#F7EEEC	48148.5	19.0999999999985	1888
#F2F2F2	#F7EEEC	48148.1	19.5	1888
#FEFEFE	#FEFCFC	48148.6	20	1889
#FEFEFE	#FEFCFC	48149	20.4000000000015	1889
#FEFEFE	#FEFCFC	48149.4	20	1889
#FEFEFE	#FEFCFC	48149	19.5999999999985	1889
#FEFEFE	#FEFCFC	48148.6	20	1889
#EEEEEE	#F6EBEA	48149.1	20.5	1890
#EEEEEE	#F6EBEA	48149.5	20.9000000000015	1890
#EEEEEE	#F6EBEA	48149.9	20.5	1890
#EEEEEE	#F6EBEA	48149.5	20.0999999999985	1890
#EEEEEE	#F6EBEA	48149.1	20.5	1890
#E4E4E4	#F2E1DF	48149.6	21	1891
#E4E4E4	#F2E1DF	48150	21.4000000000015	1891
#E4E4E4	#F2E1DF	48150.4	21	1891
#E4E4E4	#F2E1DF	48150	20.5999999999985	1891
#E4E4E4	#F2E1DF	48149.6	21	1891
#FCFCFC	#FCF8F8	48150.1	21.5	1892
#FCFCFC	#FCF8F8	48150.5	21.9000000000015	1892
#FCFCFC	#FCF8F8	48150.9	21.5	1892
#FCFCFC	#FCF8F8	48150.5	21.0999999999985	1892
#FCFCFC	#FCF8F8	48150.1	21.5	1892
#F8F8F8	#F9F1F0	48150.6	22	1893
#F8F8F8	#F9F1F0	48151	22.4000000000015	1893
#F8F8F8	#F9F1F0	48151.4	22	1893
#F8F8F8	#F9F1F0	48151	21.5999999999985	1893
#F8F8F8	#F9F1F0	48150.6	22	1893
#F2F2F2	#F7ECEB	48151.1	22.5	1894
#F2F2F2	#F7ECEB	48151.5	22.9000000000015	1894
#F2F2F2	#F7ECEB	48151.9	22.5	1894
#F2F2F2	#F7ECEB	48151.5	22.0999999999985	1894
#F2F2F2	#F7ECEB	48151.1	22.5	1894
#C0C0C0	#E8CCC8	48151.6	23	1895
#C0C0C0	#E8CCC8	48152	23.4000000000015	1895
#C0C0C0	#E8CCC8	48152.4	23	1895
#C0C0C0	#E8CCC8	48152	22.5999999999985	1895
#C0C0C0	#E8CCC8	48151.6	23	1895
#F1F1F1	#F7ECEB	48152.1	23.5	1896
#F1F1F1	#F7ECEB	48152.5	23.9000000000015	1896
#F1F1F1	#F7ECEB	48152.9	23.5	1896
#F1F1F1	#F7ECEB	48152.5	23.0999999999985	1896
#F1F1F1	#F7ECEB	48152.1	23.5	1896
#F8F8F8	#F9F2F1	48152.6	24	1897
#F8F8F8	#F9F2F1	48153	24.4000000000015	1897
#F8F8F8	#F9F2F1	48153.4	24	1897
#F8F8F8	#F9F2F1	48153	23.5999999999985	1897
#F8F8F8	#F9F2F1	48152.6	24	1897
#EEEEEE	#F4E6E4	48153.1	24.5	1898
#EEEEEE	#F4E6E4	48153.5	24.9000000000015	1898
#EEEEEE	#F4E6E4	48153.9	24.5	1898
#EEEEEE	#F4E6E4	48153.5	24.0999999999985	1898
#EEEEEE	#F4E6E4	48153.1	24.5	1898
#6F6F6F	#F3E5E3	48129.6	0	1899
#6F6F6F	#F3E5E3	48130	0.400000000001455	1899
#6F6F6F	#F3E5E3	48130.4	0	1899
#6F6F6F	#F3E5E3	48130	-0.400000000001455	1899
#6F6F6F	#F3E5E3	48129.6	0	1899
#B3B3B3	#F7EDEB	48130.1	0.5	1900
#B3B3B3	#F7EDEB	48130.5	0.900000000001455	1900
#B3B3B3	#F7EDEB	48130.9	0.5	1900
#B3B3B3	#F7EDEB	48130.5	0.0999999999985448	1900
#B3B3B3	#F7EDEB	48130.1	0.5	1900
#E0E0E0	#FAF4F3	48130.6	1	1901
#E0E0E0	#FAF4F3	48131	1.40000000000146	1901
#E0E0E0	#FAF4F3	48131.4	1	1901
#E0E0E0	#FAF4F3	48131	0.599999999998545	1901
#E0E0E0	#FAF4F3	48130.6	1	1901
#B5B5B5	#F5E9E7	48131.1	1.5	1902
#B5B5B5	#F5E9E7	48131.5	1.90000000000146	1902
#B5B5B5	#F5E9E7	48131.9	1.5	1902
#B5B5B5	#F5E9E7	48131.5	1.09999999999854	1902
#B5B5B5	#F5E9E7	48131.1	1.5	1902
#C8C8C8	#F6EBE9	48131.6	2	1903
#C8C8C8	#F6EBE9	48132	2.40000000000146	1903
#C8C8C8	#F6EBE9	48132.4	2	1903
#C8C8C8	#F6EBE9	48132	1.59999999999854	1903
#C8C8C8	#F6EBE9	48131.6	2	1903
#F1F1F1	#FBF6F6	48132.1	2.5	1904
#F1F1F1	#FBF6F6	48132.5	2.90000000000146	1904
#F1F1F1	#FBF6F6	48132.9	2.5	1904
#F1F1F1	#FBF6F6	48132.5	2.09999999999854	1904
#F1F1F1	#FBF6F6	48132.1	2.5	1904
#F9F9F9	#FDFAF9	48132.6	3	1905
#F9F9F9	#FDFAF9	48133	3.40000000000146	1905
#F9F9F9	#FDFAF9	48133.4	3	1905
#F9F9F9	#FDFAF9	48133	2.59999999999855	1905
#F9F9F9	#FDFAF9	48132.6	3	1905
#F5F5F5	#FCF8F7	48133.1	3.5	1906
#F5F5F5	#FCF8F7	48133.5	3.90000000000146	1906
#F5F5F5	#FCF8F7	48133.9	3.5	1906
#F5F5F5	#FCF8F7	48133.5	3.09999999999855	1906
#F5F5F5	#FCF8F7	48133.1	3.5	1906
#FAFAFA	#FDFAFA	48133.6	4	1907
#FAFAFA	#FDFAFA	48134	4.40000000000146	1907
#FAFAFA	#FDFAFA	48134.4	4	1907
#FAFAFA	#FDFAFA	48134	3.59999999999855	1907
#FAFAFA	#FDFAFA	48133.6	4	1907
#FEFEFE	#FFFEFE	48134.1	4.5	1908
#FEFEFE	#FFFEFE	48134.5	4.90000000000146	1908
#FEFEFE	#FFFEFE	48134.9	4.5	1908
#FEFEFE	#FFFEFE	48134.5	4.09999999999855	1908
#FEFEFE	#FFFEFE	48134.1	4.5	1908
#F1F1F1	#FAF4F4	48134.6	5	1909
#F1F1F1	#FAF4F4	48135	5.40000000000146	1909
#F1F1F1	#FAF4F4	48135.4	5	1909
#F1F1F1	#FAF4F4	48135	4.59999999999855	1909
#F1F1F1	#FAF4F4	48134.6	5	1909
#E3E3E3	#F7EEEC	48135.1	5.5	1910
#E3E3E3	#F7EEEC	48135.5	5.90000000000146	1910
#E3E3E3	#F7EEEC	48135.9	5.5	1910
#E3E3E3	#F7EEEC	48135.5	5.09999999999855	1910
#E3E3E3	#F7EEEC	48135.1	5.5	1910
#FEFEFE	#FEFDFD	48135.6	6	1911
#FEFEFE	#FEFDFD	48136	6.40000000000146	1911
#FEFEFE	#FEFDFD	48136.4	6	1911
#FEFEFE	#FEFDFD	48136	5.59999999999855	1911
#FEFEFE	#FEFDFD	48135.6	6	1911
#F6F6F6	#FBF6F6	48136.1	6.5	1912
#F6F6F6	#FBF6F6	48136.5	6.90000000000146	1912
#F6F6F6	#FBF6F6	48136.9	6.5	1912
#F6F6F6	#FBF6F6	48136.5	6.09999999999855	1912
#F6F6F6	#FBF6F6	48136.1	6.5	1912
#FBFBFB	#FDFAFA	48136.6	7	1913
#FBFBFB	#FDFAFA	48137	7.40000000000146	1913
#FBFBFB	#FDFAFA	48137.4	7	1913
#FBFBFB	#FDFAFA	48137	6.59999999999855	1913
#FBFBFB	#FDFAFA	48136.6	7	1913
#FFFFFF	#FFFFFF	48137.1	7.5	1914
#FFFFFF	#FFFFFF	48137.5	7.90000000000146	1914
#FFFFFF	#FFFFFF	48137.9	7.5	1914
#FFFFFF	#FFFFFF	48137.5	7.09999999999855	1914
#FFFFFF	#FFFFFF	48137.1	7.5	1914
#FFFFFF	#FFFEFE	48137.6	8	1915
#FFFFFF	#FFFEFE	48138	8.40000000000146	1915
#FFFFFF	#FFFEFE	48138.4	8	1915
#FFFFFF	#FFFEFE	48138	7.59999999999855	1915
#FFFFFF	#FFFEFE	48137.6	8	1915
#F9F9F9	#FCF7F7	48138.1	8.5	1916
#F9F9F9	#FCF7F7	48138.5	8.90000000000146	1916
#F9F9F9	#FCF7F7	48138.9	8.5	1916
#F9F9F9	#FCF7F7	48138.5	8.09999999999855	1916
#F9F9F9	#FCF7F7	48138.1	8.5	1916
#EAEAEA	#F7ECEB	48138.6	9	1917
#EAEAEA	#F7ECEB	48139	9.40000000000146	1917
#EAEAEA	#F7ECEB	48139.4	9	1917
#EAEAEA	#F7ECEB	48139	8.59999999999855	1917
#EAEAEA	#F7ECEB	48138.6	9	1917
#FFFFFF	#FFFFFF	48139.1	9.5	1918
#FFFFFF	#FFFFFF	48139.5	9.90000000000146	1918
#FFFFFF	#FFFFFF	48139.9	9.5	1918
#FFFFFF	#FFFFFF	48139.5	9.09999999999854	1918
#FFFFFF	#FFFFFF	48139.1	9.5	1918
#FFFFFF	#FFFFFF	48139.6	10	1919
#FFFFFF	#FFFFFF	48140	10.4000000000015	1919
#FFFFFF	#FFFFFF	48140.4	10	1919
#FFFFFF	#FFFFFF	48140	9.59999999999854	1919
#FFFFFF	#FFFFFF	48139.6	10	1919
#FAFAFA	#F9F8FC	48140.1	10.5	1920
#FAFAFA	#F9F8FC	48140.5	10.9000000000015	1920
#FAFAFA	#F9F8FC	48140.9	10.5	1920
#FAFAFA	#F9F8FC	48140.5	10.0999999999985	1920
#FAFAFA	#F9F8FC	48140.1	10.5	1920
#FEFEFE	#FEFEFD	48140.6	11	1921
#FEFEFE	#FEFEFD	48141	11.4000000000015	1921
#FEFEFE	#FEFEFD	48141.4	11	1921
#FEFEFE	#FEFEFD	48141	10.5999999999985	1921
#FEFEFE	#FEFEFD	48140.6	11	1921
#F4F4F4	#F5F3F9	48141.1	11.5	1922
#F4F4F4	#F5F3F9	48141.5	11.9000000000015	1922
#F4F4F4	#F5F3F9	48141.9	11.5	1922
#F4F4F4	#F5F3F9	48141.5	11.0999999999985	1922
#F4F4F4	#F5F3F9	48141.1	11.5	1922
#F6F6F6	#F6F5FA	48141.6	12	1923
#F6F6F6	#F6F5FA	48142	12.4000000000015	1923
#F6F6F6	#F6F5FA	48142.4	12	1923
#F6F6F6	#F6F5FA	48142	11.5999999999985	1923
#F6F6F6	#F6F5FA	48141.6	12	1923
#FEFEFE	#FDFDFE	48142.1	12.5	1924
#FEFEFE	#FDFDFE	48142.5	12.9000000000015	1924
#FEFEFE	#FDFDFE	48142.9	12.5	1924
#FEFEFE	#FDFDFE	48142.5	12.0999999999985	1924
#FEFEFE	#FDFDFE	48142.1	12.5	1924
#F0F0F0	#F2F0F8	48142.6	13	1925
#F0F0F0	#F2F0F8	48143	13.4000000000015	1925
#F0F0F0	#F2F0F8	48143.4	13	1925
#F0F0F0	#F2F0F8	48143	12.5999999999985	1925
#F0F0F0	#F2F0F8	48142.6	13	1925
#FEFEFE	#FEFDFD	48143.1	13.5	1926
#FEFEFE	#FEFDFD	48143.5	13.9000000000015	1926
#FEFEFE	#FEFDFD	48143.9	13.5	1926
#FEFEFE	#FEFDFD	48143.5	13.0999999999985	1926
#FEFEFE	#FEFDFD	48143.1	13.5	1926
#FBFBFB	#FAF9FC	48143.6	14	1927
#FBFBFB	#FAF9FC	48144	14.4000000000015	1927
#FBFBFB	#FAF9FC	48144.4	14	1927
#FBFBFB	#FAF9FC	48144	13.5999999999985	1927
#FBFBFB	#FAF9FC	48143.6	14	1927
#F9F9F9	#FBF6F5	48144.1	14.5	1928
#F9F9F9	#FBF6F5	48144.5	14.9000000000015	1928
#F9F9F9	#FBF6F5	48144.9	14.5	1928
#F9F9F9	#FBF6F5	48144.5	14.0999999999985	1928
#F9F9F9	#FBF6F5	48144.1	14.5	1928
#F1F1F1	#F8EFEE	48144.6	15	1929
#F1F1F1	#F8EFEE	48145	15.4000000000015	1929
#F1F1F1	#F8EFEE	48145.4	15	1929
#F1F1F1	#F8EFEE	48145	14.5999999999985	1929
#F1F1F1	#F8EFEE	48144.6	15	1929
#FDFDFD	#FDFBFA	48145.1	15.5	1930
#FDFDFD	#FDFBFA	48145.5	15.9000000000015	1930
#FDFDFD	#FDFBFA	48145.9	15.5	1930
#FDFDFD	#FDFBFA	48145.5	15.0999999999985	1930
#FDFDFD	#FDFBFA	48145.1	15.5	1930
#F4F4F4	#F8F0EF	48145.6	16	1931
#F4F4F4	#F8F0EF	48146	16.4000000000015	1931
#F4F4F4	#F8F0EF	48146.4	16	1931
#F4F4F4	#F8F0EF	48146	15.5999999999985	1931
#F4F4F4	#F8F0EF	48145.6	16	1931
#F5F5F5	#F0EEF7	48146.1	16.5	1932
#F5F5F5	#F0EEF7	48146.5	16.9000000000015	1932
#F5F5F5	#F0EEF7	48146.9	16.5	1932
#F5F5F5	#F0EEF7	48146.5	16.0999999999985	1932
#F5F5F5	#F0EEF7	48146.1	16.5	1932
#FBFBFB	#FBF6F6	48146.6	17	1933
#FBFBFB	#FBF6F6	48147	17.4000000000015	1933
#FBFBFB	#FBF6F6	48147.4	17	1933
#FBFBFB	#FBF6F6	48147	16.5999999999985	1933
#FBFBFB	#FBF6F6	48146.6	17	1933
#E9E9E9	#F2E2E0	48147.1	17.5	1934
#E9E9E9	#F2E2E0	48147.5	17.9000000000015	1934
#E9E9E9	#F2E2E0	48147.9	17.5	1934
#E9E9E9	#F2E2E0	48147.5	17.0999999999985	1934
#E9E9E9	#F2E2E0	48147.1	17.5	1934
#FCFCFC	#F4F2F9	48147.6	18	1935
#FCFCFC	#F4F2F9	48148	18.4000000000015	1935
#FCFCFC	#F4F2F9	48148.4	18	1935
#FCFCFC	#F4F2F9	48148	17.5999999999985	1935
#FCFCFC	#F4F2F9	48147.6	18	1935
#FCFCFC	#FDFAF9	48148.1	18.5	1936
#FCFCFC	#FDFAF9	48148.5	18.9000000000015	1936
#FCFCFC	#FDFAF9	48148.9	18.5	1936
#FCFCFC	#FDFAF9	48148.5	18.0999999999985	1936
#FCFCFC	#FDFAF9	48148.1	18.5	1936
#FBFBFB	#F9F8FC	48148.6	19	1937
#FBFBFB	#F9F8FC	48149	19.4000000000015	1937
#FBFBFB	#F9F8FC	48149.4	19	1937
#FBFBFB	#F9F8FC	48149	18.5999999999985	1937
#FBFBFB	#F9F8FC	48148.6	19	1937
#E9E9E9	#F5E9E7	48149.1	19.5	1938
#E9E9E9	#F5E9E7	48149.5	19.9000000000015	1938
#E9E9E9	#F5E9E7	48149.9	19.5	1938
#E9E9E9	#F5E9E7	48149.5	19.0999999999985	1938
#E9E9E9	#F5E9E7	48149.1	19.5	1938
#F9F9F9	#FBF6F5	48149.6	20	1939
#F9F9F9	#FBF6F5	48150	20.4000000000015	1939
#F9F9F9	#FBF6F5	48150.4	20	1939
#F9F9F9	#FBF6F5	48150	19.5999999999985	1939
#F9F9F9	#FBF6F5	48149.6	20	1939
#F6F6F6	#F9F1F0	48150.1	20.5	1940
#F6F6F6	#F9F1F0	48150.5	20.9000000000015	1940
#F6F6F6	#F9F1F0	48150.9	20.5	1940
#F6F6F6	#F9F1F0	48150.5	20.0999999999985	1940
#F6F6F6	#F9F1F0	48150.1	20.5	1940
#EDEDED	#F5E8E6	48150.6	21	1941
#EDEDED	#F5E8E6	48151	21.4000000000015	1941
#EDEDED	#F5E8E6	48151.4	21	1941
#EDEDED	#F5E8E6	48151	20.5999999999985	1941
#EDEDED	#F5E8E6	48150.6	21	1941
#EBEBEB	#F3E4E2	48151.1	21.5	1942
#EBEBEB	#F3E4E2	48151.5	21.9000000000015	1942
#EBEBEB	#F3E4E2	48151.9	21.5	1942
#EBEBEB	#F3E4E2	48151.5	21.0999999999985	1942
#EBEBEB	#F3E4E2	48151.1	21.5	1942
#E6E6E6	#F3E4E2	48151.6	22	1943
#E6E6E6	#F3E4E2	48152	22.4000000000015	1943
#E6E6E6	#F3E4E2	48152.4	22	1943
#E6E6E6	#F3E4E2	48152	21.5999999999985	1943
#E6E6E6	#F3E4E2	48151.6	22	1943
#F4F4F4	#F7EEEC	48152.1	22.5	1944
#F4F4F4	#F7EEEC	48152.5	22.9000000000015	1944
#F4F4F4	#F7EEEC	48152.9	22.5	1944
#F4F4F4	#F7EEEC	48152.5	22.0999999999985	1944
#F4F4F4	#F7EEEC	48152.1	22.5	1944
#DEDEDE	#EFDCD9	48152.6	23	1945
#DEDEDE	#EFDCD9	48153	23.4000000000015	1945
#DEDEDE	#EFDCD9	48153.4	23	1945
#DEDEDE	#EFDCD9	48153	22.5999999999985	1945
#DEDEDE	#EFDCD9	48152.6	23	1945
#F9F9F9	#FAF4F3	48153.1	23.5	1946
#F9F9F9	#FAF4F3	48153.5	23.9000000000015	1946
#F9F9F9	#FAF4F3	48153.9	23.5	1946
#F9F9F9	#FAF4F3	48153.5	23.0999999999985	1946
#F9F9F9	#FAF4F3	48153.1	23.5	1946
#E4E4E4	#F0DDDB	48153.6	24	1947
#E4E4E4	#F0DDDB	48154	24.4000000000015	1947
#E4E4E4	#F0DDDB	48154.4	24	1947
#E4E4E4	#F0DDDB	48154	23.5999999999985	1947
#E4E4E4	#F0DDDB	48153.6	24	1947
#F5F5F5	#F7EDEB	48154.1	24.5	1948
#F5F5F5	#F7EDEB	48154.5	24.9000000000015	1948
#F5F5F5	#F7EDEB	48154.9	24.5	1948
#F5F5F5	#F7EDEB	48154.5	24.0999999999985	1948
#F5F5F5	#F7EDEB	48154.1	24.5	1948
#6E6E6E	#F3E5E3	48130.6	0	1949
#6E6E6E	#F3E5E3	48131	0.400000000001455	1949
#6E6E6E	#F3E5E3	48131.4	0	1949
#6E6E6E	#F3E5E3	48131	-0.400000000001455	1949
#6E6E6E	#F3E5E3	48130.6	0	1949
#D0D0D0	#FAF2F1	48131.1	0.5	1950
#D0D0D0	#FAF2F1	48131.5	0.900000000001455	1950
#D0D0D0	#FAF2F1	48131.9	0.5	1950
#D0D0D0	#FAF2F1	48131.5	0.0999999999985448	1950
#D0D0D0	#FAF2F1	48131.1	0.5	1950
#9C9C9C	#F4E7E5	48131.6	1	1951
#9C9C9C	#F4E7E5	48132	1.40000000000146	1951
#9C9C9C	#F4E7E5	48132.4	1	1951
#9C9C9C	#F4E7E5	48132	0.599999999998545	1951
#9C9C9C	#F4E7E5	48131.6	1	1951
#7E7E7E	#F0DEDB	48132.1	1.5	1952
#7E7E7E	#F0DEDB	48132.5	1.90000000000146	1952
#7E7E7E	#F0DEDB	48132.9	1.5	1952
#7E7E7E	#F0DEDB	48132.5	1.09999999999854	1952
#7E7E7E	#F0DEDB	48132.1	1.5	1952
#A4A4A4	#F3E5E3	48132.6	2	1953
#A4A4A4	#F3E5E3	48133	2.40000000000146	1953
#A4A4A4	#F3E5E3	48133.4	2	1953
#A4A4A4	#F3E5E3	48133	1.59999999999854	1953
#A4A4A4	#F3E5E3	48132.6	2	1953
#D3D3D3	#F7EDEB	48133.1	2.5	1954
#D3D3D3	#F7EDEB	48133.5	2.90000000000146	1954
#D3D3D3	#F7EDEB	48133.9	2.5	1954
#D3D3D3	#F7EDEB	48133.5	2.09999999999854	1954
#D3D3D3	#F7EDEB	48133.1	2.5	1954
#D7D7D7	#F8EEED	48133.6	3	1955
#D7D7D7	#F8EEED	48134	3.40000000000146	1955
#D7D7D7	#F8EEED	48134.4	3	1955
#D7D7D7	#F8EEED	48134	2.59999999999855	1955
#D7D7D7	#F8EEED	48133.6	3	1955
#E8E8E8	#FAF3F2	48134.1	3.5	1956
#E8E8E8	#FAF3F2	48134.5	3.90000000000146	1956
#E8E8E8	#FAF3F2	48134.9	3.5	1956
#E8E8E8	#FAF3F2	48134.5	3.09999999999855	1956
#E8E8E8	#FAF3F2	48134.1	3.5	1956
#E6E6E6	#F9F2F1	48134.6	4	1957
#E6E6E6	#F9F2F1	48135	4.40000000000146	1957
#E6E6E6	#F9F2F1	48135.4	4	1957
#E6E6E6	#F9F2F1	48135	3.59999999999855	1957
#E6E6E6	#F9F2F1	48134.6	4	1957
#DDDDDD	#F8EEED	48135.1	4.5	1958
#DDDDDD	#F8EEED	48135.5	4.90000000000146	1958
#DDDDDD	#F8EEED	48135.9	4.5	1958
#DDDDDD	#F8EEED	48135.5	4.09999999999855	1958
#DDDDDD	#F8EEED	48135.1	4.5	1958
#DFDFDF	#F7EDEC	48135.6	5	1959
#DFDFDF	#F7EDEC	48136	5.40000000000146	1959
#DFDFDF	#F7EDEC	48136.4	5	1959
#DFDFDF	#F7EDEC	48136	4.59999999999855	1959
#DFDFDF	#F7EDEC	48135.6	5	1959
#EEEEEE	#F9F2F1	48136.1	5.5	1960
#EEEEEE	#F9F2F1	48136.5	5.90000000000146	1960
#EEEEEE	#F9F2F1	48136.9	5.5	1960
#EEEEEE	#F9F2F1	48136.5	5.09999999999855	1960
#EEEEEE	#F9F2F1	48136.1	5.5	1960
#F6F6F6	#FBF6F5	48136.6	6	1961
#F6F6F6	#FBF6F5	48137	6.40000000000146	1961
#F6F6F6	#FBF6F5	48137.4	6	1961
#F6F6F6	#FBF6F5	48137	5.59999999999855	1961
#F6F6F6	#FBF6F5	48136.6	6	1961
#EFEFEF	#FAF3F2	48137.1	6.5	1962
#EFEFEF	#FAF3F2	48137.5	6.90000000000146	1962
#EFEFEF	#FAF3F2	48137.9	6.5	1962
#EFEFEF	#FAF3F2	48137.5	6.09999999999855	1962
#EFEFEF	#FAF3F2	48137.1	6.5	1962
#F7F7F7	#FBF5F5	48137.6	7	1963
#F7F7F7	#FBF5F5	48138	7.40000000000146	1963
#F7F7F7	#FBF5F5	48138.4	7	1963
#F7F7F7	#FBF5F5	48138	6.59999999999855	1963
#F7F7F7	#FBF5F5	48137.6	7	1963
#F0F0F0	#F9F1F0	48138.1	7.5	1964
#F0F0F0	#F9F1F0	48138.5	7.90000000000146	1964
#F0F0F0	#F9F1F0	48138.9	7.5	1964
#F0F0F0	#F9F1F0	48138.5	7.09999999999855	1964
#F0F0F0	#F9F1F0	48138.1	7.5	1964
#F8F8F8	#FBF6F6	48138.6	8	1965
#F8F8F8	#FBF6F6	48139	8.40000000000146	1965
#F8F8F8	#FBF6F6	48139.4	8	1965
#F8F8F8	#FBF6F6	48139	7.59999999999855	1965
#F8F8F8	#FBF6F6	48138.6	8	1965
#F2F2F2	#F9F2F1	48139.1	8.5	1966
#F2F2F2	#F9F2F1	48139.5	8.90000000000146	1966
#F2F2F2	#F9F2F1	48139.9	8.5	1966
#F2F2F2	#F9F2F1	48139.5	8.09999999999855	1966
#F2F2F2	#F9F2F1	48139.1	8.5	1966
#FDFDFD	#FCFBFD	48139.6	9	1967
#FDFDFD	#FCFBFD	48140	9.40000000000146	1967
#FDFDFD	#FCFBFD	48140.4	9	1967
#FDFDFD	#FCFBFD	48140	8.59999999999855	1967
#FDFDFD	#FCFBFD	48139.6	9	1967
#FFFFFF	#FFFEFF	48140.1	9.5	1968
#FFFFFF	#FFFEFF	48140.5	9.90000000000146	1968
#FFFFFF	#FFFEFF	48140.9	9.5	1968
#FFFFFF	#FFFEFF	48140.5	9.09999999999854	1968
#FFFFFF	#FFFEFF	48140.1	9.5	1968
#FFFFFF	#FEFEFF	48140.6	10	1969
#FFFFFF	#FEFEFF	48141	10.4000000000015	1969
#FFFFFF	#FEFEFF	48141.4	10	1969
#FFFFFF	#FEFEFF	48141	9.59999999999854	1969
#FFFFFF	#FEFEFF	48140.6	10	1969
#FBFBFB	#FAF9FC	48141.1	10.5	1970
#FBFBFB	#FAF9FC	48141.5	10.9000000000015	1970
#FBFBFB	#FAF9FC	48141.9	10.5	1970
#FBFBFB	#FAF9FC	48141.5	10.0999999999985	1970
#FBFBFB	#FAF9FC	48141.1	10.5	1970
#F9F9F9	#F8F7FB	48141.6	11	1971
#F9F9F9	#F8F7FB	48142	11.4000000000015	1971
#F9F9F9	#F8F7FB	48142.4	11	1971
#F9F9F9	#F8F7FB	48142	10.5999999999985	1971
#F9F9F9	#F8F7FB	48141.6	11	1971
#EBEBEB	#EFEDF7	48142.1	11.5	1972
#EBEBEB	#EFEDF7	48142.5	11.9000000000015	1972
#EBEBEB	#EFEDF7	48142.9	11.5	1972
#EBEBEB	#EFEDF7	48142.5	11.0999999999985	1972
#EBEBEB	#EFEDF7	48142.1	11.5	1972
#F3F3F3	#F4F3F9	48142.6	12	1973
#F3F3F3	#F4F3F9	48143	12.4000000000015	1973
#F3F3F3	#F4F3F9	48143.4	12	1973
#F3F3F3	#F4F3F9	48143	11.5999999999985	1973
#F3F3F3	#F4F3F9	48142.6	12	1973
#F2F2F2	#F2F1F8	48143.1	12.5	1974
#F2F2F2	#F2F1F8	48143.5	12.9000000000015	1974
#F2F2F2	#F2F1F8	48143.9	12.5	1974
#F2F2F2	#F2F1F8	48143.5	12.0999999999985	1974
#F2F2F2	#F2F1F8	48143.1	12.5	1974
#F7F7F7	#F6F5FA	48143.6	13	1975
#F7F7F7	#F6F5FA	48144	13.4000000000015	1975
#F7F7F7	#F6F5FA	48144.4	13	1975
#F7F7F7	#F6F5FA	48144	12.5999999999985	1975
#F7F7F7	#F6F5FA	48143.6	13	1975
#FBFBFB	#FAF9FC	48144.1	13.5	1976
#FBFBFB	#FAF9FC	48144.5	13.9000000000015	1976
#FBFBFB	#FAF9FC	48144.9	13.5	1976
#FBFBFB	#FAF9FC	48144.5	13.0999999999985	1976
#FBFBFB	#FAF9FC	48144.1	13.5	1976
#FBFBFB	#FAF9FC	48144.6	14	1977
#FBFBFB	#FAF9FC	48145	14.4000000000015	1977
#FBFBFB	#FAF9FC	48145.4	14	1977
#FBFBFB	#FAF9FC	48145	13.5999999999985	1977
#FBFBFB	#FAF9FC	48144.6	14	1977
#FDFDFD	#FDFBFA	48145.1	14.5	1978
#FDFDFD	#FDFBFA	48145.5	14.9000000000015	1978
#FDFDFD	#FDFBFA	48145.9	14.5	1978
#FDFDFD	#FDFBFA	48145.5	14.0999999999985	1978
#FDFDFD	#FDFBFA	48145.1	14.5	1978
#FEFEFE	#FDFDFE	48145.6	15	1979
#FEFEFE	#FDFDFE	48146	15.4000000000015	1979
#FEFEFE	#FDFDFE	48146.4	15	1979
#FEFEFE	#FDFDFE	48146	14.5999999999985	1979
#FEFEFE	#FDFDFE	48145.6	15	1979
#ECECEC	#F5E7E6	48146.1	15.5	1980
#ECECEC	#F5E7E6	48146.5	15.9000000000015	1980
#ECECEC	#F5E7E6	48146.9	15.5	1980
#ECECEC	#F5E7E6	48146.5	15.0999999999985	1980
#ECECEC	#F5E7E6	48146.1	15.5	1980
#F9F9F9	#FAF2F1	48146.6	16	1981
#F9F9F9	#FAF2F1	48147	16.4000000000015	1981
#F9F9F9	#FAF2F1	48147.4	16	1981
#F9F9F9	#FAF2F1	48147	15.5999999999985	1981
#F9F9F9	#FAF2F1	48146.6	16	1981
#FBFBFB	#FBF6F6	48147.1	16.5	1982
#FBFBFB	#FBF6F6	48147.5	16.9000000000015	1982
#FBFBFB	#FBF6F6	48147.9	16.5	1982
#FBFBFB	#FBF6F6	48147.5	16.0999999999985	1982
#FBFBFB	#FBF6F6	48147.1	16.5	1982
#F8F8F8	#FAF3F2	48147.6	17	1983
#F8F8F8	#FAF3F2	48148	17.4000000000015	1983
#F8F8F8	#FAF3F2	48148.4	17	1983
#F8F8F8	#FAF3F2	48148	16.5999999999985	1983
#F8F8F8	#FAF3F2	48147.6	17	1983
#F5F5F5	#E9E6F3	48148.1	17.5	1984
#F5F5F5	#E9E6F3	48148.5	17.9000000000015	1984
#F5F5F5	#E9E6F3	48148.9	17.5	1984
#F5F5F5	#E9E6F3	48148.5	17.0999999999985	1984
#F5F5F5	#E9E6F3	48148.1	17.5	1984
#FBFBFB	#FCF8F7	48148.6	18	1985
#FBFBFB	#FCF8F7	48149	18.4000000000015	1985
#FBFBFB	#FCF8F7	48149.4	18	1985
#FBFBFB	#FCF8F7	48149	17.5999999999985	1985
#FBFBFB	#FCF8F7	48148.6	18	1985
#E5E5E5	#F3E3E1	48149.1	18.5	1986
#E5E5E5	#F3E3E1	48149.5	18.9000000000015	1986
#E5E5E5	#F3E3E1	48149.9	18.5	1986
#E5E5E5	#F3E3E1	48149.5	18.0999999999985	1986
#E5E5E5	#F3E3E1	48149.1	18.5	1986
#F5F5F5	#F9F1F0	48149.6	19	1987
#F5F5F5	#F9F1F0	48150	19.4000000000015	1987
#F5F5F5	#F9F1F0	48150.4	19	1987
#F5F5F5	#F9F1F0	48150	18.5999999999985	1987
#F5F5F5	#F9F1F0	48149.6	19	1987
#E9E9E9	#F4E6E4	48150.1	19.5	1988
#E9E9E9	#F4E6E4	48150.5	19.9000000000015	1988
#E9E9E9	#F4E6E4	48150.9	19.5	1988
#E9E9E9	#F4E6E4	48150.5	19.0999999999985	1988
#E9E9E9	#F4E6E4	48150.1	19.5	1988
#EFEFEF	#F5E8E6	48150.6	20	1989
#EFEFEF	#F5E8E6	48151	20.4000000000015	1989
#EFEFEF	#F5E8E6	48151.4	20	1989
#EFEFEF	#F5E8E6	48151	19.5999999999985	1989
#EFEFEF	#F5E8E6	48150.6	20	1989
#E2E2E2	#F0DDDB	48151.1	20.5	1990
#E2E2E2	#F0DDDB	48151.5	20.9000000000015	1990
#E2E2E2	#F0DDDB	48151.9	20.5	1990
#E2E2E2	#F0DDDB	48151.5	20.0999999999985	1990
#E2E2E2	#F0DDDB	48151.1	20.5	1990
#F0F0F0	#F5E8E7	48151.6	21	1991
#F0F0F0	#F5E8E7	48152	21.4000000000015	1991
#F0F0F0	#F5E8E7	48152.4	21	1991
#F0F0F0	#F5E8E7	48152	20.5999999999985	1991
#F0F0F0	#F5E8E7	48151.6	21	1991
#E1E1E1	#EFDCD9	48152.1	21.5	1992
#E1E1E1	#EFDCD9	48152.5	21.9000000000015	1992
#E1E1E1	#EFDCD9	48152.9	21.5	1992
#E1E1E1	#EFDCD9	48152.5	21.0999999999985	1992
#E1E1E1	#EFDCD9	48152.1	21.5	1992
#E1E1E1	#EFDBD8	48152.6	22	1993
#E1E1E1	#EFDBD8	48153	22.4000000000015	1993
#E1E1E1	#EFDBD8	48153.4	22	1993
#E1E1E1	#EFDBD8	48153	21.5999999999985	1993
#E1E1E1	#EFDBD8	48152.6	22	1993
#EEEEEE	#F3E4E2	48153.1	22.5	1994
#EEEEEE	#F3E4E2	48153.5	22.9000000000015	1994
#EEEEEE	#F3E4E2	48153.9	22.5	1994
#EEEEEE	#F3E4E2	48153.5	22.0999999999985	1994
#EEEEEE	#F3E4E2	48153.1	22.5	1994
#F4F4F4	#F7ECEA	48153.6	23	1995
#F4F4F4	#F7ECEA	48154	23.4000000000015	1995
#F4F4F4	#F7ECEA	48154.4	23	1995
#F4F4F4	#F7ECEA	48154	22.5999999999985	1995
#F4F4F4	#F7ECEA	48153.6	23	1995
#EDEDED	#F4E5E3	48154.1	23.5	1996
#EDEDED	#F4E5E3	48154.5	23.9000000000015	1996
#EDEDED	#F4E5E3	48154.9	23.5	1996
#EDEDED	#F4E5E3	48154.5	23.0999999999985	1996
#EDEDED	#F4E5E3	48154.1	23.5	1996
#E9E9E9	#F0DDDB	48154.6	24	1997
#E9E9E9	#F0DDDB	48155	24.4000000000015	1997
#E9E9E9	#F0DDDB	48155.4	24	1997
#E9E9E9	#F0DDDB	48155	23.5999999999985	1997
#E9E9E9	#F0DDDB	48154.6	24	1997
#E5E5E5	#EAD1CD	48155.1	24.5	1998
#E5E5E5	#EAD1CD	48155.5	24.9000000000015	1998
#E5E5E5	#EAD1CD	48155.9	24.5	1998
#E5E5E5	#EAD1CD	48155.5	24.0999999999985	1998
#E5E5E5	#EAD1CD	48155.1	24.5	1998
#515151	#F1DFDD	48131.6	0	1999
#515151	#F1DFDD	48132	0.400000000001455	1999
#515151	#F1DFDD	48132.4	0	1999
#515151	#F1DFDD	48132	-0.400000000001455	1999
#515151	#F1DFDD	48131.6	0	1999
#818181	#F4E6E4	48132.1	0.5	2000
#818181	#F4E6E4	48132.5	0.900000000001455	2000
#818181	#F4E6E4	48132.9	0.5	2000
#818181	#F4E6E4	48132.5	0.0999999999985448	2000
#818181	#F4E6E4	48132.1	0.5	2000
#9B9B9B	#F5E8E6	48132.6	1	2001
#9B9B9B	#F5E8E6	48133	1.40000000000146	2001
#9B9B9B	#F5E8E6	48133.4	1	2001
#9B9B9B	#F5E8E6	48133	0.599999999998545	2001
#9B9B9B	#F5E8E6	48132.6	1	2001
#A1A1A1	#F5E7E5	48133.1	1.5	2002
#A1A1A1	#F5E7E5	48133.5	1.90000000000146	2002
#A1A1A1	#F5E7E5	48133.9	1.5	2002
#A1A1A1	#F5E7E5	48133.5	1.09999999999854	2002
#A1A1A1	#F5E7E5	48133.1	1.5	2002
#C5C5C5	#F6EBEA	48133.6	2	2003
#C5C5C5	#F6EBEA	48134	2.40000000000146	2003
#C5C5C5	#F6EBEA	48134.4	2	2003
#C5C5C5	#F6EBEA	48134	1.59999999999854	2003
#C5C5C5	#F6EBEA	48133.6	2	2003
#C9C9C9	#F7ECEB	48134.1	2.5	2004
#C9C9C9	#F7ECEB	48134.5	2.90000000000146	2004
#C9C9C9	#F7ECEB	48134.9	2.5	2004
#C9C9C9	#F7ECEB	48134.5	2.09999999999854	2004
#C9C9C9	#F7ECEB	48134.1	2.5	2004
#DBDBDB	#F8F0EF	48134.6	3	2005
#DBDBDB	#F8F0EF	48135	3.40000000000146	2005
#DBDBDB	#F8F0EF	48135.4	3	2005
#DBDBDB	#F8F0EF	48135	2.59999999999855	2005
#DBDBDB	#F8F0EF	48134.6	3	2005
#CDCDCD	#F7ECEB	48135.1	3.5	2006
#CDCDCD	#F7ECEB	48135.5	3.90000000000146	2006
#CDCDCD	#F7ECEB	48135.9	3.5	2006
#CDCDCD	#F7ECEB	48135.5	3.09999999999855	2006
#CDCDCD	#F7ECEB	48135.1	3.5	2006
#CFCFCF	#F7ECEB	48135.6	4	2007
#CFCFCF	#F7ECEB	48136	4.40000000000146	2007
#CFCFCF	#F7ECEB	48136.4	4	2007
#CFCFCF	#F7ECEB	48136	3.59999999999855	2007
#CFCFCF	#F7ECEB	48135.6	4	2007
#D0D0D0	#F6EBEA	48136.1	4.5	2008
#D0D0D0	#F6EBEA	48136.5	4.90000000000146	2008
#D0D0D0	#F6EBEA	48136.9	4.5	2008
#D0D0D0	#F6EBEA	48136.5	4.09999999999855	2008
#D0D0D0	#F6EBEA	48136.1	4.5	2008
#CBCBCB	#F5E8E6	48136.6	5	2009
#CBCBCB	#F5E8E6	48137	5.40000000000146	2009
#CBCBCB	#F5E8E6	48137.4	5	2009
#CBCBCB	#F5E8E6	48137	4.59999999999855	2009
#CBCBCB	#F5E8E6	48136.6	5	2009
#D5D5D5	#F6EAE8	48137.1	5.5	2010
#D5D5D5	#F6EAE8	48137.5	5.90000000000146	2010
#D5D5D5	#F6EAE8	48137.9	5.5	2010
#D5D5D5	#F6EAE8	48137.5	5.09999999999855	2010
#D5D5D5	#F6EAE8	48137.1	5.5	2010
#F1F1F1	#FAF4F3	48137.6	6	2011
#F1F1F1	#FAF4F3	48138	6.40000000000146	2011
#F1F1F1	#FAF4F3	48138.4	6	2011
#F1F1F1	#FAF4F3	48138	5.59999999999855	2011
#F1F1F1	#FAF4F3	48137.6	6	2011
#F0F0F0	#FAF3F2	48138.1	6.5	2012
#F0F0F0	#FAF3F2	48138.5	6.90000000000146	2012
#F0F0F0	#FAF3F2	48138.9	6.5	2012
#F0F0F0	#FAF3F2	48138.5	6.09999999999855	2012
#F0F0F0	#FAF3F2	48138.1	6.5	2012
#ECECEC	#F9F1F0	48138.6	7	2013
#ECECEC	#F9F1F0	48139	7.40000000000146	2013
#ECECEC	#F9F1F0	48139.4	7	2013
#ECECEC	#F9F1F0	48139	6.59999999999855	2013
#ECECEC	#F9F1F0	48138.6	7	2013
#EDEDED	#F9F1F0	48139.1	7.5	2014
#EDEDED	#F9F1F0	48139.5	7.90000000000146	2014
#EDEDED	#F9F1F0	48139.9	7.5	2014
#EDEDED	#F9F1F0	48139.5	7.09999999999855	2014
#EDEDED	#F9F1F0	48139.1	7.5	2014
#F1F1F1	#FAF3F2	48139.6	8	2015
#F1F1F1	#FAF3F2	48140	8.40000000000146	2015
#F1F1F1	#FAF3F2	48140.4	8	2015
#F1F1F1	#FAF3F2	48140	7.59999999999855	2015
#F1F1F1	#FAF3F2	48139.6	8	2015
#FCFCFC	#FDFAFA	48140.1	8.5	2016
#FCFCFC	#FDFAFA	48140.5	8.90000000000146	2016
#FCFCFC	#FDFAFA	48140.9	8.5	2016
#FCFCFC	#FDFAFA	48140.5	8.09999999999855	2016
#FCFCFC	#FDFAFA	48140.1	8.5	2016
#FDFDFD	#FDFCFE	48140.6	9	2017
#FDFDFD	#FDFCFE	48141	9.40000000000146	2017
#FDFDFD	#FDFCFE	48141.4	9	2017
#FDFDFD	#FDFCFE	48141	8.59999999999855	2017
#FDFDFD	#FDFCFE	48140.6	9	2017
#FFFFFF	#FFFEFF	48141.1	9.5	2018
#FFFFFF	#FFFEFF	48141.5	9.90000000000146	2018
#FFFFFF	#FFFEFF	48141.9	9.5	2018
#FFFFFF	#FFFEFF	48141.5	9.09999999999854	2018
#FFFFFF	#FFFEFF	48141.1	9.5	2018
#FEFEFE	#FEFDFD	48141.6	10	2019
#FEFEFE	#FEFDFD	48142	10.4000000000015	2019
#FEFEFE	#FEFDFD	48142.4	10	2019
#FEFEFE	#FEFDFD	48142	9.59999999999854	2019
#FEFEFE	#FEFDFD	48141.6	10	2019
#FEFEFE	#FEFDFD	48142.1	10.5	2020
#FEFEFE	#FEFDFD	48142.5	10.9000000000015	2020
#FEFEFE	#FEFDFD	48142.9	10.5	2020
#FEFEFE	#FEFDFD	48142.5	10.0999999999985	2020
#FEFEFE	#FEFDFD	48142.1	10.5	2020
#FAFAFA	#FCF9F8	48142.6	11	2021
#FAFAFA	#FCF9F8	48143	11.4000000000015	2021
#FAFAFA	#FCF9F8	48143.4	11	2021
#FAFAFA	#FCF9F8	48143	10.5999999999985	2021
#FAFAFA	#FCF9F8	48142.6	11	2021
#FCFCFC	#FDFAFA	48143.1	11.5	2022
#FCFCFC	#FDFAFA	48143.5	11.9000000000015	2022
#FCFCFC	#FDFAFA	48143.9	11.5	2022
#FCFCFC	#FDFAFA	48143.5	11.0999999999985	2022
#FCFCFC	#FDFAFA	48143.1	11.5	2022
#FDFDFD	#FDFCFE	48143.6	12	2023
#FDFDFD	#FDFCFE	48144	12.4000000000015	2023
#FDFDFD	#FDFCFE	48144.4	12	2023
#FDFDFD	#FDFCFE	48144	11.5999999999985	2023
#FDFDFD	#FDFCFE	48143.6	12	2023
#F5F5F5	#FAF4F3	48144.1	12.5	2024
#F5F5F5	#FAF4F3	48144.5	12.9000000000015	2024
#F5F5F5	#FAF4F3	48144.9	12.5	2024
#F5F5F5	#FAF4F3	48144.5	12.0999999999985	2024
#F5F5F5	#FAF4F3	48144.1	12.5	2024
#EEEEEE	#F8F0EE	48144.6	13	2025
#EEEEEE	#F8F0EE	48145	13.4000000000015	2025
#EEEEEE	#F8F0EE	48145.4	13	2025
#EEEEEE	#F8F0EE	48145	12.5999999999985	2025
#EEEEEE	#F8F0EE	48144.6	13	2025
#F4F4F4	#FAF3F2	48145.1	13.5	2026
#F4F4F4	#FAF3F2	48145.5	13.9000000000015	2026
#F4F4F4	#FAF3F2	48145.9	13.5	2026
#F4F4F4	#FAF3F2	48145.5	13.0999999999985	2026
#F4F4F4	#FAF3F2	48145.1	13.5	2026
#E8E8E8	#F6EAE9	48145.6	14	2027
#E8E8E8	#F6EAE9	48146	14.4000000000015	2027
#E8E8E8	#F6EAE9	48146.4	14	2027
#E8E8E8	#F6EAE9	48146	13.5999999999985	2027
#E8E8E8	#F6EAE9	48145.6	14	2027
#F8F8F8	#FAF4F3	48146.1	14.5	2028
#F8F8F8	#FAF4F3	48146.5	14.9000000000015	2028
#F8F8F8	#FAF4F3	48146.9	14.5	2028
#F8F8F8	#FAF4F3	48146.5	14.0999999999985	2028
#F8F8F8	#FAF4F3	48146.1	14.5	2028
#F0F0F0	#F7EDEC	48146.6	15	2029
#F0F0F0	#F7EDEC	48147	15.4000000000015	2029
#F0F0F0	#F7EDEC	48147.4	15	2029
#F0F0F0	#F7EDEC	48147	14.5999999999985	2029
#F0F0F0	#F7EDEC	48146.6	15	2029
#ECECEC	#F4E5E3	48147.1	15.5	2030
#ECECEC	#F4E5E3	48147.5	15.9000000000015	2030
#ECECEC	#F4E5E3	48147.9	15.5	2030
#ECECEC	#F4E5E3	48147.5	15.0999999999985	2030
#ECECEC	#F4E5E3	48147.1	15.5	2030
#DDDDDD	#F1DFDC	48147.6	16	2031
#DDDDDD	#F1DFDC	48148	16.4000000000015	2031
#DDDDDD	#F1DFDC	48148.4	16	2031
#DDDDDD	#F1DFDC	48148	15.5999999999985	2031
#DDDDDD	#F1DFDC	48147.6	16	2031
#F9F9F9	#FAF3F2	48148.1	16.5	2032
#F9F9F9	#FAF3F2	48148.5	16.9000000000015	2032
#F9F9F9	#FAF3F2	48148.9	16.5	2032
#F9F9F9	#FAF3F2	48148.5	16.0999999999985	2032
#F9F9F9	#FAF3F2	48148.1	16.5	2032
#E9E9E9	#E6C8C5	48148.6	17	2033
#E9E9E9	#E6C8C5	48149	17.4000000000015	2033
#E9E9E9	#E6C8C5	48149.4	17	2033
#E9E9E9	#E6C8C5	48149	16.5999999999985	2033
#E9E9E9	#E6C8C5	48148.6	17	2033
#EEEEEE	#F7ECEA	48149.1	17.5	2034
#EEEEEE	#F7ECEA	48149.5	17.9000000000015	2034
#EEEEEE	#F7ECEA	48149.9	17.5	2034
#EEEEEE	#F7ECEA	48149.5	17.0999999999985	2034
#EEEEEE	#F7ECEA	48149.1	17.5	2034
#E3E3E3	#F3E3E1	48149.6	18	2035
#E3E3E3	#F3E3E1	48150	18.4000000000015	2035
#E3E3E3	#F3E3E1	48150.4	18	2035
#E3E3E3	#F3E3E1	48150	17.5999999999985	2035
#E3E3E3	#F3E3E1	48149.6	18	2035
#CECECE	#F0DEDB	48150.1	18.5	2036
#CECECE	#F0DEDB	48150.5	18.9000000000015	2036
#CECECE	#F0DEDB	48150.9	18.5	2036
#CECECE	#F0DEDB	48150.5	18.0999999999985	2036
#CECECE	#F0DEDB	48150.1	18.5	2036
#E3E3E3	#F4E5E3	48150.6	19	2037
#E3E3E3	#F4E5E3	48151	19.4000000000015	2037
#E3E3E3	#F4E5E3	48151.4	19	2037
#E3E3E3	#F4E5E3	48151	18.5999999999985	2037
#E3E3E3	#F4E5E3	48150.6	19	2037
#D2D2D2	#EDD6D3	48151.1	19.5	2038
#D2D2D2	#EDD6D3	48151.5	19.9000000000015	2038
#D2D2D2	#EDD6D3	48151.9	19.5	2038
#D2D2D2	#EDD6D3	48151.5	19.0999999999985	2038
#D2D2D2	#EDD6D3	48151.1	19.5	2038
#E7E7E7	#F3E4E2	48151.6	20	2039
#E7E7E7	#F3E4E2	48152	20.4000000000015	2039
#E7E7E7	#F3E4E2	48152.4	20	2039
#E7E7E7	#F3E4E2	48152	19.5999999999985	2039
#E7E7E7	#F3E4E2	48151.6	20	2039
#DBDBDB	#EFDAD8	48152.1	20.5	2040
#DBDBDB	#EFDAD8	48152.5	20.9000000000015	2040
#DBDBDB	#EFDAD8	48152.9	20.5	2040
#DBDBDB	#EFDAD8	48152.5	20.0999999999985	2040
#DBDBDB	#EFDAD8	48152.1	20.5	2040
#DFDFDF	#F1DFDC	48152.6	21	2041
#DFDFDF	#F1DFDC	48153	21.4000000000015	2041
#DFDFDF	#F1DFDC	48153.4	21	2041
#DFDFDF	#F1DFDC	48153	20.5999999999985	2041
#DFDFDF	#F1DFDC	48152.6	21	2041
#D3D3D3	#EDD7D4	48153.1	21.5	2042
#D3D3D3	#EDD7D4	48153.5	21.9000000000015	2042
#D3D3D3	#EDD7D4	48153.9	21.5	2042
#D3D3D3	#EDD7D4	48153.5	21.0999999999985	2042
#D3D3D3	#EDD7D4	48153.1	21.5	2042
#F0F0F0	#F6EBEA	48153.6	22	2043
#F0F0F0	#F6EBEA	48154	22.4000000000015	2043
#F0F0F0	#F6EBEA	48154.4	22	2043
#F0F0F0	#F6EBEA	48154	21.5999999999985	2043
#F0F0F0	#F6EBEA	48153.6	22	2043
#E6E6E6	#F2E1DF	48154.1	22.5	2044
#E6E6E6	#F2E1DF	48154.5	22.9000000000015	2044
#E6E6E6	#F2E1DF	48154.9	22.5	2044
#E6E6E6	#F2E1DF	48154.5	22.0999999999985	2044
#E6E6E6	#F2E1DF	48154.1	22.5	2044
#C1C1C1	#E8CCC8	48154.6	23	2045
#C1C1C1	#E8CCC8	48155	23.4000000000015	2045
#C1C1C1	#E8CCC8	48155.4	23	2045
#C1C1C1	#E8CCC8	48155	22.5999999999985	2045
#C1C1C1	#E8CCC8	48154.6	23	2045
#C3C3C3	#E3C3BF	48155.1	23.5	2046
#C3C3C3	#E3C3BF	48155.5	23.9000000000015	2046
#C3C3C3	#E3C3BF	48155.9	23.5	2046
#C3C3C3	#E3C3BF	48155.5	23.0999999999985	2046
#C3C3C3	#E3C3BF	48155.1	23.5	2046
#E5E5E5	#EED9D6	48155.6	24	2047
#E5E5E5	#EED9D6	48156	24.4000000000015	2047
#E5E5E5	#EED9D6	48156.4	24	2047
#E5E5E5	#EED9D6	48156	23.5999999999985	2047
#E5E5E5	#EED9D6	48155.6	24	2047
#E7E7E7	#E8CDC9	48156.1	24.5	2048
#E7E7E7	#E8CDC9	48156.5	24.9000000000015	2048
#E7E7E7	#E8CDC9	48156.9	24.5	2048
#E7E7E7	#E8CDC9	48156.5	24.0999999999985	2048
#E7E7E7	#E8CDC9	48156.1	24.5	2048
#6C6C6C	#F3E5E3	48132.6	0	2049
#6C6C6C	#F3E5E3	48133	0.400000000001455	2049
#6C6C6C	#F3E5E3	48133.4	0	2049
#6C6C6C	#F3E5E3	48133	-0.400000000001455	2049
#6C6C6C	#F3E5E3	48132.6	0	2049
#939393	#F5E9E7	48133.1	0.5	2050
#939393	#F5E9E7	48133.5	0.900000000001455	2050
#939393	#F5E9E7	48133.9	0.5	2050
#939393	#F5E9E7	48133.5	0.0999999999985448	2050
#939393	#F5E9E7	48133.1	0.5	2050
#8E8E8E	#F4E6E4	48133.6	1	2051
#8E8E8E	#F4E6E4	48134	1.40000000000146	2051
#8E8E8E	#F4E6E4	48134.4	1	2051
#8E8E8E	#F4E6E4	48134	0.599999999998545	2051
#8E8E8E	#F4E6E4	48133.6	1	2051
#9C9C9C	#F4E5E3	48134.1	1.5	2052
#9C9C9C	#F4E5E3	48134.5	1.90000000000146	2052
#9C9C9C	#F4E5E3	48134.9	1.5	2052
#9C9C9C	#F4E5E3	48134.5	1.09999999999854	2052
#9C9C9C	#F4E5E3	48134.1	1.5	2052
#B2B2B2	#F6EAE8	48134.6	2	2053
#B2B2B2	#F6EAE8	48135	2.40000000000146	2053
#B2B2B2	#F6EAE8	48135.4	2	2053
#B2B2B2	#F6EAE8	48135	1.59999999999854	2053
#B2B2B2	#F6EAE8	48134.6	2	2053
#D8D8D8	#F9F1EF	48135.1	2.5	2054
#D8D8D8	#F9F1EF	48135.5	2.90000000000146	2054
#D8D8D8	#F9F1EF	48135.9	2.5	2054
#D8D8D8	#F9F1EF	48135.5	2.09999999999854	2054
#D8D8D8	#F9F1EF	48135.1	2.5	2054
#EDEDED	#FBF6F5	48135.6	3	2055
#EDEDED	#FBF6F5	48136	3.40000000000146	2055
#EDEDED	#FBF6F5	48136.4	3	2055
#EDEDED	#FBF6F5	48136	2.59999999999855	2055
#EDEDED	#FBF6F5	48135.6	3	2055
#E1E1E1	#F9F2F1	48136.1	3.5	2056
#E1E1E1	#F9F2F1	48136.5	3.90000000000146	2056
#E1E1E1	#F9F2F1	48136.9	3.5	2056
#E1E1E1	#F9F2F1	48136.5	3.09999999999855	2056
#E1E1E1	#F9F2F1	48136.1	3.5	2056
#ECECEC	#FBF5F4	48136.6	4	2057
#ECECEC	#FBF5F4	48137	4.40000000000146	2057
#ECECEC	#FBF5F4	48137.4	4	2057
#ECECEC	#FBF5F4	48137	3.59999999999855	2057
#ECECEC	#FBF5F4	48136.6	4	2057
#D6D6D6	#F6EBEA	48137.1	4.5	2058
#D6D6D6	#F6EBEA	48137.5	4.90000000000146	2058
#D6D6D6	#F6EBEA	48137.9	4.5	2058
#D6D6D6	#F6EBEA	48137.5	4.09999999999855	2058
#D6D6D6	#F6EBEA	48137.1	4.5	2058
#F7F7F7	#FCF8F8	48137.6	5	2059
#F7F7F7	#FCF8F8	48138	5.40000000000146	2059
#F7F7F7	#FCF8F8	48138.4	5	2059
#F7F7F7	#FCF8F8	48138	4.59999999999855	2059
#F7F7F7	#FCF8F8	48137.6	5	2059
#FAFAFA	#FDFAFA	48138.1	5.5	2060
#FAFAFA	#FDFAFA	48138.5	5.90000000000146	2060
#FAFAFA	#FDFAFA	48138.9	5.5	2060
#FAFAFA	#FDFAFA	48138.5	5.09999999999855	2060
#FAFAFA	#FDFAFA	48138.1	5.5	2060
#E3E3E3	#F7EDEC	48138.6	6	2061
#E3E3E3	#F7EDEC	48139	6.40000000000146	2061
#E3E3E3	#F7EDEC	48139.4	6	2061
#E3E3E3	#F7EDEC	48139	5.59999999999855	2061
#E3E3E3	#F7EDEC	48138.6	6	2061
#F3F3F3	#FBF5F5	48139.1	6.5	2062
#F3F3F3	#FBF5F5	48139.5	6.90000000000146	2062
#F3F3F3	#FBF5F5	48139.9	6.5	2062
#F3F3F3	#FBF5F5	48139.5	6.09999999999855	2062
#F3F3F3	#FBF5F5	48139.1	6.5	2062
#EBEBEB	#F9F1F0	48139.6	7	2063
#EBEBEB	#F9F1F0	48140	7.40000000000146	2063
#EBEBEB	#F9F1F0	48140.4	7	2063
#EBEBEB	#F9F1F0	48140	6.59999999999855	2063
#EBEBEB	#F9F1F0	48139.6	7	2063
#E1E1E1	#F6EBEA	48140.1	7.5	2064
#E1E1E1	#F6EBEA	48140.5	7.90000000000146	2064
#E1E1E1	#F6EBEA	48140.9	7.5	2064
#E1E1E1	#F6EBEA	48140.5	7.09999999999855	2064
#E1E1E1	#F6EBEA	48140.1	7.5	2064
#FEFEFE	#FEFEFE	48140.6	8	2065
#FEFEFE	#FEFEFE	48141	8.40000000000146	2065
#FEFEFE	#FEFEFE	48141.4	8	2065
#FEFEFE	#FEFEFE	48141	7.59999999999855	2065
#FEFEFE	#FEFEFE	48140.6	8	2065
#F5F5F5	#FBF5F4	48141.1	8.5	2066
#F5F5F5	#FBF5F4	48141.5	8.90000000000146	2066
#F5F5F5	#FBF5F4	48141.9	8.5	2066
#F5F5F5	#FBF5F4	48141.5	8.09999999999855	2066
#F5F5F5	#FBF5F4	48141.1	8.5	2066
#F0F0F0	#F9F2F1	48141.6	9	2067
#F0F0F0	#F9F2F1	48142	9.40000000000146	2067
#F0F0F0	#F9F2F1	48142.4	9	2067
#F0F0F0	#F9F2F1	48142	8.59999999999855	2067
#F0F0F0	#F9F2F1	48141.6	9	2067
#FBFBFB	#FDF9F9	48142.1	9.5	2068
#FBFBFB	#FDF9F9	48142.5	9.90000000000146	2068
#FBFBFB	#FDF9F9	48142.9	9.5	2068
#FBFBFB	#FDF9F9	48142.5	9.09999999999854	2068
#FBFBFB	#FDF9F9	48142.1	9.5	2068
#E9E9E9	#F8EEED	48142.6	10	2069
#E9E9E9	#F8EEED	48143	10.4000000000015	2069
#E9E9E9	#F8EEED	48143.4	10	2069
#E9E9E9	#F8EEED	48143	9.59999999999854	2069
#E9E9E9	#F8EEED	48142.6	10	2069
#FEFEFE	#FEFDFE	48143.1	10.5	2070
#FEFEFE	#FEFDFE	48143.5	10.9000000000015	2070
#FEFEFE	#FEFDFE	48143.9	10.5	2070
#FEFEFE	#FEFDFE	48143.5	10.0999999999985	2070
#FEFEFE	#FEFDFE	48143.1	10.5	2070
#ECECEC	#F8EFEE	48143.6	11	2071
#ECECEC	#F8EFEE	48144	11.4000000000015	2071
#ECECEC	#F8EFEE	48144.4	11	2071
#ECECEC	#F8EFEE	48144	10.5999999999985	2071
#ECECEC	#F8EFEE	48143.6	11	2071
#FDFDFD	#FCFCFE	48144.1	11.5	2072
#FDFDFD	#FCFCFE	48144.5	11.9000000000015	2072
#FDFDFD	#FCFCFE	48144.9	11.5	2072
#FDFDFD	#FCFCFE	48144.5	11.0999999999985	2072
#FDFDFD	#FCFCFE	48144.1	11.5	2072
#F6F6F6	#FBF6F5	48144.6	12	2073
#F6F6F6	#FBF6F5	48145	12.4000000000015	2073
#F6F6F6	#FBF6F5	48145.4	12	2073
#F6F6F6	#FBF6F5	48145	11.5999999999985	2073
#F6F6F6	#FBF6F5	48144.6	12	2073
#F7F7F7	#FBF6F5	48145.1	12.5	2074
#F7F7F7	#FBF6F5	48145.5	12.9000000000015	2074
#F7F7F7	#FBF6F5	48145.9	12.5	2074
#F7F7F7	#FBF6F5	48145.5	12.0999999999985	2074
#F7F7F7	#FBF6F5	48145.1	12.5	2074
#DDDDDD	#F5E7E6	48145.6	13	2075
#DDDDDD	#F5E7E6	48146	13.4000000000015	2075
#DDDDDD	#F5E7E6	48146.4	13	2075
#DDDDDD	#F5E7E6	48146	12.5999999999985	2075
#DDDDDD	#F5E7E6	48145.6	13	2075
#DEDEDE	#F4E7E5	48146.1	13.5	2076
#DEDEDE	#F4E7E5	48146.5	13.9000000000015	2076
#DEDEDE	#F4E7E5	48146.9	13.5	2076
#DEDEDE	#F4E7E5	48146.5	13.0999999999985	2076
#DEDEDE	#F4E7E5	48146.1	13.5	2076
#EAEAEA	#F6E9E8	48146.6	14	2077
#EAEAEA	#F6E9E8	48147	14.4000000000015	2077
#EAEAEA	#F6E9E8	48147.4	14	2077
#EAEAEA	#F6E9E8	48147	13.5999999999985	2077
#EAEAEA	#F6E9E8	48146.6	14	2077
#C0C0C0	#EBD3D0	48147.1	14.5	2078
#C0C0C0	#EBD3D0	48147.5	14.9000000000015	2078
#C0C0C0	#EBD3D0	48147.9	14.5	2078
#C0C0C0	#EBD3D0	48147.5	14.0999999999985	2078
#C0C0C0	#EBD3D0	48147.1	14.5	2078
#FEFEFE	#FEFCFC	48147.6	15	2079
#FEFEFE	#FEFCFC	48148	15.4000000000015	2079
#FEFEFE	#FEFCFC	48148.4	15	2079
#FEFEFE	#FEFCFC	48148	14.5999999999985	2079
#FEFEFE	#FEFCFC	48147.6	15	2079
#FAFAFA	#FBF6F6	48148.1	15.5	2080
#FAFAFA	#FBF6F6	48148.5	15.9000000000015	2080
#FAFAFA	#FBF6F6	48148.9	15.5	2080
#FAFAFA	#FBF6F6	48148.5	15.0999999999985	2080
#FAFAFA	#FBF6F6	48148.1	15.5	2080
#E1E1E1	#F1E0DD	48148.6	16	2081
#E1E1E1	#F1E0DD	48149	16.4000000000015	2081
#E1E1E1	#F1E0DD	48149.4	16	2081
#E1E1E1	#F1E0DD	48149	15.5999999999985	2081
#E1E1E1	#F1E0DD	48148.6	16	2081
#FBFBFB	#F9F1F0	48149.1	16.5	2082
#FBFBFB	#F9F1F0	48149.5	16.9000000000015	2082
#FBFBFB	#F9F1F0	48149.9	16.5	2082
#FBFBFB	#F9F1F0	48149.5	16.0999999999985	2082
#FBFBFB	#F9F1F0	48149.1	16.5	2082
#D3D3D3	#EED9D6	48149.6	17	2083
#D3D3D3	#EED9D6	48150	17.4000000000015	2083
#D3D3D3	#EED9D6	48150.4	17	2083
#D3D3D3	#EED9D6	48150	16.5999999999985	2083
#D3D3D3	#EED9D6	48149.6	17	2083
#ECECEC	#F6EBE9	48150.1	17.5	2084
#ECECEC	#F6EBE9	48150.5	17.9000000000015	2084
#ECECEC	#F6EBE9	48150.9	17.5	2084
#ECECEC	#F6EBE9	48150.5	17.0999999999985	2084
#ECECEC	#F6EBE9	48150.1	17.5	2084
#C9C9C9	#EED9D6	48150.6	18	2085
#C9C9C9	#EED9D6	48151	18.4000000000015	2085
#C9C9C9	#EED9D6	48151.4	18	2085
#C9C9C9	#EED9D6	48151	17.5999999999985	2085
#C9C9C9	#EED9D6	48150.6	18	2085
#D4D4D4	#F0DEDB	48151.1	18.5	2086
#D4D4D4	#F0DEDB	48151.5	18.9000000000015	2086
#D4D4D4	#F0DEDB	48151.9	18.5	2086
#D4D4D4	#F0DEDB	48151.5	18.0999999999985	2086
#D4D4D4	#F0DEDB	48151.1	18.5	2086
#B0B0B0	#E6C9C5	48151.6	19	2087
#B0B0B0	#E6C9C5	48152	19.4000000000015	2087
#B0B0B0	#E6C9C5	48152.4	19	2087
#B0B0B0	#E6C9C5	48152	18.5999999999985	2087
#B0B0B0	#E6C9C5	48151.6	19	2087
#F6F6F6	#F9F0EF	48152.1	19.5	2088
#F6F6F6	#F9F0EF	48152.5	19.9000000000015	2088
#F6F6F6	#F9F0EF	48152.9	19.5	2088
#F6F6F6	#F9F0EF	48152.5	19.0999999999985	2088
#F6F6F6	#F9F0EF	48152.1	19.5	2088
#DFDFDF	#F0DEDC	48152.6	20	2089
#DFDFDF	#F0DEDC	48153	20.4000000000015	2089
#DFDFDF	#F0DEDC	48153.4	20	2089
#DFDFDF	#F0DEDC	48153	19.5999999999985	2089
#DFDFDF	#F0DEDC	48152.6	20	2089
#CFCFCF	#EDD7D4	48153.1	20.5	2090
#CFCFCF	#EDD7D4	48153.5	20.9000000000015	2090
#CFCFCF	#EDD7D4	48153.9	20.5	2090
#CFCFCF	#EDD7D4	48153.5	20.0999999999985	2090
#CFCFCF	#EDD7D4	48153.1	20.5	2090
#DBDBDB	#F0DDDB	48153.6	21	2091
#DBDBDB	#F0DDDB	48154	21.4000000000015	2091
#DBDBDB	#F0DDDB	48154.4	21	2091
#DBDBDB	#F0DDDB	48154	20.5999999999985	2091
#DBDBDB	#F0DDDB	48153.6	21	2091
#E9E9E9	#F3E4E2	48154.1	21.5	2092
#E9E9E9	#F3E4E2	48154.5	21.9000000000015	2092
#E9E9E9	#F3E4E2	48154.9	21.5	2092
#E9E9E9	#F3E4E2	48154.5	21.0999999999985	2092
#E9E9E9	#F3E4E2	48154.1	21.5	2092
#E8E8E8	#F2E2E0	48154.6	22	2093
#E8E8E8	#F2E2E0	48155	22.4000000000015	2093
#E8E8E8	#F2E2E0	48155.4	22	2093
#E8E8E8	#F2E2E0	48155	21.5999999999985	2093
#E8E8E8	#F2E2E0	48154.6	22	2093
#BBBBBB	#E4C4C0	48155.1	22.5	2094
#BBBBBB	#E4C4C0	48155.5	22.9000000000015	2094
#BBBBBB	#E4C4C0	48155.9	22.5	2094
#BBBBBB	#E4C4C0	48155.5	22.0999999999985	2094
#BBBBBB	#E4C4C0	48155.1	22.5	2094
#D0D0D0	#E8CDCA	48155.6	23	2095
#D0D0D0	#E8CDCA	48156	23.4000000000015	2095
#D0D0D0	#E8CDCA	48156.4	23	2095
#D0D0D0	#E8CDCA	48156	22.5999999999985	2095
#D0D0D0	#E8CDCA	48155.6	23	2095
#E2E2E2	#EDD6D4	48156.1	23.5	2096
#E2E2E2	#EDD6D4	48156.5	23.9000000000015	2096
#E2E2E2	#EDD6D4	48156.9	23.5	2096
#E2E2E2	#EDD6D4	48156.5	23.0999999999985	2096
#E2E2E2	#EDD6D4	48156.1	23.5	2096
#C9C9C9	#D5A8A3	48156.6	24	2097
#C9C9C9	#D5A8A3	48157	24.4000000000015	2097
#C9C9C9	#D5A8A3	48157.4	24	2097
#C9C9C9	#D5A8A3	48157	23.5999999999985	2097
#C9C9C9	#D5A8A3	48156.6	24	2097
#B7B7B7	#C28680	48157.1	24.5	2098
#B7B7B7	#C28680	48157.5	24.9000000000015	2098
#B7B7B7	#C28680	48157.9	24.5	2098
#B7B7B7	#C28680	48157.5	24.0999999999985	2098
#B7B7B7	#C28680	48157.1	24.5	2098
#585858	#F1E1DE	48133.6	0	2099
#585858	#F1E1DE	48134	0.400000000001455	2099
#585858	#F1E1DE	48134.4	0	2099
#585858	#F1E1DE	48134	-0.400000000001455	2099
#585858	#F1E1DE	48133.6	0	2099
#B6B6B6	#F7EEEC	48134.1	0.5	2100
#B6B6B6	#F7EEEC	48134.5	0.900000000001455	2100
#B6B6B6	#F7EEEC	48134.9	0.5	2100
#B6B6B6	#F7EEEC	48134.5	0.0999999999985448	2100
#B6B6B6	#F7EEEC	48134.1	0.5	2100
#C7C7C7	#F8EEED	48134.6	1	2101
#C7C7C7	#F8EEED	48135	1.40000000000146	2101
#C7C7C7	#F8EEED	48135.4	1	2101
#C7C7C7	#F8EEED	48135	0.599999999998545	2101
#C7C7C7	#F8EEED	48134.6	1	2101
#C4C4C4	#F8EEED	48135.1	1.5	2102
#C4C4C4	#F8EEED	48135.5	1.90000000000146	2102
#C4C4C4	#F8EEED	48135.9	1.5	2102
#C4C4C4	#F8EEED	48135.5	1.09999999999854	2102
#C4C4C4	#F8EEED	48135.1	1.5	2102
#F3F3F3	#FCF9F8	48135.6	2	2103
#F3F3F3	#FCF9F8	48136	2.40000000000146	2103
#F3F3F3	#FCF9F8	48136.4	2	2103
#F3F3F3	#FCF9F8	48136	1.59999999999854	2103
#F3F3F3	#FCF9F8	48135.6	2	2103
#FDFDFD	#FEFEFE	48136.1	2.5	2104
#FDFDFD	#FEFEFE	48136.5	2.90000000000146	2104
#FDFDFD	#FEFEFE	48136.9	2.5	2104
#FDFDFD	#FEFEFE	48136.5	2.09999999999854	2104
#FDFDFD	#FEFEFE	48136.1	2.5	2104
#EFEFEF	#FBF6F6	48136.6	3	2105
#EFEFEF	#FBF6F6	48137	3.40000000000146	2105
#EFEFEF	#FBF6F6	48137.4	3	2105
#EFEFEF	#FBF6F6	48137	2.59999999999855	2105
#EFEFEF	#FBF6F6	48136.6	3	2105
#FCFCFC	#FEFCFC	48137.1	3.5	2106
#FCFCFC	#FEFCFC	48137.5	3.90000000000146	2106
#FCFCFC	#FEFCFC	48137.9	3.5	2106
#FCFCFC	#FEFCFC	48137.5	3.09999999999855	2106
#FCFCFC	#FEFCFC	48137.1	3.5	2106
#F9F9F9	#FDFAF9	48137.6	4	2107
#F9F9F9	#FDFAF9	48138	4.40000000000146	2107
#F9F9F9	#FDFAF9	48138.4	4	2107
#F9F9F9	#FDFAF9	48138	3.59999999999855	2107
#F9F9F9	#FDFAF9	48137.6	4	2107
#FEFEFE	#FEFEFE	48138.1	4.5	2108
#FEFEFE	#FEFEFE	48138.5	4.90000000000146	2108
#FEFEFE	#FEFEFE	48138.9	4.5	2108
#FEFEFE	#FEFEFE	48138.5	4.09999999999855	2108
#FEFEFE	#FEFEFE	48138.1	4.5	2108
#FBFBFB	#FDFBFA	48138.6	5	2109
#FBFBFB	#FDFBFA	48139	5.40000000000146	2109
#FBFBFB	#FDFBFA	48139.4	5	2109
#FBFBFB	#FDFBFA	48139	4.59999999999855	2109
#FBFBFB	#FDFBFA	48138.6	5	2109
#FFFFFF	#FFFFFF	48139.1	5.5	2110
#FFFFFF	#FFFFFF	48139.5	5.90000000000146	2110
#FFFFFF	#FFFFFF	48139.9	5.5	2110
#FFFFFF	#FFFFFF	48139.5	5.09999999999855	2110
#FFFFFF	#FFFFFF	48139.1	5.5	2110
#F4F4F4	#FBF5F5	48139.6	6	2111
#F4F4F4	#FBF5F5	48140	6.40000000000146	2111
#F4F4F4	#FBF5F5	48140.4	6	2111
#F4F4F4	#FBF5F5	48140	5.59999999999855	2111
#F4F4F4	#FBF5F5	48139.6	6	2111
#FCFCFC	#FDFBFB	48140.1	6.5	2112
#FCFCFC	#FDFBFB	48140.5	6.90000000000146	2112
#FCFCFC	#FDFBFB	48140.9	6.5	2112
#FCFCFC	#FDFBFB	48140.5	6.09999999999855	2112
#FCFCFC	#FDFBFB	48140.1	6.5	2112
#F5F5F5	#FBF5F4	48140.6	7	2113
#F5F5F5	#FBF5F4	48141	7.40000000000146	2113
#F5F5F5	#FBF5F4	48141.4	7	2113
#F5F5F5	#FBF5F4	48141	6.59999999999855	2113
#F5F5F5	#FBF5F4	48140.6	7	2113
#F7F7F7	#F8F7FB	48141.1	7.5	2114
#F7F7F7	#F8F7FB	48141.5	7.90000000000146	2114
#F7F7F7	#F8F7FB	48141.9	7.5	2114
#F7F7F7	#F8F7FB	48141.5	7.09999999999855	2114
#F7F7F7	#F8F7FB	48141.1	7.5	2114
#F8F8F8	#FBF7F6	48141.6	8	2115
#F8F8F8	#FBF7F6	48142	8.40000000000146	2115
#F8F8F8	#FBF7F6	48142.4	8	2115
#F8F8F8	#FBF7F6	48142	7.59999999999855	2115
#F8F8F8	#FBF7F6	48141.6	8	2115
#F7F7F7	#FBF6F5	48142.1	8.5	2116
#F7F7F7	#FBF6F5	48142.5	8.90000000000146	2116
#F7F7F7	#FBF6F5	48142.9	8.5	2116
#F7F7F7	#FBF6F5	48142.5	8.09999999999855	2116
#F7F7F7	#FBF6F5	48142.1	8.5	2116
#FDFDFD	#FEFCFC	48142.6	9	2117
#FDFDFD	#FEFCFC	48143	9.40000000000146	2117
#FDFDFD	#FEFCFC	48143.4	9	2117
#FDFDFD	#FEFCFC	48143	8.59999999999855	2117
#FDFDFD	#FEFCFC	48142.6	9	2117
#FDFDFD	#FCFCFE	48143.1	9.5	2118
#FDFDFD	#FCFCFE	48143.5	9.90000000000146	2118
#FDFDFD	#FCFCFE	48143.9	9.5	2118
#FDFDFD	#FCFCFE	48143.5	9.09999999999854	2118
#FDFDFD	#FCFCFE	48143.1	9.5	2118
#F9F9F9	#F9F8FC	48143.6	10	2119
#F9F9F9	#F9F8FC	48144	10.4000000000015	2119
#F9F9F9	#F9F8FC	48144.4	10	2119
#F9F9F9	#F9F8FC	48144	9.59999999999854	2119
#F9F9F9	#F9F8FC	48143.6	10	2119
#FEFEFE	#FEFDFD	48144.1	10.5	2120
#FEFEFE	#FEFDFD	48144.5	10.9000000000015	2120
#FEFEFE	#FEFDFD	48144.9	10.5	2120
#FEFEFE	#FEFDFD	48144.5	10.0999999999985	2120
#FEFEFE	#FEFDFD	48144.1	10.5	2120
#FFFFFF	#FFFFFF	48144.6	11	2121
#FFFFFF	#FFFFFF	48145	11.4000000000015	2121
#FFFFFF	#FFFFFF	48145.4	11	2121
#FFFFFF	#FFFFFF	48145	10.5999999999985	2121
#FFFFFF	#FFFFFF	48144.6	11	2121
#FAFAFA	#F9F8FC	48145.1	11.5	2122
#FAFAFA	#F9F8FC	48145.5	11.9000000000015	2122
#FAFAFA	#F9F8FC	48145.9	11.5	2122
#FAFAFA	#F9F8FC	48145.5	11.0999999999985	2122
#FAFAFA	#F9F8FC	48145.1	11.5	2122
#FFFFFF	#FFFFFF	48145.6	12	2123
#FFFFFF	#FFFFFF	48146	12.4000000000015	2123
#FFFFFF	#FFFFFF	48146.4	12	2123
#FFFFFF	#FFFFFF	48146	11.5999999999985	2123
#FFFFFF	#FFFFFF	48145.6	12	2123
#FEFEFE	#FEFEFE	48146.1	12.5	2124
#FEFEFE	#FEFEFE	48146.5	12.9000000000015	2124
#FEFEFE	#FEFEFE	48146.9	12.5	2124
#FEFEFE	#FEFEFE	48146.5	12.0999999999985	2124
#FEFEFE	#FEFEFE	48146.1	12.5	2124
#F1F1F1	#F8EFEE	48146.6	13	2125
#F1F1F1	#F8EFEE	48147	13.4000000000015	2125
#F1F1F1	#F8EFEE	48147.4	13	2125
#F1F1F1	#F8EFEE	48147	12.5999999999985	2125
#F1F1F1	#F8EFEE	48146.6	13	2125
#EFEFEF	#F6ECEA	48147.1	13.5	2126
#EFEFEF	#F6ECEA	48147.5	13.9000000000015	2126
#EFEFEF	#F6ECEA	48147.9	13.5	2126
#EFEFEF	#F6ECEA	48147.5	13.0999999999985	2126
#EFEFEF	#F6ECEA	48147.1	13.5	2126
#D0D0D0	#ECD5D2	48147.6	14	2127
#D0D0D0	#ECD5D2	48148	14.4000000000015	2127
#D0D0D0	#ECD5D2	48148.4	14	2127
#D0D0D0	#ECD5D2	48148	13.5999999999985	2127
#D0D0D0	#ECD5D2	48147.6	14	2127
#F0F0F0	#F5E9E8	48148.1	14.5	2128
#F0F0F0	#F5E9E8	48148.5	14.9000000000015	2128
#F0F0F0	#F5E9E8	48148.9	14.5	2128
#F0F0F0	#F5E9E8	48148.5	14.0999999999985	2128
#F0F0F0	#F5E9E8	48148.1	14.5	2128
#FDFDFD	#FDFBFB	48148.6	15	2129
#FDFDFD	#FDFBFB	48149	15.4000000000015	2129
#FDFDFD	#FDFBFB	48149.4	15	2129
#FDFDFD	#FDFBFB	48149	14.5999999999985	2129
#FDFDFD	#FDFBFB	48148.6	15	2129
#DDDDDD	#EEDAD7	48149.1	15.5	2130
#DDDDDD	#EEDAD7	48149.5	15.9000000000015	2130
#DDDDDD	#EEDAD7	48149.9	15.5	2130
#DDDDDD	#EEDAD7	48149.5	15.0999999999985	2130
#DDDDDD	#EEDAD7	48149.1	15.5	2130
#F8F8F8	#EDEAF5	48149.6	16	2131
#F8F8F8	#EDEAF5	48150	16.4000000000015	2131
#F8F8F8	#EDEAF5	48150.4	16	2131
#F8F8F8	#EDEAF5	48150	15.5999999999985	2131
#F8F8F8	#EDEAF5	48149.6	16	2131
#ECECEC	#F5E9E7	48150.1	16.5	2132
#ECECEC	#F5E9E7	48150.5	16.9000000000015	2132
#ECECEC	#F5E9E7	48150.9	16.5	2132
#ECECEC	#F5E9E7	48150.5	16.0999999999985	2132
#ECECEC	#F5E9E7	48150.1	16.5	2132
#F3F3F3	#F7EDEC	48150.6	17	2133
#F3F3F3	#F7EDEC	48151	17.4000000000015	2133
#F3F3F3	#F7EDEC	48151.4	17	2133
#F3F3F3	#F7EDEC	48151	16.5999999999985	2133
#F3F3F3	#F7EDEC	48150.6	17	2133
#DFDFDF	#F2E2E0	48151.1	17.5	2134
#DFDFDF	#F2E2E0	48151.5	17.9000000000015	2134
#DFDFDF	#F2E2E0	48151.9	17.5	2134
#DFDFDF	#F2E2E0	48151.5	17.0999999999985	2134
#DFDFDF	#F2E2E0	48151.1	17.5	2134
#E8E8E8	#F4E7E5	48151.6	18	2135
#E8E8E8	#F4E7E5	48152	18.4000000000015	2135
#E8E8E8	#F4E7E5	48152.4	18	2135
#E8E8E8	#F4E7E5	48152	17.5999999999985	2135
#E8E8E8	#F4E7E5	48151.6	18	2135
#DFDFDF	#F0DDDB	48152.1	18.5	2136
#DFDFDF	#F0DDDB	48152.5	18.9000000000015	2136
#DFDFDF	#F0DDDB	48152.9	18.5	2136
#DFDFDF	#F0DDDB	48152.5	18.0999999999985	2136
#DFDFDF	#F0DDDB	48152.1	18.5	2136
#DFDFDF	#EED9D7	48152.6	19	2137
#DFDFDF	#EED9D7	48153	19.4000000000015	2137
#DFDFDF	#EED9D7	48153.4	19	2137
#DFDFDF	#EED9D7	48153	18.5999999999985	2137
#DFDFDF	#EED9D7	48152.6	19	2137
#ECECEC	#F3E3E1	48153.1	19.5	2138
#ECECEC	#F3E3E1	48153.5	19.9000000000015	2138
#ECECEC	#F3E3E1	48153.9	19.5	2138
#ECECEC	#F3E3E1	48153.5	19.0999999999985	2138
#ECECEC	#F3E3E1	48153.1	19.5	2138
#E0E0E0	#F0DEDB	48153.6	20	2139
#E0E0E0	#F0DEDB	48154	20.4000000000015	2139
#E0E0E0	#F0DEDB	48154.4	20	2139
#E0E0E0	#F0DEDB	48154	19.5999999999985	2139
#E0E0E0	#F0DEDB	48153.6	20	2139
#EFEFEF	#F5E7E5	48154.1	20.5	2140
#EFEFEF	#F5E7E5	48154.5	20.9000000000015	2140
#EFEFEF	#F5E7E5	48154.9	20.5	2140
#EFEFEF	#F5E7E5	48154.5	20.0999999999985	2140
#EFEFEF	#F5E7E5	48154.1	20.5	2140
#FBFBFB	#FBF6F5	48154.6	21	2141
#FBFBFB	#FBF6F5	48155	21.4000000000015	2141
#FBFBFB	#FBF6F5	48155.4	21	2141
#FBFBFB	#FBF6F5	48155	20.5999999999985	2141
#FBFBFB	#FBF6F5	48154.6	21	2141
#F3F3F3	#F6EAE8	48155.1	21.5	2142
#F3F3F3	#F6EAE8	48155.5	21.9000000000015	2142
#F3F3F3	#F6EAE8	48155.9	21.5	2142
#F3F3F3	#F6EAE8	48155.5	21.0999999999985	2142
#F3F3F3	#F6EAE8	48155.1	21.5	2142
#DEDEDE	#EBD3D0	48155.6	22	2143
#DEDEDE	#EBD3D0	48156	22.4000000000015	2143
#DEDEDE	#EBD3D0	48156.4	22	2143
#DEDEDE	#EBD3D0	48156	21.5999999999985	2143
#DEDEDE	#EBD3D0	48155.6	22	2143
#E3E3E3	#EDD6D3	48156.1	22.5	2144
#E3E3E3	#EDD6D3	48156.5	22.9000000000015	2144
#E3E3E3	#EDD6D3	48156.9	22.5	2144
#E3E3E3	#EDD6D3	48156.5	22.0999999999985	2144
#E3E3E3	#EDD6D3	48156.1	22.5	2144
#E4E4E4	#ECD5D2	48156.6	23	2145
#E4E4E4	#ECD5D2	48157	23.4000000000015	2145
#E4E4E4	#ECD5D2	48157.4	23	2145
#E4E4E4	#ECD5D2	48157	22.5999999999985	2145
#E4E4E4	#ECD5D2	48156.6	23	2145
#D5D5D5	#D3A49E	48157.1	23.5	2146
#D5D5D5	#D3A49E	48157.5	23.9000000000015	2146
#D5D5D5	#D3A49E	48157.9	23.5	2146
#D5D5D5	#D3A49E	48157.5	23.0999999999985	2146
#D5D5D5	#D3A49E	48157.1	23.5	2146
#E6E6E6	#E8CDC9	48157.6	24	2147
#E6E6E6	#E8CDC9	48158	24.4000000000015	2147
#E6E6E6	#E8CDC9	48158.4	24	2147
#E6E6E6	#E8CDC9	48158	23.5999999999985	2147
#E6E6E6	#E8CDC9	48157.6	24	2147
#E3E3E3	#D5A8A3	48158.1	24.5	2148
#E3E3E3	#D5A8A3	48158.5	24.9000000000015	2148
#E3E3E3	#D5A8A3	48158.9	24.5	2148
#E3E3E3	#D5A8A3	48158.5	24.0999999999985	2148
#E3E3E3	#D5A8A3	48158.1	24.5	2148
#737373	#F4E5E3	48134.6	0	2149
#737373	#F4E5E3	48135	0.400000000001455	2149
#737373	#F4E5E3	48135.4	0	2149
#737373	#F4E5E3	48135	-0.400000000001455	2149
#737373	#F4E5E3	48134.6	0	2149
#D8D8D8	#FAF4F3	48135.1	0.5	2150
#D8D8D8	#FAF4F3	48135.5	0.900000000001455	2150
#D8D8D8	#FAF4F3	48135.9	0.5	2150
#D8D8D8	#FAF4F3	48135.5	0.0999999999985448	2150
#D8D8D8	#FAF4F3	48135.1	0.5	2150
#B0B0B0	#F7EDEB	48135.6	1	2151
#B0B0B0	#F7EDEB	48136	1.40000000000146	2151
#B0B0B0	#F7EDEB	48136.4	1	2151
#B0B0B0	#F7EDEB	48136	0.599999999998545	2151
#B0B0B0	#F7EDEB	48135.6	1	2151
#F8F8F8	#FDFBFB	48136.1	1.5	2152
#F8F8F8	#FDFBFB	48136.5	1.90000000000146	2152
#F8F8F8	#FDFBFB	48136.9	1.5	2152
#F8F8F8	#FDFBFB	48136.5	1.09999999999854	2152
#F8F8F8	#FDFBFB	48136.1	1.5	2152
#F4F4F4	#FCF9F9	48136.6	2	2153
#F4F4F4	#FCF9F9	48137	2.40000000000146	2153
#F4F4F4	#FCF9F9	48137.4	2	2153
#F4F4F4	#FCF9F9	48137	1.59999999999854	2153
#F4F4F4	#FCF9F9	48136.6	2	2153
#E5E5E5	#FAF3F2	48137.1	2.5	2154
#E5E5E5	#FAF3F2	48137.5	2.90000000000146	2154
#E5E5E5	#FAF3F2	48137.9	2.5	2154
#E5E5E5	#FAF3F2	48137.5	2.09999999999854	2154
#E5E5E5	#FAF3F2	48137.1	2.5	2154
#F0F0F0	#FBF6F6	48137.6	3	2155
#F0F0F0	#FBF6F6	48138	3.40000000000146	2155
#F0F0F0	#FBF6F6	48138.4	3	2155
#F0F0F0	#FBF6F6	48138	2.59999999999855	2155
#F0F0F0	#FBF6F6	48137.6	3	2155
#FEFEFE	#FEFEFE	48138.1	3.5	2156
#FEFEFE	#FEFEFE	48138.5	3.90000000000146	2156
#FEFEFE	#FEFEFE	48138.9	3.5	2156
#FEFEFE	#FEFEFE	48138.5	3.09999999999855	2156
#FEFEFE	#FEFEFE	48138.1	3.5	2156
#F8F8F8	#FAF9FC	48138.6	4	2157
#F8F8F8	#FAF9FC	48139	4.40000000000146	2157
#F8F8F8	#FAF9FC	48139.4	4	2157
#F8F8F8	#FAF9FC	48139	3.59999999999855	2157
#F8F8F8	#FAF9FC	48138.6	4	2157
#F6F6F6	#F9F8FC	48139.1	4.5	2158
#F6F6F6	#F9F8FC	48139.5	4.90000000000146	2158
#F6F6F6	#F9F8FC	48139.9	4.5	2158
#F6F6F6	#F9F8FC	48139.5	4.09999999999855	2158
#F6F6F6	#F9F8FC	48139.1	4.5	2158
#FEFEFE	#FFFEFE	48139.6	5	2159
#FEFEFE	#FFFEFE	48140	5.40000000000146	2159
#FEFEFE	#FFFEFE	48140.4	5	2159
#FEFEFE	#FFFEFE	48140	4.59999999999855	2159
#FEFEFE	#FFFEFE	48139.6	5	2159
#FCFCFC	#FDFBFB	48140.1	5.5	2160
#FCFCFC	#FDFBFB	48140.5	5.90000000000146	2160
#FCFCFC	#FDFBFB	48140.9	5.5	2160
#FCFCFC	#FDFBFB	48140.5	5.09999999999855	2160
#FCFCFC	#FDFBFB	48140.1	5.5	2160
#F7F7F7	#FBF6F6	48140.6	6	2161
#F7F7F7	#FBF6F6	48141	6.40000000000146	2161
#F7F7F7	#FBF6F6	48141.4	6	2161
#F7F7F7	#FBF6F6	48141	5.59999999999855	2161
#F7F7F7	#FBF6F6	48140.6	6	2161
#FFFFFF	#FFFFFF	48141.1	6.5	2162
#FFFFFF	#FFFFFF	48141.5	6.90000000000146	2162
#FFFFFF	#FFFFFF	48141.9	6.5	2162
#FFFFFF	#FFFFFF	48141.5	6.09999999999855	2162
#FFFFFF	#FFFFFF	48141.1	6.5	2162
#F6F6F6	#F7F6FB	48141.6	7	2163
#F6F6F6	#F7F6FB	48142	7.40000000000146	2163
#F6F6F6	#F7F6FB	48142.4	7	2163
#F6F6F6	#F7F6FB	48142	6.59999999999855	2163
#F6F6F6	#F7F6FB	48141.6	7	2163
#F5F5F5	#F6F5FA	48142.1	7.5	2164
#F5F5F5	#F6F5FA	48142.5	7.90000000000146	2164
#F5F5F5	#F6F5FA	48142.9	7.5	2164
#F5F5F5	#F6F5FA	48142.5	7.09999999999855	2164
#F5F5F5	#F6F5FA	48142.1	7.5	2164
#ECECEC	#F2F0F8	48142.6	8	2165
#ECECEC	#F2F0F8	48143	8.40000000000146	2165
#ECECEC	#F2F0F8	48143.4	8	2165
#ECECEC	#F2F0F8	48143	7.59999999999855	2165
#ECECEC	#F2F0F8	48142.6	8	2165
#FBFBFB	#FBFAFD	48143.1	8.5	2166
#FBFBFB	#FBFAFD	48143.5	8.90000000000146	2166
#FBFBFB	#FBFAFD	48143.9	8.5	2166
#FBFBFB	#FBFAFD	48143.5	8.09999999999855	2166
#FBFBFB	#FBFAFD	48143.1	8.5	2166
#E4E4E4	#EDEAF5	48143.6	9	2167
#E4E4E4	#EDEAF5	48144	9.40000000000146	2167
#E4E4E4	#EDEAF5	48144.4	9	2167
#E4E4E4	#EDEAF5	48144	8.59999999999855	2167
#E4E4E4	#EDEAF5	48143.6	9	2167
#F9F9F9	#F9F8FC	48144.1	9.5	2168
#F9F9F9	#F9F8FC	48144.5	9.90000000000146	2168
#F9F9F9	#F9F8FC	48144.9	9.5	2168
#F9F9F9	#F9F8FC	48144.5	9.09999999999854	2168
#F9F9F9	#F9F8FC	48144.1	9.5	2168
#F3F3F3	#F6F4FA	48144.6	10	2169
#F3F3F3	#F6F4FA	48145	10.4000000000015	2169
#F3F3F3	#F6F4FA	48145.4	10	2169
#F3F3F3	#F6F4FA	48145	9.59999999999854	2169
#F3F3F3	#F6F4FA	48144.6	10	2169
#F2F2F2	#F4F3F9	48145.1	10.5	2170
#F2F2F2	#F4F3F9	48145.5	10.9000000000015	2170
#F2F2F2	#F4F3F9	48145.9	10.5	2170
#F2F2F2	#F4F3F9	48145.5	10.0999999999985	2170
#F2F2F2	#F4F3F9	48145.1	10.5	2170
#EFEFEF	#F2F0F8	48145.6	11	2171
#EFEFEF	#F2F0F8	48146	11.4000000000015	2171
#EFEFEF	#F2F0F8	48146.4	11	2171
#EFEFEF	#F2F0F8	48146	10.5999999999985	2171
#EFEFEF	#F2F0F8	48145.6	11	2171
#F6F6F6	#F7F6FB	48146.1	11.5	2172
#F6F6F6	#F7F6FB	48146.5	11.9000000000015	2172
#F6F6F6	#F7F6FB	48146.9	11.5	2172
#F6F6F6	#F7F6FB	48146.5	11.0999999999985	2172
#F6F6F6	#F7F6FB	48146.1	11.5	2172
#FBFBFB	#FCF8F8	48146.6	12	2173
#FBFBFB	#FCF8F8	48147	12.4000000000015	2173
#FBFBFB	#FCF8F8	48147.4	12	2173
#FBFBFB	#FCF8F8	48147	11.5999999999985	2173
#FBFBFB	#FCF8F8	48146.6	12	2173
#FCFCFC	#FDFAF9	48147.1	12.5	2174
#FCFCFC	#FDFAF9	48147.5	12.9000000000015	2174
#FCFCFC	#FDFAF9	48147.9	12.5	2174
#FCFCFC	#FDFAF9	48147.5	12.0999999999985	2174
#FCFCFC	#FDFAF9	48147.1	12.5	2174
#EDEDED	#F7ECEA	48147.6	13	2175
#EDEDED	#F7ECEA	48148	13.4000000000015	2175
#EDEDED	#F7ECEA	48148.4	13	2175
#EDEDED	#F7ECEA	48148	12.5999999999985	2175
#EDEDED	#F7ECEA	48147.6	13	2175
#FAFAFA	#FCF7F6	48148.1	13.5	2176
#FAFAFA	#FCF7F6	48148.5	13.9000000000015	2176
#FAFAFA	#FCF7F6	48148.9	13.5	2176
#FAFAFA	#FCF7F6	48148.5	13.0999999999985	2176
#FAFAFA	#FCF7F6	48148.1	13.5	2176
#EBEBEB	#F4E5E3	48148.6	14	2177
#EBEBEB	#F4E5E3	48149	14.4000000000015	2177
#EBEBEB	#F4E5E3	48149.4	14	2177
#EBEBEB	#F4E5E3	48149	13.5999999999985	2177
#EBEBEB	#F4E5E3	48148.6	14	2177
#FAFAFA	#FBF5F5	48149.1	14.5	2178
#FAFAFA	#FBF5F5	48149.5	14.9000000000015	2178
#FAFAFA	#FBF5F5	48149.9	14.5	2178
#FAFAFA	#FBF5F5	48149.5	14.0999999999985	2178
#FAFAFA	#FBF5F5	48149.1	14.5	2178
#F8F8F8	#FAF3F2	48149.6	15	2179
#F8F8F8	#FAF3F2	48150	15.4000000000015	2179
#F8F8F8	#FAF3F2	48150.4	15	2179
#F8F8F8	#FAF3F2	48150	14.5999999999985	2179
#F8F8F8	#FAF3F2	48149.6	15	2179
#FCFCFC	#F5F4FA	48150.1	15.5	2180
#FCFCFC	#F5F4FA	48150.5	15.9000000000015	2180
#FCFCFC	#F5F4FA	48150.9	15.5	2180
#FCFCFC	#F5F4FA	48150.5	15.0999999999985	2180
#FCFCFC	#F5F4FA	48150.1	15.5	2180
#FFFFFF	#FFFEFF	48150.6	16	2181
#FFFFFF	#FFFEFF	48151	16.4000000000015	2181
#FFFFFF	#FFFEFF	48151.4	16	2181
#FFFFFF	#FFFEFF	48151	15.5999999999985	2181
#FFFFFF	#FFFEFF	48150.6	16	2181
#FFFFFF	#FFFFFF	48151.1	16.5	2182
#FFFFFF	#FFFFFF	48151.5	16.9000000000015	2182
#FFFFFF	#FFFFFF	48151.9	16.5	2182
#FFFFFF	#FFFFFF	48151.5	16.0999999999985	2182
#FFFFFF	#FFFFFF	48151.1	16.5	2182
#F7F7F7	#FAF4F3	48151.6	17	2183
#F7F7F7	#FAF4F3	48152	17.4000000000015	2183
#F7F7F7	#FAF4F3	48152.4	17	2183
#F7F7F7	#FAF4F3	48152	16.5999999999985	2183
#F7F7F7	#FAF4F3	48151.6	17	2183
#F8F8F8	#FAF4F3	48152.1	17.5	2184
#F8F8F8	#FAF4F3	48152.5	17.9000000000015	2184
#F8F8F8	#FAF4F3	48152.9	17.5	2184
#F8F8F8	#FAF4F3	48152.5	17.0999999999985	2184
#F8F8F8	#FAF4F3	48152.1	17.5	2184
#D7D7D7	#ECD5D2	48152.6	18	2185
#D7D7D7	#ECD5D2	48153	18.4000000000015	2185
#D7D7D7	#ECD5D2	48153.4	18	2185
#D7D7D7	#ECD5D2	48153	17.5999999999985	2185
#D7D7D7	#ECD5D2	48152.6	18	2185
#D9D9D9	#ECD4D1	48153.1	18.5	2186
#D9D9D9	#ECD4D1	48153.5	18.9000000000015	2186
#D9D9D9	#ECD4D1	48153.9	18.5	2186
#D9D9D9	#ECD4D1	48153.5	18.0999999999985	2186
#D9D9D9	#ECD4D1	48153.1	18.5	2186
#D7D7D7	#ECD5D2	48153.6	19	2187
#D7D7D7	#ECD5D2	48154	19.4000000000015	2187
#D7D7D7	#ECD5D2	48154.4	19	2187
#D7D7D7	#ECD5D2	48154	18.5999999999985	2187
#D7D7D7	#ECD5D2	48153.6	19	2187
#E1E1E1	#F0DEDB	48154.1	19.5	2188
#E1E1E1	#F0DEDB	48154.5	19.9000000000015	2188
#E1E1E1	#F0DEDB	48154.9	19.5	2188
#E1E1E1	#F0DEDB	48154.5	19.0999999999985	2188
#E1E1E1	#F0DEDB	48154.1	19.5	2188
#F7F7F7	#F9F0EF	48154.6	20	2189
#F7F7F7	#F9F0EF	48155	20.4000000000015	2189
#F7F7F7	#F9F0EF	48155.4	20	2189
#F7F7F7	#F9F0EF	48155	19.5999999999985	2189
#F7F7F7	#F9F0EF	48154.6	20	2189
#E2E2E2	#EDD7D4	48155.1	20.5	2190
#E2E2E2	#EDD7D4	48155.5	20.9000000000015	2190
#E2E2E2	#EDD7D4	48155.9	20.5	2190
#E2E2E2	#EDD7D4	48155.5	20.0999999999985	2190
#E2E2E2	#EDD7D4	48155.1	20.5	2190
#F8F8F8	#F9F0EF	48155.6	21	2191
#F8F8F8	#F9F0EF	48156	21.4000000000015	2191
#F8F8F8	#F9F0EF	48156.4	21	2191
#F8F8F8	#F9F0EF	48156	20.5999999999985	2191
#F8F8F8	#F9F0EF	48155.6	21	2191
#F8F8F8	#F9F0EF	48156.1	21.5	2192
#F8F8F8	#F9F0EF	48156.5	21.9000000000015	2192
#F8F8F8	#F9F0EF	48156.9	21.5	2192
#F8F8F8	#F9F0EF	48156.5	21.0999999999985	2192
#F8F8F8	#F9F0EF	48156.1	21.5	2192
#EFEFEF	#F2E2E0	48156.6	22	2193
#EFEFEF	#F2E2E0	48157	22.4000000000015	2193
#EFEFEF	#F2E2E0	48157.4	22	2193
#EFEFEF	#F2E2E0	48157	21.5999999999985	2193
#EFEFEF	#F2E2E0	48156.6	22	2193
#EDEDED	#F0DDDA	48157.1	22.5	2194
#EDEDED	#F0DDDA	48157.5	22.9000000000015	2194
#EDEDED	#F0DDDA	48157.9	22.5	2194
#EDEDED	#F0DDDA	48157.5	22.0999999999985	2194
#EDEDED	#F0DDDA	48157.1	22.5	2194
#E5E5E5	#E8CDC9	48157.6	23	2195
#E5E5E5	#E8CDC9	48158	23.4000000000015	2195
#E5E5E5	#E8CDC9	48158.4	23	2195
#E5E5E5	#E8CDC9	48158	22.5999999999985	2195
#E5E5E5	#E8CDC9	48157.6	23	2195
#E8E8E8	#E6C8C4	48158.1	23.5	2196
#E8E8E8	#E6C8C4	48158.5	23.9000000000015	2196
#E8E8E8	#E6C8C4	48158.9	23.5	2196
#E8E8E8	#E6C8C4	48158.5	23.0999999999985	2196
#E8E8E8	#E6C8C4	48158.1	23.5	2196
#E1E1E1	#D09E98	48158.6	24	2197
#E1E1E1	#D09E98	48159	24.4000000000015	2197
#E1E1E1	#D09E98	48159.4	24	2197
#E1E1E1	#D09E98	48159	23.5999999999985	2197
#E1E1E1	#D09E98	48158.6	24	2197
#F1F1F1	#DFBBB6	48159.1	24.5	2198
#F1F1F1	#DFBBB6	48159.5	24.9000000000015	2198
#F1F1F1	#DFBBB6	48159.9	24.5	2198
#F1F1F1	#DFBBB6	48159.5	24.0999999999985	2198
#F1F1F1	#DFBBB6	48159.1	24.5	2198
#696969	#F3E3E1	48135.6	0	2199
#696969	#F3E3E1	48136	0.400000000001455	2199
#696969	#F3E3E1	48136.4	0	2199
#696969	#F3E3E1	48136	-0.400000000001455	2199
#696969	#F3E3E1	48135.6	0	2199
#BBBBBB	#F8EFEE	48136.1	0.5	2200
#BBBBBB	#F8EFEE	48136.5	0.900000000001455	2200
#BBBBBB	#F8EFEE	48136.9	0.5	2200
#BBBBBB	#F8EFEE	48136.5	0.0999999999985448	2200
#BBBBBB	#F8EFEE	48136.1	0.5	2200
#FFFFFF	#FFFFFF	48136.6	1	2201
#FFFFFF	#FFFFFF	48137	1.40000000000146	2201
#FFFFFF	#FFFFFF	48137.4	1	2201
#FFFFFF	#FFFFFF	48137	0.599999999998545	2201
#FFFFFF	#FFFFFF	48136.6	1	2201
#F6F6F6	#FDFAF9	48137.1	1.5	2202
#F6F6F6	#FDFAF9	48137.5	1.90000000000146	2202
#F6F6F6	#FDFAF9	48137.9	1.5	2202
#F6F6F6	#FDFAF9	48137.5	1.09999999999854	2202
#F6F6F6	#FDFAF9	48137.1	1.5	2202
#E0E0E0	#F9F2F1	48137.6	2	2203
#E0E0E0	#F9F2F1	48138	2.40000000000146	2203
#E0E0E0	#F9F2F1	48138.4	2	2203
#E0E0E0	#F9F2F1	48138	1.59999999999854	2203
#E0E0E0	#F9F2F1	48137.6	2	2203
#F3F3F3	#FCF7F7	48138.1	2.5	2204
#F3F3F3	#FCF7F7	48138.5	2.90000000000146	2204
#F3F3F3	#FCF7F7	48138.9	2.5	2204
#F3F3F3	#FCF7F7	48138.5	2.09999999999854	2204
#F3F3F3	#FCF7F7	48138.1	2.5	2204
#FEFEFE	#FEFDFD	48138.6	3	2205
#FEFEFE	#FEFDFD	48139	3.40000000000146	2205
#FEFEFE	#FEFDFD	48139.4	3	2205
#FEFEFE	#FEFDFD	48139	2.59999999999855	2205
#FEFEFE	#FEFDFD	48138.6	3	2205
#F0F0F0	#F7F5FA	48139.1	3.5	2206
#F0F0F0	#F7F5FA	48139.5	3.90000000000146	2206
#F0F0F0	#F7F5FA	48139.9	3.5	2206
#F0F0F0	#F7F5FA	48139.5	3.09999999999855	2206
#F0F0F0	#F7F5FA	48139.1	3.5	2206
#FDFDFD	#FDFCFE	48139.6	4	2207
#FDFDFD	#FDFCFE	48140	4.40000000000146	2207
#FDFDFD	#FDFCFE	48140.4	4	2207
#FDFDFD	#FDFCFE	48140	3.59999999999855	2207
#FDFDFD	#FDFCFE	48139.6	4	2207
#FEFEFE	#FEFDFD	48140.1	4.5	2208
#FEFEFE	#FEFDFD	48140.5	4.90000000000146	2208
#FEFEFE	#FEFDFD	48140.9	4.5	2208
#FEFEFE	#FEFDFD	48140.5	4.09999999999855	2208
#FEFEFE	#FEFDFD	48140.1	4.5	2208
#FCFCFC	#FDFBFB	48140.6	5	2209
#FCFCFC	#FDFBFB	48141	5.40000000000146	2209
#FCFCFC	#FDFBFB	48141.4	5	2209
#FCFCFC	#FDFBFB	48141	4.59999999999855	2209
#FCFCFC	#FDFBFB	48140.6	5	2209
#FDFDFD	#FDFDFE	48141.1	5.5	2210
#FDFDFD	#FDFDFE	48141.5	5.90000000000146	2210
#FDFDFD	#FDFDFE	48141.9	5.5	2210
#FDFDFD	#FDFDFE	48141.5	5.09999999999855	2210
#FDFDFD	#FDFDFE	48141.1	5.5	2210
#ECECEC	#F8EFEE	48141.6	6	2211
#ECECEC	#F8EFEE	48142	6.40000000000146	2211
#ECECEC	#F8EFEE	48142.4	6	2211
#ECECEC	#F8EFEE	48142	5.59999999999855	2211
#ECECEC	#F8EFEE	48141.6	6	2211
#F8F8F8	#F8F7FB	48142.1	6.5	2212
#F8F8F8	#F8F7FB	48142.5	6.90000000000146	2212
#F8F8F8	#F8F7FB	48142.9	6.5	2212
#F8F8F8	#F8F7FB	48142.5	6.09999999999855	2212
#F8F8F8	#F8F7FB	48142.1	6.5	2212
#DCDCDC	#EBE8F4	48142.6	7	2213
#DCDCDC	#EBE8F4	48143	7.40000000000146	2213
#DCDCDC	#EBE8F4	48143.4	7	2213
#DCDCDC	#EBE8F4	48143	6.59999999999855	2213
#DCDCDC	#EBE8F4	48142.6	7	2213
#C6C6C6	#E5E1F1	48143.1	7.5	2214
#C6C6C6	#E5E1F1	48143.5	7.90000000000146	2214
#C6C6C6	#E5E1F1	48143.9	7.5	2214
#C6C6C6	#E5E1F1	48143.5	7.09999999999855	2214
#C6C6C6	#E5E1F1	48143.1	7.5	2214
#E4E4E4	#EEEBF6	48143.6	8	2215
#E4E4E4	#EEEBF6	48144	8.40000000000146	2215
#E4E4E4	#EEEBF6	48144.4	8	2215
#E4E4E4	#EEEBF6	48144	7.59999999999855	2215
#E4E4E4	#EEEBF6	48143.6	8	2215
#F9F9F9	#F9F8FC	48144.1	8.5	2216
#F9F9F9	#F9F8FC	48144.5	8.90000000000146	2216
#F9F9F9	#F9F8FC	48144.9	8.5	2216
#F9F9F9	#F9F8FC	48144.5	8.09999999999855	2216
#F9F9F9	#F9F8FC	48144.1	8.5	2216
#E3E3E3	#EDEAF5	48144.6	9	2217
#E3E3E3	#EDEAF5	48145	9.40000000000146	2217
#E3E3E3	#EDEAF5	48145.4	9	2217
#E3E3E3	#EDEAF5	48145	8.59999999999855	2217
#E3E3E3	#EDEAF5	48144.6	9	2217
#EFEFEF	#F3F2F9	48145.1	9.5	2218
#EFEFEF	#F3F2F9	48145.5	9.90000000000146	2218
#EFEFEF	#F3F2F9	48145.9	9.5	2218
#EFEFEF	#F3F2F9	48145.5	9.09999999999854	2218
#EFEFEF	#F3F2F9	48145.1	9.5	2218
#FCFCFC	#FBFAFD	48145.6	10	2219
#FCFCFC	#FBFAFD	48146	10.4000000000015	2219
#FCFCFC	#FBFAFD	48146.4	10	2219
#FCFCFC	#FBFAFD	48146	9.59999999999854	2219
#FCFCFC	#FBFAFD	48145.6	10	2219
#E7E7E7	#EEECF6	48146.1	10.5	2220
#E7E7E7	#EEECF6	48146.5	10.9000000000015	2220
#E7E7E7	#EEECF6	48146.9	10.5	2220
#E7E7E7	#EEECF6	48146.5	10.0999999999985	2220
#E7E7E7	#EEECF6	48146.1	10.5	2220
#FDFDFD	#FCFBFD	48146.6	11	2221
#FDFDFD	#FCFBFD	48147	11.4000000000015	2221
#FDFDFD	#FCFBFD	48147.4	11	2221
#FDFDFD	#FCFBFD	48147	10.5999999999985	2221
#FDFDFD	#FCFBFD	48146.6	11	2221
#FBFBFB	#FCF9F9	48147.1	11.5	2222
#FBFBFB	#FCF9F9	48147.5	11.9000000000015	2222
#FBFBFB	#FCF9F9	48147.9	11.5	2222
#FBFBFB	#FCF9F9	48147.5	11.0999999999985	2222
#FBFBFB	#FCF9F9	48147.1	11.5	2222
#F3F3F3	#F8F0EF	48147.6	12	2223
#F3F3F3	#F8F0EF	48148	12.4000000000015	2223
#F3F3F3	#F8F0EF	48148.4	12	2223
#F3F3F3	#F8F0EF	48148	11.5999999999985	2223
#F3F3F3	#F8F0EF	48147.6	12	2223
#E9E9E9	#F5E8E7	48148.1	12.5	2224
#E9E9E9	#F5E8E7	48148.5	12.9000000000015	2224
#E9E9E9	#F5E8E7	48148.9	12.5	2224
#E9E9E9	#F5E8E7	48148.5	12.0999999999985	2224
#E9E9E9	#F5E8E7	48148.1	12.5	2224
#F4F4F4	#F8EFEE	48148.6	13	2225
#F4F4F4	#F8EFEE	48149	13.4000000000015	2225
#F4F4F4	#F8EFEE	48149.4	13	2225
#F4F4F4	#F8EFEE	48149	12.5999999999985	2225
#F4F4F4	#F8EFEE	48148.6	13	2225
#F4F4F4	#F8EFEE	48149.1	13.5	2226
#F4F4F4	#F8EFEE	48149.5	13.9000000000015	2226
#F4F4F4	#F8EFEE	48149.9	13.5	2226
#F4F4F4	#F8EFEE	48149.5	13.0999999999985	2226
#F4F4F4	#F8EFEE	48149.1	13.5	2226
#FCFCFC	#FCF8F8	48149.6	14	2227
#FCFCFC	#FCF8F8	48150	14.4000000000015	2227
#FCFCFC	#FCF8F8	48150.4	14	2227
#FCFCFC	#FCF8F8	48150	13.5999999999985	2227
#FCFCFC	#FCF8F8	48149.6	14	2227
#FBFBFB	#FCF8F7	48150.1	14.5	2228
#FBFBFB	#FCF8F7	48150.5	14.9000000000015	2228
#FBFBFB	#FCF8F7	48150.9	14.5	2228
#FBFBFB	#FCF8F7	48150.5	14.0999999999985	2228
#FBFBFB	#FCF8F7	48150.1	14.5	2228
#FEFEFE	#FEFDFC	48150.6	15	2229
#FEFEFE	#FEFDFC	48151	15.4000000000015	2229
#FEFEFE	#FEFDFC	48151.4	15	2229
#FEFEFE	#FEFDFC	48151	14.5999999999985	2229
#FEFEFE	#FEFDFC	48150.6	15	2229
#FAFAFA	#FBF5F5	48151.1	15.5	2230
#FAFAFA	#FBF5F5	48151.5	15.9000000000015	2230
#FAFAFA	#FBF5F5	48151.9	15.5	2230
#FAFAFA	#FBF5F5	48151.5	15.0999999999985	2230
#FAFAFA	#FBF5F5	48151.1	15.5	2230
#FBFBFB	#FBF6F6	48151.6	16	2231
#FBFBFB	#FBF6F6	48152	16.4000000000015	2231
#FBFBFB	#FBF6F6	48152.4	16	2231
#FBFBFB	#FBF6F6	48152	15.5999999999985	2231
#FBFBFB	#FBF6F6	48151.6	16	2231
#F5F5F5	#F9F1F0	48152.1	16.5	2232
#F5F5F5	#F9F1F0	48152.5	16.9000000000015	2232
#F5F5F5	#F9F1F0	48152.9	16.5	2232
#F5F5F5	#F9F1F0	48152.5	16.0999999999985	2232
#F5F5F5	#F9F1F0	48152.1	16.5	2232
#E1E1E1	#F1E0DE	48152.6	17	2233
#E1E1E1	#F1E0DE	48153	17.4000000000015	2233
#E1E1E1	#F1E0DE	48153.4	17	2233
#E1E1E1	#F1E0DE	48153	16.5999999999985	2233
#E1E1E1	#F1E0DE	48152.6	17	2233
#E9E9E9	#F2E2E0	48153.1	17.5	2234
#E9E9E9	#F2E2E0	48153.5	17.9000000000015	2234
#E9E9E9	#F2E2E0	48153.9	17.5	2234
#E9E9E9	#F2E2E0	48153.5	17.0999999999985	2234
#E9E9E9	#F2E2E0	48153.1	17.5	2234
#F0F0F0	#F4E6E4	48153.6	18	2235
#F0F0F0	#F4E6E4	48154	18.4000000000015	2235
#F0F0F0	#F4E6E4	48154.4	18	2235
#F0F0F0	#F4E6E4	48154	17.5999999999985	2235
#F0F0F0	#F4E6E4	48153.6	18	2235
#D6D6D6	#E9CFCC	48154.1	18.5	2236
#D6D6D6	#E9CFCC	48154.5	18.9000000000015	2236
#D6D6D6	#E9CFCC	48154.9	18.5	2236
#D6D6D6	#E9CFCC	48154.5	18.0999999999985	2236
#D6D6D6	#E9CFCC	48154.1	18.5	2236
#FFFFFF	#FFFEFE	48154.6	19	2237
#FFFFFF	#FFFEFE	48155	19.4000000000015	2237
#FFFFFF	#FFFEFE	48155.4	19	2237
#FFFFFF	#FFFEFE	48155	18.5999999999985	2237
#FFFFFF	#FFFEFE	48154.6	19	2237
#ECECEC	#F2E1DF	48155.1	19.5	2238
#ECECEC	#F2E1DF	48155.5	19.9000000000015	2238
#ECECEC	#F2E1DF	48155.9	19.5	2238
#ECECEC	#F2E1DF	48155.5	19.0999999999985	2238
#ECECEC	#F2E1DF	48155.1	19.5	2238
#F4F4F4	#F7ECEB	48155.6	20	2239
#F4F4F4	#F7ECEB	48156	20.4000000000015	2239
#F4F4F4	#F7ECEB	48156.4	20	2239
#F4F4F4	#F7ECEB	48156	19.5999999999985	2239
#F4F4F4	#F7ECEB	48155.6	20	2239
#FAFAFA	#FAF4F3	48156.1	20.5	2240
#FAFAFA	#FAF4F3	48156.5	20.9000000000015	2240
#FAFAFA	#FAF4F3	48156.9	20.5	2240
#FAFAFA	#FAF4F3	48156.5	20.0999999999985	2240
#FAFAFA	#FAF4F3	48156.1	20.5	2240
#F7F7F7	#F8EFEE	48156.6	21	2241
#F7F7F7	#F8EFEE	48157	21.4000000000015	2241
#F7F7F7	#F8EFEE	48157.4	21	2241
#F7F7F7	#F8EFEE	48157	20.5999999999985	2241
#F7F7F7	#F8EFEE	48156.6	21	2241
#E2E2E2	#EDD6D3	48157.1	21.5	2242
#E2E2E2	#EDD6D3	48157.5	21.9000000000015	2242
#E2E2E2	#EDD6D3	48157.9	21.5	2242
#E2E2E2	#EDD6D3	48157.5	21.0999999999985	2242
#E2E2E2	#EDD6D3	48157.1	21.5	2242
#E4E4E4	#EBD2CF	48157.6	22	2243
#E4E4E4	#EBD2CF	48158	22.4000000000015	2243
#E4E4E4	#EBD2CF	48158.4	22	2243
#E4E4E4	#EBD2CF	48158	21.5999999999985	2243
#E4E4E4	#EBD2CF	48157.6	22	2243
#D6D6D6	#DEB8B3	48158.1	22.5	2244
#D6D6D6	#DEB8B3	48158.5	22.9000000000015	2244
#D6D6D6	#DEB8B3	48158.9	22.5	2244
#D6D6D6	#DEB8B3	48158.5	22.0999999999985	2244
#D6D6D6	#DEB8B3	48158.1	22.5	2244
#EBEBEB	#E9CECB	48158.6	23	2245
#EBEBEB	#E9CECB	48159	23.4000000000015	2245
#EBEBEB	#E9CECB	48159.4	23	2245
#EBEBEB	#E9CECB	48159	22.5999999999985	2245
#EBEBEB	#E9CECB	48158.6	23	2245
#ECECEC	#E1BEBA	48159.1	23.5	2246
#ECECEC	#E1BEBA	48159.5	23.9000000000015	2246
#ECECEC	#E1BEBA	48159.9	23.5	2246
#ECECEC	#E1BEBA	48159.5	23.0999999999985	2246
#ECECEC	#E1BEBA	48159.1	23.5	2246
#F4F4F4	#EAD1CE	48159.6	24	2247
#F4F4F4	#EAD1CE	48160	24.4000000000015	2247
#F4F4F4	#EAD1CE	48160.4	24	2247
#F4F4F4	#EAD1CE	48160	23.5999999999985	2247
#F4F4F4	#EAD1CE	48159.6	24	2247
#FAFAFA	#F0DDDB	48160.1	24.5	2248
#FAFAFA	#F0DDDB	48160.5	24.9000000000015	2248
#FAFAFA	#F0DDDB	48160.9	24.5	2248
#FAFAFA	#F0DDDB	48160.5	24.0999999999985	2248
#FAFAFA	#F0DDDB	48160.1	24.5	2248
#5C5C5C	#F2E2E0	48136.6	0	2249
#5C5C5C	#F2E2E0	48137	0.400000000001455	2249
#5C5C5C	#F2E2E0	48137.4	0	2249
#5C5C5C	#F2E2E0	48137	-0.400000000001455	2249
#5C5C5C	#F2E2E0	48136.6	0	2249
#D9D9D9	#FAF4F3	48137.1	0.5	2250
#D9D9D9	#FAF4F3	48137.5	0.900000000001455	2250
#D9D9D9	#FAF4F3	48137.9	0.5	2250
#D9D9D9	#FAF4F3	48137.5	0.0999999999985448	2250
#D9D9D9	#FAF4F3	48137.1	0.5	2250
#EEEEEE	#FCF8F7	48137.6	1	2251
#EEEEEE	#FCF8F7	48138	1.40000000000146	2251
#EEEEEE	#FCF8F7	48138.4	1	2251
#EEEEEE	#FCF8F7	48138	0.599999999998545	2251
#EEEEEE	#FCF8F7	48137.6	1	2251
#D7D7D7	#F9F1F0	48138.1	1.5	2252
#D7D7D7	#F9F1F0	48138.5	1.90000000000146	2252
#D7D7D7	#F9F1F0	48138.9	1.5	2252
#D7D7D7	#F9F1F0	48138.5	1.09999999999854	2252
#D7D7D7	#F9F1F0	48138.1	1.5	2252
#DEDEDE	#F9F1F0	48138.6	2	2253
#DEDEDE	#F9F1F0	48139	2.40000000000146	2253
#DEDEDE	#F9F1F0	48139.4	2	2253
#DEDEDE	#F9F1F0	48139	1.59999999999854	2253
#DEDEDE	#F9F1F0	48138.6	2	2253
#DFDFDF	#F9F0EF	48139.1	2.5	2254
#DFDFDF	#F9F0EF	48139.5	2.90000000000146	2254
#DFDFDF	#F9F0EF	48139.9	2.5	2254
#DFDFDF	#F9F0EF	48139.5	2.09999999999854	2254
#DFDFDF	#F9F0EF	48139.1	2.5	2254
#FEFEFE	#FFFEFE	48139.6	3	2255
#FEFEFE	#FFFEFE	48140	3.40000000000146	2255
#FEFEFE	#FFFEFE	48140.4	3	2255
#FEFEFE	#FFFEFE	48140	2.59999999999855	2255
#FEFEFE	#FFFEFE	48139.6	3	2255
#FAFAFA	#FCFBFD	48140.1	3.5	2256
#FAFAFA	#FCFBFD	48140.5	3.90000000000146	2256
#FAFAFA	#FCFBFD	48140.9	3.5	2256
#FAFAFA	#FCFBFD	48140.5	3.09999999999855	2256
#FAFAFA	#FCFBFD	48140.1	3.5	2256
#FEFEFE	#FEFDFE	48140.6	4	2257
#FEFEFE	#FEFDFE	48141	4.40000000000146	2257
#FEFEFE	#FEFDFE	48141.4	4	2257
#FEFEFE	#FEFDFE	48141	3.59999999999855	2257
#FEFEFE	#FEFDFE	48140.6	4	2257
#F7F7F7	#FCF9F8	48141.1	4.5	2258
#F7F7F7	#FCF9F8	48141.5	4.90000000000146	2258
#F7F7F7	#FCF9F8	48141.9	4.5	2258
#F7F7F7	#FCF9F8	48141.5	4.09999999999855	2258
#F7F7F7	#FCF9F8	48141.1	4.5	2258
#FEFEFE	#FFFEFE	48141.6	5	2259
#FEFEFE	#FFFEFE	48142	5.40000000000146	2259
#FEFEFE	#FFFEFE	48142.4	5	2259
#FEFEFE	#FFFEFE	48142	4.59999999999855	2259
#FEFEFE	#FFFEFE	48141.6	5	2259
#DEDEDE	#F6EAE9	48142.1	5.5	2260
#DEDEDE	#F6EAE9	48142.5	5.90000000000146	2260
#DEDEDE	#F6EAE9	48142.9	5.5	2260
#DEDEDE	#F6EAE9	48142.5	5.09999999999855	2260
#DEDEDE	#F6EAE9	48142.1	5.5	2260
#FBFBFB	#FBFAFD	48142.6	6	2261
#FBFBFB	#FBFAFD	48143	6.40000000000146	2261
#FBFBFB	#FBFAFD	48143.4	6	2261
#FBFBFB	#FBFAFD	48143	5.59999999999855	2261
#FBFBFB	#FBFAFD	48142.6	6	2261
#FAFAFA	#FBFAFD	48143.1	6.5	2262
#FAFAFA	#FBFAFD	48143.5	6.90000000000146	2262
#FAFAFA	#FBFAFD	48143.9	6.5	2262
#FAFAFA	#FBFAFD	48143.5	6.09999999999855	2262
#FAFAFA	#FBFAFD	48143.1	6.5	2262
#FFFFFF	#FFFFFF	48143.6	7	2263
#FFFFFF	#FFFFFF	48144	7.40000000000146	2263
#FFFFFF	#FFFFFF	48144.4	7	2263
#FFFFFF	#FFFFFF	48144	6.59999999999855	2263
#FFFFFF	#FFFFFF	48143.6	7	2263
#F8F8F8	#F9F8FC	48144.1	7.5	2264
#F8F8F8	#F9F8FC	48144.5	7.90000000000146	2264
#F8F8F8	#F9F8FC	48144.9	7.5	2264
#F8F8F8	#F9F8FC	48144.5	7.09999999999855	2264
#F8F8F8	#F9F8FC	48144.1	7.5	2264
#F4F4F4	#F6F5FA	48144.6	8	2265
#F4F4F4	#F6F5FA	48145	8.40000000000146	2265
#F4F4F4	#F6F5FA	48145.4	8	2265
#F4F4F4	#F6F5FA	48145	7.59999999999855	2265
#F4F4F4	#F6F5FA	48144.6	8	2265
#F4F4F4	#F6F5FA	48145.1	8.5	2266
#F4F4F4	#F6F5FA	48145.5	8.90000000000146	2266
#F4F4F4	#F6F5FA	48145.9	8.5	2266
#F4F4F4	#F6F5FA	48145.5	8.09999999999855	2266
#F4F4F4	#F6F5FA	48145.1	8.5	2266
#FEFEFE	#FEFDFE	48145.6	9	2267
#FEFEFE	#FEFDFE	48146	9.40000000000146	2267
#FEFEFE	#FEFDFE	48146.4	9	2267
#FEFEFE	#FEFDFE	48146	8.59999999999855	2267
#FEFEFE	#FEFDFE	48145.6	9	2267
#FDFDFD	#FCFCFE	48146.1	9.5	2268
#FDFDFD	#FCFCFE	48146.5	9.90000000000146	2268
#FDFDFD	#FCFCFE	48146.9	9.5	2268
#FDFDFD	#FCFCFE	48146.5	9.09999999999854	2268
#FDFDFD	#FCFCFE	48146.1	9.5	2268
#FAFAFA	#FAF9FC	48146.6	10	2269
#FAFAFA	#FAF9FC	48147	10.4000000000015	2269
#FAFAFA	#FAF9FC	48147.4	10	2269
#FAFAFA	#FAF9FC	48147	9.59999999999854	2269
#FAFAFA	#FAF9FC	48146.6	10	2269
#FDFDFD	#FDFDFE	48147.1	10.5	2270
#FDFDFD	#FDFDFE	48147.5	10.9000000000015	2270
#FDFDFD	#FDFDFE	48147.9	10.5	2270
#FDFDFD	#FDFDFE	48147.5	10.0999999999985	2270
#FDFDFD	#FDFDFE	48147.1	10.5	2270
#E2E2E2	#F6E9E8	48147.6	11	2271
#E2E2E2	#F6E9E8	48148	11.4000000000015	2271
#E2E2E2	#F6E9E8	48148.4	11	2271
#E2E2E2	#F6E9E8	48148	10.5999999999985	2271
#E2E2E2	#F6E9E8	48147.6	11	2271
#EBEBEB	#F7EDEB	48148.1	11.5	2272
#EBEBEB	#F7EDEB	48148.5	11.9000000000015	2272
#EBEBEB	#F7EDEB	48148.9	11.5	2272
#EBEBEB	#F7EDEB	48148.5	11.0999999999985	2272
#EBEBEB	#F7EDEB	48148.1	11.5	2272
#F6F6F6	#FAF3F2	48148.6	12	2273
#F6F6F6	#FAF3F2	48149	12.4000000000015	2273
#F6F6F6	#FAF3F2	48149.4	12	2273
#F6F6F6	#FAF3F2	48149	11.5999999999985	2273
#F6F6F6	#FAF3F2	48148.6	12	2273
#DBDBDB	#EFDCD9	48149.1	12.5	2274
#DBDBDB	#EFDCD9	48149.5	12.9000000000015	2274
#DBDBDB	#EFDCD9	48149.9	12.5	2274
#DBDBDB	#EFDCD9	48149.5	12.0999999999985	2274
#DBDBDB	#EFDCD9	48149.1	12.5	2274
#F4F4F4	#F7EDEB	48149.6	13	2275
#F4F4F4	#F7EDEB	48150	13.4000000000015	2275
#F4F4F4	#F7EDEB	48150.4	13	2275
#F4F4F4	#F7EDEB	48150	12.5999999999985	2275
#F4F4F4	#F7EDEB	48149.6	13	2275
#F5F5F5	#F9F1EF	48150.1	13.5	2276
#F5F5F5	#F9F1EF	48150.5	13.9000000000015	2276
#F5F5F5	#F9F1EF	48150.9	13.5	2276
#F5F5F5	#F9F1EF	48150.5	13.0999999999985	2276
#F5F5F5	#F9F1EF	48150.1	13.5	2276
#F2F2F2	#F7EDEC	48150.6	14	2277
#F2F2F2	#F7EDEC	48151	14.4000000000015	2277
#F2F2F2	#F7EDEC	48151.4	14	2277
#F2F2F2	#F7EDEC	48151	13.5999999999985	2277
#F2F2F2	#F7EDEC	48150.6	14	2277
#FEFEFE	#FDFCFE	48151.1	14.5	2278
#FEFEFE	#FDFCFE	48151.5	14.9000000000015	2278
#FEFEFE	#FDFCFE	48151.9	14.5	2278
#FEFEFE	#FDFCFE	48151.5	14.0999999999985	2278
#FEFEFE	#FDFCFE	48151.1	14.5	2278
#F4F4F4	#F9F0EF	48151.6	15	2279
#F4F4F4	#F9F0EF	48152	15.4000000000015	2279
#F4F4F4	#F9F0EF	48152.4	15	2279
#F4F4F4	#F9F0EF	48152	14.5999999999985	2279
#F4F4F4	#F9F0EF	48151.6	15	2279
#E3E3E3	#F3E3E1	48152.1	15.5	2280
#E3E3E3	#F3E3E1	48152.5	15.9000000000015	2280
#E3E3E3	#F3E3E1	48152.9	15.5	2280
#E3E3E3	#F3E3E1	48152.5	15.0999999999985	2280
#E3E3E3	#F3E3E1	48152.1	15.5	2280
#E2E2E2	#F3E4E2	48152.6	16	2281
#E2E2E2	#F3E4E2	48153	16.4000000000015	2281
#E2E2E2	#F3E4E2	48153.4	16	2281
#E2E2E2	#F3E4E2	48153	15.5999999999985	2281
#E2E2E2	#F3E4E2	48152.6	16	2281
#E0E0E0	#F2E1DF	48153.1	16.5	2282
#E0E0E0	#F2E1DF	48153.5	16.9000000000015	2282
#E0E0E0	#F2E1DF	48153.9	16.5	2282
#E0E0E0	#F2E1DF	48153.5	16.0999999999985	2282
#E0E0E0	#F2E1DF	48153.1	16.5	2282
#CDCDCD	#EBD4D0	48153.6	17	2283
#CDCDCD	#EBD4D0	48154	17.4000000000015	2283
#CDCDCD	#EBD4D0	48154.4	17	2283
#CDCDCD	#EBD4D0	48154	16.5999999999985	2283
#CDCDCD	#EBD4D0	48153.6	17	2283
#E4E4E4	#F0DEDB	48154.1	17.5	2284
#E4E4E4	#F0DEDB	48154.5	17.9000000000015	2284
#E4E4E4	#F0DEDB	48154.9	17.5	2284
#E4E4E4	#F0DEDB	48154.5	17.0999999999985	2284
#E4E4E4	#F0DEDB	48154.1	17.5	2284
#E5E5E5	#F1DFDD	48154.6	18	2285
#E5E5E5	#F1DFDD	48155	18.4000000000015	2285
#E5E5E5	#F1DFDD	48155.4	18	2285
#E5E5E5	#F1DFDD	48155	17.5999999999985	2285
#E5E5E5	#F1DFDD	48154.6	18	2285
#CECECE	#EBD2CF	48155.1	18.5	2286
#CECECE	#EBD2CF	48155.5	18.9000000000015	2286
#CECECE	#EBD2CF	48155.9	18.5	2286
#CECECE	#EBD2CF	48155.5	18.0999999999985	2286
#CECECE	#EBD2CF	48155.1	18.5	2286
#E9E9E9	#F3E4E2	48155.6	19	2287
#E9E9E9	#F3E4E2	48156	19.4000000000015	2287
#E9E9E9	#F3E4E2	48156.4	19	2287
#E9E9E9	#F3E4E2	48156	18.5999999999985	2287
#E9E9E9	#F3E4E2	48155.6	19	2287
#D3D3D3	#EBD4D1	48156.1	19.5	2288
#D3D3D3	#EBD4D1	48156.5	19.9000000000015	2288
#D3D3D3	#EBD4D1	48156.9	19.5	2288
#D3D3D3	#EBD4D1	48156.5	19.0999999999985	2288
#D3D3D3	#EBD4D1	48156.1	19.5	2288
#EDEDED	#F3E4E2	48156.6	20	2289
#EDEDED	#F3E4E2	48157	20.4000000000015	2289
#EDEDED	#F3E4E2	48157.4	20	2289
#EDEDED	#F3E4E2	48157	19.5999999999985	2289
#EDEDED	#F3E4E2	48156.6	20	2289
#F7F7F7	#F8F0EF	48157.1	20.5	2290
#F7F7F7	#F8F0EF	48157.5	20.9000000000015	2290
#F7F7F7	#F8F0EF	48157.9	20.5	2290
#F7F7F7	#F8F0EF	48157.5	20.0999999999985	2290
#F7F7F7	#F8F0EF	48157.1	20.5	2290
#DCDCDC	#EBD2CF	48157.6	21	2291
#DCDCDC	#EBD2CF	48158	21.4000000000015	2291
#DCDCDC	#EBD2CF	48158.4	21	2291
#DCDCDC	#EBD2CF	48158	20.5999999999985	2291
#DCDCDC	#EBD2CF	48157.6	21	2291
#DFDFDF	#EAD1CE	48158.1	21.5	2292
#DFDFDF	#EAD1CE	48158.5	21.9000000000015	2292
#DFDFDF	#EAD1CE	48158.9	21.5	2292
#DFDFDF	#EAD1CE	48158.5	21.0999999999985	2292
#DFDFDF	#EAD1CE	48158.1	21.5	2292
#F5F5F5	#F4E6E4	48158.6	22	2293
#F5F5F5	#F4E6E4	48159	22.4000000000015	2293
#F5F5F5	#F4E6E4	48159.4	22	2293
#F5F5F5	#F4E6E4	48159	21.5999999999985	2293
#F5F5F5	#F4E6E4	48158.6	22	2293
#DCDCDC	#DFBAB5	48159.1	22.5	2294
#DCDCDC	#DFBAB5	48159.5	22.9000000000015	2294
#DCDCDC	#DFBAB5	48159.9	22.5	2294
#DCDCDC	#DFBAB5	48159.5	22.0999999999985	2294
#DCDCDC	#DFBAB5	48159.1	22.5	2294
#F5F5F5	#EED8D6	48159.6	23	2295
#F5F5F5	#EED8D6	48160	23.4000000000015	2295
#F5F5F5	#EED8D6	48160.4	23	2295
#F5F5F5	#EED8D6	48160	22.5999999999985	2295
#F5F5F5	#EED8D6	48159.6	23	2295
#F2F2F2	#DCB4AF	48160.1	23.5	2296
#F2F2F2	#DCB4AF	48160.5	23.9000000000015	2296
#F2F2F2	#DCB4AF	48160.9	23.5	2296
#F2F2F2	#DCB4AF	48160.5	23.0999999999985	2296
#F2F2F2	#DCB4AF	48160.1	23.5	2296
#F6F6F6	#EBD3D0	48160.6	24	2297
#F6F6F6	#EBD3D0	48161	24.4000000000015	2297
#F6F6F6	#EBD3D0	48161.4	24	2297
#F6F6F6	#EBD3D0	48161	23.5999999999985	2297
#F6F6F6	#EBD3D0	48160.6	24	2297
#E7E7E7	#95403B	48161.1	24.5	2298
#E7E7E7	#95403B	48161.5	24.9000000000015	2298
#E7E7E7	#95403B	48161.9	24.5	2298
#E7E7E7	#95403B	48161.5	24.0999999999985	2298
#E7E7E7	#95403B	48161.1	24.5	2298
#666666	#F3E4E2	48137.6	0	2299
#666666	#F3E4E2	48138	0.400000000001455	2299
#666666	#F3E4E2	48138.4	0	2299
#666666	#F3E4E2	48138	-0.400000000001455	2299
#666666	#F3E4E2	48137.6	0	2299
#9A9A9A	#F6EAE8	48138.1	0.5	2300
#9A9A9A	#F6EAE8	48138.5	0.900000000001455	2300
#9A9A9A	#F6EAE8	48138.9	0.5	2300
#9A9A9A	#F6EAE8	48138.5	0.0999999999985448	2300
#9A9A9A	#F6EAE8	48138.1	0.5	2300
#8B8B8B	#F3E4E2	48138.6	1	2301
#8B8B8B	#F3E4E2	48139	1.40000000000146	2301
#8B8B8B	#F3E4E2	48139.4	1	2301
#8B8B8B	#F3E4E2	48139	0.599999999998545	2301
#8B8B8B	#F3E4E2	48138.6	1	2301
#AFAFAF	#F5E8E6	48139.1	1.5	2302
#AFAFAF	#F5E8E6	48139.5	1.90000000000146	2302
#AFAFAF	#F5E8E6	48139.9	1.5	2302
#AFAFAF	#F5E8E6	48139.5	1.09999999999854	2302
#AFAFAF	#F5E8E6	48139.1	1.5	2302
#D0D0D0	#F7EEEC	48139.6	2	2303
#D0D0D0	#F7EEEC	48140	2.40000000000146	2303
#D0D0D0	#F7EEEC	48140.4	2	2303
#D0D0D0	#F7EEEC	48140	1.59999999999854	2303
#D0D0D0	#F7EEEC	48139.6	2	2303
#FDFDFD	#FEFDFE	48140.1	2.5	2304
#FDFDFD	#FEFDFE	48140.5	2.90000000000146	2304
#FDFDFD	#FEFDFE	48140.9	2.5	2304
#FDFDFD	#FEFDFE	48140.5	2.09999999999854	2304
#FDFDFD	#FEFDFE	48140.1	2.5	2304
#FAFAFA	#FDFBFB	48140.6	3	2305
#FAFAFA	#FDFBFB	48141	3.40000000000146	2305
#FAFAFA	#FDFBFB	48141.4	3	2305
#FAFAFA	#FDFBFB	48141	2.59999999999855	2305
#FAFAFA	#FDFBFB	48140.6	3	2305
#F6F6F6	#FCF8F7	48141.1	3.5	2306
#F6F6F6	#FCF8F7	48141.5	3.90000000000146	2306
#F6F6F6	#FCF8F7	48141.9	3.5	2306
#F6F6F6	#FCF8F7	48141.5	3.09999999999855	2306
#F6F6F6	#FCF8F7	48141.1	3.5	2306
#F5F5F5	#FCF8F7	48141.6	4	2307
#F5F5F5	#FCF8F7	48142	4.40000000000146	2307
#F5F5F5	#FCF8F7	48142.4	4	2307
#F5F5F5	#FCF8F7	48142	3.59999999999855	2307
#F5F5F5	#FCF8F7	48141.6	4	2307
#F0F0F0	#FBF5F4	48142.1	4.5	2308
#F0F0F0	#FBF5F4	48142.5	4.90000000000146	2308
#F0F0F0	#FBF5F4	48142.9	4.5	2308
#F0F0F0	#FBF5F4	48142.5	4.09999999999855	2308
#F0F0F0	#FBF5F4	48142.1	4.5	2308
#C2C2C2	#F2E2E0	48142.6	5	2309
#C2C2C2	#F2E2E0	48143	5.40000000000146	2309
#C2C2C2	#F2E2E0	48143.4	5	2309
#C2C2C2	#F2E2E0	48143	4.59999999999855	2309
#C2C2C2	#F2E2E0	48142.6	5	2309
#F9F9F9	#FCF9F9	48143.1	5.5	2310
#F9F9F9	#FCF9F9	48143.5	5.90000000000146	2310
#F9F9F9	#FCF9F9	48143.9	5.5	2310
#F9F9F9	#FCF9F9	48143.5	5.09999999999855	2310
#F9F9F9	#FCF9F9	48143.1	5.5	2310
#FEFEFE	#FFFEFE	48143.6	6	2311
#FEFEFE	#FFFEFE	48144	6.40000000000146	2311
#FEFEFE	#FFFEFE	48144.4	6	2311
#FEFEFE	#FFFEFE	48144	5.59999999999855	2311
#FEFEFE	#FFFEFE	48143.6	6	2311
#F8F8F8	#F9F9FC	48144.1	6.5	2312
#F8F8F8	#F9F9FC	48144.5	6.90000000000146	2312
#F8F8F8	#F9F9FC	48144.9	6.5	2312
#F8F8F8	#F9F9FC	48144.5	6.09999999999855	2312
#F8F8F8	#F9F9FC	48144.1	6.5	2312
#FEFEFE	#FDFDFE	48144.6	7	2313
#FEFEFE	#FDFDFE	48145	7.40000000000146	2313
#FEFEFE	#FDFDFE	48145.4	7	2313
#FEFEFE	#FDFDFE	48145	6.59999999999855	2313
#FEFEFE	#FDFDFE	48144.6	7	2313
#F4F4F4	#F7F5FB	48145.1	7.5	2314
#F4F4F4	#F7F5FB	48145.5	7.90000000000146	2314
#F4F4F4	#F7F5FB	48145.9	7.5	2314
#F4F4F4	#F7F5FB	48145.5	7.09999999999855	2314
#F4F4F4	#F7F5FB	48145.1	7.5	2314
#EDEDED	#F2F0F8	48145.6	8	2315
#EDEDED	#F2F0F8	48146	8.40000000000146	2315
#EDEDED	#F2F0F8	48146.4	8	2315
#EDEDED	#F2F0F8	48146	7.59999999999855	2315
#EDEDED	#F2F0F8	48145.6	8	2315
#F3F3F3	#F7F5FA	48146.1	8.5	2316
#F3F3F3	#F7F5FA	48146.5	8.90000000000146	2316
#F3F3F3	#F7F5FA	48146.9	8.5	2316
#F3F3F3	#F7F5FA	48146.5	8.09999999999855	2316
#F3F3F3	#F7F5FA	48146.1	8.5	2316
#FFFFFF	#FFFEFE	48146.6	9	2317
#FFFFFF	#FFFEFE	48147	9.40000000000146	2317
#FFFFFF	#FFFEFE	48147.4	9	2317
#FFFFFF	#FFFEFE	48147	8.59999999999855	2317
#FFFFFF	#FFFEFE	48146.6	9	2317
#FDFDFD	#FDFDFE	48147.1	9.5	2318
#FDFDFD	#FDFDFE	48147.5	9.90000000000146	2318
#FDFDFD	#FDFDFE	48147.9	9.5	2318
#FDFDFD	#FDFDFE	48147.5	9.09999999999854	2318
#FDFDFD	#FDFDFE	48147.1	9.5	2318
#FBFBFB	#FBFBFD	48147.6	10	2319
#FBFBFB	#FBFBFD	48148	10.4000000000015	2319
#FBFBFB	#FBFBFD	48148.4	10	2319
#FBFBFB	#FBFBFD	48148	9.59999999999854	2319
#FBFBFB	#FBFBFD	48147.6	10	2319
#D3D3D3	#F2E2E0	48148.1	10.5	2320
#D3D3D3	#F2E2E0	48148.5	10.9000000000015	2320
#D3D3D3	#F2E2E0	48148.9	10.5	2320
#D3D3D3	#F2E2E0	48148.5	10.0999999999985	2320
#D3D3D3	#F2E2E0	48148.1	10.5	2320
#E4E4E4	#F5E8E6	48148.6	11	2321
#E4E4E4	#F5E8E6	48149	11.4000000000015	2321
#E4E4E4	#F5E8E6	48149.4	11	2321
#E4E4E4	#F5E8E6	48149	10.5999999999985	2321
#E4E4E4	#F5E8E6	48148.6	11	2321
#DDDDDD	#F2E1DF	48149.1	11.5	2322
#DDDDDD	#F2E1DF	48149.5	11.9000000000015	2322
#DDDDDD	#F2E1DF	48149.9	11.5	2322
#DDDDDD	#F2E1DF	48149.5	11.0999999999985	2322
#DDDDDD	#F2E1DF	48149.1	11.5	2322
#DDDDDD	#F2E1DE	48149.6	12	2323
#DDDDDD	#F2E1DE	48150	12.4000000000015	2323
#DDDDDD	#F2E1DE	48150.4	12	2323
#DDDDDD	#F2E1DE	48150	11.5999999999985	2323
#DDDDDD	#F2E1DE	48149.6	12	2323
#FBFBFB	#F8F7FB	48150.1	12.5	2324
#FBFBFB	#F8F7FB	48150.5	12.9000000000015	2324
#FBFBFB	#F8F7FB	48150.9	12.5	2324
#FBFBFB	#F8F7FB	48150.5	12.0999999999985	2324
#FBFBFB	#F8F7FB	48150.1	12.5	2324
#E6E6E6	#F4E6E4	48150.6	13	2325
#E6E6E6	#F4E6E4	48151	13.4000000000015	2325
#E6E6E6	#F4E6E4	48151.4	13	2325
#E6E6E6	#F4E6E4	48151	12.5999999999985	2325
#E6E6E6	#F4E6E4	48150.6	13	2325
#F4F4F4	#F8EEED	48151.1	13.5	2326
#F4F4F4	#F8EEED	48151.5	13.9000000000015	2326
#F4F4F4	#F8EEED	48151.9	13.5	2326
#F4F4F4	#F8EEED	48151.5	13.0999999999985	2326
#F4F4F4	#F8EEED	48151.1	13.5	2326
#FEFEFE	#FDFCFE	48151.6	14	2327
#FEFEFE	#FDFCFE	48152	14.4000000000015	2327
#FEFEFE	#FDFCFE	48152.4	14	2327
#FEFEFE	#FDFCFE	48152	13.5999999999985	2327
#FEFEFE	#FDFCFE	48151.6	14	2327
#E5E5E5	#F4E6E4	48152.1	14.5	2328
#E5E5E5	#F4E6E4	48152.5	14.9000000000015	2328
#E5E5E5	#F4E6E4	48152.9	14.5	2328
#E5E5E5	#F4E6E4	48152.5	14.0999999999985	2328
#E5E5E5	#F4E6E4	48152.1	14.5	2328
#ECECEC	#F5E9E7	48152.6	15	2329
#ECECEC	#F5E9E7	48153	15.4000000000015	2329
#ECECEC	#F5E9E7	48153.4	15	2329
#ECECEC	#F5E9E7	48153	14.5999999999985	2329
#ECECEC	#F5E9E7	48152.6	15	2329
#E3E3E3	#F3E5E3	48153.1	15.5	2330
#E3E3E3	#F3E5E3	48153.5	15.9000000000015	2330
#E3E3E3	#F3E5E3	48153.9	15.5	2330
#E3E3E3	#F3E5E3	48153.5	15.0999999999985	2330
#E3E3E3	#F3E5E3	48153.1	15.5	2330
#D9D9D9	#F0DEDC	48153.6	16	2331
#D9D9D9	#F0DEDC	48154	16.4000000000015	2331
#D9D9D9	#F0DEDC	48154.4	16	2331
#D9D9D9	#F0DEDC	48154	15.5999999999985	2331
#D9D9D9	#F0DEDC	48153.6	16	2331
#E2E2E2	#F0DEDC	48154.1	16.5	2332
#E2E2E2	#F0DEDC	48154.5	16.9000000000015	2332
#E2E2E2	#F0DEDC	48154.9	16.5	2332
#E2E2E2	#F0DEDC	48154.5	16.0999999999985	2332
#E2E2E2	#F0DEDC	48154.1	16.5	2332
#E9E9E9	#F1E0DE	48154.6	17	2333
#E9E9E9	#F1E0DE	48155	17.4000000000015	2333
#E9E9E9	#F1E0DE	48155.4	17	2333
#E9E9E9	#F1E0DE	48155	16.5999999999985	2333
#E9E9E9	#F1E0DE	48154.6	17	2333
#D5D5D5	#EBD3CF	48155.1	17.5	2334
#D5D5D5	#EBD3CF	48155.5	17.9000000000015	2334
#D5D5D5	#EBD3CF	48155.9	17.5	2334
#D5D5D5	#EBD3CF	48155.5	17.0999999999985	2334
#D5D5D5	#EBD3CF	48155.1	17.5	2334
#F0F0F0	#F6EAE9	48155.6	18	2335
#F0F0F0	#F6EAE9	48156	18.4000000000015	2335
#F0F0F0	#F6EAE9	48156.4	18	2335
#F0F0F0	#F6EAE9	48156	17.5999999999985	2335
#F0F0F0	#F6EAE9	48155.6	18	2335
#CDCDCD	#EAD0CD	48156.1	18.5	2336
#CDCDCD	#EAD0CD	48156.5	18.9000000000015	2336
#CDCDCD	#EAD0CD	48156.9	18.5	2336
#CDCDCD	#EAD0CD	48156.5	18.0999999999985	2336
#CDCDCD	#EAD0CD	48156.1	18.5	2336
#F2F2F2	#F6EBE9	48156.6	19	2337
#F2F2F2	#F6EBE9	48157	19.4000000000015	2337
#F2F2F2	#F6EBE9	48157.4	19	2337
#F2F2F2	#F6EBE9	48157	18.5999999999985	2337
#F2F2F2	#F6EBE9	48156.6	19	2337
#D2D2D2	#E8CDCA	48157.1	19.5	2338
#D2D2D2	#E8CDCA	48157.5	19.9000000000015	2338
#D2D2D2	#E8CDCA	48157.9	19.5	2338
#D2D2D2	#E8CDCA	48157.5	19.0999999999985	2338
#D2D2D2	#E8CDCA	48157.1	19.5	2338
#DCDCDC	#EBD3CF	48157.6	20	2339
#DCDCDC	#EBD3CF	48158	20.4000000000015	2339
#DCDCDC	#EBD3CF	48158.4	20	2339
#DCDCDC	#EBD3CF	48158	19.5999999999985	2339
#DCDCDC	#EBD3CF	48157.6	20	2339
#DEDEDE	#EAD1CD	48158.1	20.5	2340
#DEDEDE	#EAD1CD	48158.5	20.9000000000015	2340
#DEDEDE	#EAD1CD	48158.9	20.5	2340
#DEDEDE	#EAD1CD	48158.5	20.0999999999985	2340
#DEDEDE	#EAD1CD	48158.1	20.5	2340
#CDCDCD	#DFBCB7	48158.6	21	2341
#CDCDCD	#DFBCB7	48159	21.4000000000015	2341
#CDCDCD	#DFBCB7	48159.4	21	2341
#CDCDCD	#DFBCB7	48159	20.5999999999985	2341
#CDCDCD	#DFBCB7	48158.6	21	2341
#E7E7E7	#E9CFCC	48159.1	21.5	2342
#E7E7E7	#E9CFCC	48159.5	21.9000000000015	2342
#E7E7E7	#E9CFCC	48159.9	21.5	2342
#E7E7E7	#E9CFCC	48159.5	21.0999999999985	2342
#E7E7E7	#E9CFCC	48159.1	21.5	2342
#D1D1D1	#CC9891	48159.6	22	2343
#D1D1D1	#CC9891	48160	22.4000000000015	2343
#D1D1D1	#CC9891	48160.4	22	2343
#D1D1D1	#CC9891	48160	21.5999999999985	2343
#D1D1D1	#CC9891	48159.6	22	2343
#EFEFEF	#E2C1BD	48160.1	22.5	2344
#EFEFEF	#E2C1BD	48160.5	22.9000000000015	2344
#EFEFEF	#E2C1BD	48160.9	22.5	2344
#EFEFEF	#E2C1BD	48160.5	22.0999999999985	2344
#EFEFEF	#E2C1BD	48160.1	22.5	2344
#FDFDFD	#F9F2F1	48160.6	23	2345
#FDFDFD	#F9F2F1	48161	23.4000000000015	2345
#FDFDFD	#F9F2F1	48161.4	23	2345
#FDFDFD	#F9F2F1	48161	22.5999999999985	2345
#FDFDFD	#F9F2F1	48160.6	23	2345
#F1F1F1	#DFBBB6	48161.1	23.5	2346
#F1F1F1	#DFBBB6	48161.5	23.9000000000015	2346
#F1F1F1	#DFBBB6	48161.9	23.5	2346
#F1F1F1	#DFBBB6	48161.5	23.0999999999985	2346
#F1F1F1	#DFBBB6	48161.1	23.5	2346
#FBFBFB	#EEDAD7	48161.6	24	2347
#FBFBFB	#EEDAD7	48162	24.4000000000015	2347
#FBFBFB	#EEDAD7	48162.4	24	2347
#FBFBFB	#EEDAD7	48162	23.5999999999985	2347
#FBFBFB	#EEDAD7	48161.6	24	2347
#FFFFFF	#FFFFFF	48162.1	24.5	2348
#FFFFFF	#FFFFFF	48162.5	24.9000000000015	2348
#FFFFFF	#FFFFFF	48162.9	24.5	2348
#FFFFFF	#FFFFFF	48162.5	24.0999999999985	2348
#FFFFFF	#FFFFFF	48162.1	24.5	2348
#4C4C4C	#F1DFDD	48138.6	0	2349
#4C4C4C	#F1DFDD	48139	0.400000000001455	2349
#4C4C4C	#F1DFDD	48139.4	0	2349
#4C4C4C	#F1DFDD	48139	-0.400000000001455	2349
#4C4C4C	#F1DFDD	48138.6	0	2349
#AEAEAE	#F7ECEB	48139.1	0.5	2350
#AEAEAE	#F7ECEB	48139.5	0.900000000001455	2350
#AEAEAE	#F7ECEB	48139.9	0.5	2350
#AEAEAE	#F7ECEB	48139.5	0.0999999999985448	2350
#AEAEAE	#F7ECEB	48139.1	0.5	2350
#C3C3C3	#F8EEED	48139.6	1	2351
#C3C3C3	#F8EEED	48140	1.40000000000146	2351
#C3C3C3	#F8EEED	48140.4	1	2351
#C3C3C3	#F8EEED	48140	0.599999999998545	2351
#C3C3C3	#F8EEED	48139.6	1	2351
#E7E7E7	#FBF5F4	48140.1	1.5	2352
#E7E7E7	#FBF5F4	48140.5	1.90000000000146	2352
#E7E7E7	#FBF5F4	48140.9	1.5	2352
#E7E7E7	#FBF5F4	48140.5	1.09999999999854	2352
#E7E7E7	#FBF5F4	48140.1	1.5	2352
#FBFBFB	#FDFCFE	48140.6	2	2353
#FBFBFB	#FDFCFE	48141	2.40000000000146	2353
#FBFBFB	#FDFCFE	48141.4	2	2353
#FBFBFB	#FDFCFE	48141	1.59999999999854	2353
#FBFBFB	#FDFCFE	48140.6	2	2353
#F8F8F8	#FDFAFA	48141.1	2.5	2354
#F8F8F8	#FDFAFA	48141.5	2.90000000000146	2354
#F8F8F8	#FDFAFA	48141.9	2.5	2354
#F8F8F8	#FDFAFA	48141.5	2.09999999999854	2354
#F8F8F8	#FDFAFA	48141.1	2.5	2354
#EFEFEF	#FBF5F5	48141.6	3	2355
#EFEFEF	#FBF5F5	48142	3.40000000000146	2355
#EFEFEF	#FBF5F5	48142.4	3	2355
#EFEFEF	#FBF5F5	48142	2.59999999999855	2355
#EFEFEF	#FBF5F5	48141.6	3	2355
#E4E4E4	#F9F2F1	48142.1	3.5	2356
#E4E4E4	#F9F2F1	48142.5	3.90000000000146	2356
#E4E4E4	#F9F2F1	48142.9	3.5	2356
#E4E4E4	#F9F2F1	48142.5	3.09999999999855	2356
#E4E4E4	#F9F2F1	48142.1	3.5	2356
#CECECE	#F6EAE9	48142.6	4	2357
#CECECE	#F6EAE9	48143	4.40000000000146	2357
#CECECE	#F6EAE9	48143.4	4	2357
#CECECE	#F6EAE9	48143	3.59999999999855	2357
#CECECE	#F6EAE9	48142.6	4	2357
#AAAAAA	#F0DEDC	48143.1	4.5	2358
#AAAAAA	#F0DEDC	48143.5	4.90000000000146	2358
#AAAAAA	#F0DEDC	48143.9	4.5	2358
#AAAAAA	#F0DEDC	48143.5	4.09999999999855	2358
#AAAAAA	#F0DEDC	48143.1	4.5	2358
#FDFDFD	#FEFCFC	48143.6	5	2359
#FDFDFD	#FEFCFC	48144	5.40000000000146	2359
#FDFDFD	#FEFCFC	48144.4	5	2359
#FDFDFD	#FEFCFC	48144	4.59999999999855	2359
#FDFDFD	#FEFCFC	48143.6	5	2359
#F4F4F4	#FBF6F5	48144.1	5.5	2360
#F4F4F4	#FBF6F5	48144.5	5.90000000000146	2360
#F4F4F4	#FBF6F5	48144.9	5.5	2360
#F4F4F4	#FBF6F5	48144.5	5.09999999999855	2360
#F4F4F4	#FBF6F5	48144.1	5.5	2360
#F8F8F8	#FCF8F8	48144.6	6	2361
#F8F8F8	#FCF8F8	48145	6.40000000000146	2361
#F8F8F8	#FCF8F8	48145.4	6	2361
#F8F8F8	#FCF8F8	48145	5.59999999999855	2361
#F8F8F8	#FCF8F8	48144.6	6	2361
#FAFAFA	#FDFAF9	48145.1	6.5	2362
#FAFAFA	#FDFAF9	48145.5	6.90000000000146	2362
#FAFAFA	#FDFAF9	48145.9	6.5	2362
#FAFAFA	#FDFAF9	48145.5	6.09999999999855	2362
#FAFAFA	#FDFAF9	48145.1	6.5	2362
#F4F4F4	#FBF6F5	48145.6	7	2363
#F4F4F4	#FBF6F5	48146	7.40000000000146	2363
#F4F4F4	#FBF6F5	48146.4	7	2363
#F4F4F4	#FBF6F5	48146	6.59999999999855	2363
#F4F4F4	#FBF6F5	48145.6	7	2363
#F5F5F5	#FBF6F6	48146.1	7.5	2364
#F5F5F5	#FBF6F6	48146.5	7.90000000000146	2364
#F5F5F5	#FBF6F6	48146.9	7.5	2364
#F5F5F5	#FBF6F6	48146.5	7.09999999999855	2364
#F5F5F5	#FBF6F6	48146.1	7.5	2364
#FFFFFF	#FFFFFF	48146.6	8	2365
#FFFFFF	#FFFFFF	48147	8.40000000000146	2365
#FFFFFF	#FFFFFF	48147.4	8	2365
#FFFFFF	#FFFFFF	48147	7.59999999999855	2365
#FFFFFF	#FFFFFF	48146.6	8	2365
#FBFBFB	#FDFAFA	48147.1	8.5	2366
#FBFBFB	#FDFAFA	48147.5	8.90000000000146	2366
#FBFBFB	#FDFAFA	48147.9	8.5	2366
#FBFBFB	#FDFAFA	48147.5	8.09999999999855	2366
#FBFBFB	#FDFAFA	48147.1	8.5	2366
#F5F5F5	#FBF5F5	48147.6	9	2367
#F5F5F5	#FBF5F5	48148	9.40000000000146	2367
#F5F5F5	#FBF5F5	48148.4	9	2367
#F5F5F5	#FBF5F5	48148	8.59999999999855	2367
#F5F5F5	#FBF5F5	48147.6	9	2367
#F5F5F5	#FBF6F6	48148.1	9.5	2368
#F5F5F5	#FBF6F6	48148.5	9.90000000000146	2368
#F5F5F5	#FBF6F6	48148.9	9.5	2368
#F5F5F5	#FBF6F6	48148.5	9.09999999999854	2368
#F5F5F5	#FBF6F6	48148.1	9.5	2368
#EBEBEB	#F8EFEE	48148.6	10	2369
#EBEBEB	#F8EFEE	48149	10.4000000000015	2369
#EBEBEB	#F8EFEE	48149.4	10	2369
#EBEBEB	#F8EFEE	48149	9.59999999999854	2369
#EBEBEB	#F8EFEE	48148.6	10	2369
#D3D3D3	#F2E2DF	48149.1	10.5	2370
#D3D3D3	#F2E2DF	48149.5	10.9000000000015	2370
#D3D3D3	#F2E2DF	48149.9	10.5	2370
#D3D3D3	#F2E2DF	48149.5	10.0999999999985	2370
#D3D3D3	#F2E2DF	48149.1	10.5	2370
#F5F5F5	#F9F2F1	48149.6	11	2371
#F5F5F5	#F9F2F1	48150	11.4000000000015	2371
#F5F5F5	#F9F2F1	48150.4	11	2371
#F5F5F5	#F9F2F1	48150	10.5999999999985	2371
#F5F5F5	#F9F2F1	48149.6	11	2371
#CECECE	#EEDAD7	48150.1	11.5	2372
#CECECE	#EEDAD7	48150.5	11.9000000000015	2372
#CECECE	#EEDAD7	48150.9	11.5	2372
#CECECE	#EEDAD7	48150.5	11.0999999999985	2372
#CECECE	#EEDAD7	48150.1	11.5	2372
#F9F9F9	#FAF4F3	48150.6	12	2373
#F9F9F9	#FAF4F3	48151	12.4000000000015	2373
#F9F9F9	#FAF4F3	48151.4	12	2373
#F9F9F9	#FAF4F3	48151	11.5999999999985	2373
#F9F9F9	#FAF4F3	48150.6	12	2373
#F3F3F3	#F8EFEE	48151.1	12.5	2374
#F3F3F3	#F8EFEE	48151.5	12.9000000000015	2374
#F3F3F3	#F8EFEE	48151.9	12.5	2374
#F3F3F3	#F8EFEE	48151.5	12.0999999999985	2374
#F3F3F3	#F8EFEE	48151.1	12.5	2374
#E3E3E3	#F3E3E1	48151.6	13	2375
#E3E3E3	#F3E3E1	48152	13.4000000000015	2375
#E3E3E3	#F3E3E1	48152.4	13	2375
#E3E3E3	#F3E3E1	48152	12.5999999999985	2375
#E3E3E3	#F3E3E1	48151.6	13	2375
#F8F8F8	#EEECF6	48152.1	13.5	2376
#F8F8F8	#EEECF6	48152.5	13.9000000000015	2376
#F8F8F8	#EEECF6	48152.9	13.5	2376
#F8F8F8	#EEECF6	48152.5	13.0999999999985	2376
#F8F8F8	#EEECF6	48152.1	13.5	2376
#E6E6E6	#F4E6E4	48152.6	14	2377
#E6E6E6	#F4E6E4	48153	14.4000000000015	2377
#E6E6E6	#F4E6E4	48153.4	14	2377
#E6E6E6	#F4E6E4	48153	13.5999999999985	2377
#E6E6E6	#F4E6E4	48152.6	14	2377
#DFDFDF	#F2E1DF	48153.1	14.5	2378
#DFDFDF	#F2E1DF	48153.5	14.9000000000015	2378
#DFDFDF	#F2E1DF	48153.9	14.5	2378
#DFDFDF	#F2E1DF	48153.5	14.0999999999985	2378
#DFDFDF	#F2E1DF	48153.1	14.5	2378
#CFCFCF	#F0DDDA	48153.6	15	2379
#CFCFCF	#F0DDDA	48154	15.4000000000015	2379
#CFCFCF	#F0DDDA	48154.4	15	2379
#CFCFCF	#F0DDDA	48154	14.5999999999985	2379
#CFCFCF	#F0DDDA	48153.6	15	2379
#A8A8A8	#E6C9C5	48154.1	15.5	2380
#A8A8A8	#E6C9C5	48154.5	15.9000000000015	2380
#A8A8A8	#E6C9C5	48154.9	15.5	2380
#A8A8A8	#E6C9C5	48154.5	15.0999999999985	2380
#A8A8A8	#E6C9C5	48154.1	15.5	2380
#B7B7B7	#E6C9C5	48154.6	16	2381
#B7B7B7	#E6C9C5	48155	16.4000000000015	2381
#B7B7B7	#E6C9C5	48155.4	16	2381
#B7B7B7	#E6C9C5	48155	15.5999999999985	2381
#B7B7B7	#E6C9C5	48154.6	16	2381
#F4F4F4	#F6EBEA	48155.1	16.5	2382
#F4F4F4	#F6EBEA	48155.5	16.9000000000015	2382
#F4F4F4	#F6EBEA	48155.9	16.5	2382
#F4F4F4	#F6EBEA	48155.5	16.0999999999985	2382
#F4F4F4	#F6EBEA	48155.1	16.5	2382
#D8D8D8	#ECD6D3	48155.6	17	2383
#D8D8D8	#ECD6D3	48156	17.4000000000015	2383
#D8D8D8	#ECD6D3	48156.4	17	2383
#D8D8D8	#ECD6D3	48156	16.5999999999985	2383
#D8D8D8	#ECD6D3	48155.6	17	2383
#D4D4D4	#EED9D7	48156.1	17.5	2384
#D4D4D4	#EED9D7	48156.5	17.9000000000015	2384
#D4D4D4	#EED9D7	48156.9	17.5	2384
#D4D4D4	#EED9D7	48156.5	17.0999999999985	2384
#D4D4D4	#EED9D7	48156.1	17.5	2384
#CBCBCB	#EAD0CD	48156.6	18	2385
#CBCBCB	#EAD0CD	48157	18.4000000000015	2385
#CBCBCB	#EAD0CD	48157.4	18	2385
#CBCBCB	#EAD0CD	48157	17.5999999999985	2385
#CBCBCB	#EAD0CD	48156.6	18	2385
#C9C9C9	#E7CAC6	48157.1	18.5	2386
#C9C9C9	#E7CAC6	48157.5	18.9000000000015	2386
#C9C9C9	#E7CAC6	48157.9	18.5	2386
#C9C9C9	#E7CAC6	48157.5	18.0999999999985	2386
#C9C9C9	#E7CAC6	48157.1	18.5	2386
#E4E4E4	#F0DDDA	48157.6	19	2387
#E4E4E4	#F0DDDA	48158	19.4000000000015	2387
#E4E4E4	#F0DDDA	48158.4	19	2387
#E4E4E4	#F0DDDA	48158	18.5999999999985	2387
#E4E4E4	#F0DDDA	48157.6	19	2387
#F3F3F3	#F6EBEA	48158.1	19.5	2388
#F3F3F3	#F6EBEA	48158.5	19.9000000000015	2388
#F3F3F3	#F6EBEA	48158.9	19.5	2388
#F3F3F3	#F6EBEA	48158.5	19.0999999999985	2388
#F3F3F3	#F6EBEA	48158.1	19.5	2388
#D6D6D6	#E8CDCA	48158.6	20	2389
#D6D6D6	#E8CDCA	48159	20.4000000000015	2389
#D6D6D6	#E8CDCA	48159.4	20	2389
#D6D6D6	#E8CDCA	48159	19.5999999999985	2389
#D6D6D6	#E8CDCA	48158.6	20	2389
#F1F1F1	#F3E4E2	48159.1	20.5	2390
#F1F1F1	#F3E4E2	48159.5	20.9000000000015	2390
#F1F1F1	#F3E4E2	48159.9	20.5	2390
#F1F1F1	#F3E4E2	48159.5	20.0999999999985	2390
#F1F1F1	#F3E4E2	48159.1	20.5	2390
#D4D4D4	#D7ABA6	48159.6	21	2391
#D4D4D4	#D7ABA6	48160	21.4000000000015	2391
#D4D4D4	#D7ABA6	48160.4	21	2391
#D4D4D4	#D7ABA6	48160	20.5999999999985	2391
#D4D4D4	#D7ABA6	48159.6	21	2391
#E2E2E2	#E6C8C4	48160.1	21.5	2392
#E2E2E2	#E6C8C4	48160.5	21.9000000000015	2392
#E2E2E2	#E6C8C4	48160.9	21.5	2392
#E2E2E2	#E6C8C4	48160.5	21.0999999999985	2392
#E2E2E2	#E6C8C4	48160.1	21.5	2392
#F5F5F5	#EAD0CD	48160.6	22	2393
#F5F5F5	#EAD0CD	48161	22.4000000000015	2393
#F5F5F5	#EAD0CD	48161.4	22	2393
#F5F5F5	#EAD0CD	48161	21.5999999999985	2393
#F5F5F5	#EAD0CD	48160.6	22	2393
#FEFEFE	#F9F8FB	48161.1	22.5	2394
#FEFEFE	#F9F8FB	48161.5	22.9000000000015	2394
#FEFEFE	#F9F8FB	48161.9	22.5	2394
#FEFEFE	#F9F8FB	48161.5	22.0999999999985	2394
#FEFEFE	#F9F8FB	48161.1	22.5	2394
#F6F6F6	#E7CAC6	48161.6	23	2395
#F6F6F6	#E7CAC6	48162	23.4000000000015	2395
#F6F6F6	#E7CAC6	48162.4	23	2395
#F6F6F6	#E7CAC6	48162	22.5999999999985	2395
#F6F6F6	#E7CAC6	48161.6	23	2395
#F2F2F2	#DCB5B0	48162.1	23.5	2396
#F2F2F2	#DCB5B0	48162.5	23.9000000000015	2396
#F2F2F2	#DCB5B0	48162.9	23.5	2396
#F2F2F2	#DCB5B0	48162.5	23.0999999999985	2396
#F2F2F2	#DCB5B0	48162.1	23.5	2396
#FAFAFA	#D3CDE7	48162.6	24	2397
#FAFAFA	#D3CDE7	48163	24.4000000000015	2397
#FAFAFA	#D3CDE7	48163.4	24	2397
#FAFAFA	#D3CDE7	48163	23.5999999999985	2397
#FAFAFA	#D3CDE7	48162.6	24	2397
#F8F8F8	#DEB8B3	48163.1	24.5	2398
#F8F8F8	#DEB8B3	48163.5	24.9000000000015	2398
#F8F8F8	#DEB8B3	48163.9	24.5	2398
#F8F8F8	#DEB8B3	48163.5	24.0999999999985	2398
#F8F8F8	#DEB8B3	48163.1	24.5	2398
#535353	#F1E0DE	48139.6	0	2399
#535353	#F1E0DE	48140	0.400000000001455	2399
#535353	#F1E0DE	48140.4	0	2399
#535353	#F1E0DE	48140	-0.400000000001455	2399
#535353	#F1E0DE	48139.6	0	2399
#C1C1C1	#F8EFEE	48140.1	0.5	2400
#C1C1C1	#F8EFEE	48140.5	0.900000000001455	2400
#C1C1C1	#F8EFEE	48140.9	0.5	2400
#C1C1C1	#F8EFEE	48140.5	0.0999999999985448	2400
#C1C1C1	#F8EFEE	48140.1	0.5	2400
#ABABAB	#F5E8E7	48140.6	1	2401
#ABABAB	#F5E8E7	48141	1.40000000000146	2401
#ABABAB	#F5E8E7	48141.4	1	2401
#ABABAB	#F5E8E7	48141	0.599999999998545	2401
#ABABAB	#F5E8E7	48140.6	1	2401
#F5F5F5	#FDF9F9	48141.1	1.5	2402
#F5F5F5	#FDF9F9	48141.5	1.90000000000146	2402
#F5F5F5	#FDF9F9	48141.9	1.5	2402
#F5F5F5	#FDF9F9	48141.5	1.09999999999854	2402
#F5F5F5	#FDF9F9	48141.1	1.5	2402
#CECECE	#F8EEED	48141.6	2	2403
#CECECE	#F8EEED	48142	2.40000000000146	2403
#CECECE	#F8EEED	48142.4	2	2403
#CECECE	#F8EEED	48142	1.59999999999854	2403
#CECECE	#F8EEED	48141.6	2	2403
#D4D4D4	#F8EEED	48142.1	2.5	2404
#D4D4D4	#F8EEED	48142.5	2.90000000000146	2404
#D4D4D4	#F8EEED	48142.9	2.5	2404
#D4D4D4	#F8EEED	48142.5	2.09999999999854	2404
#D4D4D4	#F8EEED	48142.1	2.5	2404
#C4C4C4	#F6EBE9	48142.6	3	2405
#C4C4C4	#F6EBE9	48143	3.40000000000146	2405
#C4C4C4	#F6EBE9	48143.4	3	2405
#C4C4C4	#F6EBE9	48143	2.59999999999855	2405
#C4C4C4	#F6EBE9	48142.6	3	2405
#CACACA	#F6EBEA	48143.1	3.5	2406
#CACACA	#F6EBEA	48143.5	3.90000000000146	2406
#CACACA	#F6EBEA	48143.9	3.5	2406
#CACACA	#F6EBEA	48143.5	3.09999999999855	2406
#CACACA	#F6EBEA	48143.1	3.5	2406
#B6B6B6	#F3E4E2	48143.6	4	2407
#B6B6B6	#F3E4E2	48144	4.40000000000146	2407
#B6B6B6	#F3E4E2	48144.4	4	2407
#B6B6B6	#F3E4E2	48144	3.59999999999855	2407
#B6B6B6	#F3E4E2	48143.6	4	2407
#E6E6E6	#F9F2F1	48144.1	4.5	2408
#E6E6E6	#F9F2F1	48144.5	4.90000000000146	2408
#E6E6E6	#F9F2F1	48144.9	4.5	2408
#E6E6E6	#F9F2F1	48144.5	4.09999999999855	2408
#E6E6E6	#F9F2F1	48144.1	4.5	2408
#E0E0E0	#F8EFED	48144.6	5	2409
#E0E0E0	#F8EFED	48145	5.40000000000146	2409
#E0E0E0	#F8EFED	48145.4	5	2409
#E0E0E0	#F8EFED	48145	4.59999999999855	2409
#E0E0E0	#F8EFED	48144.6	5	2409
#E8E8E8	#F9F0EF	48145.1	5.5	2410
#E8E8E8	#F9F0EF	48145.5	5.90000000000146	2410
#E8E8E8	#F9F0EF	48145.9	5.5	2410
#E8E8E8	#F9F0EF	48145.5	5.09999999999855	2410
#E8E8E8	#F9F0EF	48145.1	5.5	2410
#F8F8F8	#FCF9F8	48145.6	6	2411
#F8F8F8	#FCF9F8	48146	6.40000000000146	2411
#F8F8F8	#FCF9F8	48146.4	6	2411
#F8F8F8	#FCF9F8	48146	5.59999999999855	2411
#F8F8F8	#FCF9F8	48145.6	6	2411
#F2F2F2	#FBF5F4	48146.1	6.5	2412
#F2F2F2	#FBF5F4	48146.5	6.90000000000146	2412
#F2F2F2	#FBF5F4	48146.9	6.5	2412
#F2F2F2	#FBF5F4	48146.5	6.09999999999855	2412
#F2F2F2	#FBF5F4	48146.1	6.5	2412
#FBFBFB	#FDFBFB	48146.6	7	2413
#FBFBFB	#FDFBFB	48147	7.40000000000146	2413
#FBFBFB	#FDFBFB	48147.4	7	2413
#FBFBFB	#FDFBFB	48147	6.59999999999855	2413
#FBFBFB	#FDFBFB	48146.6	7	2413
#F4F4F4	#FBF6F5	48147.1	7.5	2414
#F4F4F4	#FBF6F5	48147.5	7.90000000000146	2414
#F4F4F4	#FBF6F5	48147.9	7.5	2414
#F4F4F4	#FBF6F5	48147.5	7.09999999999855	2414
#F4F4F4	#FBF6F5	48147.1	7.5	2414
#FAFAFA	#FDFAF9	48147.6	8	2415
#FAFAFA	#FDFAF9	48148	8.40000000000146	2415
#FAFAFA	#FDFAF9	48148.4	8	2415
#FAFAFA	#FDFAF9	48148	7.59999999999855	2415
#FAFAFA	#FDFAF9	48147.6	8	2415
#EFEFEF	#FAF3F2	48148.1	8.5	2416
#EFEFEF	#FAF3F2	48148.5	8.90000000000146	2416
#EFEFEF	#FAF3F2	48148.9	8.5	2416
#EFEFEF	#FAF3F2	48148.5	8.09999999999855	2416
#EFEFEF	#FAF3F2	48148.1	8.5	2416
#E1E1E1	#F7EDEB	48148.6	9	2417
#E1E1E1	#F7EDEB	48149	9.40000000000146	2417
#E1E1E1	#F7EDEB	48149.4	9	2417
#E1E1E1	#F7EDEB	48149	8.59999999999855	2417
#E1E1E1	#F7EDEB	48148.6	9	2417
#C2C2C2	#F1E1DE	48149.1	9.5	2418
#C2C2C2	#F1E1DE	48149.5	9.90000000000146	2418
#C2C2C2	#F1E1DE	48149.9	9.5	2418
#C2C2C2	#F1E1DE	48149.5	9.09999999999854	2418
#C2C2C2	#F1E1DE	48149.1	9.5	2418
#D0D0D0	#F2E2E0	48149.6	10	2419
#D0D0D0	#F2E2E0	48150	10.4000000000015	2419
#D0D0D0	#F2E2E0	48150.4	10	2419
#D0D0D0	#F2E2E0	48150	9.59999999999854	2419
#D0D0D0	#F2E2E0	48149.6	10	2419
#FCFCFC	#FDFAFA	48150.1	10.5	2420
#FCFCFC	#FDFAFA	48150.5	10.9000000000015	2420
#FCFCFC	#FDFAFA	48150.9	10.5	2420
#FCFCFC	#FDFAFA	48150.5	10.0999999999985	2420
#FCFCFC	#FDFAFA	48150.1	10.5	2420
#DFDFDF	#F3E4E2	48150.6	11	2421
#DFDFDF	#F3E4E2	48151	11.4000000000015	2421
#DFDFDF	#F3E4E2	48151.4	11	2421
#DFDFDF	#F3E4E2	48151	10.5999999999985	2421
#DFDFDF	#F3E4E2	48150.6	11	2421
#DDDDDD	#F0DEDC	48151.1	11.5	2422
#DDDDDD	#F0DEDC	48151.5	11.9000000000015	2422
#DDDDDD	#F0DEDC	48151.9	11.5	2422
#DDDDDD	#F0DEDC	48151.5	11.0999999999985	2422
#DDDDDD	#F0DEDC	48151.1	11.5	2422
#E9E9E9	#F5E7E5	48151.6	12	2423
#E9E9E9	#F5E7E5	48152	12.4000000000015	2423
#E9E9E9	#F5E7E5	48152.4	12	2423
#E9E9E9	#F5E7E5	48152	11.5999999999985	2423
#E9E9E9	#F5E7E5	48151.6	12	2423
#D5D5D5	#EFDAD8	48152.1	12.5	2424
#D5D5D5	#EFDAD8	48152.5	12.9000000000015	2424
#D5D5D5	#EFDAD8	48152.9	12.5	2424
#D5D5D5	#EFDAD8	48152.5	12.0999999999985	2424
#D5D5D5	#EFDAD8	48152.1	12.5	2424
#FEFEFE	#FEFCFC	48152.6	13	2425
#FEFEFE	#FEFCFC	48153	13.4000000000015	2425
#FEFEFE	#FEFCFC	48153.4	13	2425
#FEFEFE	#FEFCFC	48153	12.5999999999985	2425
#FEFEFE	#FEFCFC	48152.6	13	2425
#ECECEC	#F6EAE9	48153.1	13.5	2426
#ECECEC	#F6EAE9	48153.5	13.9000000000015	2426
#ECECEC	#F6EAE9	48153.9	13.5	2426
#ECECEC	#F6EAE9	48153.5	13.0999999999985	2426
#ECECEC	#F6EAE9	48153.1	13.5	2426
#BEBEBE	#EAD0CD	48153.6	14	2427
#BEBEBE	#EAD0CD	48154	14.4000000000015	2427
#BEBEBE	#EAD0CD	48154.4	14	2427
#BEBEBE	#EAD0CD	48154	13.5999999999985	2427
#BEBEBE	#EAD0CD	48153.6	14	2427
#D4D4D4	#F2E1DF	48154.1	14.5	2428
#D4D4D4	#F2E1DF	48154.5	14.9000000000015	2428
#D4D4D4	#F2E1DF	48154.9	14.5	2428
#D4D4D4	#F2E1DF	48154.5	14.0999999999985	2428
#D4D4D4	#F2E1DF	48154.1	14.5	2428
#BEBEBE	#EBD3D0	48154.6	15	2429
#BEBEBE	#EBD3D0	48155	15.4000000000015	2429
#BEBEBE	#EBD3D0	48155.4	15	2429
#BEBEBE	#EBD3D0	48155	14.5999999999985	2429
#BEBEBE	#EBD3D0	48154.6	15	2429
#ADADAD	#E6C8C4	48155.1	15.5	2430
#ADADAD	#E6C8C4	48155.5	15.9000000000015	2430
#ADADAD	#E6C8C4	48155.9	15.5	2430
#ADADAD	#E6C8C4	48155.5	15.0999999999985	2430
#ADADAD	#E6C8C4	48155.1	15.5	2430
#B5B5B5	#E2C0BC	48155.6	16	2431
#B5B5B5	#E2C0BC	48156	16.4000000000015	2431
#B5B5B5	#E2C0BC	48156.4	16	2431
#B5B5B5	#E2C0BC	48156	15.5999999999985	2431
#B5B5B5	#E2C0BC	48155.6	16	2431
#D6D6D6	#EED9D7	48156.1	16.5	2432
#D6D6D6	#EED9D7	48156.5	16.9000000000015	2432
#D6D6D6	#EED9D7	48156.9	16.5	2432
#D6D6D6	#EED9D7	48156.5	16.0999999999985	2432
#D6D6D6	#EED9D7	48156.1	16.5	2432
#BEBEBE	#E9CECB	48156.6	17	2433
#BEBEBE	#E9CECB	48157	17.4000000000015	2433
#BEBEBE	#E9CECB	48157.4	17	2433
#BEBEBE	#E9CECB	48157	16.5999999999985	2433
#BEBEBE	#E9CECB	48156.6	17	2433
#CBCBCB	#EBD3D0	48157.1	17.5	2434
#CBCBCB	#EBD3D0	48157.5	17.9000000000015	2434
#CBCBCB	#EBD3D0	48157.9	17.5	2434
#CBCBCB	#EBD3D0	48157.5	17.0999999999985	2434
#CBCBCB	#EBD3D0	48157.1	17.5	2434
#CDCDCD	#EAD2CE	48157.6	18	2435
#CDCDCD	#EAD2CE	48158	18.4000000000015	2435
#CDCDCD	#EAD2CE	48158.4	18	2435
#CDCDCD	#EAD2CE	48158	17.5999999999985	2435
#CDCDCD	#EAD2CE	48157.6	18	2435
#D8D8D8	#EDD8D5	48158.1	18.5	2436
#D8D8D8	#EDD8D5	48158.5	18.9000000000015	2436
#D8D8D8	#EDD8D5	48158.9	18.5	2436
#D8D8D8	#EDD8D5	48158.5	18.0999999999985	2436
#D8D8D8	#EDD8D5	48158.1	18.5	2436
#E7E7E7	#F3E4E2	48158.6	19	2437
#E7E7E7	#F3E4E2	48159	19.4000000000015	2437
#E7E7E7	#F3E4E2	48159.4	19	2437
#E7E7E7	#F3E4E2	48159	18.5999999999985	2437
#E7E7E7	#F3E4E2	48158.6	19	2437
#D9D9D9	#EAD1CE	48159.1	19.5	2438
#D9D9D9	#EAD1CE	48159.5	19.9000000000015	2438
#D9D9D9	#EAD1CE	48159.9	19.5	2438
#D9D9D9	#EAD1CE	48159.5	19.0999999999985	2438
#D9D9D9	#EAD1CE	48159.1	19.5	2438
#9A9A9A	#C58B84	48159.6	20	2439
#9A9A9A	#C58B84	48160	20.4000000000015	2439
#9A9A9A	#C58B84	48160.4	20	2439
#9A9A9A	#C58B84	48160	19.5999999999985	2439
#9A9A9A	#C58B84	48159.6	20	2439
#D2D2D2	#DFBAB5	48160.1	20.5	2440
#D2D2D2	#DFBAB5	48160.5	20.9000000000015	2440
#D2D2D2	#DFBAB5	48160.9	20.5	2440
#D2D2D2	#DFBAB5	48160.5	20.0999999999985	2440
#D2D2D2	#DFBAB5	48160.1	20.5	2440
#D9D9D9	#E0BDB9	48160.6	21	2441
#D9D9D9	#E0BDB9	48161	21.4000000000015	2441
#D9D9D9	#E0BDB9	48161.4	21	2441
#D9D9D9	#E0BDB9	48161	20.5999999999985	2441
#D9D9D9	#E0BDB9	48160.6	21	2441
#F0F0F0	#EAD0CD	48161.1	21.5	2442
#F0F0F0	#EAD0CD	48161.5	21.9000000000015	2442
#F0F0F0	#EAD0CD	48161.9	21.5	2442
#F0F0F0	#EAD0CD	48161.5	21.0999999999985	2442
#F0F0F0	#EAD0CD	48161.1	21.5	2442
#FFFFFF	#FFFFFF	48161.6	22	2443
#FFFFFF	#FFFFFF	48162	22.4000000000015	2443
#FFFFFF	#FFFFFF	48162.4	22	2443
#FFFFFF	#FFFFFF	48162	21.5999999999985	2443
#FFFFFF	#FFFFFF	48161.6	22	2443
#FEFEFE	#FCF7F6	48162.1	22.5	2444
#FEFEFE	#FCF7F6	48162.5	22.9000000000015	2444
#FEFEFE	#FCF7F6	48162.9	22.5	2444
#FEFEFE	#FCF7F6	48162.5	22.0999999999985	2444
#FEFEFE	#FCF7F6	48162.1	22.5	2444
#F6F6F6	#DBB3AD	48162.6	23	2445
#F6F6F6	#DBB3AD	48163	23.4000000000015	2445
#F6F6F6	#DBB3AD	48163.4	23	2445
#F6F6F6	#DBB3AD	48163	22.5999999999985	2445
#F6F6F6	#DBB3AD	48162.6	23	2445
#FEFEFE	#F9F8FC	48163.1	23.5	2446
#FEFEFE	#F9F8FC	48163.5	23.9000000000015	2446
#FEFEFE	#F9F8FC	48163.9	23.5	2446
#FEFEFE	#F9F8FC	48163.5	23.0999999999985	2446
#FEFEFE	#F9F8FC	48163.1	23.5	2446
#F2F2F2	#B16B63	48163.6	24	2447
#F2F2F2	#B16B63	48164	24.4000000000015	2447
#F2F2F2	#B16B63	48164.4	24	2447
#F2F2F2	#B16B63	48164	23.5999999999985	2447
#F2F2F2	#B16B63	48163.6	24	2447
#F8F8F8	#CE9B95	48164.1	24.5	2448
#F8F8F8	#CE9B95	48164.5	24.9000000000015	2448
#F8F8F8	#CE9B95	48164.9	24.5	2448
#F8F8F8	#CE9B95	48164.5	24.0999999999985	2448
#F8F8F8	#CE9B95	48164.1	24.5	2448
#6F6F6F	#F3E4E2	48140.6	0	2449
#6F6F6F	#F3E4E2	48141	0.400000000001455	2449
#6F6F6F	#F3E4E2	48141.4	0	2449
#6F6F6F	#F3E4E2	48141	-0.400000000001455	2449
#6F6F6F	#F3E4E2	48140.6	0	2449
#818181	#F4E6E4	48141.1	0.5	2450
#818181	#F4E6E4	48141.5	0.900000000001455	2450
#818181	#F4E6E4	48141.9	0.5	2450
#818181	#F4E6E4	48141.5	0.0999999999985448	2450
#818181	#F4E6E4	48141.1	0.5	2450
#E2E2E2	#FBF5F4	48141.6	1	2451
#E2E2E2	#FBF5F4	48142	1.40000000000146	2451
#E2E2E2	#FBF5F4	48142.4	1	2451
#E2E2E2	#FBF5F4	48142	0.599999999998545	2451
#E2E2E2	#FBF5F4	48141.6	1	2451
#CACACA	#F8EFEE	48142.1	1.5	2452
#CACACA	#F8EFEE	48142.5	1.90000000000146	2452
#CACACA	#F8EFEE	48142.9	1.5	2452
#CACACA	#F8EFEE	48142.5	1.09999999999854	2452
#CACACA	#F8EFEE	48142.1	1.5	2452
#BBBBBB	#F6EBE9	48142.6	2	2453
#BBBBBB	#F6EBE9	48143	2.40000000000146	2453
#BBBBBB	#F6EBE9	48143.4	2	2453
#BBBBBB	#F6EBE9	48143	1.59999999999854	2453
#BBBBBB	#F6EBE9	48142.6	2	2453
#8E8E8E	#F2E3E1	48143.1	2.5	2454
#8E8E8E	#F2E3E1	48143.5	2.90000000000146	2454
#8E8E8E	#F2E3E1	48143.9	2.5	2454
#8E8E8E	#F2E3E1	48143.5	2.09999999999854	2454
#8E8E8E	#F2E3E1	48143.1	2.5	2454
#9D9D9D	#F3E4E2	48143.6	3	2455
#9D9D9D	#F3E4E2	48144	3.40000000000146	2455
#9D9D9D	#F3E4E2	48144.4	3	2455
#9D9D9D	#F3E4E2	48144	2.59999999999855	2455
#9D9D9D	#F3E4E2	48143.6	3	2455
#A9A9A9	#F2E2E0	48144.1	3.5	2456
#A9A9A9	#F2E2E0	48144.5	3.90000000000146	2456
#A9A9A9	#F2E2E0	48144.9	3.5	2456
#A9A9A9	#F2E2E0	48144.5	3.09999999999855	2456
#A9A9A9	#F2E2E0	48144.1	3.5	2456
#D3D3D3	#F7EDEC	48144.6	4	2457
#D3D3D3	#F7EDEC	48145	4.40000000000146	2457
#D3D3D3	#F7EDEC	48145.4	4	2457
#D3D3D3	#F7EDEC	48145	3.59999999999855	2457
#D3D3D3	#F7EDEC	48144.6	4	2457
#C5C5C5	#F5E9E7	48145.1	4.5	2458
#C5C5C5	#F5E9E7	48145.5	4.90000000000146	2458
#C5C5C5	#F5E9E7	48145.9	4.5	2458
#C5C5C5	#F5E9E7	48145.5	4.09999999999855	2458
#C5C5C5	#F5E9E7	48145.1	4.5	2458
#BBBBBB	#F3E5E3	48145.6	5	2459
#BBBBBB	#F3E5E3	48146	5.40000000000146	2459
#BBBBBB	#F3E5E3	48146.4	5	2459
#BBBBBB	#F3E5E3	48146	4.59999999999855	2459
#BBBBBB	#F3E5E3	48145.6	5	2459
#CACACA	#F5E9E7	48146.1	5.5	2460
#CACACA	#F5E9E7	48146.5	5.90000000000146	2460
#CACACA	#F5E9E7	48146.9	5.5	2460
#CACACA	#F5E9E7	48146.5	5.09999999999855	2460
#CACACA	#F5E9E7	48146.1	5.5	2460
#F1F1F1	#FBF5F4	48146.6	6	2461
#F1F1F1	#FBF5F4	48147	6.40000000000146	2461
#F1F1F1	#FBF5F4	48147.4	6	2461
#F1F1F1	#FBF5F4	48147	5.59999999999855	2461
#F1F1F1	#FBF5F4	48146.6	6	2461
#E2E2E2	#F8EFED	48147.1	6.5	2462
#E2E2E2	#F8EFED	48147.5	6.90000000000146	2462
#E2E2E2	#F8EFED	48147.9	6.5	2462
#E2E2E2	#F8EFED	48147.5	6.09999999999855	2462
#E2E2E2	#F8EFED	48147.1	6.5	2462
#CBCBCB	#F4E6E4	48147.6	7	2463
#CBCBCB	#F4E6E4	48148	7.40000000000146	2463
#CBCBCB	#F4E6E4	48148.4	7	2463
#CBCBCB	#F4E6E4	48148	6.59999999999855	2463
#CBCBCB	#F4E6E4	48147.6	7	2463
#DCDCDC	#F6EBE9	48148.1	7.5	2464
#DCDCDC	#F6EBE9	48148.5	7.90000000000146	2464
#DCDCDC	#F6EBE9	48148.9	7.5	2464
#DCDCDC	#F6EBE9	48148.5	7.09999999999855	2464
#DCDCDC	#F6EBE9	48148.1	7.5	2464
#E5E5E5	#F8EFEE	48148.6	8	2465
#E5E5E5	#F8EFEE	48149	8.40000000000146	2465
#E5E5E5	#F8EFEE	48149.4	8	2465
#E5E5E5	#F8EFEE	48149	7.59999999999855	2465
#E5E5E5	#F8EFEE	48148.6	8	2465
#E5E5E5	#F8F0EF	48149.1	8.5	2466
#E5E5E5	#F8F0EF	48149.5	8.90000000000146	2466
#E5E5E5	#F8F0EF	48149.9	8.5	2466
#E5E5E5	#F8F0EF	48149.5	8.09999999999855	2466
#E5E5E5	#F8F0EF	48149.1	8.5	2466
#C7C7C7	#F3E4E2	48149.6	9	2467
#C7C7C7	#F3E4E2	48150	9.40000000000146	2467
#C7C7C7	#F3E4E2	48150.4	9	2467
#C7C7C7	#F3E4E2	48150	8.59999999999855	2467
#C7C7C7	#F3E4E2	48149.6	9	2467
#C9C9C9	#F2E2E0	48150.1	9.5	2468
#C9C9C9	#F2E2E0	48150.5	9.90000000000146	2468
#C9C9C9	#F2E2E0	48150.9	9.5	2468
#C9C9C9	#F2E2E0	48150.5	9.09999999999854	2468
#C9C9C9	#F2E2E0	48150.1	9.5	2468
#DEDEDE	#F4E5E4	48150.6	10	2469
#DEDEDE	#F4E5E4	48151	10.4000000000015	2469
#DEDEDE	#F4E5E4	48151.4	10	2469
#DEDEDE	#F4E5E4	48151	9.59999999999854	2469
#DEDEDE	#F4E5E4	48150.6	10	2469
#E3E3E3	#F5E8E6	48151.1	10.5	2470
#E3E3E3	#F5E8E6	48151.5	10.9000000000015	2470
#E3E3E3	#F5E8E6	48151.9	10.5	2470
#E3E3E3	#F5E8E6	48151.5	10.0999999999985	2470
#E3E3E3	#F5E8E6	48151.1	10.5	2470
#F2F2F2	#F7ECEB	48151.6	11	2471
#F2F2F2	#F7ECEB	48152	11.4000000000015	2471
#F2F2F2	#F7ECEB	48152.4	11	2471
#F2F2F2	#F7ECEB	48152	10.5999999999985	2471
#F2F2F2	#F7ECEB	48151.6	11	2471
#C6C6C6	#EDD6D3	48152.1	11.5	2472
#C6C6C6	#EDD6D3	48152.5	11.9000000000015	2472
#C6C6C6	#EDD6D3	48152.9	11.5	2472
#C6C6C6	#EDD6D3	48152.5	11.0999999999985	2472
#C6C6C6	#EDD6D3	48152.1	11.5	2472
#D1D1D1	#EEDAD7	48152.6	12	2473
#D1D1D1	#EEDAD7	48153	12.4000000000015	2473
#D1D1D1	#EEDAD7	48153.4	12	2473
#D1D1D1	#EEDAD7	48153	11.5999999999985	2473
#D1D1D1	#EEDAD7	48152.6	12	2473
#FFFFFF	#FDFDFE	48153.1	12.5	2474
#FFFFFF	#FDFDFE	48153.5	12.9000000000015	2474
#FFFFFF	#FDFDFE	48153.9	12.5	2474
#FFFFFF	#FDFDFE	48153.5	12.0999999999985	2474
#FFFFFF	#FDFDFE	48153.1	12.5	2474
#CBCBCB	#EEDAD7	48153.6	13	2475
#CBCBCB	#EEDAD7	48154	13.4000000000015	2475
#CBCBCB	#EEDAD7	48154.4	13	2475
#CBCBCB	#EEDAD7	48154	12.5999999999985	2475
#CBCBCB	#EEDAD7	48153.6	13	2475
#D3D3D3	#F0DEDC	48154.1	13.5	2476
#D3D3D3	#F0DEDC	48154.5	13.9000000000015	2476
#D3D3D3	#F0DEDC	48154.9	13.5	2476
#D3D3D3	#F0DEDC	48154.5	13.0999999999985	2476
#D3D3D3	#F0DEDC	48154.1	13.5	2476
#B9B9B9	#EED9D6	48154.6	14	2477
#B9B9B9	#EED9D6	48155	14.4000000000015	2477
#B9B9B9	#EED9D6	48155.4	14	2477
#B9B9B9	#EED9D6	48155	13.5999999999985	2477
#B9B9B9	#EED9D6	48154.6	14	2477
#C8C8C8	#EED9D7	48155.1	14.5	2478
#C8C8C8	#EED9D7	48155.5	14.9000000000015	2478
#C8C8C8	#EED9D7	48155.9	14.5	2478
#C8C8C8	#EED9D7	48155.5	14.0999999999985	2478
#C8C8C8	#EED9D7	48155.1	14.5	2478
#C7C7C7	#ECD5D2	48155.6	15	2479
#C7C7C7	#ECD5D2	48156	15.4000000000015	2479
#C7C7C7	#ECD5D2	48156.4	15	2479
#C7C7C7	#ECD5D2	48156	14.5999999999985	2479
#C7C7C7	#ECD5D2	48155.6	15	2479
#D7D7D7	#EDD8D5	48156.1	15.5	2480
#D7D7D7	#EDD8D5	48156.5	15.9000000000015	2480
#D7D7D7	#EDD8D5	48156.9	15.5	2480
#D7D7D7	#EDD8D5	48156.5	15.0999999999985	2480
#D7D7D7	#EDD8D5	48156.1	15.5	2480
#DADADA	#EFDAD8	48156.6	16	2481
#DADADA	#EFDAD8	48157	16.4000000000015	2481
#DADADA	#EFDAD8	48157.4	16	2481
#DADADA	#EFDAD8	48157	15.5999999999985	2481
#DADADA	#EFDAD8	48156.6	16	2481
#AFAFAF	#E6C9C5	48157.1	16.5	2482
#AFAFAF	#E6C9C5	48157.5	16.9000000000015	2482
#AFAFAF	#E6C9C5	48157.9	16.5	2482
#AFAFAF	#E6C9C5	48157.5	16.0999999999985	2482
#AFAFAF	#E6C9C5	48157.1	16.5	2482
#D7D7D7	#EFDCD9	48157.6	17	2483
#D7D7D7	#EFDCD9	48158	17.4000000000015	2483
#D7D7D7	#EFDCD9	48158.4	17	2483
#D7D7D7	#EFDCD9	48158	16.5999999999985	2483
#D7D7D7	#EFDCD9	48157.6	17	2483
#CFCFCF	#ECD5D2	48158.1	17.5	2484
#CFCFCF	#ECD5D2	48158.5	17.9000000000015	2484
#CFCFCF	#ECD5D2	48158.9	17.5	2484
#CFCFCF	#ECD5D2	48158.5	17.0999999999985	2484
#CFCFCF	#ECD5D2	48158.1	17.5	2484
#C5C5C5	#E8CCC9	48158.6	18	2485
#C5C5C5	#E8CCC9	48159	18.4000000000015	2485
#C5C5C5	#E8CCC9	48159.4	18	2485
#C5C5C5	#E8CCC9	48159	17.5999999999985	2485
#C5C5C5	#E8CCC9	48158.6	18	2485
#BCBCBC	#E6C8C4	48159.1	18.5	2486
#BCBCBC	#E6C8C4	48159.5	18.9000000000015	2486
#BCBCBC	#E6C8C4	48159.9	18.5	2486
#BCBCBC	#E6C8C4	48159.5	18.0999999999985	2486
#BCBCBC	#E6C8C4	48159.1	18.5	2486
#C6C6C6	#E6C8C4	48159.6	19	2487
#C6C6C6	#E6C8C4	48160	19.4000000000015	2487
#C6C6C6	#E6C8C4	48160.4	19	2487
#C6C6C6	#E6C8C4	48160	18.5999999999985	2487
#C6C6C6	#E6C8C4	48159.6	19	2487
#B8B8B8	#DAB2AC	48160.1	19.5	2488
#B8B8B8	#DAB2AC	48160.5	19.9000000000015	2488
#B8B8B8	#DAB2AC	48160.9	19.5	2488
#B8B8B8	#DAB2AC	48160.5	19.0999999999985	2488
#B8B8B8	#DAB2AC	48160.1	19.5	2488
#B3B3B3	#D09E98	48160.6	20	2489
#B3B3B3	#D09E98	48161	20.4000000000015	2489
#B3B3B3	#D09E98	48161.4	20	2489
#B3B3B3	#D09E98	48161	19.5999999999985	2489
#B3B3B3	#D09E98	48160.6	20	2489
#DBDBDB	#DCB5B0	48161.1	20.5	2490
#DBDBDB	#DCB5B0	48161.5	20.9000000000015	2490
#DBDBDB	#DCB5B0	48161.9	20.5	2490
#DBDBDB	#DCB5B0	48161.5	20.0999999999985	2490
#DBDBDB	#DCB5B0	48161.1	20.5	2490
#EFEFEF	#E1BFBA	48161.6	21	2491
#EFEFEF	#E1BFBA	48162	21.4000000000015	2491
#EFEFEF	#E1BFBA	48162.4	21	2491
#EFEFEF	#E1BFBA	48162	20.5999999999985	2491
#EFEFEF	#E1BFBA	48161.6	21	2491
#F9F9F9	#E1BEBA	48162.1	21.5	2492
#F9F9F9	#E1BEBA	48162.5	21.9000000000015	2492
#F9F9F9	#E1BEBA	48162.9	21.5	2492
#F9F9F9	#E1BEBA	48162.5	21.0999999999985	2492
#F9F9F9	#E1BEBA	48162.1	21.5	2492
#F0F0F0	#AE655E	48162.6	22	2493
#F0F0F0	#AE655E	48163	22.4000000000015	2493
#F0F0F0	#AE655E	48163.4	22	2493
#F0F0F0	#AE655E	48163	21.5999999999985	2493
#F0F0F0	#AE655E	48162.6	22	2493
#E9E9E9	#9D4B45	48163.1	22.5	2494
#E9E9E9	#9D4B45	48163.5	22.9000000000015	2494
#E9E9E9	#9D4B45	48163.9	22.5	2494
#E9E9E9	#9D4B45	48163.5	22.0999999999985	2494
#E9E9E9	#9D4B45	48163.1	22.5	2494
#FBFBFB	#EFDAD8	48163.6	23	2495
#FBFBFB	#EFDAD8	48164	23.4000000000015	2495
#FBFBFB	#EFDAD8	48164.4	23	2495
#FBFBFB	#EFDAD8	48164	22.5999999999985	2495
#FBFBFB	#EFDAD8	48163.6	23	2495
#E9E9E9	#9D4C46	48164.1	23.5	2496
#E9E9E9	#9D4C46	48164.5	23.9000000000015	2496
#E9E9E9	#9D4C46	48164.9	23.5	2496
#E9E9E9	#9D4C46	48164.5	23.0999999999985	2496
#E9E9E9	#9D4C46	48164.1	23.5	2496
#EFEFEF	#AA5F58	48164.6	24	2497
#EFEFEF	#AA5F58	48165	24.4000000000015	2497
#EFEFEF	#AA5F58	48165.4	24	2497
#EFEFEF	#AA5F58	48165	23.5999999999985	2497
#EFEFEF	#AA5F58	48164.6	24	2497
#5C5C5C	#F2E1DF	48141.6	0	2498
#5C5C5C	#F2E1DF	48142	0.400000000001455	2498
#5C5C5C	#F2E1DF	48142.4	0	2498
#5C5C5C	#F2E1DF	48142	-0.400000000001455	2498
#5C5C5C	#F2E1DF	48141.6	0	2498
#AEAEAE	#F7EDEC	48142.1	0.5	2499
#AEAEAE	#F7EDEC	48142.5	0.900000000001455	2499
#AEAEAE	#F7EDEC	48142.9	0.5	2499
#AEAEAE	#F7EDEC	48142.5	0.0999999999985448	2499
#AEAEAE	#F7EDEC	48142.1	0.5	2499
#929292	#F4E6E4	48142.6	1	2500
#929292	#F4E6E4	48143	1.40000000000146	2500
#929292	#F4E6E4	48143.4	1	2500
#929292	#F4E6E4	48143	0.599999999998545	2500
#929292	#F4E6E4	48142.6	1	2500
#A6A6A6	#F5E8E6	48143.1	1.5	2501
#A6A6A6	#F5E8E6	48143.5	1.90000000000146	2501
#A6A6A6	#F5E8E6	48143.9	1.5	2501
#A6A6A6	#F5E8E6	48143.5	1.09999999999854	2501
#A6A6A6	#F5E8E6	48143.1	1.5	2501
#747474	#F1DFDD	48143.6	2	2502
#747474	#F1DFDD	48144	2.40000000000146	2502
#747474	#F1DFDD	48144.4	2	2502
#747474	#F1DFDD	48144	1.59999999999854	2502
#747474	#F1DFDD	48143.6	2	2502
#6F6F6F	#F0DDDA	48144.1	2.5	2503
#6F6F6F	#F0DDDA	48144.5	2.90000000000146	2503
#6F6F6F	#F0DDDA	48144.9	2.5	2503
#6F6F6F	#F0DDDA	48144.5	2.09999999999854	2503
#6F6F6F	#F0DDDA	48144.1	2.5	2503
#7E7E7E	#EFDAD8	48144.6	3	2504
#7E7E7E	#EFDAD8	48145	3.40000000000146	2504
#7E7E7E	#EFDAD8	48145.4	3	2504
#7E7E7E	#EFDAD8	48145	2.59999999999855	2504
#7E7E7E	#EFDAD8	48144.6	3	2504
#CFCFCF	#F7EDEC	48145.1	3.5	2505
#CFCFCF	#F7EDEC	48145.5	3.90000000000146	2505
#CFCFCF	#F7EDEC	48145.9	3.5	2505
#CFCFCF	#F7EDEC	48145.5	3.09999999999855	2505
#CFCFCF	#F7EDEC	48145.1	3.5	2505
#CECECE	#F7ECEB	48145.6	4	2506
#CECECE	#F7ECEB	48146	4.40000000000146	2506
#CECECE	#F7ECEB	48146.4	4	2506
#CECECE	#F7ECEB	48146	3.59999999999855	2506
#CECECE	#F7ECEB	48145.6	4	2506
#E7E7E7	#FAF2F2	48146.1	4.5	2507
#E7E7E7	#FAF2F2	48146.5	4.90000000000146	2507
#E7E7E7	#FAF2F2	48146.9	4.5	2507
#E7E7E7	#FAF2F2	48146.5	4.09999999999855	2507
#E7E7E7	#FAF2F2	48146.1	4.5	2507
#DCDCDC	#F8EFED	48146.6	5	2508
#DCDCDC	#F8EFED	48147	5.40000000000146	2508
#DCDCDC	#F8EFED	48147.4	5	2508
#DCDCDC	#F8EFED	48147	4.59999999999855	2508
#DCDCDC	#F8EFED	48146.6	5	2508
#F7F7F7	#FCF8F8	48147.1	5.5	2509
#F7F7F7	#FCF8F8	48147.5	5.90000000000146	2509
#F7F7F7	#FCF8F8	48147.9	5.5	2509
#F7F7F7	#FCF8F8	48147.5	5.09999999999855	2509
#F7F7F7	#FCF8F8	48147.1	5.5	2509
#EAEAEA	#F9F2F1	48147.6	6	2510
#EAEAEA	#F9F2F1	48148	6.40000000000146	2510
#EAEAEA	#F9F2F1	48148.4	6	2510
#EAEAEA	#F9F2F1	48148	5.59999999999855	2510
#EAEAEA	#F9F2F1	48147.6	6	2510
#EAEAEA	#F9F2F1	48148.1	6.5	2511
#EAEAEA	#F9F2F1	48148.5	6.90000000000146	2511
#EAEAEA	#F9F2F1	48148.9	6.5	2511
#EAEAEA	#F9F2F1	48148.5	6.09999999999855	2511
#EAEAEA	#F9F2F1	48148.1	6.5	2511
#DBDBDB	#F6EBE9	48148.6	7	2512
#DBDBDB	#F6EBE9	48149	7.40000000000146	2512
#DBDBDB	#F6EBE9	48149.4	7	2512
#DBDBDB	#F6EBE9	48149	6.59999999999855	2512
#DBDBDB	#F6EBE9	48148.6	7	2512
#EFEFEF	#FAF4F3	48149.1	7.5	2513
#EFEFEF	#FAF4F3	48149.5	7.90000000000146	2513
#EFEFEF	#FAF4F3	48149.9	7.5	2513
#EFEFEF	#FAF4F3	48149.5	7.09999999999855	2513
#EFEFEF	#FAF4F3	48149.1	7.5	2513
#F7F7F7	#FCF8F7	48149.6	8	2514
#F7F7F7	#FCF8F7	48150	8.40000000000146	2514
#F7F7F7	#FCF8F7	48150.4	8	2514
#F7F7F7	#FCF8F7	48150	7.59999999999855	2514
#F7F7F7	#FCF8F7	48149.6	8	2514
#AEAEAE	#EFDBD9	48150.1	8.5	2515
#AEAEAE	#EFDBD9	48150.5	8.90000000000146	2515
#AEAEAE	#EFDBD9	48150.9	8.5	2515
#AEAEAE	#EFDBD9	48150.5	8.09999999999855	2515
#AEAEAE	#EFDBD9	48150.1	8.5	2515
#C1C1C1	#F0DEDC	48150.6	9	2516
#C1C1C1	#F0DEDC	48151	9.40000000000146	2516
#C1C1C1	#F0DEDC	48151.4	9	2516
#C1C1C1	#F0DEDC	48151	8.59999999999855	2516
#C1C1C1	#F0DEDC	48150.6	9	2516
#DFDFDF	#F3E4E2	48151.1	9.5	2517
#DFDFDF	#F3E4E2	48151.5	9.90000000000146	2517
#DFDFDF	#F3E4E2	48151.9	9.5	2517
#DFDFDF	#F3E4E2	48151.5	9.09999999999854	2517
#DFDFDF	#F3E4E2	48151.1	9.5	2517
#E0E0E0	#F4E5E3	48151.6	10	2518
#E0E0E0	#F4E5E3	48152	10.4000000000015	2518
#E0E0E0	#F4E5E3	48152.4	10	2518
#E0E0E0	#F4E5E3	48152	9.59999999999854	2518
#E0E0E0	#F4E5E3	48151.6	10	2518
#EAEAEA	#F5E7E6	48152.1	10.5	2519
#EAEAEA	#F5E7E6	48152.5	10.9000000000015	2519
#EAEAEA	#F5E7E6	48152.9	10.5	2519
#EAEAEA	#F5E7E6	48152.5	10.0999999999985	2519
#EAEAEA	#F5E7E6	48152.1	10.5	2519
#CBCBCB	#EDD8D5	48152.6	11	2520
#CBCBCB	#EDD8D5	48153	11.4000000000015	2520
#CBCBCB	#EDD8D5	48153.4	11	2520
#CBCBCB	#EDD8D5	48153	10.5999999999985	2520
#CBCBCB	#EDD8D5	48152.6	11	2520
#CCCCCC	#EED8D6	48153.1	11.5	2521
#CCCCCC	#EED8D6	48153.5	11.9000000000015	2521
#CCCCCC	#EED8D6	48153.9	11.5	2521
#CCCCCC	#EED8D6	48153.5	11.0999999999985	2521
#CCCCCC	#EED8D6	48153.1	11.5	2521
#FFFFFF	#FFFFFF	48153.6	12	2522
#FFFFFF	#FFFFFF	48154	12.4000000000015	2522
#FFFFFF	#FFFFFF	48154.4	12	2522
#FFFFFF	#FFFFFF	48154	11.5999999999985	2522
#FFFFFF	#FFFFFF	48153.6	12	2522
#E7E7E7	#F5E9E7	48154.1	12.5	2523
#E7E7E7	#F5E9E7	48154.5	12.9000000000015	2523
#E7E7E7	#F5E9E7	48154.9	12.5	2523
#E7E7E7	#F5E9E7	48154.5	12.0999999999985	2523
#E7E7E7	#F5E9E7	48154.1	12.5	2523
#DBDBDB	#F2E1DF	48154.6	13	2524
#DBDBDB	#F2E1DF	48155	13.4000000000015	2524
#DBDBDB	#F2E1DF	48155.4	13	2524
#DBDBDB	#F2E1DF	48155	12.5999999999985	2524
#DBDBDB	#F2E1DF	48154.6	13	2524
#BDBDBD	#EDD6D3	48155.1	13.5	2525
#BDBDBD	#EDD6D3	48155.5	13.9000000000015	2525
#BDBDBD	#EDD6D3	48155.9	13.5	2525
#BDBDBD	#EDD6D3	48155.5	13.0999999999985	2525
#BDBDBD	#EDD6D3	48155.1	13.5	2525
#E5E5E5	#F5E8E7	48155.6	14	2526
#E5E5E5	#F5E8E7	48156	14.4000000000015	2526
#E5E5E5	#F5E8E7	48156.4	14	2526
#E5E5E5	#F5E8E7	48156	13.5999999999985	2526
#E5E5E5	#F5E8E7	48155.6	14	2526
#A6A6A6	#E1BFBA	48156.1	14.5	2527
#A6A6A6	#E1BFBA	48156.5	14.9000000000015	2527
#A6A6A6	#E1BFBA	48156.9	14.5	2527
#A6A6A6	#E1BFBA	48156.5	14.0999999999985	2527
#A6A6A6	#E1BFBA	48156.1	14.5	2527
#BFBFBF	#E7CAC6	48156.6	15	2528
#BFBFBF	#E7CAC6	48157	15.4000000000015	2528
#BFBFBF	#E7CAC6	48157.4	15	2528
#BFBFBF	#E7CAC6	48157	14.5999999999985	2528
#BFBFBF	#E7CAC6	48156.6	15	2528
#C4C4C4	#E9CECB	48157.1	15.5	2529
#C4C4C4	#E9CECB	48157.5	15.9000000000015	2529
#C4C4C4	#E9CECB	48157.9	15.5	2529
#C4C4C4	#E9CECB	48157.5	15.0999999999985	2529
#C4C4C4	#E9CECB	48157.1	15.5	2529
#CACACA	#EBD2CF	48157.6	16	2530
#CACACA	#EBD2CF	48158	16.4000000000015	2530
#CACACA	#EBD2CF	48158.4	16	2530
#CACACA	#EBD2CF	48158	15.5999999999985	2530
#CACACA	#EBD2CF	48157.6	16	2530
#D6D6D6	#EED8D6	48158.1	16.5	2531
#D6D6D6	#EED8D6	48158.5	16.9000000000015	2531
#D6D6D6	#EED8D6	48158.9	16.5	2531
#D6D6D6	#EED8D6	48158.5	16.0999999999985	2531
#D6D6D6	#EED8D6	48158.1	16.5	2531
#EDEDED	#F4E7E5	48158.6	17	2532
#EDEDED	#F4E7E5	48159	17.4000000000015	2532
#EDEDED	#F4E7E5	48159.4	17	2532
#EDEDED	#F4E7E5	48159	16.5999999999985	2532
#EDEDED	#F4E7E5	48158.6	17	2532
#D9D9D9	#ECD6D3	48159.1	17.5	2533
#D9D9D9	#ECD6D3	48159.5	17.9000000000015	2533
#D9D9D9	#ECD6D3	48159.9	17.5	2533
#D9D9D9	#ECD6D3	48159.5	17.0999999999985	2533
#D9D9D9	#ECD6D3	48159.1	17.5	2533
#D1D1D1	#EAD1CE	48159.6	18	2534
#D1D1D1	#EAD1CE	48160	18.4000000000015	2534
#D1D1D1	#EAD1CE	48160.4	18	2534
#D1D1D1	#EAD1CE	48160	17.5999999999985	2534
#D1D1D1	#EAD1CE	48159.6	18	2534
#EAEAEA	#F0DDDB	48160.1	18.5	2535
#EAEAEA	#F0DDDB	48160.5	18.9000000000015	2535
#EAEAEA	#F0DDDB	48160.9	18.5	2535
#EAEAEA	#F0DDDB	48160.5	18.0999999999985	2535
#EAEAEA	#F0DDDB	48160.1	18.5	2535
#D7D7D7	#E7CBC8	48160.6	19	2536
#D7D7D7	#E7CBC8	48161	19.4000000000015	2536
#D7D7D7	#E7CBC8	48161.4	19	2536
#D7D7D7	#E7CBC8	48161	18.5999999999985	2536
#D7D7D7	#E7CBC8	48160.6	19	2536
#DADADA	#DCB4AF	48161.1	19.5	2537
#DADADA	#DCB4AF	48161.5	19.9000000000015	2537
#DADADA	#DCB4AF	48161.9	19.5	2537
#DADADA	#DCB4AF	48161.5	19.0999999999985	2537
#DADADA	#DCB4AF	48161.1	19.5	2537
#E5E5E5	#E3C2BD	48161.6	20	2538
#E5E5E5	#E3C2BD	48162	20.4000000000015	2538
#E5E5E5	#E3C2BD	48162.4	20	2538
#E5E5E5	#E3C2BD	48162	19.5999999999985	2538
#E5E5E5	#E3C2BD	48161.6	20	2538
#E6E6E6	#CC9891	48162.1	20.5	2539
#E6E6E6	#CC9891	48162.5	20.9000000000015	2539
#E6E6E6	#CC9891	48162.9	20.5	2539
#E6E6E6	#CC9891	48162.5	20.0999999999985	2539
#E6E6E6	#CC9891	48162.1	20.5	2539
#EFEFEF	#D4A6A0	48162.6	21	2540
#EFEFEF	#D4A6A0	48163	21.4000000000015	2540
#EFEFEF	#D4A6A0	48163.4	21	2540
#EFEFEF	#D4A6A0	48163	20.5999999999985	2540
#EFEFEF	#D4A6A0	48162.6	21	2540
#FDFDFD	#F2F0F8	48163.1	21.5	2541
#FDFDFD	#F2F0F8	48163.5	21.9000000000015	2541
#FDFDFD	#F2F0F8	48163.9	21.5	2541
#FDFDFD	#F2F0F8	48163.5	21.0999999999985	2541
#FDFDFD	#F2F0F8	48163.1	21.5	2541
#F7F7F7	#DEB8B4	48163.6	22	2542
#F7F7F7	#DEB8B4	48164	22.4000000000015	2542
#F7F7F7	#DEB8B4	48164.4	22	2542
#F7F7F7	#DEB8B4	48164	21.5999999999985	2542
#F7F7F7	#DEB8B4	48163.6	22	2542
#FEFEFE	#F9F1F0	48164.1	22.5	2543
#FEFEFE	#F9F1F0	48164.5	22.9000000000015	2543
#FEFEFE	#F9F1F0	48164.9	22.5	2543
#FEFEFE	#F9F1F0	48164.5	22.0999999999985	2543
#FEFEFE	#F9F1F0	48164.1	22.5	2543
#F7F7F7	#DEB9B4	48164.6	23	2544
#F7F7F7	#DEB9B4	48165	23.4000000000015	2544
#F7F7F7	#DEB9B4	48165.4	23	2544
#F7F7F7	#DEB9B4	48165	22.5999999999985	2544
#F7F7F7	#DEB9B4	48164.6	23	2544
#F2F2F2	#D2A29C	48165.1	23.5	2545
#F2F2F2	#D2A29C	48165.5	23.9000000000015	2545
#F2F2F2	#D2A29C	48165.9	23.5	2545
#F2F2F2	#D2A29C	48165.5	23.0999999999985	2545
#F2F2F2	#D2A29C	48165.1	23.5	2545
#F9F9F9	#D9D4EB	48165.6	24	2546
#F9F9F9	#D9D4EB	48166	24.4000000000015	2546
#F9F9F9	#D9D4EB	48166.4	24	2546
#F9F9F9	#D9D4EB	48166	23.5999999999985	2546
#F9F9F9	#D9D4EB	48165.6	24	2546
#FBFBFB	#E8CDCA	48166.1	24.5	2547
#FBFBFB	#E8CDCA	48166.5	24.9000000000015	2547
#FBFBFB	#E8CDCA	48166.9	24.5	2547
#FBFBFB	#E8CDCA	48166.5	24.0999999999985	2547
#FBFBFB	#E8CDCA	48166.1	24.5	2547
#747474	#F4E6E4	48142.6	0	2548
#747474	#F4E6E4	48143	0.400000000001455	2548
#747474	#F4E6E4	48143.4	0	2548
#747474	#F4E6E4	48143	-0.400000000001455	2548
#747474	#F4E6E4	48142.6	0	2548
#C0C0C0	#F8EFEE	48143.1	0.5	2549
#C0C0C0	#F8EFEE	48143.5	0.900000000001455	2549
#C0C0C0	#F8EFEE	48143.9	0.5	2549
#C0C0C0	#F8EFEE	48143.5	0.0999999999985448	2549
#C0C0C0	#F8EFEE	48143.1	0.5	2549
#D2D2D2	#F9F1F0	48143.6	1	2550
#D2D2D2	#F9F1F0	48144	1.40000000000146	2550
#D2D2D2	#F9F1F0	48144.4	1	2550
#D2D2D2	#F9F1F0	48144	0.599999999998545	2550
#D2D2D2	#F9F1F0	48143.6	1	2550
#616161	#F0DDDA	48144.1	1.5	2551
#616161	#F0DDDA	48144.5	1.90000000000146	2551
#616161	#F0DDDA	48144.9	1.5	2551
#616161	#F0DDDA	48144.5	1.09999999999854	2551
#616161	#F0DDDA	48144.1	1.5	2551
#666666	#EFDBD8	48144.6	2	2552
#666666	#EFDBD8	48145	2.40000000000146	2552
#666666	#EFDBD8	48145.4	2	2552
#666666	#EFDBD8	48145	1.59999999999854	2552
#666666	#EFDBD8	48144.6	2	2552
#9A9A9A	#F1E0DD	48145.1	2.5	2553
#9A9A9A	#F1E0DD	48145.5	2.90000000000146	2553
#9A9A9A	#F1E0DD	48145.9	2.5	2553
#9A9A9A	#F1E0DD	48145.5	2.09999999999854	2553
#9A9A9A	#F1E0DD	48145.1	2.5	2553
#A5A5A5	#F3E5E3	48145.6	3	2554
#A5A5A5	#F3E5E3	48146	3.40000000000146	2554
#A5A5A5	#F3E5E3	48146.4	3	2554
#A5A5A5	#F3E5E3	48146	2.59999999999855	2554
#A5A5A5	#F3E5E3	48145.6	3	2554
#C6C6C6	#F6EAE8	48146.1	3.5	2555
#C6C6C6	#F6EAE8	48146.5	3.90000000000146	2555
#C6C6C6	#F6EAE8	48146.9	3.5	2555
#C6C6C6	#F6EAE8	48146.5	3.09999999999855	2555
#C6C6C6	#F6EAE8	48146.1	3.5	2555
#DADADA	#F8EFEE	48146.6	4	2556
#DADADA	#F8EFEE	48147	4.40000000000146	2556
#DADADA	#F8EFEE	48147.4	4	2556
#DADADA	#F8EFEE	48147	3.59999999999855	2556
#DADADA	#F8EFEE	48146.6	4	2556
#EBEBEB	#FAF3F2	48147.1	4.5	2557
#EBEBEB	#FAF3F2	48147.5	4.90000000000146	2557
#EBEBEB	#FAF3F2	48147.9	4.5	2557
#EBEBEB	#FAF3F2	48147.5	4.09999999999855	2557
#EBEBEB	#FAF3F2	48147.1	4.5	2557
#E8E8E8	#F9F1F0	48147.6	5	2558
#E8E8E8	#F9F1F0	48148	5.40000000000146	2558
#E8E8E8	#F9F1F0	48148.4	5	2558
#E8E8E8	#F9F1F0	48148	4.59999999999855	2558
#E8E8E8	#F9F1F0	48147.6	5	2558
#E1E1E1	#F8EFEE	48148.1	5.5	2559
#E1E1E1	#F8EFEE	48148.5	5.90000000000146	2559
#E1E1E1	#F8EFEE	48148.9	5.5	2559
#E1E1E1	#F8EFEE	48148.5	5.09999999999855	2559
#E1E1E1	#F8EFEE	48148.1	5.5	2559
#FBFBFB	#FDFBFB	48148.6	6	2560
#FBFBFB	#FDFBFB	48149	6.40000000000146	2560
#FBFBFB	#FDFBFB	48149.4	6	2560
#FBFBFB	#FDFBFB	48149	5.59999999999855	2560
#FBFBFB	#FDFBFB	48148.6	6	2560
#EFEFEF	#FAF4F3	48149.1	6.5	2561
#EFEFEF	#FAF4F3	48149.5	6.90000000000146	2561
#EFEFEF	#FAF4F3	48149.9	6.5	2561
#EFEFEF	#FAF4F3	48149.5	6.09999999999855	2561
#EFEFEF	#FAF4F3	48149.1	6.5	2561
#E9E9E9	#F9F1F0	48149.6	7	2562
#E9E9E9	#F9F1F0	48150	7.40000000000146	2562
#E9E9E9	#F9F1F0	48150.4	7	2562
#E9E9E9	#F9F1F0	48150	6.59999999999855	2562
#E9E9E9	#F9F1F0	48149.6	7	2562
#F4F4F4	#FBF6F6	48150.1	7.5	2563
#F4F4F4	#FBF6F6	48150.5	7.90000000000146	2563
#F4F4F4	#FBF6F6	48150.9	7.5	2563
#F4F4F4	#FBF6F6	48150.5	7.09999999999855	2563
#F4F4F4	#FBF6F6	48150.1	7.5	2563
#C7C7C7	#F3E3E1	48150.6	8	2564
#C7C7C7	#F3E3E1	48151	8.40000000000146	2564
#C7C7C7	#F3E3E1	48151.4	8	2564
#C7C7C7	#F3E3E1	48151	7.59999999999855	2564
#C7C7C7	#F3E3E1	48150.6	8	2564
#BEBEBE	#F0DDDA	48151.1	8.5	2565
#BEBEBE	#F0DDDA	48151.5	8.90000000000146	2565
#BEBEBE	#F0DDDA	48151.9	8.5	2565
#BEBEBE	#F0DDDA	48151.5	8.09999999999855	2565
#BEBEBE	#F0DDDA	48151.1	8.5	2565
#D9D9D9	#F3E3E1	48151.6	9	2566
#D9D9D9	#F3E3E1	48152	9.40000000000146	2566
#D9D9D9	#F3E3E1	48152.4	9	2566
#D9D9D9	#F3E3E1	48152	8.59999999999855	2566
#D9D9D9	#F3E3E1	48151.6	9	2566
#C6C6C6	#EED9D6	48152.1	9.5	2567
#C6C6C6	#EED9D6	48152.5	9.90000000000146	2567
#C6C6C6	#EED9D6	48152.9	9.5	2567
#C6C6C6	#EED9D6	48152.5	9.09999999999854	2567
#C6C6C6	#EED9D6	48152.1	9.5	2567
#CFCFCF	#ECD6D3	48152.6	10	2568
#CFCFCF	#ECD6D3	48153	10.4000000000015	2568
#CFCFCF	#ECD6D3	48153.4	10	2568
#CFCFCF	#ECD6D3	48153	9.59999999999854	2568
#CFCFCF	#ECD6D3	48152.6	10	2568
#D5D5D5	#F0DCDA	48153.1	10.5	2569
#D5D5D5	#F0DCDA	48153.5	10.9000000000015	2569
#D5D5D5	#F0DCDA	48153.9	10.5	2569
#D5D5D5	#F0DCDA	48153.5	10.0999999999985	2569
#D5D5D5	#F0DCDA	48153.1	10.5	2569
#CCCCCC	#EDD7D4	48153.6	11	2570
#CCCCCC	#EDD7D4	48154	11.4000000000015	2570
#CCCCCC	#EDD7D4	48154.4	11	2570
#CCCCCC	#EDD7D4	48154	10.5999999999985	2570
#CCCCCC	#EDD7D4	48153.6	11	2570
#FCFCFC	#F8F7FB	48154.1	11.5	2571
#FCFCFC	#F8F7FB	48154.5	11.9000000000015	2571
#FCFCFC	#F8F7FB	48154.9	11.5	2571
#FCFCFC	#F8F7FB	48154.5	11.0999999999985	2571
#FCFCFC	#F8F7FB	48154.1	11.5	2571
#CECECE	#F0DDDA	48154.6	12	2572
#CECECE	#F0DDDA	48155	12.4000000000015	2572
#CECECE	#F0DDDA	48155.4	12	2572
#CECECE	#F0DDDA	48155	11.5999999999985	2572
#CECECE	#F0DDDA	48154.6	12	2572
#DFDFDF	#F2E2E0	48155.1	12.5	2573
#DFDFDF	#F2E2E0	48155.5	12.9000000000015	2573
#DFDFDF	#F2E2E0	48155.9	12.5	2573
#DFDFDF	#F2E2E0	48155.5	12.0999999999985	2573
#DFDFDF	#F2E2E0	48155.1	12.5	2573
#CDCDCD	#F0DEDC	48155.6	13	2574
#CDCDCD	#F0DEDC	48156	13.4000000000015	2574
#CDCDCD	#F0DEDC	48156.4	13	2574
#CDCDCD	#F0DEDC	48156	12.5999999999985	2574
#CDCDCD	#F0DEDC	48155.6	13	2574
#BABABA	#EBD3D0	48156.1	13.5	2575
#BABABA	#EBD3D0	48156.5	13.9000000000015	2575
#BABABA	#EBD3D0	48156.9	13.5	2575
#BABABA	#EBD3D0	48156.5	13.0999999999985	2575
#BABABA	#EBD3D0	48156.1	13.5	2575
#C4C4C4	#EAD0CD	48156.6	14	2576
#C4C4C4	#EAD0CD	48157	14.4000000000015	2576
#C4C4C4	#EAD0CD	48157.4	14	2576
#C4C4C4	#EAD0CD	48157	13.5999999999985	2576
#C4C4C4	#EAD0CD	48156.6	14	2576
#E2E2E2	#F0DEDC	48157.1	14.5	2577
#E2E2E2	#F0DEDC	48157.5	14.9000000000015	2577
#E2E2E2	#F0DEDC	48157.9	14.5	2577
#E2E2E2	#F0DEDC	48157.5	14.0999999999985	2577
#E2E2E2	#F0DEDC	48157.1	14.5	2577
#D0D0D0	#EAD2CE	48157.6	15	2578
#D0D0D0	#EAD2CE	48158	15.4000000000015	2578
#D0D0D0	#EAD2CE	48158.4	15	2578
#D0D0D0	#EAD2CE	48158	14.5999999999985	2578
#D0D0D0	#EAD2CE	48157.6	15	2578
#B8B8B8	#E7CBC8	48158.1	15.5	2579
#B8B8B8	#E7CBC8	48158.5	15.9000000000015	2579
#B8B8B8	#E7CBC8	48158.9	15.5	2579
#B8B8B8	#E7CBC8	48158.5	15.0999999999985	2579
#B8B8B8	#E7CBC8	48158.1	15.5	2579
#D5D5D5	#ECD5D2	48158.6	16	2580
#D5D5D5	#ECD5D2	48159	16.4000000000015	2580
#D5D5D5	#ECD5D2	48159.4	16	2580
#D5D5D5	#ECD5D2	48159	15.5999999999985	2580
#D5D5D5	#ECD5D2	48158.6	16	2580
#E5E5E5	#F2E2E0	48159.1	16.5	2581
#E5E5E5	#F2E2E0	48159.5	16.9000000000015	2581
#E5E5E5	#F2E2E0	48159.9	16.5	2581
#E5E5E5	#F2E2E0	48159.5	16.0999999999985	2581
#E5E5E5	#F2E2E0	48159.1	16.5	2581
#E6E6E6	#F2E1DE	48159.6	17	2582
#E6E6E6	#F2E1DE	48160	17.4000000000015	2582
#E6E6E6	#F2E1DE	48160.4	17	2582
#E6E6E6	#F2E1DE	48160	16.5999999999985	2582
#E6E6E6	#F2E1DE	48159.6	17	2582
#CFCFCF	#ECD4D1	48160.1	17.5	2583
#CFCFCF	#ECD4D1	48160.5	17.9000000000015	2583
#CFCFCF	#ECD4D1	48160.9	17.5	2583
#CFCFCF	#ECD4D1	48160.5	17.0999999999985	2583
#CFCFCF	#ECD4D1	48160.1	17.5	2583
#D5D5D5	#E5C6C2	48160.6	18	2584
#D5D5D5	#E5C6C2	48161	18.4000000000015	2584
#D5D5D5	#E5C6C2	48161.4	18	2584
#D5D5D5	#E5C6C2	48161	17.5999999999985	2584
#D5D5D5	#E5C6C2	48160.6	18	2584
#C6C6C6	#E3C3BF	48161.1	18.5	2585
#C6C6C6	#E3C3BF	48161.5	18.9000000000015	2585
#C6C6C6	#E3C3BF	48161.9	18.5	2585
#C6C6C6	#E3C3BF	48161.5	18.0999999999985	2585
#C6C6C6	#E3C3BF	48161.1	18.5	2585
#D7D7D7	#E2C2BD	48161.6	19	2586
#D7D7D7	#E2C2BD	48162	19.4000000000015	2586
#D7D7D7	#E2C2BD	48162.4	19	2586
#D7D7D7	#E2C2BD	48162	18.5999999999985	2586
#D7D7D7	#E2C2BD	48161.6	19	2586
#DBDBDB	#DFBAB6	48162.1	19.5	2587
#DBDBDB	#DFBAB6	48162.5	19.9000000000015	2587
#DBDBDB	#DFBAB6	48162.9	19.5	2587
#DBDBDB	#DFBAB6	48162.5	19.0999999999985	2587
#DBDBDB	#DFBAB6	48162.1	19.5	2587
#FEFEFE	#FBF7F6	48162.6	20	2588
#FEFEFE	#FBF7F6	48163	20.4000000000015	2588
#FEFEFE	#FBF7F6	48163.4	20	2588
#FEFEFE	#FBF7F6	48163	19.5999999999985	2588
#FEFEFE	#FBF7F6	48162.6	20	2588
#F7F7F7	#EAD1CD	48163.1	20.5	2589
#F7F7F7	#EAD1CD	48163.5	20.9000000000015	2589
#F7F7F7	#EAD1CD	48163.9	20.5	2589
#F7F7F7	#EAD1CD	48163.5	20.0999999999985	2589
#F7F7F7	#EAD1CD	48163.1	20.5	2589
#F4F4F4	#D7ACA7	48163.6	21	2590
#F4F4F4	#D7ACA7	48164	21.4000000000015	2590
#F4F4F4	#D7ACA7	48164.4	21	2590
#F4F4F4	#D7ACA7	48164	20.5999999999985	2590
#F4F4F4	#D7ACA7	48163.6	21	2590
#F3F3F3	#B6726B	48164.1	21.5	2591
#F3F3F3	#B6726B	48164.5	21.9000000000015	2591
#F3F3F3	#B6726B	48164.9	21.5	2591
#F3F3F3	#B6726B	48164.5	21.0999999999985	2591
#F3F3F3	#B6726B	48164.1	21.5	2591
#F8F8F8	#E6C8C4	48164.6	22	2592
#F8F8F8	#E6C8C4	48165	22.4000000000015	2592
#F8F8F8	#E6C8C4	48165.4	22	2592
#F8F8F8	#E6C8C4	48165	21.5999999999985	2592
#F8F8F8	#E6C8C4	48164.6	22	2592
#F1F1F1	#AE655E	48165.1	22.5	2593
#F1F1F1	#AE655E	48165.5	22.9000000000015	2593
#F1F1F1	#AE655E	48165.9	22.5	2593
#F1F1F1	#AE655E	48165.5	22.0999999999985	2593
#F1F1F1	#AE655E	48165.1	22.5	2593
#F2F2F2	#B16B63	48165.6	23	2594
#F2F2F2	#B16B63	48166	23.4000000000015	2594
#F2F2F2	#B16B63	48166.4	23	2594
#F2F2F2	#B16B63	48166	22.5999999999985	2594
#F2F2F2	#B16B63	48165.6	23	2594
#FEFEFE	#F2F1F8	48166.1	23.5	2595
#FEFEFE	#F2F1F8	48166.5	23.9000000000015	2595
#FEFEFE	#F2F1F8	48166.9	23.5	2595
#FEFEFE	#F2F1F8	48166.5	23.0999999999985	2595
#FEFEFE	#F2F1F8	48166.1	23.5	2595
#FAFAFA	#E4C6C2	48166.6	24	2596
#FAFAFA	#E4C6C2	48167	24.4000000000015	2596
#FAFAFA	#E4C6C2	48167.4	24	2596
#FAFAFA	#E4C6C2	48167	23.5999999999985	2596
#FAFAFA	#E4C6C2	48166.6	24	2596
#F9F9F9	#D3CDE7	48167.1	24.5	2597
#F9F9F9	#D3CDE7	48167.5	24.9000000000015	2597
#F9F9F9	#D3CDE7	48167.9	24.5	2597
#F9F9F9	#D3CDE7	48167.5	24.0999999999985	2597
#F9F9F9	#D3CDE7	48167.1	24.5	2597
#656565	#F3E4E2	48143.6	0	2598
#656565	#F3E4E2	48144	0.400000000001455	2598
#656565	#F3E4E2	48144.4	0	2598
#656565	#F3E4E2	48144	-0.400000000001455	2598
#656565	#F3E4E2	48143.6	0	2598
#CDCDCD	#F9F2F1	48144.1	0.5	2599
#CDCDCD	#F9F2F1	48144.5	0.900000000001455	2599
#CDCDCD	#F9F2F1	48144.9	0.5	2599
#CDCDCD	#F9F2F1	48144.5	0.0999999999985448	2599
#CDCDCD	#F9F2F1	48144.1	0.5	2599
#636363	#F1DEDC	48144.6	1	2600
#636363	#F1DEDC	48145	1.40000000000146	2600
#636363	#F1DEDC	48145.4	1	2600
#636363	#F1DEDC	48145	0.599999999998545	2600
#636363	#F1DEDC	48144.6	1	2600
#4C4C4C	#EDD8D5	48145.1	1.5	2601
#4C4C4C	#EDD8D5	48145.5	1.90000000000146	2601
#4C4C4C	#EDD8D5	48145.9	1.5	2601
#4C4C4C	#EDD8D5	48145.5	1.09999999999854	2601
#4C4C4C	#EDD8D5	48145.1	1.5	2601
#7C7C7C	#F0DDDA	48145.6	2	2602
#7C7C7C	#F0DDDA	48146	2.40000000000146	2602
#7C7C7C	#F0DDDA	48146.4	2	2602
#7C7C7C	#F0DDDA	48146	1.59999999999854	2602
#7C7C7C	#F0DDDA	48145.6	2	2602
#AAAAAA	#F4E6E4	48146.1	2.5	2603
#AAAAAA	#F4E6E4	48146.5	2.90000000000146	2603
#AAAAAA	#F4E6E4	48146.9	2.5	2603
#AAAAAA	#F4E6E4	48146.5	2.09999999999854	2603
#AAAAAA	#F4E6E4	48146.1	2.5	2603
#B9B9B9	#F5E9E7	48146.6	3	2604
#B9B9B9	#F5E9E7	48147	3.40000000000146	2604
#B9B9B9	#F5E9E7	48147.4	3	2604
#B9B9B9	#F5E9E7	48147	2.59999999999855	2604
#B9B9B9	#F5E9E7	48146.6	3	2604
#CFCFCF	#F7ECEB	48147.1	3.5	2605
#CFCFCF	#F7ECEB	48147.5	3.90000000000146	2605
#CFCFCF	#F7ECEB	48147.9	3.5	2605
#CFCFCF	#F7ECEB	48147.5	3.09999999999855	2605
#CFCFCF	#F7ECEB	48147.1	3.5	2605
#D3D3D3	#F7EDEC	48147.6	4	2606
#D3D3D3	#F7EDEC	48148	4.40000000000146	2606
#D3D3D3	#F7EDEC	48148.4	4	2606
#D3D3D3	#F7EDEC	48148	3.59999999999855	2606
#D3D3D3	#F7EDEC	48147.6	4	2606
#EDEDED	#FAF4F3	48148.1	4.5	2607
#EDEDED	#FAF4F3	48148.5	4.90000000000146	2607
#EDEDED	#FAF4F3	48148.9	4.5	2607
#EDEDED	#FAF4F3	48148.5	4.09999999999855	2607
#EDEDED	#FAF4F3	48148.1	4.5	2607
#E3E3E3	#F9F1F0	48148.6	5	2608
#E3E3E3	#F9F1F0	48149	5.40000000000146	2608
#E3E3E3	#F9F1F0	48149.4	5	2608
#E3E3E3	#F9F1F0	48149	4.59999999999855	2608
#E3E3E3	#F9F1F0	48148.6	5	2608
#DADADA	#F7EEEC	48149.1	5.5	2609
#DADADA	#F7EEEC	48149.5	5.90000000000146	2609
#DADADA	#F7EEEC	48149.9	5.5	2609
#DADADA	#F7EEEC	48149.5	5.09999999999855	2609
#DADADA	#F7EEEC	48149.1	5.5	2609
#FCFCFC	#FEFCFC	48149.6	6	2610
#FCFCFC	#FEFCFC	48150	6.40000000000146	2610
#FCFCFC	#FEFCFC	48150.4	6	2610
#FCFCFC	#FEFCFC	48150	5.59999999999855	2610
#FCFCFC	#FEFCFC	48149.6	6	2610
#DADADA	#F7EDEB	48150.1	6.5	2611
#DADADA	#F7EDEB	48150.5	6.90000000000146	2611
#DADADA	#F7EDEB	48150.9	6.5	2611
#DADADA	#F7EDEB	48150.5	6.09999999999855	2611
#DADADA	#F7EDEB	48150.1	6.5	2611
#EBEBEB	#FAF3F2	48150.6	7	2612
#EBEBEB	#FAF3F2	48151	7.40000000000146	2612
#EBEBEB	#FAF3F2	48151.4	7	2612
#EBEBEB	#FAF3F2	48151	6.59999999999855	2612
#EBEBEB	#FAF3F2	48150.6	7	2612
#CCCCCC	#F3E5E3	48151.1	7.5	2613
#CCCCCC	#F3E5E3	48151.5	7.90000000000146	2613
#CCCCCC	#F3E5E3	48151.9	7.5	2613
#CCCCCC	#F3E5E3	48151.5	7.09999999999855	2613
#CCCCCC	#F3E5E3	48151.1	7.5	2613
#C5C5C5	#F2E1DE	48151.6	8	2614
#C5C5C5	#F2E1DE	48152	8.40000000000146	2614
#C5C5C5	#F2E1DE	48152.4	8	2614
#C5C5C5	#F2E1DE	48152	7.59999999999855	2614
#C5C5C5	#F2E1DE	48151.6	8	2614
#D8D8D8	#F3E4E2	48152.1	8.5	2615
#D8D8D8	#F3E4E2	48152.5	8.90000000000146	2615
#D8D8D8	#F3E4E2	48152.9	8.5	2615
#D8D8D8	#F3E4E2	48152.5	8.09999999999855	2615
#D8D8D8	#F3E4E2	48152.1	8.5	2615
#CDCDCD	#F0DDDA	48152.6	9	2616
#CDCDCD	#F0DDDA	48153	9.40000000000146	2616
#CDCDCD	#F0DDDA	48153.4	9	2616
#CDCDCD	#F0DDDA	48153	8.59999999999855	2616
#CDCDCD	#F0DDDA	48152.6	9	2616
#C0C0C0	#EAD1CD	48153.1	9.5	2617
#C0C0C0	#EAD1CD	48153.5	9.90000000000146	2617
#C0C0C0	#EAD1CD	48153.9	9.5	2617
#C0C0C0	#EAD1CD	48153.5	9.09999999999854	2617
#C0C0C0	#EAD1CD	48153.1	9.5	2617
#D7D7D7	#F1DFDD	48153.6	10	2618
#D7D7D7	#F1DFDD	48154	10.4000000000015	2618
#D7D7D7	#F1DFDD	48154.4	10	2618
#D7D7D7	#F1DFDD	48154	9.59999999999854	2618
#D7D7D7	#F1DFDD	48153.6	10	2618
#CDCDCD	#EED8D5	48154.1	10.5	2619
#CDCDCD	#EED8D5	48154.5	10.9000000000015	2619
#CDCDCD	#EED8D5	48154.9	10.5	2619
#CDCDCD	#EED8D5	48154.5	10.0999999999985	2619
#CDCDCD	#EED8D5	48154.1	10.5	2619
#FAFAFA	#F9F1F0	48154.6	11	2620
#FAFAFA	#F9F1F0	48155	11.4000000000015	2620
#FAFAFA	#F9F1F0	48155.4	11	2620
#FAFAFA	#F9F1F0	48155	10.5999999999985	2620
#FAFAFA	#F9F1F0	48154.6	11	2620
#D3D3D3	#F1DFDD	48155.1	11.5	2621
#D3D3D3	#F1DFDD	48155.5	11.9000000000015	2621
#D3D3D3	#F1DFDD	48155.9	11.5	2621
#D3D3D3	#F1DFDD	48155.5	11.0999999999985	2621
#D3D3D3	#F1DFDD	48155.1	11.5	2621
#C9C9C9	#EED8D5	48155.6	12	2622
#C9C9C9	#EED8D5	48156	12.4000000000015	2622
#C9C9C9	#EED8D5	48156.4	12	2622
#C9C9C9	#EED8D5	48156	11.5999999999985	2622
#C9C9C9	#EED8D5	48155.6	12	2622
#D1D1D1	#F2E1DF	48156.1	12.5	2623
#D1D1D1	#F2E1DF	48156.5	12.9000000000015	2623
#D1D1D1	#F2E1DF	48156.9	12.5	2623
#D1D1D1	#F2E1DF	48156.5	12.0999999999985	2623
#D1D1D1	#F2E1DF	48156.1	12.5	2623
#C4C4C4	#EEDAD7	48156.6	13	2624
#C4C4C4	#EEDAD7	48157	13.4000000000015	2624
#C4C4C4	#EEDAD7	48157.4	13	2624
#C4C4C4	#EEDAD7	48157	12.5999999999985	2624
#C4C4C4	#EEDAD7	48156.6	13	2624
#DDDDDD	#F0DEDB	48157.1	13.5	2625
#DDDDDD	#F0DEDB	48157.5	13.9000000000015	2625
#DDDDDD	#F0DEDB	48157.9	13.5	2625
#DDDDDD	#F0DEDB	48157.5	13.0999999999985	2625
#DDDDDD	#F0DEDB	48157.1	13.5	2625
#CDCDCD	#EBD3CF	48157.6	14	2626
#CDCDCD	#EBD3CF	48158	14.4000000000015	2626
#CDCDCD	#EBD3CF	48158.4	14	2626
#CDCDCD	#EBD3CF	48158	13.5999999999985	2626
#CDCDCD	#EBD3CF	48157.6	14	2626
#DBDBDB	#EDD8D5	48158.1	14.5	2627
#DBDBDB	#EDD8D5	48158.5	14.9000000000015	2627
#DBDBDB	#EDD8D5	48158.9	14.5	2627
#DBDBDB	#EDD8D5	48158.5	14.0999999999985	2627
#DBDBDB	#EDD8D5	48158.1	14.5	2627
#B3B3B3	#E7CAC6	48158.6	15	2628
#B3B3B3	#E7CAC6	48159	15.4000000000015	2628
#B3B3B3	#E7CAC6	48159.4	15	2628
#B3B3B3	#E7CAC6	48159	14.5999999999985	2628
#B3B3B3	#E7CAC6	48158.6	15	2628
#DADADA	#EEDAD7	48159.1	15.5	2629
#DADADA	#EEDAD7	48159.5	15.9000000000015	2629
#DADADA	#EEDAD7	48159.9	15.5	2629
#DADADA	#EEDAD7	48159.5	15.0999999999985	2629
#DADADA	#EEDAD7	48159.1	15.5	2629
#D3D3D3	#EDD7D4	48159.6	16	2630
#D3D3D3	#EDD7D4	48160	16.4000000000015	2630
#D3D3D3	#EDD7D4	48160.4	16	2630
#D3D3D3	#EDD7D4	48160	15.5999999999985	2630
#D3D3D3	#EDD7D4	48159.6	16	2630
#CECECE	#E9CFCB	48160.1	16.5	2631
#CECECE	#E9CFCB	48160.5	16.9000000000015	2631
#CECECE	#E9CFCB	48160.9	16.5	2631
#CECECE	#E9CFCB	48160.5	16.0999999999985	2631
#CECECE	#E9CFCB	48160.1	16.5	2631
#E4E4E4	#F2E1DF	48160.6	17	2632
#E4E4E4	#F2E1DF	48161	17.4000000000015	2632
#E4E4E4	#F2E1DF	48161.4	17	2632
#E4E4E4	#F2E1DF	48161	16.5999999999985	2632
#E4E4E4	#F2E1DF	48160.6	17	2632
#C0C0C0	#E1BFBB	48161.1	17.5	2633
#C0C0C0	#E1BFBB	48161.5	17.9000000000015	2633
#C0C0C0	#E1BFBB	48161.9	17.5	2633
#C0C0C0	#E1BFBB	48161.5	17.0999999999985	2633
#C0C0C0	#E1BFBB	48161.1	17.5	2633
#C8C8C8	#DFBBB7	48161.6	18	2634
#C8C8C8	#DFBBB7	48162	18.4000000000015	2634
#C8C8C8	#DFBBB7	48162.4	18	2634
#C8C8C8	#DFBBB7	48162	17.5999999999985	2634
#C8C8C8	#DFBBB7	48161.6	18	2634
#D5D5D5	#DFBAB6	48162.1	18.5	2635
#D5D5D5	#DFBAB6	48162.5	18.9000000000015	2635
#D5D5D5	#DFBAB6	48162.9	18.5	2635
#D5D5D5	#DFBAB6	48162.5	18.0999999999985	2635
#D5D5D5	#DFBAB6	48162.1	18.5	2635
#DBDBDB	#D8ADA8	48162.6	19	2636
#DBDBDB	#D8ADA8	48163	19.4000000000015	2636
#DBDBDB	#D8ADA8	48163.4	19	2636
#DBDBDB	#D8ADA8	48163	18.5999999999985	2636
#DBDBDB	#D8ADA8	48162.6	19	2636
#F2F2F2	#E8CECA	48163.1	19.5	2637
#F2F2F2	#E8CECA	48163.5	19.9000000000015	2637
#F2F2F2	#E8CECA	48163.9	19.5	2637
#F2F2F2	#E8CECA	48163.5	19.0999999999985	2637
#F2F2F2	#E8CECA	48163.1	19.5	2637
#F7F7F7	#EAD1CE	48163.6	20	2638
#F7F7F7	#EAD1CE	48164	20.4000000000015	2638
#F7F7F7	#EAD1CE	48164.4	20	2638
#F7F7F7	#EAD1CE	48164	19.5999999999985	2638
#F7F7F7	#EAD1CE	48163.6	20	2638
#F4F4F4	#DEB9B4	48164.1	20.5	2639
#F4F4F4	#DEB9B4	48164.5	20.9000000000015	2639
#F4F4F4	#DEB9B4	48164.9	20.5	2639
#F4F4F4	#DEB9B4	48164.5	20.0999999999985	2639
#F4F4F4	#DEB9B4	48164.1	20.5	2639
#FCFCFC	#F2E2DF	48164.6	21	2640
#FCFCFC	#F2E2DF	48165	21.4000000000015	2640
#FCFCFC	#F2E2DF	48165.4	21	2640
#FCFCFC	#F2E2DF	48165	20.5999999999985	2640
#FCFCFC	#F2E2DF	48164.6	21	2640
#EFEFEF	#D6A9A3	48165.1	21.5	2641
#EFEFEF	#D6A9A3	48165.5	21.9000000000015	2641
#EFEFEF	#D6A9A3	48165.9	21.5	2641
#EFEFEF	#D6A9A3	48165.5	21.0999999999985	2641
#EFEFEF	#D6A9A3	48165.1	21.5	2641
#FAFAFA	#ECD4D1	48165.6	22	2642
#FAFAFA	#ECD4D1	48166	22.4000000000015	2642
#FAFAFA	#ECD4D1	48166.4	22	2642
#FAFAFA	#ECD4D1	48166	21.5999999999985	2642
#FAFAFA	#ECD4D1	48165.6	22	2642
#FDFDFD	#F2F0F8	48166.1	22.5	2643
#FDFDFD	#F2F0F8	48166.5	22.9000000000015	2643
#FDFDFD	#F2F0F8	48166.9	22.5	2643
#FDFDFD	#F2F0F8	48166.5	22.0999999999985	2643
#FDFDFD	#F2F0F8	48166.1	22.5	2643
#FDFDFD	#E6E3F2	48166.6	23	2644
#FDFDFD	#E6E3F2	48167	23.4000000000015	2644
#FDFDFD	#E6E3F2	48167.4	23	2644
#FDFDFD	#E6E3F2	48167	22.5999999999985	2644
#FDFDFD	#E6E3F2	48166.6	23	2644
#FAFAFA	#EBD4D1	48167.1	23.5	2645
#FAFAFA	#EBD4D1	48167.5	23.9000000000015	2645
#FAFAFA	#EBD4D1	48167.9	23.5	2645
#FAFAFA	#EBD4D1	48167.5	23.0999999999985	2645
#FAFAFA	#EBD4D1	48167.1	23.5	2645
#FCFCFC	#E9E5F3	48167.6	24	2646
#FCFCFC	#E9E5F3	48168	24.4000000000015	2646
#FCFCFC	#E9E5F3	48168.4	24	2646
#FCFCFC	#E9E5F3	48168	23.5999999999985	2646
#FCFCFC	#E9E5F3	48167.6	24	2646
#FBFBFB	#E8CECA	48168.1	24.5	2647
#FBFBFB	#E8CECA	48168.5	24.9000000000015	2647
#FBFBFB	#E8CECA	48168.9	24.5	2647
#FBFBFB	#E8CECA	48168.5	24.0999999999985	2647
#FBFBFB	#E8CECA	48168.1	24.5	2647
#4F4F4F	#F1DFDD	48144.6	0	2648
#4F4F4F	#F1DFDD	48145	0.400000000001455	2648
#4F4F4F	#F1DFDD	48145.4	0	2648
#4F4F4F	#F1DFDD	48145	-0.400000000001455	2648
#4F4F4F	#F1DFDD	48144.6	0	2648
#949494	#F5E9E7	48145.1	0.5	2649
#949494	#F5E9E7	48145.5	0.900000000001455	2649
#949494	#F5E9E7	48145.9	0.5	2649
#949494	#F5E9E7	48145.5	0.0999999999985448	2649
#949494	#F5E9E7	48145.1	0.5	2649
#676767	#F1DEDC	48145.6	1	2650
#676767	#F1DEDC	48146	1.40000000000146	2650
#676767	#F1DEDC	48146.4	1	2650
#676767	#F1DEDC	48146	0.599999999998545	2650
#676767	#F1DEDC	48145.6	1	2650
#A3A3A3	#F3E3E1	48146.1	1.5	2651
#A3A3A3	#F3E3E1	48146.5	1.90000000000146	2651
#A3A3A3	#F3E3E1	48146.9	1.5	2651
#A3A3A3	#F3E3E1	48146.5	1.09999999999854	2651
#A3A3A3	#F3E3E1	48146.1	1.5	2651
#B9B9B9	#F6EBE9	48146.6	2	2652
#B9B9B9	#F6EBE9	48147	2.40000000000146	2652
#B9B9B9	#F6EBE9	48147.4	2	2652
#B9B9B9	#F6EBE9	48147	1.59999999999854	2652
#B9B9B9	#F6EBE9	48146.6	2	2652
#B3B3B3	#F5E8E6	48147.1	2.5	2653
#B3B3B3	#F5E8E6	48147.5	2.90000000000146	2653
#B3B3B3	#F5E8E6	48147.9	2.5	2653
#B3B3B3	#F5E8E6	48147.5	2.09999999999854	2653
#B3B3B3	#F5E8E6	48147.1	2.5	2653
#D3D3D3	#F7EEEC	48147.6	3	2654
#D3D3D3	#F7EEEC	48148	3.40000000000146	2654
#D3D3D3	#F7EEEC	48148.4	3	2654
#D3D3D3	#F7EEEC	48148	2.59999999999855	2654
#D3D3D3	#F7EEEC	48147.6	3	2654
#C2C2C2	#F5E9E8	48148.1	3.5	2655
#C2C2C2	#F5E9E8	48148.5	3.90000000000146	2655
#C2C2C2	#F5E9E8	48148.9	3.5	2655
#C2C2C2	#F5E9E8	48148.5	3.09999999999855	2655
#C2C2C2	#F5E9E8	48148.1	3.5	2655
#F3F3F3	#FCF7F7	48148.6	4	2656
#F3F3F3	#FCF7F7	48149	4.40000000000146	2656
#F3F3F3	#FCF7F7	48149.4	4	2656
#F3F3F3	#FCF7F7	48149	3.59999999999855	2656
#F3F3F3	#FCF7F7	48148.6	4	2656
#DFDFDF	#F8F0EF	48149.1	4.5	2657
#DFDFDF	#F8F0EF	48149.5	4.90000000000146	2657
#DFDFDF	#F8F0EF	48149.9	4.5	2657
#DFDFDF	#F8F0EF	48149.5	4.09999999999855	2657
#DFDFDF	#F8F0EF	48149.1	4.5	2657
#DADADA	#F7EDEB	48149.6	5	2658
#DADADA	#F7EDEB	48150	5.40000000000146	2658
#DADADA	#F7EDEB	48150.4	5	2658
#DADADA	#F7EDEB	48150	4.59999999999855	2658
#DADADA	#F7EDEB	48149.6	5	2658
#E2E2E2	#F8EFEE	48150.1	5.5	2659
#E2E2E2	#F8EFEE	48150.5	5.90000000000146	2659
#E2E2E2	#F8EFEE	48150.9	5.5	2659
#E2E2E2	#F8EFEE	48150.5	5.09999999999855	2659
#E2E2E2	#F8EFEE	48150.1	5.5	2659
#F0F0F0	#FAF4F4	48150.6	6	2660
#F0F0F0	#FAF4F4	48151	6.40000000000146	2660
#F0F0F0	#FAF4F4	48151.4	6	2660
#F0F0F0	#FAF4F4	48151	5.59999999999855	2660
#F0F0F0	#FAF4F4	48150.6	6	2660
#EBEBEB	#FAF3F2	48151.1	6.5	2661
#EBEBEB	#FAF3F2	48151.5	6.90000000000146	2661
#EBEBEB	#FAF3F2	48151.9	6.5	2661
#EBEBEB	#FAF3F2	48151.5	6.09999999999855	2661
#EBEBEB	#FAF3F2	48151.1	6.5	2661
#E1E1E1	#F8EEED	48151.6	7	2662
#E1E1E1	#F8EEED	48152	7.40000000000146	2662
#E1E1E1	#F8EEED	48152.4	7	2662
#E1E1E1	#F8EEED	48152	6.59999999999855	2662
#E1E1E1	#F8EEED	48151.6	7	2662
#A5A5A5	#EBD4D1	48152.1	7.5	2663
#A5A5A5	#EBD4D1	48152.5	7.90000000000146	2663
#A5A5A5	#EBD4D1	48152.9	7.5	2663
#A5A5A5	#EBD4D1	48152.5	7.09999999999855	2663
#A5A5A5	#EBD4D1	48152.1	7.5	2663
#BEBEBE	#EDD6D3	48152.6	8	2664
#BEBEBE	#EDD6D3	48153	8.40000000000146	2664
#BEBEBE	#EDD6D3	48153.4	8	2664
#BEBEBE	#EDD6D3	48153	7.59999999999855	2664
#BEBEBE	#EDD6D3	48152.6	8	2664
#DDDDDD	#F2E2E0	48153.1	8.5	2665
#DDDDDD	#F2E2E0	48153.5	8.90000000000146	2665
#DDDDDD	#F2E2E0	48153.9	8.5	2665
#DDDDDD	#F2E2E0	48153.5	8.09999999999855	2665
#DDDDDD	#F2E2E0	48153.1	8.5	2665
#D1D1D1	#ECD4D1	48153.6	9	2666
#D1D1D1	#ECD4D1	48154	9.40000000000146	2666
#D1D1D1	#ECD4D1	48154.4	9	2666
#D1D1D1	#ECD4D1	48154	8.59999999999855	2666
#D1D1D1	#ECD4D1	48153.6	9	2666
#B5B5B5	#E7CAC6	48154.1	9.5	2667
#B5B5B5	#E7CAC6	48154.5	9.90000000000146	2667
#B5B5B5	#E7CAC6	48154.9	9.5	2667
#B5B5B5	#E7CAC6	48154.5	9.09999999999854	2667
#B5B5B5	#E7CAC6	48154.1	9.5	2667
#D9D9D9	#EEDAD7	48154.6	10	2668
#D9D9D9	#EEDAD7	48155	10.4000000000015	2668
#D9D9D9	#EEDAD7	48155.4	10	2668
#D9D9D9	#EEDAD7	48155	9.59999999999854	2668
#D9D9D9	#EEDAD7	48154.6	10	2668
#FEFEFE	#FDFBFB	48155.1	10.5	2669
#FEFEFE	#FDFBFB	48155.5	10.9000000000015	2669
#FEFEFE	#FDFBFB	48155.9	10.5	2669
#FEFEFE	#FDFBFB	48155.5	10.0999999999985	2669
#FEFEFE	#FDFBFB	48155.1	10.5	2669
#F0F0F0	#F8EEED	48155.6	11	2670
#F0F0F0	#F8EEED	48156	11.4000000000015	2670
#F0F0F0	#F8EEED	48156.4	11	2670
#F0F0F0	#F8EEED	48156	10.5999999999985	2670
#F0F0F0	#F8EEED	48155.6	11	2670
#E2E2E2	#F3E3E1	48156.1	11.5	2671
#E2E2E2	#F3E3E1	48156.5	11.9000000000015	2671
#E2E2E2	#F3E3E1	48156.9	11.5	2671
#E2E2E2	#F3E3E1	48156.5	11.0999999999985	2671
#E2E2E2	#F3E3E1	48156.1	11.5	2671
#D8D8D8	#F2E1DE	48156.6	12	2672
#D8D8D8	#F2E1DE	48157	12.4000000000015	2672
#D8D8D8	#F2E1DE	48157.4	12	2672
#D8D8D8	#F2E1DE	48157	11.5999999999985	2672
#D8D8D8	#F2E1DE	48156.6	12	2672
#CCCCCC	#EFDAD8	48157.1	12.5	2673
#CCCCCC	#EFDAD8	48157.5	12.9000000000015	2673
#CCCCCC	#EFDAD8	48157.9	12.5	2673
#CCCCCC	#EFDAD8	48157.5	12.0999999999985	2673
#CCCCCC	#EFDAD8	48157.1	12.5	2673
#B6B6B6	#E7CAC6	48157.6	13	2674
#B6B6B6	#E7CAC6	48158	13.4000000000015	2674
#B6B6B6	#E7CAC6	48158.4	13	2674
#B6B6B6	#E7CAC6	48158	12.5999999999985	2674
#B6B6B6	#E7CAC6	48157.6	13	2674
#C4C4C4	#E4C5C1	48158.1	13.5	2675
#C4C4C4	#E4C5C1	48158.5	13.9000000000015	2675
#C4C4C4	#E4C5C1	48158.9	13.5	2675
#C4C4C4	#E4C5C1	48158.5	13.0999999999985	2675
#C4C4C4	#E4C5C1	48158.1	13.5	2675
#DBDBDB	#EEDAD7	48158.6	14	2676
#DBDBDB	#EEDAD7	48159	14.4000000000015	2676
#DBDBDB	#EEDAD7	48159.4	14	2676
#DBDBDB	#EEDAD7	48159	13.5999999999985	2676
#DBDBDB	#EEDAD7	48158.6	14	2676
#C6C6C6	#EBD2CF	48159.1	14.5	2677
#C6C6C6	#EBD2CF	48159.5	14.9000000000015	2677
#C6C6C6	#EBD2CF	48159.9	14.5	2677
#C6C6C6	#EBD2CF	48159.5	14.0999999999985	2677
#C6C6C6	#EBD2CF	48159.1	14.5	2677
#E0E0E0	#F0DEDB	48159.6	15	2678
#E0E0E0	#F0DEDB	48160	15.4000000000015	2678
#E0E0E0	#F0DEDB	48160.4	15	2678
#E0E0E0	#F0DEDB	48160	14.5999999999985	2678
#E0E0E0	#F0DEDB	48159.6	15	2678
#E6E6E6	#F2E2E0	48160.1	15.5	2679
#E6E6E6	#F2E2E0	48160.5	15.9000000000015	2679
#E6E6E6	#F2E2E0	48160.9	15.5	2679
#E6E6E6	#F2E2E0	48160.5	15.0999999999985	2679
#E6E6E6	#F2E2E0	48160.1	15.5	2679
#CACACA	#E7CCC8	48160.6	16	2680
#CACACA	#E7CCC8	48161	16.4000000000015	2680
#CACACA	#E7CCC8	48161.4	16	2680
#CACACA	#E7CCC8	48161	15.5999999999985	2680
#CACACA	#E7CCC8	48160.6	16	2680
#D4D4D4	#EAD1CE	48161.1	16.5	2681
#D4D4D4	#EAD1CE	48161.5	16.9000000000015	2681
#D4D4D4	#EAD1CE	48161.9	16.5	2681
#D4D4D4	#EAD1CE	48161.5	16.0999999999985	2681
#D4D4D4	#EAD1CE	48161.1	16.5	2681
#EDEDED	#F1DFDD	48161.6	17	2682
#EDEDED	#F1DFDD	48162	17.4000000000015	2682
#EDEDED	#F1DFDD	48162.4	17	2682
#EDEDED	#F1DFDD	48162	16.5999999999985	2682
#EDEDED	#F1DFDD	48161.6	17	2682
#DFDFDF	#E6C8C4	48162.1	17.5	2683
#DFDFDF	#E6C8C4	48162.5	17.9000000000015	2683
#DFDFDF	#E6C8C4	48162.9	17.5	2683
#DFDFDF	#E6C8C4	48162.5	17.0999999999985	2683
#DFDFDF	#E6C8C4	48162.1	17.5	2683
#ECECEC	#E8CDCA	48162.6	18	2684
#ECECEC	#E8CDCA	48163	18.4000000000015	2684
#ECECEC	#E8CDCA	48163.4	18	2684
#ECECEC	#E8CDCA	48163	17.5999999999985	2684
#ECECEC	#E8CDCA	48162.6	18	2684
#EAEAEA	#E5C6C2	48163.1	18.5	2685
#EAEAEA	#E5C6C2	48163.5	18.9000000000015	2685
#EAEAEA	#E5C6C2	48163.9	18.5	2685
#EAEAEA	#E5C6C2	48163.5	18.0999999999985	2685
#EAEAEA	#E5C6C2	48163.1	18.5	2685
#F6F6F6	#ECD6D3	48163.6	19	2686
#F6F6F6	#ECD6D3	48164	19.4000000000015	2686
#F6F6F6	#ECD6D3	48164.4	19	2686
#F6F6F6	#ECD6D3	48164	18.5999999999985	2686
#F6F6F6	#ECD6D3	48163.6	19	2686
#F1F1F1	#CF9E98	48164.1	19.5	2687
#F1F1F1	#CF9E98	48164.5	19.9000000000015	2687
#F1F1F1	#CF9E98	48164.9	19.5	2687
#F1F1F1	#CF9E98	48164.5	19.0999999999985	2687
#F1F1F1	#CF9E98	48164.1	19.5	2687
#E9E9E9	#9D4C46	48164.6	20	2688
#E9E9E9	#9D4C46	48165	20.4000000000015	2688
#E9E9E9	#9D4C46	48165.4	20	2688
#E9E9E9	#9D4C46	48165	19.5999999999985	2688
#E9E9E9	#9D4C46	48164.6	20	2688
#FCFCFC	#F2E1DE	48165.1	20.5	2689
#FCFCFC	#F2E1DE	48165.5	20.9000000000015	2689
#FCFCFC	#F2E1DE	48165.9	20.5	2689
#FCFCFC	#F2E1DE	48165.5	20.0999999999985	2689
#FCFCFC	#F2E1DE	48165.1	20.5	2689
#F4F4F4	#BA7972	48165.6	21	2690
#F4F4F4	#BA7972	48166	21.4000000000015	2690
#F4F4F4	#BA7972	48166.4	21	2690
#F4F4F4	#BA7972	48166	20.5999999999985	2690
#F4F4F4	#BA7972	48165.6	21	2690
#FEFEFE	#F6EAE8	48166.1	21.5	2691
#FEFEFE	#F6EAE8	48166.5	21.9000000000015	2691
#FEFEFE	#F6EAE8	48166.9	21.5	2691
#FEFEFE	#F6EAE8	48166.5	21.0999999999985	2691
#FEFEFE	#F6EAE8	48166.1	21.5	2691
#F8F8F8	#CE9B95	48166.6	22	2692
#F8F8F8	#CE9B95	48167	22.4000000000015	2692
#F8F8F8	#CE9B95	48167.4	22	2692
#F8F8F8	#CE9B95	48167	21.5999999999985	2692
#F8F8F8	#CE9B95	48166.6	22	2692
#F9F9F9	#E1C0BB	48167.1	22.5	2693
#F9F9F9	#E1C0BB	48167.5	22.9000000000015	2693
#F9F9F9	#E1C0BB	48167.9	22.5	2693
#F9F9F9	#E1C0BB	48167.5	22.0999999999985	2693
#F9F9F9	#E1C0BB	48167.1	22.5	2693
#FFFFFF	#FCF8F7	48167.6	23	2694
#FFFFFF	#FCF8F7	48168	23.4000000000015	2694
#FFFFFF	#FCF8F7	48168.4	23	2694
#FFFFFF	#FCF8F7	48168	22.5999999999985	2694
#FFFFFF	#FCF8F7	48167.6	23	2694
#FBFBFB	#E8CDCA	48168.1	23.5	2695
#FBFBFB	#E8CDCA	48168.5	23.9000000000015	2695
#FBFBFB	#E8CDCA	48168.9	23.5	2695
#FBFBFB	#E8CDCA	48168.5	23.0999999999985	2695
#FBFBFB	#E8CDCA	48168.1	23.5	2695
#F4F4F4	#BB7A73	48168.6	24	2696
#F4F4F4	#BB7A73	48169	24.4000000000015	2696
#F4F4F4	#BB7A73	48169.4	24	2696
#F4F4F4	#BB7A73	48169	23.5999999999985	2696
#F4F4F4	#BB7A73	48168.6	24	2696
#EFEFEF	#A3544E	48169.1	24.5	2697
#EFEFEF	#A3544E	48169.5	24.9000000000015	2697
#EFEFEF	#A3544E	48169.9	24.5	2697
#EFEFEF	#A3544E	48169.5	24.0999999999985	2697
#EFEFEF	#A3544E	48169.1	24.5	2697
#525252	#F2E1DF	48145.6	0	2698
#525252	#F2E1DF	48146	0.400000000001455	2698
#525252	#F2E1DF	48146.4	0	2698
#525252	#F2E1DF	48146	-0.400000000001455	2698
#525252	#F2E1DF	48145.6	0	2698
#A3A3A3	#F7ECEB	48146.1	0.5	2699
#A3A3A3	#F7ECEB	48146.5	0.900000000001455	2699
#A3A3A3	#F7ECEB	48146.9	0.5	2699
#A3A3A3	#F7ECEB	48146.5	0.0999999999985448	2699
#A3A3A3	#F7ECEB	48146.1	0.5	2699
#B3B3B3	#F6E9E8	48146.6	1	2700
#B3B3B3	#F6E9E8	48147	1.40000000000146	2700
#B3B3B3	#F6E9E8	48147.4	1	2700
#B3B3B3	#F6E9E8	48147	0.599999999998545	2700
#B3B3B3	#F6E9E8	48146.6	1	2700
#DBDBDB	#FAF3F2	48147.1	1.5	2701
#DBDBDB	#FAF3F2	48147.5	1.90000000000146	2701
#DBDBDB	#FAF3F2	48147.9	1.5	2701
#DBDBDB	#FAF3F2	48147.5	1.09999999999854	2701
#DBDBDB	#FAF3F2	48147.1	1.5	2701
#A9A9A9	#F5E9E7	48147.6	2	2702
#A9A9A9	#F5E9E7	48148	2.40000000000146	2702
#A9A9A9	#F5E9E7	48148.4	2	2702
#A9A9A9	#F5E9E7	48148	1.59999999999854	2702
#A9A9A9	#F5E9E7	48147.6	2	2702
#C4C4C4	#F7ECEB	48148.1	2.5	2703
#C4C4C4	#F7ECEB	48148.5	2.90000000000146	2703
#C4C4C4	#F7ECEB	48148.9	2.5	2703
#C4C4C4	#F7ECEB	48148.5	2.09999999999854	2703
#C4C4C4	#F7ECEB	48148.1	2.5	2703
#DBDBDB	#F9F1F0	48148.6	3	2704
#DBDBDB	#F9F1F0	48149	3.40000000000146	2704
#DBDBDB	#F9F1F0	48149.4	3	2704
#DBDBDB	#F9F1F0	48149	2.59999999999855	2704
#DBDBDB	#F9F1F0	48148.6	3	2704
#F1F1F1	#FCF7F6	48149.1	3.5	2705
#F1F1F1	#FCF7F6	48149.5	3.90000000000146	2705
#F1F1F1	#FCF7F6	48149.9	3.5	2705
#F1F1F1	#FCF7F6	48149.5	3.09999999999855	2705
#F1F1F1	#FCF7F6	48149.1	3.5	2705
#B5B5B5	#F4E6E5	48149.6	4	2706
#B5B5B5	#F4E6E5	48150	4.40000000000146	2706
#B5B5B5	#F4E6E5	48150.4	4	2706
#B5B5B5	#F4E6E5	48150	3.59999999999855	2706
#B5B5B5	#F4E6E5	48149.6	4	2706
#BEBEBE	#F4E7E5	48150.1	4.5	2707
#BEBEBE	#F4E7E5	48150.5	4.90000000000146	2707
#BEBEBE	#F4E7E5	48150.9	4.5	2707
#BEBEBE	#F4E7E5	48150.5	4.09999999999855	2707
#BEBEBE	#F4E7E5	48150.1	4.5	2707
#E5E5E5	#F9F2F1	48150.6	5	2708
#E5E5E5	#F9F2F1	48151	5.40000000000146	2708
#E5E5E5	#F9F2F1	48151.4	5	2708
#E5E5E5	#F9F2F1	48151	4.59999999999855	2708
#E5E5E5	#F9F2F1	48150.6	5	2708
#ECECEC	#FAF4F3	48151.1	5.5	2709
#ECECEC	#FAF4F3	48151.5	5.90000000000146	2709
#ECECEC	#FAF4F3	48151.9	5.5	2709
#ECECEC	#FAF4F3	48151.5	5.09999999999855	2709
#ECECEC	#FAF4F3	48151.1	5.5	2709
#F9F9F9	#FDFAFA	48151.6	6	2710
#F9F9F9	#FDFAFA	48152	6.40000000000146	2710
#F9F9F9	#FDFAFA	48152.4	6	2710
#F9F9F9	#FDFAFA	48152	5.59999999999855	2710
#F9F9F9	#FDFAFA	48151.6	6	2710
#C9C9C9	#F5E8E6	48152.1	6.5	2711
#C9C9C9	#F5E8E6	48152.5	6.90000000000146	2711
#C9C9C9	#F5E8E6	48152.9	6.5	2711
#C9C9C9	#F5E8E6	48152.5	6.09999999999855	2711
#C9C9C9	#F5E8E6	48152.1	6.5	2711
#B4B4B4	#F0DEDB	48152.6	7	2712
#B4B4B4	#F0DEDB	48153	7.40000000000146	2712
#B4B4B4	#F0DEDB	48153.4	7	2712
#B4B4B4	#F0DEDB	48153	6.59999999999855	2712
#B4B4B4	#F0DEDB	48152.6	7	2712
#BDBDBD	#EFDAD8	48153.1	7.5	2713
#BDBDBD	#EFDAD8	48153.5	7.90000000000146	2713
#BDBDBD	#EFDAD8	48153.9	7.5	2713
#BDBDBD	#EFDAD8	48153.5	7.09999999999855	2713
#BDBDBD	#EFDAD8	48153.1	7.5	2713
#B5B5B5	#ECD5D2	48153.6	8	2714
#B5B5B5	#ECD5D2	48154	8.40000000000146	2714
#B5B5B5	#ECD5D2	48154.4	8	2714
#B5B5B5	#ECD5D2	48154	7.59999999999855	2714
#B5B5B5	#ECD5D2	48153.6	8	2714
#D2D2D2	#EED9D6	48154.1	8.5	2715
#D2D2D2	#EED9D6	48154.5	8.90000000000146	2715
#D2D2D2	#EED9D6	48154.9	8.5	2715
#D2D2D2	#EED9D6	48154.5	8.09999999999855	2715
#D2D2D2	#EED9D6	48154.1	8.5	2715
#CDCDCD	#EFDCDA	48154.6	9	2716
#CDCDCD	#EFDCDA	48155	9.40000000000146	2716
#CDCDCD	#EFDCDA	48155.4	9	2716
#CDCDCD	#EFDCDA	48155	8.59999999999855	2716
#CDCDCD	#EFDCDA	48154.6	9	2716
#D6D6D6	#F1DFDD	48155.1	9.5	2717
#D6D6D6	#F1DFDD	48155.5	9.90000000000146	2717
#D6D6D6	#F1DFDD	48155.9	9.5	2717
#D6D6D6	#F1DFDD	48155.5	9.09999999999854	2717
#D6D6D6	#F1DFDD	48155.1	9.5	2717
#F9F9F9	#F8EEED	48155.6	10	2718
#F9F9F9	#F8EEED	48156	10.4000000000015	2718
#F9F9F9	#F8EEED	48156.4	10	2718
#F9F9F9	#F8EEED	48156	9.59999999999854	2718
#F9F9F9	#F8EEED	48155.6	10	2718
#C4C4C4	#EED9D6	48156.1	10.5	2719
#C4C4C4	#EED9D6	48156.5	10.9000000000015	2719
#C4C4C4	#EED9D6	48156.9	10.5	2719
#C4C4C4	#EED9D6	48156.5	10.0999999999985	2719
#C4C4C4	#EED9D6	48156.1	10.5	2719
#DDDDDD	#F3E4E2	48156.6	11	2720
#DDDDDD	#F3E4E2	48157	11.4000000000015	2720
#DDDDDD	#F3E4E2	48157.4	11	2720
#DDDDDD	#F3E4E2	48157	10.5999999999985	2720
#DDDDDD	#F3E4E2	48156.6	11	2720
#C1C1C1	#EFDCDA	48157.1	11.5	2721
#C1C1C1	#EFDCDA	48157.5	11.9000000000015	2721
#C1C1C1	#EFDCDA	48157.9	11.5	2721
#C1C1C1	#EFDCDA	48157.5	11.0999999999985	2721
#C1C1C1	#EFDCDA	48157.1	11.5	2721
#CCCCCC	#F1E0DE	48157.6	12	2722
#CCCCCC	#F1E0DE	48158	12.4000000000015	2722
#CCCCCC	#F1E0DE	48158.4	12	2722
#CCCCCC	#F1E0DE	48158	11.5999999999985	2722
#CCCCCC	#F1E0DE	48157.6	12	2722
#D5D5D5	#F0DDDB	48158.1	12.5	2723
#D5D5D5	#F0DDDB	48158.5	12.9000000000015	2723
#D5D5D5	#F0DDDB	48158.9	12.5	2723
#D5D5D5	#F0DDDB	48158.5	12.0999999999985	2723
#D5D5D5	#F0DDDB	48158.1	12.5	2723
#B1B1B1	#E7CAC6	48158.6	13	2724
#B1B1B1	#E7CAC6	48159	13.4000000000015	2724
#B1B1B1	#E7CAC6	48159.4	13	2724
#B1B1B1	#E7CAC6	48159	12.5999999999985	2724
#B1B1B1	#E7CAC6	48158.6	13	2724
#A0A0A0	#DFBAB5	48159.1	13.5	2725
#A0A0A0	#DFBAB5	48159.5	13.9000000000015	2725
#A0A0A0	#DFBAB5	48159.9	13.5	2725
#A0A0A0	#DFBAB5	48159.5	13.0999999999985	2725
#A0A0A0	#DFBAB5	48159.1	13.5	2725
#BDBDBD	#EAD0CD	48159.6	14	2726
#BDBDBD	#EAD0CD	48160	14.4000000000015	2726
#BDBDBD	#EAD0CD	48160.4	14	2726
#BDBDBD	#EAD0CD	48160	13.5999999999985	2726
#BDBDBD	#EAD0CD	48159.6	14	2726
#CACACA	#ECD4D1	48160.1	14.5	2727
#CACACA	#ECD4D1	48160.5	14.9000000000015	2727
#CACACA	#ECD4D1	48160.9	14.5	2727
#CACACA	#ECD4D1	48160.5	14.0999999999985	2727
#CACACA	#ECD4D1	48160.1	14.5	2727
#DADADA	#F0DDDA	48160.6	15	2728
#DADADA	#F0DDDA	48161	15.4000000000015	2728
#DADADA	#F0DDDA	48161.4	15	2728
#DADADA	#F0DDDA	48161	14.5999999999985	2728
#DADADA	#F0DDDA	48160.6	15	2728
#DCDCDC	#EFDCD9	48161.1	15.5	2729
#DCDCDC	#EFDCD9	48161.5	15.9000000000015	2729
#DCDCDC	#EFDCD9	48161.9	15.5	2729
#DCDCDC	#EFDCD9	48161.5	15.0999999999985	2729
#DCDCDC	#EFDCD9	48161.1	15.5	2729
#B3B3B3	#E3C3BE	48161.6	16	2730
#B3B3B3	#E3C3BE	48162	16.4000000000015	2730
#B3B3B3	#E3C3BE	48162.4	16	2730
#B3B3B3	#E3C3BE	48162	15.5999999999985	2730
#B3B3B3	#E3C3BE	48161.6	16	2730
#D7D7D7	#ECD5D2	48162.1	16.5	2731
#D7D7D7	#ECD5D2	48162.5	16.9000000000015	2731
#D7D7D7	#ECD5D2	48162.9	16.5	2731
#D7D7D7	#ECD5D2	48162.5	16.0999999999985	2731
#D7D7D7	#ECD5D2	48162.1	16.5	2731
#C4C4C4	#E1BFBB	48162.6	17	2732
#C4C4C4	#E1BFBB	48163	17.4000000000015	2732
#C4C4C4	#E1BFBB	48163.4	17	2732
#C4C4C4	#E1BFBB	48163	16.5999999999985	2732
#C4C4C4	#E1BFBB	48162.6	17	2732
#D3D3D3	#DEBAB5	48163.1	17.5	2733
#D3D3D3	#DEBAB5	48163.5	17.9000000000015	2733
#D3D3D3	#DEBAB5	48163.9	17.5	2733
#D3D3D3	#DEBAB5	48163.5	17.0999999999985	2733
#D3D3D3	#DEBAB5	48163.1	17.5	2733
#DEDEDE	#E2C0BB	48163.6	18	2734
#DEDEDE	#E2C0BB	48164	18.4000000000015	2734
#DEDEDE	#E2C0BB	48164.4	18	2734
#DEDEDE	#E2C0BB	48164	17.5999999999985	2734
#DEDEDE	#E2C0BB	48163.6	18	2734
#E4E4E4	#DBB3AE	48164.1	18.5	2735
#E4E4E4	#DBB3AE	48164.5	18.9000000000015	2735
#E4E4E4	#DBB3AE	48164.9	18.5	2735
#E4E4E4	#DBB3AE	48164.5	18.0999999999985	2735
#E4E4E4	#DBB3AE	48164.1	18.5	2735
#F5F5F5	#E4C5C1	48164.6	19	2736
#F5F5F5	#E4C5C1	48165	19.4000000000015	2736
#F5F5F5	#E4C5C1	48165.4	19	2736
#F5F5F5	#E4C5C1	48165	18.5999999999985	2736
#F5F5F5	#E4C5C1	48164.6	19	2736
#F2F2F2	#E3C2BE	48165.1	19.5	2737
#F2F2F2	#E3C2BE	48165.5	19.9000000000015	2737
#F2F2F2	#E3C2BE	48165.9	19.5	2737
#F2F2F2	#E3C2BE	48165.5	19.0999999999985	2737
#F2F2F2	#E3C2BE	48165.1	19.5	2737
#FEFEFE	#F8F7FB	48165.6	20	2738
#FEFEFE	#F8F7FB	48166	20.4000000000015	2738
#FEFEFE	#F8F7FB	48166.4	20	2738
#FEFEFE	#F8F7FB	48166	19.5999999999985	2738
#FEFEFE	#F8F7FB	48165.6	20	2738
#F7F7F7	#C68D87	48166.1	20.5	2739
#F7F7F7	#C68D87	48166.5	20.9000000000015	2739
#F7F7F7	#C68D87	48166.9	20.5	2739
#F7F7F7	#C68D87	48166.5	20.0999999999985	2739
#F7F7F7	#C68D87	48166.1	20.5	2739
#EFEFEF	#A65A53	48166.6	21	2740
#EFEFEF	#A65A53	48167	21.4000000000015	2740
#EFEFEF	#A65A53	48167.4	21	2740
#EFEFEF	#A65A53	48167	20.5999999999985	2740
#EFEFEF	#A65A53	48166.6	21	2740
#F8F8F8	#CE9B95	48167.1	21.5	2741
#F8F8F8	#CE9B95	48167.5	21.9000000000015	2741
#F8F8F8	#CE9B95	48167.9	21.5	2741
#F8F8F8	#CE9B95	48167.5	21.0999999999985	2741
#F8F8F8	#CE9B95	48167.1	21.5	2741
#FFFFFF	#FBFBFD	48167.6	22	2742
#FFFFFF	#FBFBFD	48168	22.4000000000015	2742
#FFFFFF	#FBFBFD	48168.4	22	2742
#FFFFFF	#FBFBFD	48168	21.5999999999985	2742
#FFFFFF	#FBFBFD	48167.6	22	2742
#F9F9F9	#D3CDE7	48168.1	22.5	2743
#F9F9F9	#D3CDE7	48168.5	22.9000000000015	2743
#F9F9F9	#D3CDE7	48168.9	22.5	2743
#F9F9F9	#D3CDE7	48168.5	22.0999999999985	2743
#F9F9F9	#D3CDE7	48168.1	22.5	2743
#F5F5F5	#C0837C	48168.6	23	2744
#F5F5F5	#C0837C	48169	23.4000000000015	2744
#F5F5F5	#C0837C	48169.4	23	2744
#F5F5F5	#C0837C	48169	22.5999999999985	2744
#F5F5F5	#C0837C	48168.6	23	2744
#FDFDFD	#F9F1F0	48169.1	23.5	2745
#FDFDFD	#F9F1F0	48169.5	23.9000000000015	2745
#FDFDFD	#F9F1F0	48169.9	23.5	2745
#FDFDFD	#F9F1F0	48169.5	23.0999999999985	2745
#FDFDFD	#F9F1F0	48169.1	23.5	2745
#F9F9F9	#E9CECB	48169.6	24	2746
#F9F9F9	#E9CECB	48170	24.4000000000015	2746
#F9F9F9	#E9CECB	48170.4	24	2746
#F9F9F9	#E9CECB	48170	23.5999999999985	2746
#F9F9F9	#E9CECB	48169.6	24	2746
#FFFFFF	#FCF8F7	48170.1	24.5	2747
#FFFFFF	#FCF8F7	48170.5	24.9000000000015	2747
#FFFFFF	#FCF8F7	48170.9	24.5	2747
#FFFFFF	#FCF8F7	48170.5	24.0999999999985	2747
#FFFFFF	#FCF8F7	48170.1	24.5	2747
#595959	#F2E1DF	48146.6	0	2748
#595959	#F2E1DF	48147	0.400000000001455	2748
#595959	#F2E1DF	48147.4	0	2748
#595959	#F2E1DF	48147	-0.400000000001455	2748
#595959	#F2E1DF	48146.6	0	2748
#878787	#F3E4E2	48147.1	0.5	2749
#878787	#F3E4E2	48147.5	0.900000000001455	2749
#878787	#F3E4E2	48147.9	0.5	2749
#878787	#F3E4E2	48147.5	0.0999999999985448	2749
#878787	#F3E4E2	48147.1	0.5	2749
#C1C1C1	#F8F0EE	48147.6	1	2750
#C1C1C1	#F8F0EE	48148	1.40000000000146	2750
#C1C1C1	#F8F0EE	48148.4	1	2750
#C1C1C1	#F8F0EE	48148	0.599999999998545	2750
#C1C1C1	#F8F0EE	48147.6	1	2750
#A5A5A5	#F5E8E7	48148.1	1.5	2751
#A5A5A5	#F5E8E7	48148.5	1.90000000000146	2751
#A5A5A5	#F5E8E7	48148.9	1.5	2751
#A5A5A5	#F5E8E7	48148.5	1.09999999999854	2751
#A5A5A5	#F5E8E7	48148.1	1.5	2751
#C2C2C2	#F7EDEC	48148.6	2	2752
#C2C2C2	#F7EDEC	48149	2.40000000000146	2752
#C2C2C2	#F7EDEC	48149.4	2	2752
#C2C2C2	#F7EDEC	48149	1.59999999999854	2752
#C2C2C2	#F7EDEC	48148.6	2	2752
#D2D2D2	#F8F0EE	48149.1	2.5	2753
#D2D2D2	#F8F0EE	48149.5	2.90000000000146	2753
#D2D2D2	#F8F0EE	48149.9	2.5	2753
#D2D2D2	#F8F0EE	48149.5	2.09999999999854	2753
#D2D2D2	#F8F0EE	48149.1	2.5	2753
#EAEAEA	#FBF5F4	48149.6	3	2754
#EAEAEA	#FBF5F4	48150	3.40000000000146	2754
#EAEAEA	#FBF5F4	48150.4	3	2754
#EAEAEA	#FBF5F4	48150	2.59999999999855	2754
#EAEAEA	#FBF5F4	48149.6	3	2754
#B9B9B9	#F4E6E4	48150.1	3.5	2755
#B9B9B9	#F4E6E4	48150.5	3.90000000000146	2755
#B9B9B9	#F4E6E4	48150.9	3.5	2755
#B9B9B9	#F4E6E4	48150.5	3.09999999999855	2755
#B9B9B9	#F4E6E4	48150.1	3.5	2755
#BDBDBD	#F4E7E5	48150.6	4	2756
#BDBDBD	#F4E7E5	48151	4.40000000000146	2756
#BDBDBD	#F4E7E5	48151.4	4	2756
#BDBDBD	#F4E7E5	48151	3.59999999999855	2756
#BDBDBD	#F4E7E5	48150.6	4	2756
#E6E6E6	#F9F1F0	48151.1	4.5	2757
#E6E6E6	#F9F1F0	48151.5	4.90000000000146	2757
#E6E6E6	#F9F1F0	48151.9	4.5	2757
#E6E6E6	#F9F1F0	48151.5	4.09999999999855	2757
#E6E6E6	#F9F1F0	48151.1	4.5	2757
#F8F8F8	#FDFAF9	48151.6	5	2758
#F8F8F8	#FDFAF9	48152	5.40000000000146	2758
#F8F8F8	#FDFAF9	48152.4	5	2758
#F8F8F8	#FDFAF9	48152	4.59999999999855	2758
#F8F8F8	#FDFAF9	48151.6	5	2758
#FFFFFF	#FFFFFE	48152.1	5.5	2759
#FFFFFF	#FFFFFE	48152.5	5.90000000000146	2759
#FFFFFF	#FFFFFE	48152.9	5.5	2759
#FFFFFF	#FFFFFE	48152.5	5.09999999999855	2759
#FFFFFF	#FFFFFE	48152.1	5.5	2759
#DADADA	#F7ECEB	48152.6	6	2760
#DADADA	#F7ECEB	48153	6.40000000000146	2760
#DADADA	#F7ECEB	48153.4	6	2760
#DADADA	#F7ECEB	48153	5.59999999999855	2760
#DADADA	#F7ECEB	48152.6	6	2760
#CCCCCC	#F3E4E2	48153.1	6.5	2761
#CCCCCC	#F3E4E2	48153.5	6.90000000000146	2761
#CCCCCC	#F3E4E2	48153.9	6.5	2761
#CCCCCC	#F3E4E2	48153.5	6.09999999999855	2761
#CCCCCC	#F3E4E2	48153.1	6.5	2761
#D0D0D0	#F2E2DF	48153.6	7	2762
#D0D0D0	#F2E2DF	48154	7.40000000000146	2762
#D0D0D0	#F2E2DF	48154.4	7	2762
#D0D0D0	#F2E2DF	48154	6.59999999999855	2762
#D0D0D0	#F2E2DF	48153.6	7	2762
#BEBEBE	#EED8D6	48154.1	7.5	2763
#BEBEBE	#EED8D6	48154.5	7.90000000000146	2763
#BEBEBE	#EED8D6	48154.9	7.5	2763
#BEBEBE	#EED8D6	48154.5	7.09999999999855	2763
#BEBEBE	#EED8D6	48154.1	7.5	2763
#B9B9B9	#E8CDC9	48154.6	8	2764
#B9B9B9	#E8CDC9	48155	8.40000000000146	2764
#B9B9B9	#E8CDC9	48155.4	8	2764
#B9B9B9	#E8CDC9	48155	7.59999999999855	2764
#B9B9B9	#E8CDC9	48154.6	8	2764
#D0D0D0	#F0DCDA	48155.1	8.5	2765
#D0D0D0	#F0DCDA	48155.5	8.90000000000146	2765
#D0D0D0	#F0DCDA	48155.9	8.5	2765
#D0D0D0	#F0DCDA	48155.5	8.09999999999855	2765
#D0D0D0	#F0DCDA	48155.1	8.5	2765
#DEDEDE	#F2E3E1	48155.6	9	2766
#DEDEDE	#F2E3E1	48156	9.40000000000146	2766
#DEDEDE	#F2E3E1	48156.4	9	2766
#DEDEDE	#F2E3E1	48156	8.59999999999855	2766
#DEDEDE	#F2E3E1	48155.6	9	2766
#F2F2F2	#F2E1DF	48156.1	9.5	2767
#F2F2F2	#F2E1DF	48156.5	9.90000000000146	2767
#F2F2F2	#F2E1DF	48156.9	9.5	2767
#F2F2F2	#F2E1DF	48156.5	9.09999999999854	2767
#F2F2F2	#F2E1DF	48156.1	9.5	2767
#CECECE	#F0DDDB	48156.6	10	2768
#CECECE	#F0DDDB	48157	10.4000000000015	2768
#CECECE	#F0DDDB	48157.4	10	2768
#CECECE	#F0DDDB	48157	9.59999999999854	2768
#CECECE	#F0DDDB	48156.6	10	2768
#E7E7E7	#F5E8E6	48157.1	10.5	2769
#E7E7E7	#F5E8E6	48157.5	10.9000000000015	2769
#E7E7E7	#F5E8E6	48157.9	10.5	2769
#E7E7E7	#F5E8E6	48157.5	10.0999999999985	2769
#E7E7E7	#F5E8E6	48157.1	10.5	2769
#D1D1D1	#F1E0DE	48157.6	11	2770
#D1D1D1	#F1E0DE	48158	11.4000000000015	2770
#D1D1D1	#F1E0DE	48158.4	11	2770
#D1D1D1	#F1E0DE	48158	10.5999999999985	2770
#D1D1D1	#F1E0DE	48157.6	11	2770
#CFCFCF	#F1DFDD	48158.1	11.5	2771
#CFCFCF	#F1DFDD	48158.5	11.9000000000015	2771
#CFCFCF	#F1DFDD	48158.9	11.5	2771
#CFCFCF	#F1DFDD	48158.5	11.0999999999985	2771
#CFCFCF	#F1DFDD	48158.1	11.5	2771
#B8B8B8	#EAD0CD	48158.6	12	2772
#B8B8B8	#EAD0CD	48159	12.4000000000015	2772
#B8B8B8	#EAD0CD	48159.4	12	2772
#B8B8B8	#EAD0CD	48159	11.5999999999985	2772
#B8B8B8	#EAD0CD	48158.6	12	2772
#C7C7C7	#EAD1CD	48159.1	12.5	2773
#C7C7C7	#EAD1CD	48159.5	12.9000000000015	2773
#C7C7C7	#EAD1CD	48159.9	12.5	2773
#C7C7C7	#EAD1CD	48159.5	12.0999999999985	2773
#C7C7C7	#EAD1CD	48159.1	12.5	2773
#E9E9E9	#F3E4E3	48159.6	13	2774
#E9E9E9	#F3E4E3	48160	13.4000000000015	2774
#E9E9E9	#F3E4E3	48160.4	13	2774
#E9E9E9	#F3E4E3	48160	12.5999999999985	2774
#E9E9E9	#F3E4E3	48159.6	13	2774
#C8C8C8	#ECD4D1	48160.1	13.5	2775
#C8C8C8	#ECD4D1	48160.5	13.9000000000015	2775
#C8C8C8	#ECD4D1	48160.9	13.5	2775
#C8C8C8	#ECD4D1	48160.5	13.0999999999985	2775
#C8C8C8	#ECD4D1	48160.1	13.5	2775
#CFCFCF	#EDD8D5	48160.6	14	2776
#CFCFCF	#EDD8D5	48161	14.4000000000015	2776
#CFCFCF	#EDD8D5	48161.4	14	2776
#CFCFCF	#EDD8D5	48161	13.5999999999985	2776
#CFCFCF	#EDD8D5	48160.6	14	2776
#F5F5F5	#F9F1F0	48161.1	14.5	2777
#F5F5F5	#F9F1F0	48161.5	14.9000000000015	2777
#F5F5F5	#F9F1F0	48161.9	14.5	2777
#F5F5F5	#F9F1F0	48161.5	14.0999999999985	2777
#F5F5F5	#F9F1F0	48161.1	14.5	2777
#F0F0F0	#F5E8E6	48161.6	15	2778
#F0F0F0	#F5E8E6	48162	15.4000000000015	2778
#F0F0F0	#F5E8E6	48162.4	15	2778
#F0F0F0	#F5E8E6	48162	14.5999999999985	2778
#F0F0F0	#F5E8E6	48161.6	15	2778
#BFBFBF	#E7CBC7	48162.1	15.5	2779
#BFBFBF	#E7CBC7	48162.5	15.9000000000015	2779
#BFBFBF	#E7CBC7	48162.9	15.5	2779
#BFBFBF	#E7CBC7	48162.5	15.0999999999985	2779
#BFBFBF	#E7CBC7	48162.1	15.5	2779
#E1E1E1	#EBD2CF	48162.6	16	2780
#E1E1E1	#EBD2CF	48163	16.4000000000015	2780
#E1E1E1	#EBD2CF	48163.4	16	2780
#E1E1E1	#EBD2CF	48163	15.5999999999985	2780
#E1E1E1	#EBD2CF	48162.6	16	2780
#DFDFDF	#ECD5D1	48163.1	16.5	2781
#DFDFDF	#ECD5D1	48163.5	16.9000000000015	2781
#DFDFDF	#ECD5D1	48163.9	16.5	2781
#DFDFDF	#ECD5D1	48163.5	16.0999999999985	2781
#DFDFDF	#ECD5D1	48163.1	16.5	2781
#C9C9C9	#D9AFAA	48163.6	17	2782
#C9C9C9	#D9AFAA	48164	17.4000000000015	2782
#C9C9C9	#D9AFAA	48164.4	17	2782
#C9C9C9	#D9AFAA	48164	16.5999999999985	2782
#C9C9C9	#D9AFAA	48163.6	17	2782
#C5C5C5	#CE9C96	48164.1	17.5	2783
#C5C5C5	#CE9C96	48164.5	17.9000000000015	2783
#C5C5C5	#CE9C96	48164.9	17.5	2783
#C5C5C5	#CE9C96	48164.5	17.0999999999985	2783
#C5C5C5	#CE9C96	48164.1	17.5	2783
#E9E9E9	#DAB1AB	48164.6	18	2784
#E9E9E9	#DAB1AB	48165	18.4000000000015	2784
#E9E9E9	#DAB1AB	48165.4	18	2784
#E9E9E9	#DAB1AB	48165	17.5999999999985	2784
#E9E9E9	#DAB1AB	48164.6	18	2784
#EFEFEF	#DCB4AF	48165.1	18.5	2785
#EFEFEF	#DCB4AF	48165.5	18.9000000000015	2785
#EFEFEF	#DCB4AF	48165.9	18.5	2785
#EFEFEF	#DCB4AF	48165.5	18.0999999999985	2785
#EFEFEF	#DCB4AF	48165.1	18.5	2785
#FDFDFD	#F7EDEC	48165.6	19	2786
#FDFDFD	#F7EDEC	48166	19.4000000000015	2786
#FDFDFD	#F7EDEC	48166.4	19	2786
#FDFDFD	#F7EDEC	48166	18.5999999999985	2786
#FDFDFD	#F7EDEC	48165.6	19	2786
#EDEDED	#A3554E	48166.1	19.5	2787
#EDEDED	#A3554E	48166.5	19.9000000000015	2787
#EDEDED	#A3554E	48166.9	19.5	2787
#EDEDED	#A3554E	48166.5	19.0999999999985	2787
#EDEDED	#A3554E	48166.1	19.5	2787
#FEFEFE	#F9F1F0	48166.6	20	2788
#FEFEFE	#F9F1F0	48167	20.4000000000015	2788
#FEFEFE	#F9F1F0	48167.4	20	2788
#FEFEFE	#F9F1F0	48167	19.5999999999985	2788
#FEFEFE	#F9F1F0	48166.6	20	2788
#F0F0F0	#AD655E	48167.1	20.5	2789
#F0F0F0	#AD655E	48167.5	20.9000000000015	2789
#F0F0F0	#AD655E	48167.9	20.5	2789
#F0F0F0	#AD655E	48167.5	20.0999999999985	2789
#F0F0F0	#AD655E	48167.1	20.5	2789
#F4F4F4	#B5716A	48167.6	21	2790
#F4F4F4	#B5716A	48168	21.4000000000015	2790
#F4F4F4	#B5716A	48168.4	21	2790
#F4F4F4	#B5716A	48168	20.5999999999985	2790
#F4F4F4	#B5716A	48167.6	21	2790
#FBFBFB	#E8CDCA	48168.1	21.5	2791
#FBFBFB	#E8CDCA	48168.5	21.9000000000015	2791
#FBFBFB	#E8CDCA	48168.9	21.5	2791
#FBFBFB	#E8CDCA	48168.5	21.0999999999985	2791
#FBFBFB	#E8CDCA	48168.1	21.5	2791
#FFFFFF	#FFFEFE	48168.6	22	2792
#FFFFFF	#FFFEFE	48169	22.4000000000015	2792
#FFFFFF	#FFFEFE	48169.4	22	2792
#FFFFFF	#FFFEFE	48169	21.5999999999985	2792
#FFFFFF	#FFFEFE	48168.6	22	2792
#FEFEFE	#F2F0F8	48169.1	22.5	2793
#FEFEFE	#F2F0F8	48169.5	22.9000000000015	2793
#FEFEFE	#F2F0F8	48169.9	22.5	2793
#FEFEFE	#F2F0F8	48169.5	22.0999999999985	2793
#FEFEFE	#F2F0F8	48169.1	22.5	2793
#F7F7F7	#C68E87	48169.6	23	2794
#F7F7F7	#C68E87	48170	23.4000000000015	2794
#F7F7F7	#C68E87	48170.4	23	2794
#F7F7F7	#C68E87	48170	22.5999999999985	2794
#F7F7F7	#C68E87	48169.6	23	2794
#EDEDED	#A65953	48170.1	23.5	2795
#EDEDED	#A65953	48170.5	23.9000000000015	2795
#EDEDED	#A65953	48170.9	23.5	2795
#EDEDED	#A65953	48170.5	23.0999999999985	2795
#EDEDED	#A65953	48170.1	23.5	2795
#F3F3F3	#B5726A	48170.6	24	2796
#F3F3F3	#B5726A	48171	24.4000000000015	2796
#F3F3F3	#B5726A	48171.4	24	2796
#F3F3F3	#B5726A	48171	23.5999999999985	2796
#F3F3F3	#B5726A	48170.6	24	2796
#FDFDFD	#F5E9E8	48171.1	24.5	2797
#FDFDFD	#F5E9E8	48171.5	24.9000000000015	2797
#FDFDFD	#F5E9E8	48171.9	24.5	2797
#FDFDFD	#F5E9E8	48171.5	24.0999999999985	2797
#FDFDFD	#F5E9E8	48171.1	24.5	2797
#535353	#F1E0DD	48147.6	0	2798
#535353	#F1E0DD	48148	0.400000000001455	2798
#535353	#F1E0DD	48148.4	0	2798
#535353	#F1E0DD	48148	-0.400000000001455	2798
#535353	#F1E0DD	48147.6	0	2798
#7B7B7B	#F2E3E1	48148.1	0.5	2799
#7B7B7B	#F2E3E1	48148.5	0.900000000001455	2799
#7B7B7B	#F2E3E1	48148.9	0.5	2799
#7B7B7B	#F2E3E1	48148.5	0.0999999999985448	2799
#7B7B7B	#F2E3E1	48148.1	0.5	2799
#A2A2A2	#F3E5E3	48148.6	1	2800
#A2A2A2	#F3E5E3	48149	1.40000000000146	2800
#A2A2A2	#F3E5E3	48149.4	1	2800
#A2A2A2	#F3E5E3	48149	0.599999999998545	2800
#A2A2A2	#F3E5E3	48148.6	1	2800
#AAAAAA	#F4E5E3	48149.1	1.5	2801
#AAAAAA	#F4E5E3	48149.5	1.90000000000146	2801
#AAAAAA	#F4E5E3	48149.9	1.5	2801
#AAAAAA	#F4E5E3	48149.5	1.09999999999854	2801
#AAAAAA	#F4E5E3	48149.1	1.5	2801
#A8A8A8	#F3E4E2	48149.6	2	2802
#A8A8A8	#F3E4E2	48150	2.40000000000146	2802
#A8A8A8	#F3E4E2	48150.4	2	2802
#A8A8A8	#F3E4E2	48150	1.59999999999854	2802
#A8A8A8	#F3E4E2	48149.6	2	2802
#C3C3C3	#F6E9E8	48150.1	2.5	2803
#C3C3C3	#F6E9E8	48150.5	2.90000000000146	2803
#C3C3C3	#F6E9E8	48150.9	2.5	2803
#C3C3C3	#F6E9E8	48150.5	2.09999999999854	2803
#C3C3C3	#F6E9E8	48150.1	2.5	2803
#ABABAB	#F2E2E0	48150.6	3	2804
#ABABAB	#F2E2E0	48151	3.40000000000146	2804
#ABABAB	#F2E2E0	48151.4	3	2804
#ABABAB	#F2E2E0	48151	2.59999999999855	2804
#ABABAB	#F2E2E0	48150.6	3	2804
#B1B1B1	#F2E2E0	48151.1	3.5	2805
#B1B1B1	#F2E2E0	48151.5	3.90000000000146	2805
#B1B1B1	#F2E2E0	48151.9	3.5	2805
#B1B1B1	#F2E2E0	48151.5	3.09999999999855	2805
#B1B1B1	#F2E2E0	48151.1	3.5	2805
#DDDDDD	#F8EEED	48151.6	4	2806
#DDDDDD	#F8EEED	48152	4.40000000000146	2806
#DDDDDD	#F8EEED	48152.4	4	2806
#DDDDDD	#F8EEED	48152	3.59999999999855	2806
#DDDDDD	#F8EEED	48151.6	4	2806
#CBCBCB	#F5E9E7	48152.1	4.5	2807
#CBCBCB	#F5E9E7	48152.5	4.90000000000146	2807
#CBCBCB	#F5E9E7	48152.9	4.5	2807
#CBCBCB	#F5E9E7	48152.5	4.09999999999855	2807
#CBCBCB	#F5E9E7	48152.1	4.5	2807
#FEFEFE	#FFFEFE	48152.6	5	2808
#FEFEFE	#FFFEFE	48153	5.40000000000146	2808
#FEFEFE	#FFFEFE	48153.4	5	2808
#FEFEFE	#FFFEFE	48153	4.59999999999855	2808
#FEFEFE	#FFFEFE	48152.6	5	2808
#CECECE	#F5E7E5	48153.1	5.5	2809
#CECECE	#F5E7E5	48153.5	5.90000000000146	2809
#CECECE	#F5E7E5	48153.9	5.5	2809
#CECECE	#F5E7E5	48153.5	5.09999999999855	2809
#CECECE	#F5E7E5	48153.1	5.5	2809
#ECECEC	#F8F0EE	48153.6	6	2810
#ECECEC	#F8F0EE	48154	6.40000000000146	2810
#ECECEC	#F8F0EE	48154.4	6	2810
#ECECEC	#F8F0EE	48154	5.59999999999855	2810
#ECECEC	#F8F0EE	48153.6	6	2810
#EFEFEF	#F8F0EF	48154.1	6.5	2811
#EFEFEF	#F8F0EF	48154.5	6.90000000000146	2811
#EFEFEF	#F8F0EF	48154.9	6.5	2811
#EFEFEF	#F8F0EF	48154.5	6.09999999999855	2811
#EFEFEF	#F8F0EF	48154.1	6.5	2811
#C5C5C5	#EFDBD8	48154.6	7	2812
#C5C5C5	#EFDBD8	48155	7.40000000000146	2812
#C5C5C5	#EFDBD8	48155.4	7	2812
#C5C5C5	#EFDBD8	48155	6.59999999999855	2812
#C5C5C5	#EFDBD8	48154.6	7	2812
#F3F3F3	#F8EFEE	48155.1	7.5	2813
#F3F3F3	#F8EFEE	48155.5	7.90000000000146	2813
#F3F3F3	#F8EFEE	48155.9	7.5	2813
#F3F3F3	#F8EFEE	48155.5	7.09999999999855	2813
#F3F3F3	#F8EFEE	48155.1	7.5	2813
#F8F8F8	#FBF5F4	48155.6	8	2814
#F8F8F8	#FBF5F4	48156	8.40000000000146	2814
#F8F8F8	#FBF5F4	48156.4	8	2814
#F8F8F8	#FBF5F4	48156	7.59999999999855	2814
#F8F8F8	#FBF5F4	48155.6	8	2814
#BFBFBF	#EBD2CF	48156.1	8.5	2815
#BFBFBF	#EBD2CF	48156.5	8.90000000000146	2815
#BFBFBF	#EBD2CF	48156.9	8.5	2815
#BFBFBF	#EBD2CF	48156.5	8.09999999999855	2815
#BFBFBF	#EBD2CF	48156.1	8.5	2815
#EDEDED	#EFDCD9	48156.6	9	2816
#EDEDED	#EFDCD9	48157	9.40000000000146	2816
#EDEDED	#EFDCD9	48157.4	9	2816
#EDEDED	#EFDCD9	48157	8.59999999999855	2816
#EDEDED	#EFDCD9	48156.6	9	2816
#BFBFBF	#EDD6D3	48157.1	9.5	2817
#BFBFBF	#EDD6D3	48157.5	9.90000000000146	2817
#BFBFBF	#EDD6D3	48157.9	9.5	2817
#BFBFBF	#EDD6D3	48157.5	9.09999999999854	2817
#BFBFBF	#EDD6D3	48157.1	9.5	2817
#DDDDDD	#F2E3E1	48157.6	10	2818
#DDDDDD	#F2E3E1	48158	10.4000000000015	2818
#DDDDDD	#F2E3E1	48158.4	10	2818
#DDDDDD	#F2E3E1	48158	9.59999999999854	2818
#DDDDDD	#F2E3E1	48157.6	10	2818
#EBEBEB	#F7EDEC	48158.1	10.5	2819
#EBEBEB	#F7EDEC	48158.5	10.9000000000015	2819
#EBEBEB	#F7EDEC	48158.9	10.5	2819
#EBEBEB	#F7EDEC	48158.5	10.0999999999985	2819
#EBEBEB	#F7EDEC	48158.1	10.5	2819
#C7C7C7	#EFDBD9	48158.6	11	2820
#C7C7C7	#EFDBD9	48159	11.4000000000015	2820
#C7C7C7	#EFDBD9	48159.4	11	2820
#C7C7C7	#EFDBD9	48159	10.5999999999985	2820
#C7C7C7	#EFDBD9	48158.6	11	2820
#D5D5D5	#F0DEDB	48159.1	11.5	2821
#D5D5D5	#F0DEDB	48159.5	11.9000000000015	2821
#D5D5D5	#F0DEDB	48159.9	11.5	2821
#D5D5D5	#F0DEDB	48159.5	11.0999999999985	2821
#D5D5D5	#F0DEDB	48159.1	11.5	2821
#DEDEDE	#F0DEDC	48159.6	12	2822
#DEDEDE	#F0DEDC	48160	12.4000000000015	2822
#DEDEDE	#F0DEDC	48160.4	12	2822
#DEDEDE	#F0DEDC	48160	11.5999999999985	2822
#DEDEDE	#F0DEDC	48159.6	12	2822
#F2F2F2	#F8EEED	48160.1	12.5	2823
#F2F2F2	#F8EEED	48160.5	12.9000000000015	2823
#F2F2F2	#F8EEED	48160.9	12.5	2823
#F2F2F2	#F8EEED	48160.5	12.0999999999985	2823
#F2F2F2	#F8EEED	48160.1	12.5	2823
#DCDCDC	#F1E0DD	48160.6	13	2824
#DCDCDC	#F1E0DD	48161	13.4000000000015	2824
#DCDCDC	#F1E0DD	48161.4	13	2824
#DCDCDC	#F1E0DD	48161	12.5999999999985	2824
#DCDCDC	#F1E0DD	48160.6	13	2824
#B3B3B3	#E7CAC6	48161.1	13.5	2825
#B3B3B3	#E7CAC6	48161.5	13.9000000000015	2825
#B3B3B3	#E7CAC6	48161.9	13.5	2825
#B3B3B3	#E7CAC6	48161.5	13.0999999999985	2825
#B3B3B3	#E7CAC6	48161.1	13.5	2825
#E7E7E7	#F2E2E0	48161.6	14	2826
#E7E7E7	#F2E2E0	48162	14.4000000000015	2826
#E7E7E7	#F2E2E0	48162.4	14	2826
#E7E7E7	#F2E2E0	48162	13.5999999999985	2826
#E7E7E7	#F2E2E0	48161.6	14	2826
#D2D2D2	#ECD5D2	48162.1	14.5	2827
#D2D2D2	#ECD5D2	48162.5	14.9000000000015	2827
#D2D2D2	#ECD5D2	48162.9	14.5	2827
#D2D2D2	#ECD5D2	48162.5	14.0999999999985	2827
#D2D2D2	#ECD5D2	48162.1	14.5	2827
#C9C9C9	#EAD0CD	48162.6	15	2828
#C9C9C9	#EAD0CD	48163	15.4000000000015	2828
#C9C9C9	#EAD0CD	48163.4	15	2828
#C9C9C9	#EAD0CD	48163	14.5999999999985	2828
#C9C9C9	#EAD0CD	48162.6	15	2828
#D4D4D4	#EAD0CD	48163.1	15.5	2829
#D4D4D4	#EAD0CD	48163.5	15.9000000000015	2829
#D4D4D4	#EAD0CD	48163.9	15.5	2829
#D4D4D4	#EAD0CD	48163.5	15.0999999999985	2829
#D4D4D4	#EAD0CD	48163.1	15.5	2829
#B8B8B8	#E0BCB7	48163.6	16	2830
#B8B8B8	#E0BCB7	48164	16.4000000000015	2830
#B8B8B8	#E0BCB7	48164.4	16	2830
#B8B8B8	#E0BCB7	48164	15.5999999999985	2830
#B8B8B8	#E0BCB7	48163.6	16	2830
#C3C3C3	#D4A5A0	48164.1	16.5	2831
#C3C3C3	#D4A5A0	48164.5	16.9000000000015	2831
#C3C3C3	#D4A5A0	48164.9	16.5	2831
#C3C3C3	#D4A5A0	48164.5	16.0999999999985	2831
#C3C3C3	#D4A5A0	48164.1	16.5	2831
#A4A4A4	#C38780	48164.6	17	2832
#A4A4A4	#C38780	48165	17.4000000000015	2832
#A4A4A4	#C38780	48165.4	17	2832
#A4A4A4	#C38780	48165	16.5999999999985	2832
#A4A4A4	#C38780	48164.6	17	2832
#E5E5E5	#DBB4AF	48165.1	17.5	2833
#E5E5E5	#DBB4AF	48165.5	17.9000000000015	2833
#E5E5E5	#DBB4AF	48165.9	17.5	2833
#E5E5E5	#DBB4AF	48165.5	17.0999999999985	2833
#E5E5E5	#DBB4AF	48165.1	17.5	2833
#E7E7E7	#CE9A94	48165.6	18	2834
#E7E7E7	#CE9A94	48166	18.4000000000015	2834
#E7E7E7	#CE9A94	48166.4	18	2834
#E7E7E7	#CE9A94	48166	17.5999999999985	2834
#E7E7E7	#CE9A94	48165.6	18	2834
#FBFBFB	#EFDBD8	48166.1	18.5	2835
#FBFBFB	#EFDBD8	48166.5	18.9000000000015	2835
#FBFBFB	#EFDBD8	48166.9	18.5	2835
#FBFBFB	#EFDBD8	48166.5	18.0999999999985	2835
#FBFBFB	#EFDBD8	48166.1	18.5	2835
#EFEFEF	#AA5F58	48166.6	19	2836
#EFEFEF	#AA5F58	48167	19.4000000000015	2836
#EFEFEF	#AA5F58	48167.4	19	2836
#EFEFEF	#AA5F58	48167	18.5999999999985	2836
#EFEFEF	#AA5F58	48166.6	19	2836
#F9F9F9	#E1BFBA	48167.1	19.5	2837
#F9F9F9	#E1BFBA	48167.5	19.9000000000015	2837
#F9F9F9	#E1BFBA	48167.9	19.5	2837
#F9F9F9	#E1BFBA	48167.5	19.0999999999985	2837
#F9F9F9	#E1BFBA	48167.1	19.5	2837
#E5E5E5	#97433E	48167.6	20	2838
#E5E5E5	#97433E	48168	20.4000000000015	2838
#E5E5E5	#97433E	48168.4	20	2838
#E5E5E5	#97433E	48168	19.5999999999985	2838
#E5E5E5	#97433E	48167.6	20	2838
#F7F7F7	#E3C2BE	48168.1	20.5	2839
#F7F7F7	#E3C2BE	48168.5	20.9000000000015	2839
#F7F7F7	#E3C2BE	48168.9	20.5	2839
#F7F7F7	#E3C2BE	48168.5	20.0999999999985	2839
#F7F7F7	#E3C2BE	48168.1	20.5	2839
#EAEAEA	#9D4C46	48168.6	21	2840
#EAEAEA	#9D4C46	48169	21.4000000000015	2840
#EAEAEA	#9D4C46	48169.4	21	2840
#EAEAEA	#9D4C46	48169	20.5999999999985	2840
#EAEAEA	#9D4C46	48168.6	21	2840
#F6F6F6	#DBB3AE	48169.1	21.5	2841
#F6F6F6	#DBB3AE	48169.5	21.9000000000015	2841
#F6F6F6	#DBB3AE	48169.9	21.5	2841
#F6F6F6	#DBB3AE	48169.5	21.0999999999985	2841
#F6F6F6	#DBB3AE	48169.1	21.5	2841
#F2F2F2	#D2A29C	48169.6	22	2842
#F2F2F2	#D2A29C	48170	22.4000000000015	2842
#F2F2F2	#D2A29C	48170.4	22	2842
#F2F2F2	#D2A29C	48170	21.5999999999985	2842
#F2F2F2	#D2A29C	48169.6	22	2842
#E9E9E9	#9D4B45	48170.1	22.5	2843
#E9E9E9	#9D4B45	48170.5	22.9000000000015	2843
#E9E9E9	#9D4B45	48170.9	22.5	2843
#E9E9E9	#9D4B45	48170.5	22.0999999999985	2843
#E9E9E9	#9D4B45	48170.1	22.5	2843
#F3F3F3	#B6726B	48170.6	23	2844
#F3F3F3	#B6726B	48171	23.4000000000015	2844
#F3F3F3	#B6726B	48171.4	23	2844
#F3F3F3	#B6726B	48171	22.5999999999985	2844
#F3F3F3	#B6726B	48170.6	23	2844
#E9E9E9	#9D4C46	48171.1	23.5	2845
#E9E9E9	#9D4C46	48171.5	23.9000000000015	2845
#E9E9E9	#9D4C46	48171.9	23.5	2845
#E9E9E9	#9D4C46	48171.5	23.0999999999985	2845
#E9E9E9	#9D4C46	48171.1	23.5	2845
#FEFEFE	#F6EAE8	48171.6	24	2846
#FEFEFE	#F6EAE8	48172	24.4000000000015	2846
#FEFEFE	#F6EAE8	48172.4	24	2846
#FEFEFE	#F6EAE8	48172	23.5999999999985	2846
#FEFEFE	#F6EAE8	48171.6	24	2846
#F6F6F6	#DBB2AD	48172.1	24.5	2847
#F6F6F6	#DBB2AD	48172.5	24.9000000000015	2847
#F6F6F6	#DBB2AD	48172.9	24.5	2847
#F6F6F6	#DBB2AD	48172.5	24.0999999999985	2847
#F6F6F6	#DBB2AD	48172.1	24.5	2847
#4C4C4C	#F0DDDB	48148.6	0	2848
#4C4C4C	#F0DDDB	48149	0.400000000001455	2848
#4C4C4C	#F0DDDB	48149.4	0	2848
#4C4C4C	#F0DDDB	48149	-0.400000000001455	2848
#4C4C4C	#F0DDDB	48148.6	0	2848
#8C8C8C	#F4E7E5	48149.1	0.5	2849
#8C8C8C	#F4E7E5	48149.5	0.900000000001455	2849
#8C8C8C	#F4E7E5	48149.9	0.5	2849
#8C8C8C	#F4E7E5	48149.5	0.0999999999985448	2849
#8C8C8C	#F4E7E5	48149.1	0.5	2849
#BEBEBE	#F7ECEA	48149.6	1	2850
#BEBEBE	#F7ECEA	48150	1.40000000000146	2850
#BEBEBE	#F7ECEA	48150.4	1	2850
#BEBEBE	#F7ECEA	48150	0.599999999998545	2850
#BEBEBE	#F7ECEA	48149.6	1	2850
#C1C1C1	#F7ECEB	48150.1	1.5	2851
#C1C1C1	#F7ECEB	48150.5	1.90000000000146	2851
#C1C1C1	#F7ECEB	48150.9	1.5	2851
#C1C1C1	#F7ECEB	48150.5	1.09999999999854	2851
#C1C1C1	#F7ECEB	48150.1	1.5	2851
#D2D2D2	#F8EFED	48150.6	2	2852
#D2D2D2	#F8EFED	48151	2.40000000000146	2852
#D2D2D2	#F8EFED	48151.4	2	2852
#D2D2D2	#F8EFED	48151	1.59999999999854	2852
#D2D2D2	#F8EFED	48150.6	2	2852
#A9A9A9	#F4E5E4	48151.1	2.5	2853
#A9A9A9	#F4E5E4	48151.5	2.90000000000146	2853
#A9A9A9	#F4E5E4	48151.9	2.5	2853
#A9A9A9	#F4E5E4	48151.5	2.09999999999854	2853
#A9A9A9	#F4E5E4	48151.1	2.5	2853
#BCBCBC	#F5E8E6	48151.6	3	2854
#BCBCBC	#F5E8E6	48152	3.40000000000146	2854
#BCBCBC	#F5E8E6	48152.4	3	2854
#BCBCBC	#F5E8E6	48152	2.59999999999855	2854
#BCBCBC	#F5E8E6	48151.6	3	2854
#F3F3F3	#FCF7F7	48152.1	3.5	2855
#F3F3F3	#FCF7F7	48152.5	3.90000000000146	2855
#F3F3F3	#FCF7F7	48152.9	3.5	2855
#F3F3F3	#FCF7F7	48152.5	3.09999999999855	2855
#F3F3F3	#FCF7F7	48152.1	3.5	2855
#F7F7F7	#FCF9F9	48152.6	4	2856
#F7F7F7	#FCF9F9	48153	4.40000000000146	2856
#F7F7F7	#FCF9F9	48153.4	4	2856
#F7F7F7	#FCF9F9	48153	3.59999999999855	2856
#F7F7F7	#FCF9F9	48152.6	4	2856
#FDFDFD	#FDFDFE	48153.1	4.5	2857
#FDFDFD	#FDFDFE	48153.5	4.90000000000146	2857
#FDFDFD	#FDFDFE	48153.9	4.5	2857
#FDFDFD	#FDFDFE	48153.5	4.09999999999855	2857
#FDFDFD	#FDFDFE	48153.1	4.5	2857
#DBDBDB	#F7EDEB	48153.6	5	2858
#DBDBDB	#F7EDEB	48154	5.40000000000146	2858
#DBDBDB	#F7EDEB	48154.4	5	2858
#DBDBDB	#F7EDEB	48154	4.59999999999855	2858
#DBDBDB	#F7EDEB	48153.6	5	2858
#DCDCDC	#F6EAE9	48154.1	5.5	2859
#DCDCDC	#F6EAE9	48154.5	5.90000000000146	2859
#DCDCDC	#F6EAE9	48154.9	5.5	2859
#DCDCDC	#F6EAE9	48154.5	5.09999999999855	2859
#DCDCDC	#F6EAE9	48154.1	5.5	2859
#DADADA	#F4E6E4	48154.6	6	2860
#DADADA	#F4E6E4	48155	6.40000000000146	2860
#DADADA	#F4E6E4	48155.4	6	2860
#DADADA	#F4E6E4	48155	5.59999999999855	2860
#DADADA	#F4E6E4	48154.6	6	2860
#BABABA	#ECD5D2	48155.1	6.5	2861
#BABABA	#ECD5D2	48155.5	6.90000000000146	2861
#BABABA	#ECD5D2	48155.9	6.5	2861
#BABABA	#ECD5D2	48155.5	6.09999999999855	2861
#BABABA	#ECD5D2	48155.1	6.5	2861
#E7E7E7	#F4E5E4	48155.6	7	2862
#E7E7E7	#F4E5E4	48156	7.40000000000146	2862
#E7E7E7	#F4E5E4	48156.4	7	2862
#E7E7E7	#F4E5E4	48156	6.59999999999855	2862
#E7E7E7	#F4E5E4	48155.6	7	2862
#F2F2F2	#F8EEED	48156.1	7.5	2863
#F2F2F2	#F8EEED	48156.5	7.90000000000146	2863
#F2F2F2	#F8EEED	48156.9	7.5	2863
#F2F2F2	#F8EEED	48156.5	7.09999999999855	2863
#F2F2F2	#F8EEED	48156.1	7.5	2863
#DADADA	#F1DFDC	48156.6	8	2864
#DADADA	#F1DFDC	48157	8.40000000000146	2864
#DADADA	#F1DFDC	48157.4	8	2864
#DADADA	#F1DFDC	48157	7.59999999999855	2864
#DADADA	#F1DFDC	48156.6	8	2864
#EAEAEA	#ECD5D2	48157.1	8.5	2865
#EAEAEA	#ECD5D2	48157.5	8.90000000000146	2865
#EAEAEA	#ECD5D2	48157.9	8.5	2865
#EAEAEA	#ECD5D2	48157.5	8.09999999999855	2865
#EAEAEA	#ECD5D2	48157.1	8.5	2865
#F1F1F1	#F7EEEC	48157.6	9	2866
#F1F1F1	#F7EEEC	48158	9.40000000000146	2866
#F1F1F1	#F7EEEC	48158.4	9	2866
#F1F1F1	#F7EEEC	48158	8.59999999999855	2866
#F1F1F1	#F7EEEC	48157.6	9	2866
#F1F1F1	#F8EFEE	48158.1	9.5	2867
#F1F1F1	#F8EFEE	48158.5	9.90000000000146	2867
#F1F1F1	#F8EFEE	48158.9	9.5	2867
#F1F1F1	#F8EFEE	48158.5	9.09999999999854	2867
#F1F1F1	#F8EFEE	48158.1	9.5	2867
#DCDCDC	#F4E6E4	48158.6	10	2868
#DCDCDC	#F4E6E4	48159	10.4000000000015	2868
#DCDCDC	#F4E6E4	48159.4	10	2868
#DCDCDC	#F4E6E4	48159	9.59999999999854	2868
#DCDCDC	#F4E6E4	48158.6	10	2868
#EDEDED	#F7EEEC	48159.1	10.5	2869
#EDEDED	#F7EEEC	48159.5	10.9000000000015	2869
#EDEDED	#F7EEEC	48159.9	10.5	2869
#EDEDED	#F7EEEC	48159.5	10.0999999999985	2869
#EDEDED	#F7EEEC	48159.1	10.5	2869
#C9C9C9	#ECD5D2	48159.6	11	2870
#C9C9C9	#ECD5D2	48160	11.4000000000015	2870
#C9C9C9	#ECD5D2	48160.4	11	2870
#C9C9C9	#ECD5D2	48160	10.5999999999985	2870
#C9C9C9	#ECD5D2	48159.6	11	2870
#F1F1F1	#F7ECEA	48160.1	11.5	2871
#F1F1F1	#F7ECEA	48160.5	11.9000000000015	2871
#F1F1F1	#F7ECEA	48160.9	11.5	2871
#F1F1F1	#F7ECEA	48160.5	11.0999999999985	2871
#F1F1F1	#F7ECEA	48160.1	11.5	2871
#E0E0E0	#EFDCDA	48160.6	12	2872
#E0E0E0	#EFDCDA	48161	12.4000000000015	2872
#E0E0E0	#EFDCDA	48161.4	12	2872
#E0E0E0	#EFDCDA	48161	11.5999999999985	2872
#E0E0E0	#EFDCDA	48160.6	12	2872
#E0E0E0	#F1DFDD	48161.1	12.5	2873
#E0E0E0	#F1DFDD	48161.5	12.9000000000015	2873
#E0E0E0	#F1DFDD	48161.9	12.5	2873
#E0E0E0	#F1DFDD	48161.5	12.0999999999985	2873
#E0E0E0	#F1DFDD	48161.1	12.5	2873
#CBCBCB	#EBD3D0	48161.6	13	2874
#CBCBCB	#EBD3D0	48162	13.4000000000015	2874
#CBCBCB	#EBD3D0	48162.4	13	2874
#CBCBCB	#EBD3D0	48162	12.5999999999985	2874
#CBCBCB	#EBD3D0	48161.6	13	2874
#F7F7F7	#F9F2F1	48162.1	13.5	2875
#F7F7F7	#F9F2F1	48162.5	13.9000000000015	2875
#F7F7F7	#F9F2F1	48162.9	13.5	2875
#F7F7F7	#F9F2F1	48162.5	13.0999999999985	2875
#F7F7F7	#F9F2F1	48162.1	13.5	2875
#ECECEC	#F3E5E3	48162.6	14	2876
#ECECEC	#F3E5E3	48163	14.4000000000015	2876
#ECECEC	#F3E5E3	48163.4	14	2876
#ECECEC	#F3E5E3	48163	13.5999999999985	2876
#ECECEC	#F3E5E3	48162.6	14	2876
#DFDFDF	#EFDBD8	48163.1	14.5	2877
#DFDFDF	#EFDBD8	48163.5	14.9000000000015	2877
#DFDFDF	#EFDBD8	48163.9	14.5	2877
#DFDFDF	#EFDBD8	48163.5	14.0999999999985	2877
#DFDFDF	#EFDBD8	48163.1	14.5	2877
#DBDBDB	#ECD6D3	48163.6	15	2878
#DBDBDB	#ECD6D3	48164	15.4000000000015	2878
#DBDBDB	#ECD6D3	48164.4	15	2878
#DBDBDB	#ECD6D3	48164	14.5999999999985	2878
#DBDBDB	#ECD6D3	48163.6	15	2878
#ECECEC	#EFDCD9	48164.1	15.5	2879
#ECECEC	#EFDCD9	48164.5	15.9000000000015	2879
#ECECEC	#EFDCD9	48164.9	15.5	2879
#ECECEC	#EFDCD9	48164.5	15.0999999999985	2879
#ECECEC	#EFDCD9	48164.1	15.5	2879
#E3E3E3	#E2C0BC	48164.6	16	2880
#E3E3E3	#E2C0BC	48165	16.4000000000015	2880
#E3E3E3	#E2C0BC	48165.4	16	2880
#E3E3E3	#E2C0BC	48165	15.5999999999985	2880
#E3E3E3	#E2C0BC	48164.6	16	2880
#C8C8C8	#D09F99	48165.1	16.5	2881
#C8C8C8	#D09F99	48165.5	16.9000000000015	2881
#C8C8C8	#D09F99	48165.9	16.5	2881
#C8C8C8	#D09F99	48165.5	16.0999999999985	2881
#C8C8C8	#D09F99	48165.1	16.5	2881
#EBEBEB	#E2C2BD	48165.6	17	2882
#EBEBEB	#E2C2BD	48166	17.4000000000015	2882
#EBEBEB	#E2C2BD	48166.4	17	2882
#EBEBEB	#E2C2BD	48166	16.5999999999985	2882
#EBEBEB	#E2C2BD	48165.6	17	2882
#FAFAFA	#E5C6C2	48166.1	17.5	2883
#FAFAFA	#E5C6C2	48166.5	17.9000000000015	2883
#FAFAFA	#E5C6C2	48166.9	17.5	2883
#FAFAFA	#E5C6C2	48166.5	17.0999999999985	2883
#FAFAFA	#E5C6C2	48166.1	17.5	2883
#DEDEDE	#8D3330	48166.6	18	2884
#DEDEDE	#8D3330	48167	18.4000000000015	2884
#DEDEDE	#8D3330	48167.4	18	2884
#DEDEDE	#8D3330	48167	17.5999999999985	2884
#DEDEDE	#8D3330	48166.6	18	2884
#F3F3F3	#B5716A	48167.1	18.5	2885
#F3F3F3	#B5716A	48167.5	18.9000000000015	2885
#F3F3F3	#B5716A	48167.9	18.5	2885
#F3F3F3	#B5716A	48167.5	18.0999999999985	2885
#F3F3F3	#B5716A	48167.1	18.5	2885
#F8F8F8	#CE9B95	48167.6	19	2886
#F8F8F8	#CE9B95	48168	19.4000000000015	2886
#F8F8F8	#CE9B95	48168.4	19	2886
#F8F8F8	#CE9B95	48168	18.5999999999985	2886
#F8F8F8	#CE9B95	48167.6	19	2886
#F1F1F1	#CF9D97	48168.1	19.5	2887
#F1F1F1	#CF9D97	48168.5	19.9000000000015	2887
#F1F1F1	#CF9D97	48168.9	19.5	2887
#F1F1F1	#CF9D97	48168.5	19.0999999999985	2887
#F1F1F1	#CF9D97	48168.1	19.5	2887
#E9E9E9	#9D4C46	48168.6	20	2888
#E9E9E9	#9D4C46	48169	20.4000000000015	2888
#E9E9E9	#9D4C46	48169.4	20	2888
#E9E9E9	#9D4C46	48169	19.5999999999985	2888
#E9E9E9	#9D4C46	48168.6	20	2888
#FEFEFE	#F2F0F8	48169.1	20.5	2889
#FEFEFE	#F2F0F8	48169.5	20.9000000000015	2889
#FEFEFE	#F2F0F8	48169.9	20.5	2889
#FEFEFE	#F2F0F8	48169.5	20.0999999999985	2889
#FEFEFE	#F2F0F8	48169.1	20.5	2889
#F2F2F2	#B6726B	48169.6	21	2890
#F2F2F2	#B6726B	48170	21.4000000000015	2890
#F2F2F2	#B6726B	48170.4	21	2890
#F2F2F2	#B6726B	48170	20.5999999999985	2890
#F2F2F2	#B6726B	48169.6	21	2890
#F3F3F3	#B6726A	48170.1	21.5	2891
#F3F3F3	#B6726A	48170.5	21.9000000000015	2891
#F3F3F3	#B6726A	48170.9	21.5	2891
#F3F3F3	#B6726A	48170.5	21.0999999999985	2891
#F3F3F3	#B6726A	48170.1	21.5	2891
#FAFAFA	#EBD4D0	48170.6	22	2892
#FAFAFA	#EBD4D0	48171	22.4000000000015	2892
#FAFAFA	#EBD4D0	48171.4	22	2892
#FAFAFA	#EBD4D0	48171	21.5999999999985	2892
#FAFAFA	#EBD4D0	48170.6	22	2892
#F5F5F5	#D7ACA6	48171.1	22.5	2893
#F5F5F5	#D7ACA6	48171.5	22.9000000000015	2893
#F5F5F5	#D7ACA6	48171.9	22.5	2893
#F5F5F5	#D7ACA6	48171.5	22.0999999999985	2893
#F5F5F5	#D7ACA6	48171.1	22.5	2893
#F5F5F5	#BA7972	48171.6	23	2894
#F5F5F5	#BA7972	48172	23.4000000000015	2894
#F5F5F5	#BA7972	48172.4	23	2894
#F5F5F5	#BA7972	48172	22.5999999999985	2894
#F5F5F5	#BA7972	48171.6	23	2894
#F8F8F8	#CE9B95	48172.1	23.5	2895
#F8F8F8	#CE9B95	48172.5	23.9000000000015	2895
#F8F8F8	#CE9B95	48172.9	23.5	2895
#F8F8F8	#CE9B95	48172.5	23.0999999999985	2895
#F8F8F8	#CE9B95	48172.1	23.5	2895
#F2F2F2	#B16B64	48172.6	24	2896
#F2F2F2	#B16B64	48173	24.4000000000015	2896
#F2F2F2	#B16B64	48173.4	24	2896
#F2F2F2	#B16B64	48173	23.5999999999985	2896
#F2F2F2	#B16B64	48172.6	24	2896
#FAFAFA	#ECD5D2	48173.1	24.5	2897
#FAFAFA	#ECD5D2	48173.5	24.9000000000015	2897
#FAFAFA	#ECD5D2	48173.9	24.5	2897
#FAFAFA	#ECD5D2	48173.5	24.0999999999985	2897
#FAFAFA	#ECD5D2	48173.1	24.5	2897
#262626	#EED8D5	48149.6	0	2898
#262626	#EED8D5	48150	0.400000000001455	2898
#262626	#EED8D5	48150.4	0	2898
#262626	#EED8D5	48150	-0.400000000001455	2898
#262626	#EED8D5	48149.6	0	2898
#A6A6A6	#F6EBEA	48150.1	0.5	2899
#A6A6A6	#F6EBEA	48150.5	0.900000000001455	2899
#A6A6A6	#F6EBEA	48150.9	0.5	2899
#A6A6A6	#F6EBEA	48150.5	0.0999999999985448	2899
#A6A6A6	#F6EBEA	48150.1	0.5	2899
#BDBDBD	#F8EEED	48150.6	1	2900
#BDBDBD	#F8EEED	48151	1.40000000000146	2900
#BDBDBD	#F8EEED	48151.4	1	2900
#BDBDBD	#F8EEED	48151	0.599999999998545	2900
#BDBDBD	#F8EEED	48150.6	1	2900
#B4B4B4	#F6EBEA	48151.1	1.5	2901
#B4B4B4	#F6EBEA	48151.5	1.90000000000146	2901
#B4B4B4	#F6EBEA	48151.9	1.5	2901
#B4B4B4	#F6EBEA	48151.5	1.09999999999854	2901
#B4B4B4	#F6EBEA	48151.1	1.5	2901
#626262	#EFDBD8	48151.6	2	2902
#626262	#EFDBD8	48152	2.40000000000146	2902
#626262	#EFDBD8	48152.4	2	2902
#626262	#EFDBD8	48152	1.59999999999854	2902
#626262	#EFDBD8	48151.6	2	2902
#B5B5B5	#F5E9E7	48152.1	2.5	2903
#B5B5B5	#F5E9E7	48152.5	2.90000000000146	2903
#B5B5B5	#F5E9E7	48152.9	2.5	2903
#B5B5B5	#F5E9E7	48152.5	2.09999999999854	2903
#B5B5B5	#F5E9E7	48152.1	2.5	2903
#EBEBEB	#FBF5F4	48152.6	3	2904
#EBEBEB	#FBF5F4	48153	3.40000000000146	2904
#EBEBEB	#FBF5F4	48153.4	3	2904
#EBEBEB	#FBF5F4	48153	2.59999999999855	2904
#EBEBEB	#FBF5F4	48152.6	3	2904
#FEFEFE	#FEFEFE	48153.1	3.5	2905
#FEFEFE	#FEFEFE	48153.5	3.90000000000146	2905
#FEFEFE	#FEFEFE	48153.9	3.5	2905
#FEFEFE	#FEFEFE	48153.5	3.09999999999855	2905
#FEFEFE	#FEFEFE	48153.1	3.5	2905
#E8E8E8	#F6F5FA	48153.6	4	2906
#E8E8E8	#F6F5FA	48154	4.40000000000146	2906
#E8E8E8	#F6F5FA	48154.4	4	2906
#E8E8E8	#F6F5FA	48154	3.59999999999855	2906
#E8E8E8	#F6F5FA	48153.6	4	2906
#D6D6D6	#F7EDEB	48154.1	4.5	2907
#D6D6D6	#F7EDEB	48154.5	4.90000000000146	2907
#D6D6D6	#F7EDEB	48154.9	4.5	2907
#D6D6D6	#F7EDEB	48154.5	4.09999999999855	2907
#D6D6D6	#F7EDEB	48154.1	4.5	2907
#ABABAB	#F0DEDB	48154.6	5	2908
#ABABAB	#F0DEDB	48155	5.40000000000146	2908
#ABABAB	#F0DEDB	48155.4	5	2908
#ABABAB	#F0DEDB	48155	4.59999999999855	2908
#ABABAB	#F0DEDB	48154.6	5	2908
#D8D8D8	#F5E8E7	48155.1	5.5	2909
#D8D8D8	#F5E8E7	48155.5	5.90000000000146	2909
#D8D8D8	#F5E8E7	48155.9	5.5	2909
#D8D8D8	#F5E8E7	48155.5	5.09999999999855	2909
#D8D8D8	#F5E8E7	48155.1	5.5	2909
#C7C7C7	#F1E0DE	48155.6	6	2910
#C7C7C7	#F1E0DE	48156	6.40000000000146	2910
#C7C7C7	#F1E0DE	48156.4	6	2910
#C7C7C7	#F1E0DE	48156	5.59999999999855	2910
#C7C7C7	#F1E0DE	48155.6	6	2910
#E4E4E4	#F5E9E7	48156.1	6.5	2911
#E4E4E4	#F5E9E7	48156.5	6.90000000000146	2911
#E4E4E4	#F5E9E7	48156.9	6.5	2911
#E4E4E4	#F5E9E7	48156.5	6.09999999999855	2911
#E4E4E4	#F5E9E7	48156.1	6.5	2911
#F6F6F6	#FAF4F3	48156.6	7	2912
#F6F6F6	#FAF4F3	48157	7.40000000000146	2912
#F6F6F6	#FAF4F3	48157.4	7	2912
#F6F6F6	#FAF4F3	48157	6.59999999999855	2912
#F6F6F6	#FAF4F3	48156.6	7	2912
#F5F5F5	#FAF4F3	48157.1	7.5	2913
#F5F5F5	#FAF4F3	48157.5	7.90000000000146	2913
#F5F5F5	#FAF4F3	48157.9	7.5	2913
#F5F5F5	#FAF4F3	48157.5	7.09999999999855	2913
#F5F5F5	#FAF4F3	48157.1	7.5	2913
#FDFDFD	#F9F8FC	48157.6	8	2914
#FDFDFD	#F9F8FC	48158	8.40000000000146	2914
#FDFDFD	#F9F8FC	48158.4	8	2914
#FDFDFD	#F9F8FC	48158	7.59999999999855	2914
#FDFDFD	#F9F8FC	48157.6	8	2914
#EAEAEA	#F7EDEC	48158.1	8.5	2915
#EAEAEA	#F7EDEC	48158.5	8.90000000000146	2915
#EAEAEA	#F7EDEC	48158.9	8.5	2915
#EAEAEA	#F7EDEC	48158.5	8.09999999999855	2915
#EAEAEA	#F7EDEC	48158.1	8.5	2915
#F0F0F0	#F8F0EF	48158.6	9	2916
#F0F0F0	#F8F0EF	48159	9.40000000000146	2916
#F0F0F0	#F8F0EF	48159.4	9	2916
#F0F0F0	#F8F0EF	48159	8.59999999999855	2916
#F0F0F0	#F8F0EF	48158.6	9	2916
#E6E6E6	#F7ECEB	48159.1	9.5	2917
#E6E6E6	#F7ECEB	48159.5	9.90000000000146	2917
#E6E6E6	#F7ECEB	48159.9	9.5	2917
#E6E6E6	#F7ECEB	48159.5	9.09999999999854	2917
#E6E6E6	#F7ECEB	48159.1	9.5	2917
#EAEAEA	#F7EDEC	48159.6	10	2918
#EAEAEA	#F7EDEC	48160	10.4000000000015	2918
#EAEAEA	#F7EDEC	48160.4	10	2918
#EAEAEA	#F7EDEC	48160	9.59999999999854	2918
#EAEAEA	#F7EDEC	48159.6	10	2918
#E8E8E8	#F5E9E7	48160.1	10.5	2919
#E8E8E8	#F5E9E7	48160.5	10.9000000000015	2919
#E8E8E8	#F5E9E7	48160.9	10.5	2919
#E8E8E8	#F5E9E7	48160.5	10.0999999999985	2919
#E8E8E8	#F5E9E7	48160.1	10.5	2919
#E7E7E7	#F3E4E2	48160.6	11	2920
#E7E7E7	#F3E4E2	48161	11.4000000000015	2920
#E7E7E7	#F3E4E2	48161.4	11	2920
#E7E7E7	#F3E4E2	48161	10.5999999999985	2920
#E7E7E7	#F3E4E2	48160.6	11	2920
#C7C7C7	#E9CFCB	48161.1	11.5	2921
#C7C7C7	#E9CFCB	48161.5	11.9000000000015	2921
#C7C7C7	#E9CFCB	48161.9	11.5	2921
#C7C7C7	#E9CFCB	48161.5	11.0999999999985	2921
#C7C7C7	#E9CFCB	48161.1	11.5	2921
#AEAEAE	#E8CCC8	48161.6	12	2922
#AEAEAE	#E8CCC8	48162	12.4000000000015	2922
#AEAEAE	#E8CCC8	48162.4	12	2922
#AEAEAE	#E8CCC8	48162	11.5999999999985	2922
#AEAEAE	#E8CCC8	48161.6	12	2922
#BEBEBE	#E9D0CC	48162.1	12.5	2923
#BEBEBE	#E9D0CC	48162.5	12.9000000000015	2923
#BEBEBE	#E9D0CC	48162.9	12.5	2923
#BEBEBE	#E9D0CC	48162.5	12.0999999999985	2923
#BEBEBE	#E9D0CC	48162.1	12.5	2923
#E3E3E3	#F2E2E0	48162.6	13	2924
#E3E3E3	#F2E2E0	48163	13.4000000000015	2924
#E3E3E3	#F2E2E0	48163.4	13	2924
#E3E3E3	#F2E2E0	48163	12.5999999999985	2924
#E3E3E3	#F2E2E0	48162.6	13	2924
#EDEDED	#F5E8E6	48163.1	13.5	2925
#EDEDED	#F5E8E6	48163.5	13.9000000000015	2925
#EDEDED	#F5E8E6	48163.9	13.5	2925
#EDEDED	#F5E8E6	48163.5	13.0999999999985	2925
#EDEDED	#F5E8E6	48163.1	13.5	2925
#D7D7D7	#ECD6D3	48163.6	14	2926
#D7D7D7	#ECD6D3	48164	14.4000000000015	2926
#D7D7D7	#ECD6D3	48164.4	14	2926
#D7D7D7	#ECD6D3	48164	13.5999999999985	2926
#D7D7D7	#ECD6D3	48163.6	14	2926
#DDDDDD	#EBD2CF	48164.1	14.5	2927
#DDDDDD	#EBD2CF	48164.5	14.9000000000015	2927
#DDDDDD	#EBD2CF	48164.9	14.5	2927
#DDDDDD	#EBD2CF	48164.5	14.0999999999985	2927
#DDDDDD	#EBD2CF	48164.1	14.5	2927
#E6E6E6	#ECD6D3	48164.6	15	2928
#E6E6E6	#ECD6D3	48165	15.4000000000015	2928
#E6E6E6	#ECD6D3	48165.4	15	2928
#E6E6E6	#ECD6D3	48165	14.5999999999985	2928
#E6E6E6	#ECD6D3	48164.6	15	2928
#F8F8F8	#F6EBE9	48165.1	15.5	2929
#F8F8F8	#F6EBE9	48165.5	15.9000000000015	2929
#F8F8F8	#F6EBE9	48165.9	15.5	2929
#F8F8F8	#F6EBE9	48165.5	15.0999999999985	2929
#F8F8F8	#F6EBE9	48165.1	15.5	2929
#E3E3E3	#E5C7C3	48165.6	16	2930
#E3E3E3	#E5C7C3	48166	16.4000000000015	2930
#E3E3E3	#E5C7C3	48166.4	16	2930
#E3E3E3	#E5C7C3	48166	15.5999999999985	2930
#E3E3E3	#E5C7C3	48165.6	16	2930
#EFEFEF	#E1BFBA	48166.1	16.5	2931
#EFEFEF	#E1BFBA	48166.5	16.9000000000015	2931
#EFEFEF	#E1BFBA	48166.9	16.5	2931
#EFEFEF	#E1BFBA	48166.5	16.0999999999985	2931
#EFEFEF	#E1BFBA	48166.1	16.5	2931
#F3F3F3	#DBB4AF	48166.6	17	2932
#F3F3F3	#DBB4AF	48167	17.4000000000015	2932
#F3F3F3	#DBB4AF	48167.4	17	2932
#F3F3F3	#DBB4AF	48167	16.5999999999985	2932
#F3F3F3	#DBB4AF	48166.6	17	2932
#FDFDFD	#F6EAE8	48167.1	17.5	2933
#FDFDFD	#F6EAE8	48167.5	17.9000000000015	2933
#FDFDFD	#F6EAE8	48167.9	17.5	2933
#FDFDFD	#F6EAE8	48167.5	17.0999999999985	2933
#FDFDFD	#F6EAE8	48167.1	17.5	2933
#FDFDFD	#F4F2F9	48167.6	18	2934
#FDFDFD	#F4F2F9	48168	18.4000000000015	2934
#FDFDFD	#F4F2F9	48168.4	18	2934
#FDFDFD	#F4F2F9	48168	17.5999999999985	2934
#FDFDFD	#F4F2F9	48167.6	18	2934
#FCFCFC	#ECD5D2	48168.1	18.5	2935
#FCFCFC	#ECD5D2	48168.5	18.9000000000015	2935
#FCFCFC	#ECD5D2	48168.9	18.5	2935
#FCFCFC	#ECD5D2	48168.5	18.0999999999985	2935
#FCFCFC	#ECD5D2	48168.1	18.5	2935
#FCFCFC	#ECD5D2	48168.6	19	2936
#FCFCFC	#ECD5D2	48169	19.4000000000015	2936
#FCFCFC	#ECD5D2	48169.4	19	2936
#FCFCFC	#ECD5D2	48169	18.5999999999985	2936
#FCFCFC	#ECD5D2	48168.6	19	2936
#F3F3F3	#B6726B	48169.1	19.5	2937
#F3F3F3	#B6726B	48169.5	19.9000000000015	2937
#F3F3F3	#B6726B	48169.9	19.5	2937
#F3F3F3	#B6726B	48169.5	19.0999999999985	2937
#F3F3F3	#B6726B	48169.1	19.5	2937
#FFFFFF	#FBFBFD	48169.6	20	2938
#FFFFFF	#FBFBFD	48170	20.4000000000015	2938
#FFFFFF	#FBFBFD	48170.4	20	2938
#FFFFFF	#FBFBFD	48170	19.5999999999985	2938
#FFFFFF	#FBFBFD	48169.6	20	2938
#FEFEFE	#F9F1F0	48170.1	20.5	2939
#FEFEFE	#F9F1F0	48170.5	20.9000000000015	2939
#FEFEFE	#F9F1F0	48170.9	20.5	2939
#FEFEFE	#F9F1F0	48170.5	20.0999999999985	2939
#FEFEFE	#F9F1F0	48170.1	20.5	2939
#FEFEFE	#F9F1F0	48170.6	21	2940
#FEFEFE	#F9F1F0	48171	21.4000000000015	2940
#FEFEFE	#F9F1F0	48171.4	21	2940
#FEFEFE	#F9F1F0	48171	20.5999999999985	2940
#FEFEFE	#F9F1F0	48170.6	21	2940
#F2F2F2	#B16B64	48171.1	21.5	2941
#F2F2F2	#B16B64	48171.5	21.9000000000015	2941
#F2F2F2	#B16B64	48171.9	21.5	2941
#F2F2F2	#B16B64	48171.5	21.0999999999985	2941
#F2F2F2	#B16B64	48171.1	21.5	2941
#FFFFFF	#FDF9F9	48171.6	22	2942
#FFFFFF	#FDF9F9	48172	22.4000000000015	2942
#FFFFFF	#FDF9F9	48172.4	22	2942
#FFFFFF	#FDF9F9	48172	21.5999999999985	2942
#FFFFFF	#FDF9F9	48171.6	22	2942
#FDFDFD	#E7E3F2	48172.1	22.5	2943
#FDFDFD	#E7E3F2	48172.5	22.9000000000015	2943
#FDFDFD	#E7E3F2	48172.9	22.5	2943
#FDFDFD	#E7E3F2	48172.5	22.0999999999985	2943
#FDFDFD	#E7E3F2	48172.1	22.5	2943
#FAFAFA	#D8ADA8	48172.6	23	2944
#FAFAFA	#D8ADA8	48173	23.4000000000015	2944
#FAFAFA	#D8ADA8	48173.4	23	2944
#FAFAFA	#D8ADA8	48173	22.5999999999985	2944
#FAFAFA	#D8ADA8	48172.6	23	2944
#FEFEFE	#F9F1F0	48173.1	23.5	2945
#FEFEFE	#F9F1F0	48173.5	23.9000000000015	2945
#FEFEFE	#F9F1F0	48173.9	23.5	2945
#FEFEFE	#F9F1F0	48173.5	23.0999999999985	2945
#FEFEFE	#F9F1F0	48173.1	23.5	2945
#F4F4F4	#BB7A73	48173.6	24	2946
#F4F4F4	#BB7A73	48174	24.4000000000015	2946
#F4F4F4	#BB7A73	48174.4	24	2946
#F4F4F4	#BB7A73	48174	23.5999999999985	2946
#F4F4F4	#BB7A73	48173.6	24	2946
#F2F2F2	#DCB4AF	48174.1	24.5	2947
#F2F2F2	#DCB4AF	48174.5	24.9000000000015	2947
#F2F2F2	#DCB4AF	48174.9	24.5	2947
#F2F2F2	#DCB4AF	48174.5	24.0999999999985	2947
#F2F2F2	#DCB4AF	48174.1	24.5	2947
#5D5D5D	#F2E3E1	48150.6	0	2948
#5D5D5D	#F2E3E1	48151	0.400000000001455	2948
#5D5D5D	#F2E3E1	48151.4	0	2948
#5D5D5D	#F2E3E1	48151	-0.400000000001455	2948
#5D5D5D	#F2E3E1	48150.6	0	2948
#C5C5C5	#F9F1F0	48151.1	0.5	2949
#C5C5C5	#F9F1F0	48151.5	0.900000000001455	2949
#C5C5C5	#F9F1F0	48151.9	0.5	2949
#C5C5C5	#F9F1F0	48151.5	0.0999999999985448	2949
#C5C5C5	#F9F1F0	48151.1	0.5	2949
#9A9A9A	#F5E8E6	48151.6	1	2950
#9A9A9A	#F5E8E6	48152	1.40000000000146	2950
#9A9A9A	#F5E8E6	48152.4	1	2950
#9A9A9A	#F5E8E6	48152	0.599999999998545	2950
#9A9A9A	#F5E8E6	48151.6	1	2950
#484848	#EED9D6	48152.1	1.5	2951
#484848	#EED9D6	48152.5	1.90000000000146	2951
#484848	#EED9D6	48152.9	1.5	2951
#484848	#EED9D6	48152.5	1.09999999999854	2951
#484848	#EED9D6	48152.1	1.5	2951
#BABABA	#F7ECEB	48152.6	2	2952
#BABABA	#F7ECEB	48153	2.40000000000146	2952
#BABABA	#F7ECEB	48153.4	2	2952
#BABABA	#F7ECEB	48153	1.59999999999854	2952
#BABABA	#F7ECEB	48152.6	2	2952
#F3F3F3	#FCF8F8	48153.1	2.5	2953
#F3F3F3	#FCF8F8	48153.5	2.90000000000146	2953
#F3F3F3	#FCF8F8	48153.9	2.5	2953
#F3F3F3	#FCF8F8	48153.5	2.09999999999854	2953
#F3F3F3	#FCF8F8	48153.1	2.5	2953
#F3F3F3	#FAF9FC	48153.6	3	2954
#F3F3F3	#FAF9FC	48154	3.40000000000146	2954
#F3F3F3	#FAF9FC	48154.4	3	2954
#F3F3F3	#FAF9FC	48154	2.59999999999855	2954
#F3F3F3	#FAF9FC	48153.6	3	2954
#E6E6E6	#F6F5FA	48154.1	3.5	2955
#E6E6E6	#F6F5FA	48154.5	3.90000000000146	2955
#E6E6E6	#F6F5FA	48154.9	3.5	2955
#E6E6E6	#F6F5FA	48154.5	3.09999999999855	2955
#E6E6E6	#F6F5FA	48154.1	3.5	2955
#CBCBCB	#F6EBEA	48154.6	4	2956
#CBCBCB	#F6EBEA	48155	4.40000000000146	2956
#CBCBCB	#F6EBEA	48155.4	4	2956
#CBCBCB	#F6EBEA	48155	3.59999999999855	2956
#CBCBCB	#F6EBEA	48154.6	4	2956
#A2A2A2	#F0DEDB	48155.1	4.5	2957
#A2A2A2	#F0DEDB	48155.5	4.90000000000146	2957
#A2A2A2	#F0DEDB	48155.9	4.5	2957
#A2A2A2	#F0DEDB	48155.5	4.09999999999855	2957
#A2A2A2	#F0DEDB	48155.1	4.5	2957
#D7D7D7	#F6E9E8	48155.6	5	2958
#D7D7D7	#F6E9E8	48156	5.40000000000146	2958
#D7D7D7	#F6E9E8	48156.4	5	2958
#D7D7D7	#F6E9E8	48156	4.59999999999855	2958
#D7D7D7	#F6E9E8	48155.6	5	2958
#B4B4B4	#F0DCDA	48156.1	5.5	2959
#B4B4B4	#F0DCDA	48156.5	5.90000000000146	2959
#B4B4B4	#F0DCDA	48156.9	5.5	2959
#B4B4B4	#F0DCDA	48156.5	5.09999999999855	2959
#B4B4B4	#F0DCDA	48156.1	5.5	2959
#E9E9E9	#F7EEEC	48156.6	6	2960
#E9E9E9	#F7EEEC	48157	6.40000000000146	2960
#E9E9E9	#F7EEEC	48157.4	6	2960
#E9E9E9	#F7EEEC	48157	5.59999999999855	2960
#E9E9E9	#F7EEEC	48156.6	6	2960
#E5E5E5	#F7ECEB	48157.1	6.5	2961
#E5E5E5	#F7ECEB	48157.5	6.90000000000146	2961
#E5E5E5	#F7ECEB	48157.9	6.5	2961
#E5E5E5	#F7ECEB	48157.5	6.09999999999855	2961
#E5E5E5	#F7ECEB	48157.1	6.5	2961
#ECECEC	#F8EEED	48157.6	7	2962
#ECECEC	#F8EEED	48158	7.40000000000146	2962
#ECECEC	#F8EEED	48158.4	7	2962
#ECECEC	#F8EEED	48158	6.59999999999855	2962
#ECECEC	#F8EEED	48157.6	7	2962
#FEFEFE	#FCFBFD	48158.1	7.5	2963
#FEFEFE	#FCFBFD	48158.5	7.90000000000146	2963
#FEFEFE	#FCFBFD	48158.9	7.5	2963
#FEFEFE	#FCFBFD	48158.5	7.09999999999855	2963
#FEFEFE	#FCFBFD	48158.1	7.5	2963
#F5F5F5	#FBF5F5	48158.6	8	2964
#F5F5F5	#FBF5F5	48159	8.40000000000146	2964
#F5F5F5	#FBF5F5	48159.4	8	2964
#F5F5F5	#FBF5F5	48159	7.59999999999855	2964
#F5F5F5	#FBF5F5	48158.6	8	2964
#F2F2F2	#FAF3F2	48159.1	8.5	2965
#F2F2F2	#FAF3F2	48159.5	8.90000000000146	2965
#F2F2F2	#FAF3F2	48159.9	8.5	2965
#F2F2F2	#FAF3F2	48159.5	8.09999999999855	2965
#F2F2F2	#FAF3F2	48159.1	8.5	2965
#E7E7E7	#F8EEED	48159.6	9	2966
#E7E7E7	#F8EEED	48160	9.40000000000146	2966
#E7E7E7	#F8EEED	48160.4	9	2966
#E7E7E7	#F8EEED	48160	8.59999999999855	2966
#E7E7E7	#F8EEED	48159.6	9	2966
#D0D0D0	#F2E3E0	48160.1	9.5	2967
#D0D0D0	#F2E3E0	48160.5	9.90000000000146	2967
#D0D0D0	#F2E3E0	48160.9	9.5	2967
#D0D0D0	#F2E3E0	48160.5	9.09999999999854	2967
#D0D0D0	#F2E3E0	48160.1	9.5	2967
#E0E0E0	#F4E6E4	48160.6	10	2968
#E0E0E0	#F4E6E4	48161	10.4000000000015	2968
#E0E0E0	#F4E6E4	48161.4	10	2968
#E0E0E0	#F4E6E4	48161	9.59999999999854	2968
#E0E0E0	#F4E6E4	48160.6	10	2968
#E3E3E3	#F3E5E3	48161.1	10.5	2969
#E3E3E3	#F3E5E3	48161.5	10.9000000000015	2969
#E3E3E3	#F3E5E3	48161.9	10.5	2969
#E3E3E3	#F3E5E3	48161.5	10.0999999999985	2969
#E3E3E3	#F3E5E3	48161.1	10.5	2969
#C2C2C2	#ECD4D1	48161.6	11	2970
#C2C2C2	#ECD4D1	48162	11.4000000000015	2970
#C2C2C2	#ECD4D1	48162.4	11	2970
#C2C2C2	#ECD4D1	48162	10.5999999999985	2970
#C2C2C2	#ECD4D1	48161.6	11	2970
#CCCCCC	#EED9D6	48162.1	11.5	2971
#CCCCCC	#EED9D6	48162.5	11.9000000000015	2971
#CCCCCC	#EED9D6	48162.9	11.5	2971
#CCCCCC	#EED9D6	48162.5	11.0999999999985	2971
#CCCCCC	#EED9D6	48162.1	11.5	2971
#B9B9B9	#EAD1CE	48162.6	12	2972
#B9B9B9	#EAD1CE	48163	12.4000000000015	2972
#B9B9B9	#EAD1CE	48163.4	12	2972
#B9B9B9	#EAD1CE	48163	11.5999999999985	2972
#B9B9B9	#EAD1CE	48162.6	12	2972
#EAEAEA	#F5E7E5	48163.1	12.5	2973
#EAEAEA	#F5E7E5	48163.5	12.9000000000015	2973
#EAEAEA	#F5E7E5	48163.9	12.5	2973
#EAEAEA	#F5E7E5	48163.5	12.0999999999985	2973
#EAEAEA	#F5E7E5	48163.1	12.5	2973
#D9D9D9	#EFDCD9	48163.6	13	2974
#D9D9D9	#EFDCD9	48164	13.4000000000015	2974
#D9D9D9	#EFDCD9	48164.4	13	2974
#D9D9D9	#EFDCD9	48164	12.5999999999985	2974
#D9D9D9	#EFDCD9	48163.6	13	2974
#CECECE	#ECD5D2	48164.1	13.5	2975
#CECECE	#ECD5D2	48164.5	13.9000000000015	2975
#CECECE	#ECD5D2	48164.9	13.5	2975
#CECECE	#ECD5D2	48164.5	13.0999999999985	2975
#CECECE	#ECD5D2	48164.1	13.5	2975
#D4D4D4	#EAD2CE	48164.6	14	2976
#D4D4D4	#EAD2CE	48165	14.4000000000015	2976
#D4D4D4	#EAD2CE	48165.4	14	2976
#D4D4D4	#EAD2CE	48165	13.5999999999985	2976
#D4D4D4	#EAD2CE	48164.6	14	2976
#E5E5E5	#EFDCDA	48165.1	14.5	2977
#E5E5E5	#EFDCDA	48165.5	14.9000000000015	2977
#E5E5E5	#EFDCDA	48165.9	14.5	2977
#E5E5E5	#EFDCDA	48165.5	14.0999999999985	2977
#E5E5E5	#EFDCDA	48165.1	14.5	2977
#CDCDCD	#DEB8B3	48165.6	15	2978
#CDCDCD	#DEB8B3	48166	15.4000000000015	2978
#CDCDCD	#DEB8B3	48166.4	15	2978
#CDCDCD	#DEB8B3	48166	14.5999999999985	2978
#CDCDCD	#DEB8B3	48165.6	15	2978
#EBEBEB	#EDD7D4	48166.1	15.5	2979
#EBEBEB	#EDD7D4	48166.5	15.9000000000015	2979
#EBEBEB	#EDD7D4	48166.9	15.5	2979
#EBEBEB	#EDD7D4	48166.5	15.0999999999985	2979
#EBEBEB	#EDD7D4	48166.1	15.5	2979
#F7F7F7	#F1DFDD	48166.6	16	2980
#F7F7F7	#F1DFDD	48167	16.4000000000015	2980
#F7F7F7	#F1DFDD	48167.4	16	2980
#F7F7F7	#F1DFDD	48167	15.5999999999985	2980
#F7F7F7	#F1DFDD	48166.6	16	2980
#F5F5F5	#E0BDB8	48167.1	16.5	2981
#F5F5F5	#E0BDB8	48167.5	16.9000000000015	2981
#F5F5F5	#E0BDB8	48167.9	16.5	2981
#F5F5F5	#E0BDB8	48167.5	16.0999999999985	2981
#F5F5F5	#E0BDB8	48167.1	16.5	2981
#E6E6E6	#97433E	48167.6	17	2982
#E6E6E6	#97433E	48168	17.4000000000015	2982
#E6E6E6	#97433E	48168.4	17	2982
#E6E6E6	#97433E	48168	16.5999999999985	2982
#E6E6E6	#97433E	48167.6	17	2982
#FCFCFC	#F2E3E1	48168.1	17.5	2983
#FCFCFC	#F2E3E1	48168.5	17.9000000000015	2983
#FCFCFC	#F2E3E1	48168.9	17.5	2983
#FCFCFC	#F2E3E1	48168.5	17.0999999999985	2983
#FCFCFC	#F2E3E1	48168.1	17.5	2983
#FBFBFB	#E3E0F0	48168.6	18	2984
#FBFBFB	#E3E0F0	48169	18.4000000000015	2984
#FBFBFB	#E3E0F0	48169.4	18	2984
#FBFBFB	#E3E0F0	48169	17.5999999999985	2984
#FBFBFB	#E3E0F0	48168.6	18	2984
#F8F8F8	#DEB9B4	48169.1	18.5	2985
#F8F8F8	#DEB9B4	48169.5	18.9000000000015	2985
#F8F8F8	#DEB9B4	48169.9	18.5	2985
#F8F8F8	#DEB9B4	48169.5	18.0999999999985	2985
#F8F8F8	#DEB9B4	48169.1	18.5	2985
#FDFDFD	#F5E9E8	48169.6	19	2986
#FDFDFD	#F5E9E8	48170	19.4000000000015	2986
#FDFDFD	#F5E9E8	48170.4	19	2986
#FDFDFD	#F5E9E8	48170	18.5999999999985	2986
#FDFDFD	#F5E9E8	48169.6	19	2986
#FCFCFC	#ECD6D3	48170.1	19.5	2987
#FCFCFC	#ECD6D3	48170.5	19.9000000000015	2987
#FCFCFC	#ECD6D3	48170.9	19.5	2987
#FCFCFC	#ECD6D3	48170.5	19.0999999999985	2987
#FCFCFC	#ECD6D3	48170.1	19.5	2987
#FFFFFF	#FFFFFF	48170.6	20	2988
#FFFFFF	#FFFFFF	48171	20.4000000000015	2988
#FFFFFF	#FFFFFF	48171.4	20	2988
#FFFFFF	#FFFFFF	48171	19.5999999999985	2988
#FFFFFF	#FFFFFF	48170.6	20	2988
#F9F9F9	#E1BFBB	48171.1	20.5	2989
#F9F9F9	#E1BFBB	48171.5	20.9000000000015	2989
#F9F9F9	#E1BFBB	48171.9	20.5	2989
#F9F9F9	#E1BFBB	48171.5	20.0999999999985	2989
#F9F9F9	#E1BFBB	48171.1	20.5	2989
#FEFEFE	#F3F1F8	48171.6	21	2990
#FEFEFE	#F3F1F8	48172	21.4000000000015	2990
#FEFEFE	#F3F1F8	48172.4	21	2990
#FEFEFE	#F3F1F8	48172	20.5999999999985	2990
#FEFEFE	#F3F1F8	48171.6	21	2990
#F2F2F2	#B16B63	48172.1	21.5	2991
#F2F2F2	#B16B63	48172.5	21.9000000000015	2991
#F2F2F2	#B16B63	48172.9	21.5	2991
#F2F2F2	#B16B63	48172.5	21.0999999999985	2991
#F2F2F2	#B16B63	48172.1	21.5	2991
#F8F8F8	#E1BEBA	48172.6	22	2992
#F8F8F8	#E1BEBA	48173	22.4000000000015	2992
#F8F8F8	#E1BEBA	48173.4	22	2992
#F8F8F8	#E1BEBA	48173	21.5999999999985	2992
#F8F8F8	#E1BEBA	48172.6	22	2992
#FFFFFF	#FBFBFD	48173.1	22.5	2993
#FFFFFF	#FBFBFD	48173.5	22.9000000000015	2993
#FFFFFF	#FBFBFD	48173.9	22.5	2993
#FFFFFF	#FBFBFD	48173.5	22.0999999999985	2993
#FFFFFF	#FBFBFD	48173.1	22.5	2993
#F3F3F3	#D5A7A2	48173.6	23	2994
#F3F3F3	#D5A7A2	48174	23.4000000000015	2994
#F3F3F3	#D5A7A2	48174.4	23	2994
#F3F3F3	#D5A7A2	48174	22.5999999999985	2994
#F3F3F3	#D5A7A2	48173.6	23	2994
#FEFEFE	#FCF7F7	48174.1	23.5	2995
#FEFEFE	#FCF7F7	48174.5	23.9000000000015	2995
#FEFEFE	#FCF7F7	48174.9	23.5	2995
#FEFEFE	#FCF7F7	48174.5	23.0999999999985	2995
#FEFEFE	#FCF7F7	48174.1	23.5	2995
#F2F2F2	#E1BEB9	48174.6	24	2996
#F2F2F2	#E1BEB9	48175	24.4000000000015	2996
#F2F2F2	#E1BEB9	48175.4	24	2996
#F2F2F2	#E1BEB9	48175	23.5999999999985	2996
#F2F2F2	#E1BEB9	48174.6	24	2996
#404040	#F0DDDA	48151.6	0	2997
#404040	#F0DDDA	48152	0.400000000001455	2997
#404040	#F0DDDA	48152.4	0	2997
#404040	#F0DDDA	48152	-0.400000000001455	2997
#404040	#F0DDDA	48151.6	0	2997
#5B5B5B	#F0DEDC	48152.1	0.5	2998
#5B5B5B	#F0DEDC	48152.5	0.900000000001455	2998
#5B5B5B	#F0DEDC	48152.9	0.5	2998
#5B5B5B	#F0DEDC	48152.5	0.0999999999985448	2998
#5B5B5B	#F0DEDC	48152.1	0.5	2998
#252525	#EBD2CF	48152.6	1	2999
#252525	#EBD2CF	48153	1.40000000000146	2999
#252525	#EBD2CF	48153.4	1	2999
#252525	#EBD2CF	48153	0.599999999998545	2999
#252525	#EBD2CF	48152.6	1	2999
#A7A7A7	#F5E8E6	48153.1	1.5	3000
#A7A7A7	#F5E8E6	48153.5	1.90000000000146	3000
#A7A7A7	#F5E8E6	48153.9	1.5	3000
#A7A7A7	#F5E8E6	48153.5	1.09999999999854	3000
#A7A7A7	#F5E8E6	48153.1	1.5	3000
#DFDFDF	#FAF3F2	48153.6	2	3001
#DFDFDF	#FAF3F2	48154	2.40000000000146	3001
#DFDFDF	#FAF3F2	48154.4	2	3001
#DFDFDF	#FAF3F2	48154	1.59999999999854	3001
#DFDFDF	#FAF3F2	48153.6	2	3001
#EBEBEB	#FBF6F5	48154.1	2.5	3002
#EBEBEB	#FBF6F5	48154.5	2.90000000000146	3002
#EBEBEB	#FBF6F5	48154.9	2.5	3002
#EBEBEB	#FBF6F5	48154.5	2.09999999999854	3002
#EBEBEB	#FBF6F5	48154.1	2.5	3002
#F6F6F6	#FDFAF9	48154.6	3	3003
#F6F6F6	#FDFAF9	48155	3.40000000000146	3003
#F6F6F6	#FDFAF9	48155.4	3	3003
#F6F6F6	#FDFAF9	48155	2.59999999999855	3003
#F6F6F6	#FDFAF9	48154.6	3	3003
#898989	#EFDCD9	48155.1	3.5	3004
#898989	#EFDCD9	48155.5	3.90000000000146	3004
#898989	#EFDCD9	48155.9	3.5	3004
#898989	#EFDCD9	48155.5	3.09999999999855	3004
#898989	#EFDCD9	48155.1	3.5	3004
#8B8B8B	#EDD7D5	48155.6	4	3005
#8B8B8B	#EDD7D5	48156	4.40000000000146	3005
#8B8B8B	#EDD7D5	48156.4	4	3005
#8B8B8B	#EDD7D5	48156	3.59999999999855	3005
#8B8B8B	#EDD7D5	48155.6	4	3005
#C5C5C5	#F3E4E1	48156.1	4.5	3006
#C5C5C5	#F3E4E1	48156.5	4.90000000000146	3006
#C5C5C5	#F3E4E1	48156.9	4.5	3006
#C5C5C5	#F3E4E1	48156.5	4.09999999999855	3006
#C5C5C5	#F3E4E1	48156.1	4.5	3006
#ABABAB	#EED9D6	48156.6	5	3007
#ABABAB	#EED9D6	48157	5.40000000000146	3007
#ABABAB	#EED9D6	48157.4	5	3007
#ABABAB	#EED9D6	48157	4.59999999999855	3007
#ABABAB	#EED9D6	48156.6	5	3007
#E2E2E2	#F5E8E7	48157.1	5.5	3008
#E2E2E2	#F5E8E7	48157.5	5.90000000000146	3008
#E2E2E2	#F5E8E7	48157.9	5.5	3008
#E2E2E2	#F5E8E7	48157.5	5.09999999999855	3008
#E2E2E2	#F5E8E7	48157.1	5.5	3008
#C9C9C9	#F2E1DF	48157.6	6	3009
#C9C9C9	#F2E1DF	48158	6.40000000000146	3009
#C9C9C9	#F2E1DF	48158.4	6	3009
#C9C9C9	#F2E1DF	48158	5.59999999999855	3009
#C9C9C9	#F2E1DF	48157.6	6	3009
#DFDFDF	#F5E7E6	48158.1	6.5	3010
#DFDFDF	#F5E7E6	48158.5	6.90000000000146	3010
#DFDFDF	#F5E7E6	48158.9	6.5	3010
#DFDFDF	#F5E7E6	48158.5	6.09999999999855	3010
#DFDFDF	#F5E7E6	48158.1	6.5	3010
#ECECEC	#F2E2E0	48158.6	7	3011
#ECECEC	#F2E2E0	48159	7.40000000000146	3011
#ECECEC	#F2E2E0	48159.4	7	3011
#ECECEC	#F2E2E0	48159	6.59999999999855	3011
#ECECEC	#F2E2E0	48158.6	7	3011
#D8D8D8	#F4E7E5	48159.1	7.5	3012
#D8D8D8	#F4E7E5	48159.5	7.90000000000146	3012
#D8D8D8	#F4E7E5	48159.9	7.5	3012
#D8D8D8	#F4E7E5	48159.5	7.09999999999855	3012
#D8D8D8	#F4E7E5	48159.1	7.5	3012
#F5F5F5	#FBF5F4	48159.6	8	3013
#F5F5F5	#FBF5F4	48160	8.40000000000146	3013
#F5F5F5	#FBF5F4	48160.4	8	3013
#F5F5F5	#FBF5F4	48160	7.59999999999855	3013
#F5F5F5	#FBF5F4	48159.6	8	3013
#C8C8C8	#F2E1DF	48160.1	8.5	3014
#C8C8C8	#F2E1DF	48160.5	8.90000000000146	3014
#C8C8C8	#F2E1DF	48160.9	8.5	3014
#C8C8C8	#F2E1DF	48160.5	8.09999999999855	3014
#C8C8C8	#F2E1DF	48160.1	8.5	3014
#BDBDBD	#EFDCD9	48160.6	9	3015
#BDBDBD	#EFDCD9	48161	9.40000000000146	3015
#BDBDBD	#EFDCD9	48161.4	9	3015
#BDBDBD	#EFDCD9	48161	8.59999999999855	3015
#BDBDBD	#EFDCD9	48160.6	9	3015
#A9A9A9	#E7CBC7	48161.1	9.5	3016
#A9A9A9	#E7CBC7	48161.5	9.90000000000146	3016
#A9A9A9	#E7CBC7	48161.9	9.5	3016
#A9A9A9	#E7CBC7	48161.5	9.09999999999854	3016
#A9A9A9	#E7CBC7	48161.1	9.5	3016
#DBDBDB	#F1E0DE	48161.6	10	3017
#DBDBDB	#F1E0DE	48162	10.4000000000015	3017
#DBDBDB	#F1E0DE	48162.4	10	3017
#DBDBDB	#F1E0DE	48162	9.59999999999854	3017
#DBDBDB	#F1E0DE	48161.6	10	3017
#D9D9D9	#F0DEDC	48162.1	10.5	3018
#D9D9D9	#F0DEDC	48162.5	10.9000000000015	3018
#D9D9D9	#F0DEDC	48162.9	10.5	3018
#D9D9D9	#F0DEDC	48162.5	10.0999999999985	3018
#D9D9D9	#F0DEDC	48162.1	10.5	3018
#D0D0D0	#F0DCDA	48162.6	11	3019
#D0D0D0	#F0DCDA	48163	11.4000000000015	3019
#D0D0D0	#F0DCDA	48163.4	11	3019
#D0D0D0	#F0DCDA	48163	10.5999999999985	3019
#D0D0D0	#F0DCDA	48162.6	11	3019
#ABABAB	#E5C6C2	48163.1	11.5	3020
#ABABAB	#E5C6C2	48163.5	11.9000000000015	3020
#ABABAB	#E5C6C2	48163.9	11.5	3020
#ABABAB	#E5C6C2	48163.5	11.0999999999985	3020
#ABABAB	#E5C6C2	48163.1	11.5	3020
#DDDDDD	#F1E0DE	48163.6	12	3021
#DDDDDD	#F1E0DE	48164	12.4000000000015	3021
#DDDDDD	#F1E0DE	48164.4	12	3021
#DDDDDD	#F1E0DE	48164	11.5999999999985	3021
#DDDDDD	#F1E0DE	48163.6	12	3021
#E2E2E2	#F2E1DF	48164.1	12.5	3022
#E2E2E2	#F2E1DF	48164.5	12.9000000000015	3022
#E2E2E2	#F2E1DF	48164.9	12.5	3022
#E2E2E2	#F2E1DF	48164.5	12.0999999999985	3022
#E2E2E2	#F2E1DF	48164.1	12.5	3022
#B8B8B8	#E6C9C5	48164.6	13	3023
#B8B8B8	#E6C9C5	48165	13.4000000000015	3023
#B8B8B8	#E6C9C5	48165.4	13	3023
#B8B8B8	#E6C9C5	48165	12.5999999999985	3023
#B8B8B8	#E6C9C5	48164.6	13	3023
#B9B9B9	#E3C2BE	48165.1	13.5	3024
#B9B9B9	#E3C2BE	48165.5	13.9000000000015	3024
#B9B9B9	#E3C2BE	48165.9	13.5	3024
#B9B9B9	#E3C2BE	48165.5	13.0999999999985	3024
#B9B9B9	#E3C2BE	48165.1	13.5	3024
#C4C4C4	#E4C5C1	48165.6	14	3025
#C4C4C4	#E4C5C1	48166	14.4000000000015	3025
#C4C4C4	#E4C5C1	48166.4	14	3025
#C4C4C4	#E4C5C1	48166	13.5999999999985	3025
#C4C4C4	#E4C5C1	48165.6	14	3025
#CDCDCD	#E1BFBA	48166.1	14.5	3026
#CDCDCD	#E1BFBA	48166.5	14.9000000000015	3026
#CDCDCD	#E1BFBA	48166.9	14.5	3026
#CDCDCD	#E1BFBA	48166.5	14.0999999999985	3026
#CDCDCD	#E1BFBA	48166.1	14.5	3026
#E2E2E2	#E7CAC6	48166.6	15	3027
#E2E2E2	#E7CAC6	48167	15.4000000000015	3027
#E2E2E2	#E7CAC6	48167.4	15	3027
#E2E2E2	#E7CAC6	48167	14.5999999999985	3027
#E2E2E2	#E7CAC6	48166.6	15	3027
#F8F8F8	#F3E5E3	48167.1	15.5	3028
#F8F8F8	#F3E5E3	48167.5	15.9000000000015	3028
#F8F8F8	#F3E5E3	48167.9	15.5	3028
#F8F8F8	#F3E5E3	48167.5	15.0999999999985	3028
#F8F8F8	#F3E5E3	48167.1	15.5	3028
#FDFDFD	#F9F2F1	48167.6	16	3029
#FDFDFD	#F9F2F1	48168	16.4000000000015	3029
#FDFDFD	#F9F2F1	48168.4	16	3029
#FDFDFD	#F9F2F1	48168	15.5999999999985	3029
#FDFDFD	#F9F2F1	48167.6	16	3029
#F5F5F5	#E1BEB9	48168.1	16.5	3030
#F5F5F5	#E1BEB9	48168.5	16.9000000000015	3030
#F5F5F5	#E1BEB9	48168.9	16.5	3030
#F5F5F5	#E1BEB9	48168.5	16.0999999999985	3030
#F5F5F5	#E1BEB9	48168.1	16.5	3030
#FEFEFE	#FCF9F8	48168.6	17	3031
#FEFEFE	#FCF9F8	48169	17.4000000000015	3031
#FEFEFE	#FCF9F8	48169.4	17	3031
#FEFEFE	#FCF9F8	48169	16.5999999999985	3031
#FEFEFE	#FCF9F8	48168.6	17	3031
#F7F7F7	#E8CDC9	48169.1	17.5	3032
#F7F7F7	#E8CDC9	48169.5	17.9000000000015	3032
#F7F7F7	#E8CDC9	48169.9	17.5	3032
#F7F7F7	#E8CDC9	48169.5	17.0999999999985	3032
#F7F7F7	#E8CDC9	48169.1	17.5	3032
#F8F8F8	#EAD1CD	48169.6	18	3033
#F8F8F8	#EAD1CD	48170	18.4000000000015	3033
#F8F8F8	#EAD1CD	48170.4	18	3033
#F8F8F8	#EAD1CD	48170	17.5999999999985	3033
#F8F8F8	#EAD1CD	48169.6	18	3033
#FEFEFE	#F9F1F0	48170.1	18.5	3034
#FEFEFE	#F9F1F0	48170.5	18.9000000000015	3034
#FEFEFE	#F9F1F0	48170.9	18.5	3034
#FEFEFE	#F9F1F0	48170.5	18.0999999999985	3034
#FEFEFE	#F9F1F0	48170.1	18.5	3034
#F1F1F1	#AD645D	48170.6	19	3035
#F1F1F1	#AD645D	48171	19.4000000000015	3035
#F1F1F1	#AD645D	48171.4	19	3035
#F1F1F1	#AD645D	48171	18.5999999999985	3035
#F1F1F1	#AD645D	48170.6	19	3035
#FDFDFD	#F5E8E6	48171.1	19.5	3036
#FDFDFD	#F5E8E6	48171.5	19.9000000000015	3036
#FDFDFD	#F5E8E6	48171.9	19.5	3036
#FDFDFD	#F5E8E6	48171.5	19.0999999999985	3036
#FDFDFD	#F5E8E6	48171.1	19.5	3036
#FDFDFD	#EFEDF6	48171.6	20	3037
#FDFDFD	#EFEDF6	48172	20.4000000000015	3037
#FDFDFD	#EFEDF6	48172.4	20	3037
#FDFDFD	#EFEDF6	48172	19.5999999999985	3037
#FDFDFD	#EFEDF6	48171.6	20	3037
#F6F6F6	#DBB3AE	48172.1	20.5	3038
#F6F6F6	#DBB3AE	48172.5	20.9000000000015	3038
#F6F6F6	#DBB3AE	48172.9	20.5	3038
#F6F6F6	#DBB3AE	48172.5	20.0999999999985	3038
#F6F6F6	#DBB3AE	48172.1	20.5	3038
#FDFDFD	#F5E9E7	48172.6	21	3039
#FDFDFD	#F5E9E7	48173	21.4000000000015	3039
#FDFDFD	#F5E9E7	48173.4	21	3039
#FDFDFD	#F5E9E7	48173	20.5999999999985	3039
#FDFDFD	#F5E9E7	48172.6	21	3039
#FAFAFA	#F0DCDA	48173.1	21.5	3040
#FAFAFA	#F0DCDA	48173.5	21.9000000000015	3040
#FAFAFA	#F0DCDA	48173.9	21.5	3040
#FAFAFA	#F0DCDA	48173.5	21.0999999999985	3040
#FAFAFA	#F0DCDA	48173.1	21.5	3040
#FCFCFC	#F2E2DF	48173.6	22	3041
#FCFCFC	#F2E2DF	48174	22.4000000000015	3041
#FCFCFC	#F2E2DF	48174.4	22	3041
#FCFCFC	#F2E2DF	48174	21.5999999999985	3041
#FCFCFC	#F2E2DF	48173.6	22	3041
#FFFFFF	#FCF8F7	48174.1	22.5	3042
#FFFFFF	#FCF8F7	48174.5	22.9000000000015	3042
#FFFFFF	#FCF8F7	48174.9	22.5	3042
#FFFFFF	#FCF8F7	48174.5	22.0999999999985	3042
#FFFFFF	#FCF8F7	48174.1	22.5	3042
#FBFBFB	#F0DEDB	48174.6	23	3043
#FBFBFB	#F0DEDB	48175	23.4000000000015	3043
#FBFBFB	#F0DEDB	48175.4	23	3043
#FBFBFB	#F0DEDB	48175	22.5999999999985	3043
#FBFBFB	#F0DEDB	48174.6	23	3043
#F2F2F2	#D2A29C	48175.1	23.5	3044
#F2F2F2	#D2A29C	48175.5	23.9000000000015	3044
#F2F2F2	#D2A29C	48175.9	23.5	3044
#F2F2F2	#D2A29C	48175.5	23.0999999999985	3044
#F2F2F2	#D2A29C	48175.1	23.5	3044
#393939	#EFDAD8	48152.6	0	3045
#393939	#EFDAD8	48153	0.400000000001455	3045
#393939	#EFDAD8	48153.4	0	3045
#393939	#EFDAD8	48153	-0.400000000001455	3045
#393939	#EFDAD8	48152.6	0	3045
#838383	#F4E5E3	48153.1	0.5	3046
#838383	#F4E5E3	48153.5	0.900000000001455	3046
#838383	#F4E5E3	48153.9	0.5	3046
#838383	#F4E5E3	48153.5	0.0999999999985448	3046
#838383	#F4E5E3	48153.1	0.5	3046
#D5D5D5	#F9F1F0	48153.6	1	3047
#D5D5D5	#F9F1F0	48154	1.40000000000146	3047
#D5D5D5	#F9F1F0	48154.4	1	3047
#D5D5D5	#F9F1F0	48154	0.599999999998545	3047
#D5D5D5	#F9F1F0	48153.6	1	3047
#FCFCFC	#FDFDFE	48154.1	1.5	3048
#FCFCFC	#FDFDFE	48154.5	1.90000000000146	3048
#FCFCFC	#FDFDFE	48154.9	1.5	3048
#FCFCFC	#FDFDFE	48154.5	1.09999999999854	3048
#FCFCFC	#FDFDFE	48154.1	1.5	3048
#F8F8F8	#FDFBFA	48154.6	2	3049
#F8F8F8	#FDFBFA	48155	2.40000000000146	3049
#F8F8F8	#FDFBFA	48155.4	2	3049
#F8F8F8	#FDFBFA	48155	1.59999999999854	3049
#F8F8F8	#FDFBFA	48154.6	2	3049
#F4F4F4	#FCF9F9	48155.1	2.5	3050
#F4F4F4	#FCF9F9	48155.5	2.90000000000146	3050
#F4F4F4	#FCF9F9	48155.9	2.5	3050
#F4F4F4	#FCF9F9	48155.5	2.09999999999854	3050
#F4F4F4	#FCF9F9	48155.1	2.5	3050
#9C9C9C	#F2E2E0	48155.6	3	3051
#9C9C9C	#F2E2E0	48156	3.40000000000146	3051
#9C9C9C	#F2E2E0	48156.4	3	3051
#9C9C9C	#F2E2E0	48156	2.59999999999855	3051
#9C9C9C	#F2E2E0	48155.6	3	3051
#919191	#EEDAD7	48156.1	3.5	3052
#919191	#EEDAD7	48156.5	3.90000000000146	3052
#919191	#EEDAD7	48156.9	3.5	3052
#919191	#EEDAD7	48156.5	3.09999999999855	3052
#919191	#EEDAD7	48156.1	3.5	3052
#C4C4C4	#F3E3E1	48156.6	4	3053
#C4C4C4	#F3E3E1	48157	4.40000000000146	3053
#C4C4C4	#F3E3E1	48157.4	4	3053
#C4C4C4	#F3E3E1	48157	3.59999999999855	3053
#C4C4C4	#F3E3E1	48156.6	4	3053
#C6C6C6	#F2E1DE	48157.1	4.5	3054
#C6C6C6	#F2E1DE	48157.5	4.90000000000146	3054
#C6C6C6	#F2E1DE	48157.9	4.5	3054
#C6C6C6	#F2E1DE	48157.5	4.09999999999855	3054
#C6C6C6	#F2E1DE	48157.1	4.5	3054
#D2D2D2	#F2E1DF	48157.6	5	3055
#D2D2D2	#F2E1DF	48158	5.40000000000146	3055
#D2D2D2	#F2E1DF	48158.4	5	3055
#D2D2D2	#F2E1DF	48158	4.59999999999855	3055
#D2D2D2	#F2E1DF	48157.6	5	3055
#C9C9C9	#F1E0DE	48158.1	5.5	3056
#C9C9C9	#F1E0DE	48158.5	5.90000000000146	3056
#C9C9C9	#F1E0DE	48158.9	5.5	3056
#C9C9C9	#F1E0DE	48158.5	5.09999999999855	3056
#C9C9C9	#F1E0DE	48158.1	5.5	3056
#C6C6C6	#F1DFDC	48158.6	6	3057
#C6C6C6	#F1DFDC	48159	6.40000000000146	3057
#C6C6C6	#F1DFDC	48159.4	6	3057
#C6C6C6	#F1DFDC	48159	5.59999999999855	3057
#C6C6C6	#F1DFDC	48158.6	6	3057
#FCFCFC	#FBF7F6	48159.1	6.5	3058
#FCFCFC	#FBF7F6	48159.5	6.90000000000146	3058
#FCFCFC	#FBF7F6	48159.9	6.5	3058
#FCFCFC	#FBF7F6	48159.5	6.09999999999855	3058
#FCFCFC	#FBF7F6	48159.1	6.5	3058
#F4F4F4	#FAF4F3	48159.6	7	3059
#F4F4F4	#FAF4F3	48160	7.40000000000146	3059
#F4F4F4	#FAF4F3	48160.4	7	3059
#F4F4F4	#FAF4F3	48160	6.59999999999855	3059
#F4F4F4	#FAF4F3	48159.6	7	3059
#FCFCFC	#FDFBFB	48160.1	7.5	3060
#FCFCFC	#FDFBFB	48160.5	7.90000000000146	3060
#FCFCFC	#FDFBFB	48160.9	7.5	3060
#FCFCFC	#FDFBFB	48160.5	7.09999999999855	3060
#FCFCFC	#FDFBFB	48160.1	7.5	3060
#E5E5E5	#F7EDEC	48160.6	8	3061
#E5E5E5	#F7EDEC	48161	8.40000000000146	3061
#E5E5E5	#F7EDEC	48161.4	8	3061
#E5E5E5	#F7EDEC	48161	7.59999999999855	3061
#E5E5E5	#F7EDEC	48160.6	8	3061
#E1E1E1	#F6EAE9	48161.1	8.5	3062
#E1E1E1	#F6EAE9	48161.5	8.90000000000146	3062
#E1E1E1	#F6EAE9	48161.9	8.5	3062
#E1E1E1	#F6EAE9	48161.5	8.09999999999855	3062
#E1E1E1	#F6EAE9	48161.1	8.5	3062
#D6D6D6	#F2E2E0	48161.6	9	3063
#D6D6D6	#F2E2E0	48162	9.40000000000146	3063
#D6D6D6	#F2E2E0	48162.4	9	3063
#D6D6D6	#F2E2E0	48162	8.59999999999855	3063
#D6D6D6	#F2E2E0	48161.6	9	3063
#E3E3E3	#F2E3E1	48162.1	9.5	3064
#E3E3E3	#F2E3E1	48162.5	9.90000000000146	3064
#E3E3E3	#F2E3E1	48162.9	9.5	3064
#E3E3E3	#F2E3E1	48162.5	9.09999999999854	3064
#E3E3E3	#F2E3E1	48162.1	9.5	3064
#DEDEDE	#F2E2DF	48162.6	10	3065
#DEDEDE	#F2E2DF	48163	10.4000000000015	3065
#DEDEDE	#F2E2DF	48163.4	10	3065
#DEDEDE	#F2E2DF	48163	9.59999999999854	3065
#DEDEDE	#F2E2DF	48162.6	10	3065
#CCCCCC	#EFDBD9	48163.1	10.5	3066
#CCCCCC	#EFDBD9	48163.5	10.9000000000015	3066
#CCCCCC	#EFDBD9	48163.9	10.5	3066
#CCCCCC	#EFDBD9	48163.5	10.0999999999985	3066
#CCCCCC	#EFDBD9	48163.1	10.5	3066
#E0E0E0	#F3E4E2	48163.6	11	3067
#E0E0E0	#F3E4E2	48164	11.4000000000015	3067
#E0E0E0	#F3E4E2	48164.4	11	3067
#E0E0E0	#F3E4E2	48164	10.5999999999985	3067
#E0E0E0	#F3E4E2	48163.6	11	3067
#E7E7E7	#F4E5E3	48164.1	11.5	3068
#E7E7E7	#F4E5E3	48164.5	11.9000000000015	3068
#E7E7E7	#F4E5E3	48164.9	11.5	3068
#E7E7E7	#F4E5E3	48164.5	11.0999999999985	3068
#E7E7E7	#F4E5E3	48164.1	11.5	3068
#F8F8F8	#FAF4F3	48164.6	12	3069
#F8F8F8	#FAF4F3	48165	12.4000000000015	3069
#F8F8F8	#FAF4F3	48165.4	12	3069
#F8F8F8	#FAF4F3	48165	11.5999999999985	3069
#F8F8F8	#FAF4F3	48164.6	12	3069
#C2C2C2	#E9CECB	48165.1	12.5	3070
#C2C2C2	#E9CECB	48165.5	12.9000000000015	3070
#C2C2C2	#E9CECB	48165.9	12.5	3070
#C2C2C2	#E9CECB	48165.5	12.0999999999985	3070
#C2C2C2	#E9CECB	48165.1	12.5	3070
#DFDFDF	#EFDCD9	48165.6	13	3071
#DFDFDF	#EFDCD9	48166	13.4000000000015	3071
#DFDFDF	#EFDCD9	48166.4	13	3071
#DFDFDF	#EFDCD9	48166	12.5999999999985	3071
#DFDFDF	#EFDCD9	48165.6	13	3071
#D5D5D5	#EAD1CE	48166.1	13.5	3072
#D5D5D5	#EAD1CE	48166.5	13.9000000000015	3072
#D5D5D5	#EAD1CE	48166.9	13.5	3072
#D5D5D5	#EAD1CE	48166.5	13.0999999999985	3072
#D5D5D5	#EAD1CE	48166.1	13.5	3072
#BDBDBD	#D5A8A3	48166.6	14	3073
#BDBDBD	#D5A8A3	48167	14.4000000000015	3073
#BDBDBD	#D5A8A3	48167.4	14	3073
#BDBDBD	#D5A8A3	48167	13.5999999999985	3073
#BDBDBD	#D5A8A3	48166.6	14	3073
#F1F1F1	#F1DFDC	48167.1	14.5	3074
#F1F1F1	#F1DFDC	48167.5	14.9000000000015	3074
#F1F1F1	#F1DFDC	48167.9	14.5	3074
#F1F1F1	#F1DFDC	48167.5	14.0999999999985	3074
#F1F1F1	#F1DFDC	48167.1	14.5	3074
#FDFDFD	#FAF2F1	48167.6	15	3075
#FDFDFD	#FAF2F1	48168	15.4000000000015	3075
#FDFDFD	#FAF2F1	48168.4	15	3075
#FDFDFD	#FAF2F1	48168	14.5999999999985	3075
#FDFDFD	#FAF2F1	48167.6	15	3075
#F3F3F3	#E3C2BD	48168.1	15.5	3076
#F3F3F3	#E3C2BD	48168.5	15.9000000000015	3076
#F3F3F3	#E3C2BD	48168.9	15.5	3076
#F3F3F3	#E3C2BD	48168.5	15.0999999999985	3076
#F3F3F3	#E3C2BD	48168.1	15.5	3076
#E4E4E4	#95403B	48168.6	16	3077
#E4E4E4	#95403B	48169	16.4000000000015	3077
#E4E4E4	#95403B	48169.4	16	3077
#E4E4E4	#95403B	48169	15.5999999999985	3077
#E4E4E4	#95403B	48168.6	16	3077
#FBFBFB	#E8CDC9	48169.1	16.5	3078
#FBFBFB	#E8CDC9	48169.5	16.9000000000015	3078
#FBFBFB	#E8CDC9	48169.9	16.5	3078
#FBFBFB	#E8CDC9	48169.5	16.0999999999985	3078
#FBFBFB	#E8CDC9	48169.1	16.5	3078
#FCFCFC	#F2E1DF	48169.6	17	3079
#FCFCFC	#F2E1DF	48170	17.4000000000015	3079
#FCFCFC	#F2E1DF	48170.4	17	3079
#FCFCFC	#F2E1DF	48170	16.5999999999985	3079
#FCFCFC	#F2E1DF	48169.6	17	3079
#FCFCFC	#ECD6D3	48170.1	17.5	3080
#FCFCFC	#ECD6D3	48170.5	17.9000000000015	3080
#FCFCFC	#ECD6D3	48170.9	17.5	3080
#FCFCFC	#ECD6D3	48170.5	17.0999999999985	3080
#FCFCFC	#ECD6D3	48170.1	17.5	3080
#EAEAEA	#A0504A	48170.6	18	3081
#EAEAEA	#A0504A	48171	18.4000000000015	3081
#EAEAEA	#A0504A	48171.4	18	3081
#EAEAEA	#A0504A	48171	17.5999999999985	3081
#EAEAEA	#A0504A	48170.6	18	3081
#FCFCFC	#E6C9C5	48171.1	18.5	3082
#FCFCFC	#E6C9C5	48171.5	18.9000000000015	3082
#FCFCFC	#E6C9C5	48171.9	18.5	3082
#FCFCFC	#E6C9C5	48171.5	18.0999999999985	3082
#FCFCFC	#E6C9C5	48171.1	18.5	3082
#FDFDFD	#F5E9E7	48171.6	19	3083
#FDFDFD	#F5E9E7	48172	19.4000000000015	3083
#FDFDFD	#F5E9E7	48172.4	19	3083
#FDFDFD	#F5E9E7	48172	18.5999999999985	3083
#FDFDFD	#F5E9E7	48171.6	19	3083
#FDFDFD	#F5E9E7	48172.1	19.5	3084
#FDFDFD	#F5E9E7	48172.5	19.9000000000015	3084
#FDFDFD	#F5E9E7	48172.9	19.5	3084
#FDFDFD	#F5E9E7	48172.5	19.0999999999985	3084
#FDFDFD	#F5E9E7	48172.1	19.5	3084
#EAEAEA	#A0504A	48172.6	20	3085
#EAEAEA	#A0504A	48173	20.4000000000015	3085
#EAEAEA	#A0504A	48173.4	20	3085
#EAEAEA	#A0504A	48173	19.5999999999985	3085
#EAEAEA	#A0504A	48172.6	20	3085
#FAFAFA	#E5C6C2	48173.1	20.5	3086
#FAFAFA	#E5C6C2	48173.5	20.9000000000015	3086
#FAFAFA	#E5C6C2	48173.9	20.5	3086
#FAFAFA	#E5C6C2	48173.5	20.0999999999985	3086
#FAFAFA	#E5C6C2	48173.1	20.5	3086
#FCFCFC	#ECD5D3	48173.6	21	3087
#FCFCFC	#ECD5D3	48174	21.4000000000015	3087
#FCFCFC	#ECD5D3	48174.4	21	3087
#FCFCFC	#ECD5D3	48174	20.5999999999985	3087
#FCFCFC	#ECD5D3	48173.6	21	3087
#F2F2F2	#B16B64	48174.1	21.5	3088
#F2F2F2	#B16B64	48174.5	21.9000000000015	3088
#F2F2F2	#B16B64	48174.9	21.5	3088
#F2F2F2	#B16B64	48174.5	21.0999999999985	3088
#F2F2F2	#B16B64	48174.1	21.5	3088
#FEFEFE	#F9F8FC	48174.6	22	3089
#FEFEFE	#F9F8FC	48175	22.4000000000015	3089
#FEFEFE	#F9F8FC	48175.4	22	3089
#FEFEFE	#F9F8FC	48175	21.5999999999985	3089
#FEFEFE	#F9F8FC	48174.6	22	3089
#FCFCFC	#ECD6D3	48175.1	22.5	3090
#FCFCFC	#ECD6D3	48175.5	22.9000000000015	3090
#FCFCFC	#ECD6D3	48175.9	22.5	3090
#FCFCFC	#ECD6D3	48175.5	22.0999999999985	3090
#FCFCFC	#ECD6D3	48175.1	22.5	3090
#F5F5F5	#E0BDB9	48175.6	23	3091
#F5F5F5	#E0BDB9	48176	23.4000000000015	3091
#F5F5F5	#E0BDB9	48176.4	23	3091
#F5F5F5	#E0BDB9	48176	22.5999999999985	3091
#F5F5F5	#E0BDB9	48175.6	23	3091
#494949	#F1DFDC	48153.6	0	3092
#494949	#F1DFDC	48154	0.400000000001455	3092
#494949	#F1DFDC	48154.4	0	3092
#494949	#F1DFDC	48154	-0.400000000001455	3092
#494949	#F1DFDC	48153.6	0	3092
#9C9C9C	#F6EBE9	48154.1	0.5	3093
#9C9C9C	#F6EBE9	48154.5	0.900000000001455	3093
#9C9C9C	#F6EBE9	48154.9	0.5	3093
#9C9C9C	#F6EBE9	48154.5	0.0999999999985448	3093
#9C9C9C	#F6EBE9	48154.1	0.5	3093
#EFEFEF	#FCF8F7	48154.6	1	3094
#EFEFEF	#FCF8F7	48155	1.40000000000146	3094
#EFEFEF	#FCF8F7	48155.4	1	3094
#EFEFEF	#FCF8F7	48155	0.599999999998545	3094
#EFEFEF	#FCF8F7	48154.6	1	3094
#D2D2D2	#F9F1F0	48155.1	1.5	3095
#D2D2D2	#F9F1F0	48155.5	1.90000000000146	3095
#D2D2D2	#F9F1F0	48155.9	1.5	3095
#D2D2D2	#F9F1F0	48155.5	1.09999999999854	3095
#D2D2D2	#F9F1F0	48155.1	1.5	3095
#838383	#F2E3E0	48155.6	2	3096
#838383	#F2E3E0	48156	2.40000000000146	3096
#838383	#F2E3E0	48156.4	2	3096
#838383	#F2E3E0	48156	1.59999999999854	3096
#838383	#F2E3E0	48155.6	2	3096
#575757	#EBD4D1	48156.1	2.5	3097
#575757	#EBD4D1	48156.5	2.90000000000146	3097
#575757	#EBD4D1	48156.9	2.5	3097
#575757	#EBD4D1	48156.5	2.09999999999854	3097
#575757	#EBD4D1	48156.1	2.5	3097
#767676	#ECD6D3	48156.6	3	3098
#767676	#ECD6D3	48157	3.40000000000146	3098
#767676	#ECD6D3	48157.4	3	3098
#767676	#ECD6D3	48157	2.59999999999855	3098
#767676	#ECD6D3	48156.6	3	3098
#AAAAAA	#F0DEDC	48157.1	3.5	3099
#AAAAAA	#F0DEDC	48157.5	3.90000000000146	3099
#AAAAAA	#F0DEDC	48157.9	3.5	3099
#AAAAAA	#F0DEDC	48157.5	3.09999999999855	3099
#AAAAAA	#F0DEDC	48157.1	3.5	3099
#858585	#EBD2CF	48157.6	4	3100
#858585	#EBD2CF	48158	4.40000000000146	3100
#858585	#EBD2CF	48158.4	4	3100
#858585	#EBD2CF	48158	3.59999999999855	3100
#858585	#EBD2CF	48157.6	4	3100
#BFBFBF	#F0DDDB	48158.1	4.5	3101
#BFBFBF	#F0DDDB	48158.5	4.90000000000146	3101
#BFBFBF	#F0DDDB	48158.9	4.5	3101
#BFBFBF	#F0DDDB	48158.5	4.09999999999855	3101
#BFBFBF	#F0DDDB	48158.1	4.5	3101
#9D9D9D	#EDD6D3	48158.6	5	3102
#9D9D9D	#EDD6D3	48159	5.40000000000146	3102
#9D9D9D	#EDD6D3	48159.4	5	3102
#9D9D9D	#EDD6D3	48159	4.59999999999855	3102
#9D9D9D	#EDD6D3	48158.6	5	3102
#BEBEBE	#F0DDDB	48159.1	5.5	3103
#BEBEBE	#F0DDDB	48159.5	5.90000000000146	3103
#BEBEBE	#F0DDDB	48159.9	5.5	3103
#BEBEBE	#F0DDDB	48159.5	5.09999999999855	3103
#BEBEBE	#F0DDDB	48159.1	5.5	3103
#ECECEC	#F4E6E5	48159.6	6	3104
#ECECEC	#F4E6E5	48160	6.40000000000146	3104
#ECECEC	#F4E6E5	48160.4	6	3104
#ECECEC	#F4E6E5	48160	5.59999999999855	3104
#ECECEC	#F4E6E5	48159.6	6	3104
#DFDFDF	#F7ECEA	48160.1	6.5	3105
#DFDFDF	#F7ECEA	48160.5	6.90000000000146	3105
#DFDFDF	#F7ECEA	48160.9	6.5	3105
#DFDFDF	#F7ECEA	48160.5	6.09999999999855	3105
#DFDFDF	#F7ECEA	48160.1	6.5	3105
#E9E9E9	#F8EEED	48160.6	7	3106
#E9E9E9	#F8EEED	48161	7.40000000000146	3106
#E9E9E9	#F8EEED	48161.4	7	3106
#E9E9E9	#F8EEED	48161	6.59999999999855	3106
#E9E9E9	#F8EEED	48160.6	7	3106
#D8D8D8	#F5E9E7	48161.1	7.5	3107
#D8D8D8	#F5E9E7	48161.5	7.90000000000146	3107
#D8D8D8	#F5E9E7	48161.9	7.5	3107
#D8D8D8	#F5E9E7	48161.5	7.09999999999855	3107
#D8D8D8	#F5E9E7	48161.1	7.5	3107
#F2F2F2	#FAF4F3	48161.6	8	3108
#F2F2F2	#FAF4F3	48162	8.40000000000146	3108
#F2F2F2	#FAF4F3	48162.4	8	3108
#F2F2F2	#FAF4F3	48162	7.59999999999855	3108
#F2F2F2	#FAF4F3	48161.6	8	3108
#D1D1D1	#F2E1DF	48162.1	8.5	3109
#D1D1D1	#F2E1DF	48162.5	8.90000000000146	3109
#D1D1D1	#F2E1DF	48162.9	8.5	3109
#D1D1D1	#F2E1DF	48162.5	8.09999999999855	3109
#D1D1D1	#F2E1DF	48162.1	8.5	3109
#B4B4B4	#EAD1CE	48162.6	9	3110
#B4B4B4	#EAD1CE	48163	9.40000000000146	3110
#B4B4B4	#EAD1CE	48163.4	9	3110
#B4B4B4	#EAD1CE	48163	8.59999999999855	3110
#B4B4B4	#EAD1CE	48162.6	9	3110
#CBCBCB	#EED8D6	48163.1	9.5	3111
#CBCBCB	#EED8D6	48163.5	9.90000000000146	3111
#CBCBCB	#EED8D6	48163.9	9.5	3111
#CBCBCB	#EED8D6	48163.5	9.09999999999854	3111
#CBCBCB	#EED8D6	48163.1	9.5	3111
#D4D4D4	#F1E0DD	48163.6	10	3112
#D4D4D4	#F1E0DD	48164	10.4000000000015	3112
#D4D4D4	#F1E0DD	48164.4	10	3112
#D4D4D4	#F1E0DD	48164	9.59999999999854	3112
#D4D4D4	#F1E0DD	48163.6	10	3112
#D8D8D8	#F1E0DD	48164.1	10.5	3113
#D8D8D8	#F1E0DD	48164.5	10.9000000000015	3113
#D8D8D8	#F1E0DD	48164.9	10.5	3113
#D8D8D8	#F1E0DD	48164.5	10.0999999999985	3113
#D8D8D8	#F1E0DD	48164.1	10.5	3113
#F6F6F6	#FAF2F1	48164.6	11	3114
#F6F6F6	#FAF2F1	48165	11.4000000000015	3114
#F6F6F6	#FAF2F1	48165.4	11	3114
#F6F6F6	#FAF2F1	48165	10.5999999999985	3114
#F6F6F6	#FAF2F1	48164.6	11	3114
#D9D9D9	#F0DDDB	48165.1	11.5	3115
#D9D9D9	#F0DDDB	48165.5	11.9000000000015	3115
#D9D9D9	#F0DDDB	48165.9	11.5	3115
#D9D9D9	#F0DDDB	48165.5	11.0999999999985	3115
#D9D9D9	#F0DDDB	48165.1	11.5	3115
#E5E5E5	#F3E5E3	48165.6	12	3116
#E5E5E5	#F3E5E3	48166	12.4000000000015	3116
#E5E5E5	#F3E5E3	48166.4	12	3116
#E5E5E5	#F3E5E3	48166	11.5999999999985	3116
#E5E5E5	#F3E5E3	48165.6	12	3116
#C9C9C9	#E9CFCB	48166.1	12.5	3117
#C9C9C9	#E9CFCB	48166.5	12.9000000000015	3117
#C9C9C9	#E9CFCB	48166.9	12.5	3117
#C9C9C9	#E9CFCB	48166.5	12.0999999999985	3117
#C9C9C9	#E9CFCB	48166.1	12.5	3117
#DCDCDC	#EED9D7	48166.6	13	3118
#DCDCDC	#EED9D7	48167	13.4000000000015	3118
#DCDCDC	#EED9D7	48167.4	13	3118
#DCDCDC	#EED9D7	48167	12.5999999999985	3118
#DCDCDC	#EED9D7	48166.6	13	3118
#DDDDDD	#E8CECA	48167.1	13.5	3119
#DDDDDD	#E8CECA	48167.5	13.9000000000015	3119
#DDDDDD	#E8CECA	48167.9	13.5	3119
#DDDDDD	#E8CECA	48167.5	13.0999999999985	3119
#DDDDDD	#E8CECA	48167.1	13.5	3119
#DEDEDE	#E7CAC7	48167.6	14	3120
#DEDEDE	#E7CAC7	48168	14.4000000000015	3120
#DEDEDE	#E7CAC7	48168.4	14	3120
#DEDEDE	#E7CAC7	48168	13.5999999999985	3120
#DEDEDE	#E7CAC7	48167.6	14	3120
#FAFAFA	#F4E6E5	48168.1	14.5	3121
#FAFAFA	#F4E6E5	48168.5	14.9000000000015	3121
#FAFAFA	#F4E6E5	48168.9	14.5	3121
#FAFAFA	#F4E6E5	48168.5	14.0999999999985	3121
#FAFAFA	#F4E6E5	48168.1	14.5	3121
#F5F5F5	#D7ACA7	48168.6	15	3122
#F5F5F5	#D7ACA7	48169	15.4000000000015	3122
#F5F5F5	#D7ACA7	48169.4	15	3122
#F5F5F5	#D7ACA7	48169	14.5999999999985	3122
#F5F5F5	#D7ACA7	48168.6	15	3122
#FAFAFA	#EDD8D5	48169.1	15.5	3123
#FAFAFA	#EDD8D5	48169.5	15.9000000000015	3123
#FAFAFA	#EDD8D5	48169.9	15.5	3123
#FAFAFA	#EDD8D5	48169.5	15.0999999999985	3123
#FAFAFA	#EDD8D5	48169.1	15.5	3123
#E9E9E9	#C38882	48169.6	16	3124
#E9E9E9	#C38882	48170	16.4000000000015	3124
#E9E9E9	#C38882	48170.4	16	3124
#E9E9E9	#C38882	48170	15.5999999999985	3124
#E9E9E9	#C38882	48169.6	16	3124
#F8F8F8	#E6C8C5	48170.1	16.5	3125
#F8F8F8	#E6C8C5	48170.5	16.9000000000015	3125
#F8F8F8	#E6C8C5	48170.9	16.5	3125
#F8F8F8	#E6C8C5	48170.5	16.0999999999985	3125
#F8F8F8	#E6C8C5	48170.1	16.5	3125
#F5F5F5	#E0BEB9	48170.6	17	3126
#F5F5F5	#E0BEB9	48171	17.4000000000015	3126
#F5F5F5	#E0BEB9	48171.4	17	3126
#F5F5F5	#E0BEB9	48171	16.5999999999985	3126
#F5F5F5	#E0BEB9	48170.6	17	3126
#FCFCFC	#E8E5F3	48171.1	17.5	3127
#FCFCFC	#E8E5F3	48171.5	17.9000000000015	3127
#FCFCFC	#E8E5F3	48171.9	17.5	3127
#FCFCFC	#E8E5F3	48171.5	17.0999999999985	3127
#FCFCFC	#E8E5F3	48171.1	17.5	3127
#F7F7F7	#DEB9B4	48171.6	18	3128
#F7F7F7	#DEB9B4	48172	18.4000000000015	3128
#F7F7F7	#DEB9B4	48172.4	18	3128
#F7F7F7	#DEB9B4	48172	17.5999999999985	3128
#F7F7F7	#DEB9B4	48171.6	18	3128
#FAFAFA	#E5C6C2	48172.1	18.5	3129
#FAFAFA	#E5C6C2	48172.5	18.9000000000015	3129
#FAFAFA	#E5C6C2	48172.9	18.5	3129
#FAFAFA	#E5C6C2	48172.5	18.0999999999985	3129
#FAFAFA	#E5C6C2	48172.1	18.5	3129
#F1F1F1	#AD645D	48172.6	19	3130
#F1F1F1	#AD645D	48173	19.4000000000015	3130
#F1F1F1	#AD645D	48173.4	19	3130
#F1F1F1	#AD645D	48173	18.5999999999985	3130
#F1F1F1	#AD645D	48172.6	19	3130
#EDEDED	#CA948E	48173.1	19.5	3131
#EDEDED	#CA948E	48173.5	19.9000000000015	3131
#EDEDED	#CA948E	48173.9	19.5	3131
#EDEDED	#CA948E	48173.5	19.0999999999985	3131
#EDEDED	#CA948E	48173.1	19.5	3131
#F1F1F1	#B16B64	48173.6	20	3132
#F1F1F1	#B16B64	48174	20.4000000000015	3132
#F1F1F1	#B16B64	48174.4	20	3132
#F1F1F1	#B16B64	48174	19.5999999999985	3132
#F1F1F1	#B16B64	48173.6	20	3132
#FDFDFD	#F3F1F8	48174.1	20.5	3133
#FDFDFD	#F3F1F8	48174.5	20.9000000000015	3133
#FDFDFD	#F3F1F8	48174.9	20.5	3133
#FDFDFD	#F3F1F8	48174.5	20.0999999999985	3133
#FDFDFD	#F3F1F8	48174.1	20.5	3133
#FBFBFB	#EFDAD8	48174.6	21	3134
#FBFBFB	#EFDAD8	48175	21.4000000000015	3134
#FBFBFB	#EFDAD8	48175.4	21	3134
#FBFBFB	#EFDAD8	48175	20.5999999999985	3134
#FBFBFB	#EFDAD8	48174.6	21	3134
#F6F6F6	#DBB2AD	48175.1	21.5	3135
#F6F6F6	#DBB2AD	48175.5	21.9000000000015	3135
#F6F6F6	#DBB2AD	48175.9	21.5	3135
#F6F6F6	#DBB2AD	48175.5	21.0999999999985	3135
#F6F6F6	#DBB2AD	48175.1	21.5	3135
#F5F5F5	#D8ACA7	48175.6	22	3136
#F5F5F5	#D8ACA7	48176	22.4000000000015	3136
#F5F5F5	#D8ACA7	48176.4	22	3136
#F5F5F5	#D8ACA7	48176	21.5999999999985	3136
#F5F5F5	#D8ACA7	48175.6	22	3136
#F1F1F1	#E2C1BD	48176.1	22.5	3137
#F1F1F1	#E2C1BD	48176.5	22.9000000000015	3137
#F1F1F1	#E2C1BD	48176.9	22.5	3137
#F1F1F1	#E2C1BD	48176.5	22.0999999999985	3137
#F1F1F1	#E2C1BD	48176.1	22.5	3137
#616161	#F3E4E2	48154.6	0	3138
#616161	#F3E4E2	48155	0.400000000001455	3138
#616161	#F3E4E2	48155.4	0	3138
#616161	#F3E4E2	48155	-0.400000000001455	3138
#616161	#F3E4E2	48154.6	0	3138
#A7A7A7	#F7EDEB	48155.1	0.5	3139
#A7A7A7	#F7EDEB	48155.5	0.900000000001455	3139
#A7A7A7	#F7EDEB	48155.9	0.5	3139
#A7A7A7	#F7EDEB	48155.5	0.0999999999985448	3139
#A7A7A7	#F7EDEB	48155.1	0.5	3139
#535353	#EFDBD9	48155.6	1	3140
#535353	#EFDBD9	48156	1.40000000000146	3140
#535353	#EFDBD9	48156.4	1	3140
#535353	#EFDBD9	48156	0.599999999998545	3140
#535353	#EFDBD9	48155.6	1	3140
#353535	#ECD5D2	48156.1	1.5	3141
#353535	#ECD5D2	48156.5	1.90000000000146	3141
#353535	#ECD5D2	48156.9	1.5	3141
#353535	#ECD5D2	48156.5	1.09999999999854	3141
#353535	#ECD5D2	48156.1	1.5	3141
#141414	#E4C5C1	48156.6	2	3142
#141414	#E4C5C1	48157	2.40000000000146	3142
#141414	#E4C5C1	48157.4	2	3142
#141414	#E4C5C1	48157	1.59999999999854	3142
#141414	#E4C5C1	48156.6	2	3142
#252525	#E3C3BE	48157.1	2.5	3143
#252525	#E3C3BE	48157.5	2.90000000000146	3143
#252525	#E3C3BE	48157.9	2.5	3143
#252525	#E3C3BE	48157.5	2.09999999999854	3143
#252525	#E3C3BE	48157.1	2.5	3143
#5F5F5F	#E9CECA	48157.6	3	3144
#5F5F5F	#E9CECA	48158	3.40000000000146	3144
#5F5F5F	#E9CECA	48158.4	3	3144
#5F5F5F	#E9CECA	48158	2.59999999999855	3144
#5F5F5F	#E9CECA	48157.6	3	3144
#5F5F5F	#E7CBC7	48158.1	3.5	3145
#5F5F5F	#E7CBC7	48158.5	3.90000000000146	3145
#5F5F5F	#E7CBC7	48158.9	3.5	3145
#5F5F5F	#E7CBC7	48158.5	3.09999999999855	3145
#5F5F5F	#E7CBC7	48158.1	3.5	3145
#858585	#EBD3D0	48158.6	4	3146
#858585	#EBD3D0	48159	4.40000000000146	3146
#858585	#EBD3D0	48159.4	4	3146
#858585	#EBD3D0	48159	3.59999999999855	3146
#858585	#EBD3D0	48158.6	4	3146
#9F9F9F	#EFDCDA	48159.1	4.5	3147
#9F9F9F	#EFDCDA	48159.5	4.90000000000146	3147
#9F9F9F	#EFDCDA	48159.9	4.5	3147
#9F9F9F	#EFDCDA	48159.5	4.09999999999855	3147
#9F9F9F	#EFDCDA	48159.1	4.5	3147
#B9B9B9	#F2E1DF	48159.6	5	3148
#B9B9B9	#F2E1DF	48160	5.40000000000146	3148
#B9B9B9	#F2E1DF	48160.4	5	3148
#B9B9B9	#F2E1DF	48160	4.59999999999855	3148
#B9B9B9	#F2E1DF	48159.6	5	3148
#E4E4E4	#F3E3E1	48160.1	5.5	3149
#E4E4E4	#F3E3E1	48160.5	5.90000000000146	3149
#E4E4E4	#F3E3E1	48160.9	5.5	3149
#E4E4E4	#F3E3E1	48160.5	5.09999999999855	3149
#E4E4E4	#F3E3E1	48160.1	5.5	3149
#BCBCBC	#F2E2E0	48160.6	6	3150
#BCBCBC	#F2E2E0	48161	6.40000000000146	3150
#BCBCBC	#F2E2E0	48161.4	6	3150
#BCBCBC	#F2E2E0	48161	5.59999999999855	3150
#BCBCBC	#F2E2E0	48160.6	6	3150
#D8D8D8	#F6EAE8	48161.1	6.5	3151
#D8D8D8	#F6EAE8	48161.5	6.90000000000146	3151
#D8D8D8	#F6EAE8	48161.9	6.5	3151
#D8D8D8	#F6EAE8	48161.5	6.09999999999855	3151
#D8D8D8	#F6EAE8	48161.1	6.5	3151
#B8B8B8	#F1E0DD	48161.6	7	3152
#B8B8B8	#F1E0DD	48162	7.40000000000146	3152
#B8B8B8	#F1E0DD	48162.4	7	3152
#B8B8B8	#F1E0DD	48162	6.59999999999855	3152
#B8B8B8	#F1E0DD	48161.6	7	3152
#BDBDBD	#F0DEDB	48162.1	7.5	3153
#BDBDBD	#F0DEDB	48162.5	7.90000000000146	3153
#BDBDBD	#F0DEDB	48162.9	7.5	3153
#BDBDBD	#F0DEDB	48162.5	7.09999999999855	3153
#BDBDBD	#F0DEDB	48162.1	7.5	3153
#AAAAAA	#EBD3D0	48162.6	8	3154
#AAAAAA	#EBD3D0	48163	8.40000000000146	3154
#AAAAAA	#EBD3D0	48163.4	8	3154
#AAAAAA	#EBD3D0	48163	7.59999999999855	3154
#AAAAAA	#EBD3D0	48162.6	8	3154
#A0A0A0	#E8CCC8	48163.1	8.5	3155
#A0A0A0	#E8CCC8	48163.5	8.90000000000146	3155
#A0A0A0	#E8CCC8	48163.9	8.5	3155
#A0A0A0	#E8CCC8	48163.5	8.09999999999855	3155
#A0A0A0	#E8CCC8	48163.1	8.5	3155
#9A9A9A	#E6C9C5	48163.6	9	3156
#9A9A9A	#E6C9C5	48164	9.40000000000146	3156
#9A9A9A	#E6C9C5	48164.4	9	3156
#9A9A9A	#E6C9C5	48164	8.59999999999855	3156
#9A9A9A	#E6C9C5	48163.6	9	3156
#B4B4B4	#EBD4D1	48164.1	9.5	3157
#B4B4B4	#EBD4D1	48164.5	9.90000000000146	3157
#B4B4B4	#EBD4D1	48164.9	9.5	3157
#B4B4B4	#EBD4D1	48164.5	9.09999999999854	3157
#B4B4B4	#EBD4D1	48164.1	9.5	3157
#D9D9D9	#F1E0DE	48164.6	10	3158
#D9D9D9	#F1E0DE	48165	10.4000000000015	3158
#D9D9D9	#F1E0DE	48165.4	10	3158
#D9D9D9	#F1E0DE	48165	9.59999999999854	3158
#D9D9D9	#F1E0DE	48164.6	10	3158
#D0D0D0	#EFDCD9	48165.1	10.5	3159
#D0D0D0	#EFDCD9	48165.5	10.9000000000015	3159
#D0D0D0	#EFDCD9	48165.9	10.5	3159
#D0D0D0	#EFDCD9	48165.5	10.0999999999985	3159
#D0D0D0	#EFDCD9	48165.1	10.5	3159
#C9C9C9	#ECD6D3	48165.6	11	3160
#C9C9C9	#ECD6D3	48166	11.4000000000015	3160
#C9C9C9	#ECD6D3	48166.4	11	3160
#C9C9C9	#ECD6D3	48166	10.5999999999985	3160
#C9C9C9	#ECD6D3	48165.6	11	3160
#BCBCBC	#E9CECB	48166.1	11.5	3161
#BCBCBC	#E9CECB	48166.5	11.9000000000015	3161
#BCBCBC	#E9CECB	48166.9	11.5	3161
#BCBCBC	#E9CECB	48166.5	11.0999999999985	3161
#BCBCBC	#E9CECB	48166.1	11.5	3161
#D2D2D2	#ECD5D2	48166.6	12	3162
#D2D2D2	#ECD5D2	48167	12.4000000000015	3162
#D2D2D2	#ECD5D2	48167.4	12	3162
#D2D2D2	#ECD5D2	48167	11.5999999999985	3162
#D2D2D2	#ECD5D2	48166.6	12	3162
#ADADAD	#DEB9B4	48167.1	12.5	3163
#ADADAD	#DEB9B4	48167.5	12.9000000000015	3163
#ADADAD	#DEB9B4	48167.9	12.5	3163
#ADADAD	#DEB9B4	48167.5	12.0999999999985	3163
#ADADAD	#DEB9B4	48167.1	12.5	3163
#DBDBDB	#ECD4D1	48167.6	13	3164
#DBDBDB	#ECD4D1	48168	13.4000000000015	3164
#DBDBDB	#ECD4D1	48168.4	13	3164
#DBDBDB	#ECD4D1	48168	12.5999999999985	3164
#DBDBDB	#ECD4D1	48167.6	13	3164
#DDDDDD	#EAD0CC	48168.1	13.5	3165
#DDDDDD	#EAD0CC	48168.5	13.9000000000015	3165
#DDDDDD	#EAD0CC	48168.9	13.5	3165
#DDDDDD	#EAD0CC	48168.5	13.0999999999985	3165
#DDDDDD	#EAD0CC	48168.1	13.5	3165
#E6E6E6	#E9CFCB	48168.6	14	3166
#E6E6E6	#E9CFCB	48169	14.4000000000015	3166
#E6E6E6	#E9CFCB	48169.4	14	3166
#E6E6E6	#E9CFCB	48169	13.5999999999985	3166
#E6E6E6	#E9CFCB	48168.6	14	3166
#DDDDDD	#D1A19B	48169.1	14.5	3167
#DDDDDD	#D1A19B	48169.5	14.9000000000015	3167
#DDDDDD	#D1A19B	48169.9	14.5	3167
#DDDDDD	#D1A19B	48169.5	14.0999999999985	3167
#DDDDDD	#D1A19B	48169.1	14.5	3167
#F2F2F2	#E3C2BE	48169.6	15	3168
#F2F2F2	#E3C2BE	48170	15.4000000000015	3168
#F2F2F2	#E3C2BE	48170.4	15	3168
#F2F2F2	#E3C2BE	48170	14.5999999999985	3168
#F2F2F2	#E3C2BE	48169.6	15	3168
#EBEBEB	#C38881	48170.1	15.5	3169
#EBEBEB	#C38881	48170.5	15.9000000000015	3169
#EBEBEB	#C38881	48170.9	15.5	3169
#EBEBEB	#C38881	48170.5	15.0999999999985	3169
#EBEBEB	#C38881	48170.1	15.5	3169
#F5F5F5	#E7CAC6	48170.6	16	3170
#F5F5F5	#E7CAC6	48171	16.4000000000015	3170
#F5F5F5	#E7CAC6	48171.4	16	3170
#F5F5F5	#E7CAC6	48171	15.5999999999985	3170
#F5F5F5	#E7CAC6	48170.6	16	3170
#F4F4F4	#E2C1BD	48171.1	16.5	3171
#F4F4F4	#E2C1BD	48171.5	16.9000000000015	3171
#F4F4F4	#E2C1BD	48171.9	16.5	3171
#F4F4F4	#E2C1BD	48171.5	16.0999999999985	3171
#F4F4F4	#E2C1BD	48171.1	16.5	3171
#F9F9F9	#EED8D6	48171.6	17	3172
#F9F9F9	#EED8D6	48172	17.4000000000015	3172
#F9F9F9	#EED8D6	48172.4	17	3172
#F9F9F9	#EED8D6	48172	16.5999999999985	3172
#F9F9F9	#EED8D6	48171.6	17	3172
#E7E7E7	#9A4742	48172.1	17.5	3173
#E7E7E7	#9A4742	48172.5	17.9000000000015	3173
#E7E7E7	#9A4742	48172.9	17.5	3173
#E7E7E7	#9A4742	48172.5	17.0999999999985	3173
#E7E7E7	#9A4742	48172.1	17.5	3173
#F8F8F8	#E8CCC9	48172.6	18	3174
#F8F8F8	#E8CCC9	48173	18.4000000000015	3174
#F8F8F8	#E8CCC9	48173.4	18	3174
#F8F8F8	#E8CCC9	48173	17.5999999999985	3174
#F8F8F8	#E8CCC9	48172.6	18	3174
#F2F2F2	#D2A29C	48173.1	18.5	3175
#F2F2F2	#D2A29C	48173.5	18.9000000000015	3175
#F2F2F2	#D2A29C	48173.9	18.5	3175
#F2F2F2	#D2A29C	48173.5	18.0999999999985	3175
#F2F2F2	#D2A29C	48173.1	18.5	3175
#E6E6E6	#C0827B	48173.6	19	3176
#E6E6E6	#C0827B	48174	19.4000000000015	3176
#E6E6E6	#C0827B	48174.4	19	3176
#E6E6E6	#C0827B	48174	18.5999999999985	3176
#E6E6E6	#C0827B	48173.6	19	3176
#EFEFEF	#DCB5B0	48174.1	19.5	3177
#EFEFEF	#DCB5B0	48174.5	19.9000000000015	3177
#EFEFEF	#DCB5B0	48174.9	19.5	3177
#EFEFEF	#DCB5B0	48174.5	19.0999999999985	3177
#EFEFEF	#DCB5B0	48174.1	19.5	3177
#EBEBEB	#D1A09A	48174.6	20	3178
#EBEBEB	#D1A09A	48175	20.4000000000015	3178
#EBEBEB	#D1A09A	48175.4	20	3178
#EBEBEB	#D1A09A	48175	19.5999999999985	3178
#EBEBEB	#D1A09A	48174.6	20	3178
#FEFEFE	#FCF7F7	48175.1	20.5	3179
#FEFEFE	#FCF7F7	48175.5	20.9000000000015	3179
#FEFEFE	#FCF7F7	48175.9	20.5	3179
#FEFEFE	#FCF7F7	48175.5	20.0999999999985	3179
#FEFEFE	#FCF7F7	48175.1	20.5	3179
#F7F7F7	#E3C2BE	48175.6	21	3180
#F7F7F7	#E3C2BE	48176	21.4000000000015	3180
#F7F7F7	#E3C2BE	48176.4	21	3180
#F7F7F7	#E3C2BE	48176	20.5999999999985	3180
#F7F7F7	#E3C2BE	48175.6	21	3180
#ECECEC	#C89089	48176.1	21.5	3181
#ECECEC	#C89089	48176.5	21.9000000000015	3181
#ECECEC	#C89089	48176.9	21.5	3181
#ECECEC	#C89089	48176.5	21.0999999999985	3181
#ECECEC	#C89089	48176.1	21.5	3181
#F5F5F5	#E4C5C1	48176.6	22	3182
#F5F5F5	#E4C5C1	48177	22.4000000000015	3182
#F5F5F5	#E4C5C1	48177.4	22	3182
#F5F5F5	#E4C5C1	48177	21.5999999999985	3182
#F5F5F5	#E4C5C1	48176.6	22	3182
#515151	#F1E0DE	48155.6	0	3183
#515151	#F1E0DE	48156	0.400000000001455	3183
#515151	#F1E0DE	48156.4	0	3183
#515151	#F1E0DE	48156	-0.400000000001455	3183
#515151	#F1E0DE	48155.6	0	3183
#747474	#F3E3E1	48156.1	0.5	3184
#747474	#F3E3E1	48156.5	0.900000000001455	3184
#747474	#F3E3E1	48156.9	0.5	3184
#747474	#F3E3E1	48156.5	0.0999999999985448	3184
#747474	#F3E3E1	48156.1	0.5	3184
#4E4E4E	#EFDBD8	48156.6	1	3185
#4E4E4E	#EFDBD8	48157	1.40000000000146	3185
#4E4E4E	#EFDBD8	48157.4	1	3185
#4E4E4E	#EFDBD8	48157	0.599999999998545	3185
#4E4E4E	#EFDBD8	48156.6	1	3185
#202020	#E7CAC7	48157.1	1.5	3186
#202020	#E7CAC7	48157.5	1.90000000000146	3186
#202020	#E7CAC7	48157.9	1.5	3186
#202020	#E7CAC7	48157.5	1.09999999999854	3186
#202020	#E7CAC7	48157.1	1.5	3186
#3E3E3E	#E6C9C5	48157.6	2	3187
#3E3E3E	#E6C9C5	48158	2.40000000000146	3187
#3E3E3E	#E6C9C5	48158.4	2	3187
#3E3E3E	#E6C9C5	48158	1.59999999999854	3187
#3E3E3E	#E6C9C5	48157.6	2	3187
#6C6C6C	#EAD0CD	48158.1	2.5	3188
#6C6C6C	#EAD0CD	48158.5	2.90000000000146	3188
#6C6C6C	#EAD0CD	48158.9	2.5	3188
#6C6C6C	#EAD0CD	48158.5	2.09999999999854	3188
#6C6C6C	#EAD0CD	48158.1	2.5	3188
#767676	#EAD1CD	48158.6	3	3189
#767676	#EAD1CD	48159	3.40000000000146	3189
#767676	#EAD1CD	48159.4	3	3189
#767676	#EAD1CD	48159	2.59999999999855	3189
#767676	#EAD1CD	48158.6	3	3189
#838383	#EAD2CF	48159.1	3.5	3190
#838383	#EAD2CF	48159.5	3.90000000000146	3190
#838383	#EAD2CF	48159.9	3.5	3190
#838383	#EAD2CF	48159.5	3.09999999999855	3190
#838383	#EAD2CF	48159.1	3.5	3190
#A3A3A3	#EFDBD9	48159.6	4	3191
#A3A3A3	#EFDBD9	48160	4.40000000000146	3191
#A3A3A3	#EFDBD9	48160.4	4	3191
#A3A3A3	#EFDBD9	48160	3.59999999999855	3191
#A3A3A3	#EFDBD9	48159.6	4	3191
#C1C1C1	#F2E3E1	48160.1	4.5	3192
#C1C1C1	#F2E3E1	48160.5	4.90000000000146	3192
#C1C1C1	#F2E3E1	48160.9	4.5	3192
#C1C1C1	#F2E3E1	48160.5	4.09999999999855	3192
#C1C1C1	#F2E3E1	48160.1	4.5	3192
#CFCFCF	#ECD5D2	48160.6	5	3193
#CFCFCF	#ECD5D2	48161	5.40000000000146	3193
#CFCFCF	#ECD5D2	48161.4	5	3193
#CFCFCF	#ECD5D2	48161	4.59999999999855	3193
#CFCFCF	#ECD5D2	48160.6	5	3193
#E8E8E8	#F9F0EF	48161.1	5.5	3194
#E8E8E8	#F9F0EF	48161.5	5.90000000000146	3194
#E8E8E8	#F9F0EF	48161.9	5.5	3194
#E8E8E8	#F9F0EF	48161.5	5.09999999999855	3194
#E8E8E8	#F9F0EF	48161.1	5.5	3194
#DEDEDE	#F7ECEB	48161.6	6	3195
#DEDEDE	#F7ECEB	48162	6.40000000000146	3195
#DEDEDE	#F7ECEB	48162.4	6	3195
#DEDEDE	#F7ECEB	48162	5.59999999999855	3195
#DEDEDE	#F7ECEB	48161.6	6	3195
#ABABAB	#F0DEDB	48162.1	6.5	3196
#ABABAB	#F0DEDB	48162.5	6.90000000000146	3196
#ABABAB	#F0DEDB	48162.9	6.5	3196
#ABABAB	#F0DEDB	48162.5	6.09999999999855	3196
#ABABAB	#F0DEDB	48162.1	6.5	3196
#E0E0E0	#F6EBEA	48162.6	7	3197
#E0E0E0	#F6EBEA	48163	7.40000000000146	3197
#E0E0E0	#F6EBEA	48163.4	7	3197
#E0E0E0	#F6EBEA	48163	6.59999999999855	3197
#E0E0E0	#F6EBEA	48162.6	7	3197
#CACACA	#F0DEDC	48163.1	7.5	3198
#CACACA	#F0DEDC	48163.5	7.90000000000146	3198
#CACACA	#F0DEDC	48163.9	7.5	3198
#CACACA	#F0DEDC	48163.5	7.09999999999855	3198
#CACACA	#F0DEDC	48163.1	7.5	3198
#B8B8B8	#EDD6D3	48163.6	8	3199
#B8B8B8	#EDD6D3	48164	8.40000000000146	3199
#B8B8B8	#EDD6D3	48164.4	8	3199
#B8B8B8	#EDD6D3	48164	7.59999999999855	3199
#B8B8B8	#EDD6D3	48163.6	8	3199
#B3B3B3	#EBD3D0	48164.1	8.5	3200
#B3B3B3	#EBD3D0	48164.5	8.90000000000146	3200
#B3B3B3	#EBD3D0	48164.9	8.5	3200
#B3B3B3	#EBD3D0	48164.5	8.09999999999855	3200
#B3B3B3	#EBD3D0	48164.1	8.5	3200
#BABABA	#EED9D6	48164.6	9	3201
#BABABA	#EED9D6	48165	9.40000000000146	3201
#BABABA	#EED9D6	48165.4	9	3201
#BABABA	#EED9D6	48165	8.59999999999855	3201
#BABABA	#EED9D6	48164.6	9	3201
#C4C4C4	#EED8D5	48165.1	9.5	3202
#C4C4C4	#EED8D5	48165.5	9.90000000000146	3202
#C4C4C4	#EED8D5	48165.9	9.5	3202
#C4C4C4	#EED8D5	48165.5	9.09999999999854	3202
#C4C4C4	#EED8D5	48165.1	9.5	3202
#C5C5C5	#EDD7D4	48165.6	10	3203
#C5C5C5	#EDD7D4	48166	10.4000000000015	3203
#C5C5C5	#EDD7D4	48166.4	10	3203
#C5C5C5	#EDD7D4	48166	9.59999999999854	3203
#C5C5C5	#EDD7D4	48165.6	10	3203
#DADADA	#F1E0DE	48166.1	10.5	3204
#DADADA	#F1E0DE	48166.5	10.9000000000015	3204
#DADADA	#F1E0DE	48166.9	10.5	3204
#DADADA	#F1E0DE	48166.5	10.0999999999985	3204
#DADADA	#F1E0DE	48166.1	10.5	3204
#E1E1E1	#F3E4E2	48166.6	11	3205
#E1E1E1	#F3E4E2	48167	11.4000000000015	3205
#E1E1E1	#F3E4E2	48167.4	11	3205
#E1E1E1	#F3E4E2	48167	10.5999999999985	3205
#E1E1E1	#F3E4E2	48166.6	11	3205
#C3C3C3	#E9CFCB	48167.1	11.5	3206
#C3C3C3	#E9CFCB	48167.5	11.9000000000015	3206
#C3C3C3	#E9CFCB	48167.9	11.5	3206
#C3C3C3	#E9CFCB	48167.5	11.0999999999985	3206
#C3C3C3	#E9CFCB	48167.1	11.5	3206
#E7E7E7	#F1E0DD	48167.6	12	3207
#E7E7E7	#F1E0DD	48168	12.4000000000015	3207
#E7E7E7	#F1E0DD	48168.4	12	3207
#E7E7E7	#F1E0DD	48168	11.5999999999985	3207
#E7E7E7	#F1E0DD	48167.6	12	3207
#D7D7D7	#E5C7C3	48168.1	12.5	3208
#D7D7D7	#E5C7C3	48168.5	12.9000000000015	3208
#D7D7D7	#E5C7C3	48168.9	12.5	3208
#D7D7D7	#E5C7C3	48168.5	12.0999999999985	3208
#D7D7D7	#E5C7C3	48168.1	12.5	3208
#EEEEEE	#F0DEDC	48168.6	13	3209
#EEEEEE	#F0DEDC	48169	13.4000000000015	3209
#EEEEEE	#F0DEDC	48169.4	13	3209
#EEEEEE	#F0DEDC	48169	12.5999999999985	3209
#EEEEEE	#F0DEDC	48168.6	13	3209
#E5E5E5	#DEB8B4	48169.1	13.5	3210
#E5E5E5	#DEB8B4	48169.5	13.9000000000015	3210
#E5E5E5	#DEB8B4	48169.9	13.5	3210
#E5E5E5	#DEB8B4	48169.5	13.0999999999985	3210
#E5E5E5	#DEB8B4	48169.1	13.5	3210
#F8F8F8	#F1DEDC	48169.6	14	3211
#F8F8F8	#F1DEDC	48170	14.4000000000015	3211
#F8F8F8	#F1DEDC	48170.4	14	3211
#F8F8F8	#F1DEDC	48170	13.5999999999985	3211
#F8F8F8	#F1DEDC	48169.6	14	3211
#E6E6E6	#BF817A	48170.1	14.5	3212
#E6E6E6	#BF817A	48170.5	14.9000000000015	3212
#E6E6E6	#BF817A	48170.9	14.5	3212
#E6E6E6	#BF817A	48170.5	14.0999999999985	3212
#E6E6E6	#BF817A	48170.1	14.5	3212
#F7F7F7	#E8CDCA	48170.6	15	3213
#F7F7F7	#E8CDCA	48171	15.4000000000015	3213
#F7F7F7	#E8CDCA	48171.4	15	3213
#F7F7F7	#E8CDCA	48171	14.5999999999985	3213
#F7F7F7	#E8CDCA	48170.6	15	3213
#FCFCFC	#F4E6E4	48171.1	15.5	3214
#FCFCFC	#F4E6E4	48171.5	15.9000000000015	3214
#FCFCFC	#F4E6E4	48171.9	15.5	3214
#FCFCFC	#F4E6E4	48171.5	15.0999999999985	3214
#FCFCFC	#F4E6E4	48171.1	15.5	3214
#F6F6F6	#DAB2AD	48171.6	16	3215
#F6F6F6	#DAB2AD	48172	16.4000000000015	3215
#F6F6F6	#DAB2AD	48172.4	16	3215
#F6F6F6	#DAB2AD	48172	15.5999999999985	3215
#F6F6F6	#DAB2AD	48171.6	16	3215
#EFEFEF	#AA5F58	48172.1	16.5	3216
#EFEFEF	#AA5F58	48172.5	16.9000000000015	3216
#EFEFEF	#AA5F58	48172.9	16.5	3216
#EFEFEF	#AA5F58	48172.5	16.0999999999985	3216
#EFEFEF	#AA5F58	48172.1	16.5	3216
#EAEAEA	#A0504A	48172.6	17	3217
#EAEAEA	#A0504A	48173	17.4000000000015	3217
#EAEAEA	#A0504A	48173.4	17	3217
#EAEAEA	#A0504A	48173	16.5999999999985	3217
#EAEAEA	#A0504A	48172.6	17	3217
#EDEDED	#A65A53	48173.1	17.5	3218
#EDEDED	#A65A53	48173.5	17.9000000000015	3218
#EDEDED	#A65A53	48173.9	17.5	3218
#EDEDED	#A65A53	48173.5	17.0999999999985	3218
#EDEDED	#A65A53	48173.1	17.5	3218
#FEFEFE	#FBFAFD	48173.6	18	3219
#FEFEFE	#FBFAFD	48174	18.4000000000015	3219
#FEFEFE	#FBFAFD	48174.4	18	3219
#FEFEFE	#FBFAFD	48174	17.5999999999985	3219
#FEFEFE	#FBFAFD	48173.6	18	3219
#F9F9F9	#EBD2CF	48174.1	18.5	3220
#F9F9F9	#EBD2CF	48174.5	18.9000000000015	3220
#F9F9F9	#EBD2CF	48174.9	18.5	3220
#F9F9F9	#EBD2CF	48174.5	18.0999999999985	3220
#F9F9F9	#EBD2CF	48174.1	18.5	3220
#FFFFFF	#FFFFFF	48174.6	19	3221
#FFFFFF	#FFFFFF	48175	19.4000000000015	3221
#FFFFFF	#FFFFFF	48175.4	19	3221
#FFFFFF	#FFFFFF	48175	18.5999999999985	3221
#FFFFFF	#FFFFFF	48174.6	19	3221
#FCFCFC	#F3E3E1	48175.1	19.5	3222
#FCFCFC	#F3E3E1	48175.5	19.9000000000015	3222
#FCFCFC	#F3E3E1	48175.9	19.5	3222
#FCFCFC	#F3E3E1	48175.5	19.0999999999985	3222
#FCFCFC	#F3E3E1	48175.1	19.5	3222
#F5F5F5	#D8ADA7	48175.6	20	3223
#F5F5F5	#D8ADA7	48176	20.4000000000015	3223
#F5F5F5	#D8ADA7	48176.4	20	3223
#F5F5F5	#D8ADA7	48176	19.5999999999985	3223
#F5F5F5	#D8ADA7	48175.6	20	3223
#FAFAFA	#E5C6C2	48176.1	20.5	3224
#FAFAFA	#E5C6C2	48176.5	20.9000000000015	3224
#FAFAFA	#E5C6C2	48176.9	20.5	3224
#FAFAFA	#E5C6C2	48176.5	20.0999999999985	3224
#FAFAFA	#E5C6C2	48176.1	20.5	3224
#E8E8E8	#9D4C46	48176.6	21	3225
#E8E8E8	#9D4C46	48177	21.4000000000015	3225
#E8E8E8	#9D4C46	48177.4	21	3225
#E8E8E8	#9D4C46	48177	20.5999999999985	3225
#E8E8E8	#9D4C46	48176.6	21	3225
#E2E2E2	#933C38	48177.1	21.5	3226
#E2E2E2	#933C38	48177.5	21.9000000000015	3226
#E2E2E2	#933C38	48177.9	21.5	3226
#E2E2E2	#933C38	48177.5	21.0999999999985	3226
#E2E2E2	#933C38	48177.1	21.5	3226
#4A4A4A	#F1DFDD	48156.6	0	3227
#4A4A4A	#F1DFDD	48157	0.400000000001455	3227
#4A4A4A	#F1DFDD	48157.4	0	3227
#4A4A4A	#F1DFDD	48157	-0.400000000001455	3227
#4A4A4A	#F1DFDD	48156.6	0	3227
#868686	#F5E8E6	48157.1	0.5	3228
#868686	#F5E8E6	48157.5	0.900000000001455	3228
#868686	#F5E8E6	48157.9	0.5	3228
#868686	#F5E8E6	48157.5	0.0999999999985448	3228
#868686	#F5E8E6	48157.1	0.5	3228
#3F3F3F	#ECD5D2	48157.6	1	3229
#3F3F3F	#ECD5D2	48158	1.40000000000146	3229
#3F3F3F	#ECD5D2	48158.4	1	3229
#3F3F3F	#ECD5D2	48158	0.599999999998545	3229
#3F3F3F	#ECD5D2	48157.6	1	3229
#474747	#EAD0CD	48158.1	1.5	3230
#474747	#EAD0CD	48158.5	1.90000000000146	3230
#474747	#EAD0CD	48158.9	1.5	3230
#474747	#EAD0CD	48158.5	1.09999999999854	3230
#474747	#EAD0CD	48158.1	1.5	3230
#A4A4A4	#F2E2E0	48158.6	2	3231
#A4A4A4	#F2E2E0	48159	2.40000000000146	3231
#A4A4A4	#F2E2E0	48159.4	2	3231
#A4A4A4	#F2E2E0	48159	1.59999999999854	3231
#A4A4A4	#F2E2E0	48158.6	2	3231
#717171	#EBD3D0	48159.1	2.5	3232
#717171	#EBD3D0	48159.5	2.90000000000146	3232
#717171	#EBD3D0	48159.9	2.5	3232
#717171	#EBD3D0	48159.5	2.09999999999854	3232
#717171	#EBD3D0	48159.1	2.5	3232
#B9B9B9	#F2E1DF	48159.6	3	3233
#B9B9B9	#F2E1DF	48160	3.40000000000146	3233
#B9B9B9	#F2E1DF	48160.4	3	3233
#B9B9B9	#F2E1DF	48160	2.59999999999855	3233
#B9B9B9	#F2E1DF	48159.6	3	3233
#AEAEAE	#F1E0DD	48160.1	3.5	3234
#AEAEAE	#F1E0DD	48160.5	3.90000000000146	3234
#AEAEAE	#F1E0DD	48160.9	3.5	3234
#AEAEAE	#F1E0DD	48160.5	3.09999999999855	3234
#AEAEAE	#F1E0DD	48160.1	3.5	3234
#D8D8D8	#F6EBE9	48160.6	4	3235
#D8D8D8	#F6EBE9	48161	4.40000000000146	3235
#D8D8D8	#F6EBE9	48161.4	4	3235
#D8D8D8	#F6EBE9	48161	3.59999999999855	3235
#D8D8D8	#F6EBE9	48160.6	4	3235
#EEEEEE	#F6EAE8	48161.1	4.5	3236
#EEEEEE	#F6EAE8	48161.5	4.90000000000146	3236
#EEEEEE	#F6EAE8	48161.9	4.5	3236
#EEEEEE	#F6EAE8	48161.5	4.09999999999855	3236
#EEEEEE	#F6EAE8	48161.1	4.5	3236
#E7E7E7	#F9F1F0	48161.6	5	3237
#E7E7E7	#F9F1F0	48162	5.40000000000146	3237
#E7E7E7	#F9F1F0	48162.4	5	3237
#E7E7E7	#F9F1F0	48162	4.59999999999855	3237
#E7E7E7	#F9F1F0	48161.6	5	3237
#EAEAEA	#F9F1F0	48162.1	5.5	3238
#EAEAEA	#F9F1F0	48162.5	5.90000000000146	3238
#EAEAEA	#F9F1F0	48162.9	5.5	3238
#EAEAEA	#F9F1F0	48162.5	5.09999999999855	3238
#EAEAEA	#F9F1F0	48162.1	5.5	3238
#E6E6E6	#F9F0EF	48162.6	6	3239
#E6E6E6	#F9F0EF	48163	6.40000000000146	3239
#E6E6E6	#F9F0EF	48163.4	6	3239
#E6E6E6	#F9F0EF	48163	5.59999999999855	3239
#E6E6E6	#F9F0EF	48162.6	6	3239
#DDDDDD	#F7EDEB	48163.1	6.5	3240
#DDDDDD	#F7EDEB	48163.5	6.90000000000146	3240
#DDDDDD	#F7EDEB	48163.9	6.5	3240
#DDDDDD	#F7EDEB	48163.5	6.09999999999855	3240
#DDDDDD	#F7EDEB	48163.1	6.5	3240
#E5E5E5	#F7EDEC	48163.6	7	3241
#E5E5E5	#F7EDEC	48164	7.40000000000146	3241
#E5E5E5	#F7EDEC	48164.4	7	3241
#E5E5E5	#F7EDEC	48164	6.59999999999855	3241
#E5E5E5	#F7EDEC	48163.6	7	3241
#D1D1D1	#F1E0DE	48164.1	7.5	3242
#D1D1D1	#F1E0DE	48164.5	7.90000000000146	3242
#D1D1D1	#F1E0DE	48164.9	7.5	3242
#D1D1D1	#F1E0DE	48164.5	7.09999999999855	3242
#D1D1D1	#F1E0DE	48164.1	7.5	3242
#E3E3E3	#F5E9E7	48164.6	8	3243
#E3E3E3	#F5E9E7	48165	8.40000000000146	3243
#E3E3E3	#F5E9E7	48165.4	8	3243
#E3E3E3	#F5E9E7	48165	7.59999999999855	3243
#E3E3E3	#F5E9E7	48164.6	8	3243
#D0D0D0	#F2E2E0	48165.1	8.5	3244
#D0D0D0	#F2E2E0	48165.5	8.90000000000146	3244
#D0D0D0	#F2E2E0	48165.9	8.5	3244
#D0D0D0	#F2E2E0	48165.5	8.09999999999855	3244
#D0D0D0	#F2E2E0	48165.1	8.5	3244
#BEBEBE	#EED9D6	48165.6	9	3245
#BEBEBE	#EED9D6	48166	9.40000000000146	3245
#BEBEBE	#EED9D6	48166.4	9	3245
#BEBEBE	#EED9D6	48166	8.59999999999855	3245
#BEBEBE	#EED9D6	48165.6	9	3245
#C4C4C4	#EFDBD8	48166.1	9.5	3246
#C4C4C4	#EFDBD8	48166.5	9.90000000000146	3246
#C4C4C4	#EFDBD8	48166.9	9.5	3246
#C4C4C4	#EFDBD8	48166.5	9.09999999999854	3246
#C4C4C4	#EFDBD8	48166.1	9.5	3246
#E2E2E2	#F4E5E3	48166.6	10	3247
#E2E2E2	#F4E5E3	48167	10.4000000000015	3247
#E2E2E2	#F4E5E3	48167.4	10	3247
#E2E2E2	#F4E5E3	48167	9.59999999999854	3247
#E2E2E2	#F4E5E3	48166.6	10	3247
#C7C7C7	#EFDBD8	48167.1	10.5	3248
#C7C7C7	#EFDBD8	48167.5	10.9000000000015	3248
#C7C7C7	#EFDBD8	48167.9	10.5	3248
#C7C7C7	#EFDBD8	48167.5	10.0999999999985	3248
#C7C7C7	#EFDBD8	48167.1	10.5	3248
#DADADA	#EFDCDA	48167.6	11	3249
#DADADA	#EFDCDA	48168	11.4000000000015	3249
#DADADA	#EFDCDA	48168.4	11	3249
#DADADA	#EFDCDA	48168	10.5999999999985	3249
#DADADA	#EFDCDA	48167.6	11	3249
#BBBBBB	#E4C5C1	48168.1	11.5	3250
#BBBBBB	#E4C5C1	48168.5	11.9000000000015	3250
#BBBBBB	#E4C5C1	48168.9	11.5	3250
#BBBBBB	#E4C5C1	48168.5	11.0999999999985	3250
#BBBBBB	#E4C5C1	48168.1	11.5	3250
#CCCCCC	#E5C6C2	48168.6	12	3251
#CCCCCC	#E5C6C2	48169	12.4000000000015	3251
#CCCCCC	#E5C6C2	48169.4	12	3251
#CCCCCC	#E5C6C2	48169	11.5999999999985	3251
#CCCCCC	#E5C6C2	48168.6	12	3251
#E0E0E0	#EDD7D4	48169.1	12.5	3252
#E0E0E0	#EDD7D4	48169.5	12.9000000000015	3252
#E0E0E0	#EDD7D4	48169.9	12.5	3252
#E0E0E0	#EDD7D4	48169.5	12.0999999999985	3252
#E0E0E0	#EDD7D4	48169.1	12.5	3252
#FCFCFC	#FAF3F2	48169.6	13	3253
#FCFCFC	#FAF3F2	48170	13.4000000000015	3253
#FCFCFC	#FAF3F2	48170.4	13	3253
#FCFCFC	#FAF3F2	48170	12.5999999999985	3253
#FCFCFC	#FAF3F2	48169.6	13	3253
#FAFAFA	#ECD4D1	48170.1	13.5	3254
#FAFAFA	#ECD4D1	48170.5	13.9000000000015	3254
#FAFAFA	#ECD4D1	48170.9	13.5	3254
#FAFAFA	#ECD4D1	48170.5	13.0999999999985	3254
#FAFAFA	#ECD4D1	48170.1	13.5	3254
#FCFCFC	#F4E6E4	48170.6	14	3255
#FCFCFC	#F4E6E4	48171	14.4000000000015	3255
#FCFCFC	#F4E6E4	48171.4	14	3255
#FCFCFC	#F4E6E4	48171	13.5999999999985	3255
#FCFCFC	#F4E6E4	48170.6	14	3255
#F1F1F1	#DAB1AB	48171.1	14.5	3256
#F1F1F1	#DAB1AB	48171.5	14.9000000000015	3256
#F1F1F1	#DAB1AB	48171.9	14.5	3256
#F1F1F1	#DAB1AB	48171.5	14.0999999999985	3256
#F1F1F1	#DAB1AB	48171.1	14.5	3256
#F8F8F8	#E1BFBA	48171.6	15	3257
#F8F8F8	#E1BFBA	48172	15.4000000000015	3257
#F8F8F8	#E1BFBA	48172.4	15	3257
#F8F8F8	#E1BFBA	48172	14.5999999999985	3257
#F8F8F8	#E1BFBA	48171.6	15	3257
#F5F5F5	#D8ADA8	48172.1	15.5	3258
#F5F5F5	#D8ADA8	48172.5	15.9000000000015	3258
#F5F5F5	#D8ADA8	48172.9	15.5	3258
#F5F5F5	#D8ADA8	48172.5	15.0999999999985	3258
#F5F5F5	#D8ADA8	48172.1	15.5	3258
#EEEEEE	#A75A53	48172.6	16	3259
#EEEEEE	#A75A53	48173	16.4000000000015	3259
#EEEEEE	#A75A53	48173.4	16	3259
#EEEEEE	#A75A53	48173	15.5999999999985	3259
#EEEEEE	#A75A53	48172.6	16	3259
#F5F5F5	#C8C1E1	48173.1	16.5	3260
#F5F5F5	#C8C1E1	48173.5	16.9000000000015	3260
#F5F5F5	#C8C1E1	48173.9	16.5	3260
#F5F5F5	#C8C1E1	48173.5	16.0999999999985	3260
#F5F5F5	#C8C1E1	48173.1	16.5	3260
#F3F3F3	#B6726B	48173.6	17	3261
#F3F3F3	#B6726B	48174	17.4000000000015	3261
#F3F3F3	#B6726B	48174.4	17	3261
#F3F3F3	#B6726B	48174	16.5999999999985	3261
#F3F3F3	#B6726B	48173.6	17	3261
#F7F7F7	#DEB9B4	48174.1	17.5	3262
#F7F7F7	#DEB9B4	48174.5	17.9000000000015	3262
#F7F7F7	#DEB9B4	48174.9	17.5	3262
#F7F7F7	#DEB9B4	48174.5	17.0999999999985	3262
#F7F7F7	#DEB9B4	48174.1	17.5	3262
#EEEEEE	#CA938D	48174.6	18	3263
#EEEEEE	#CA938D	48175	18.4000000000015	3263
#EEEEEE	#CA938D	48175.4	18	3263
#EEEEEE	#CA938D	48175	17.5999999999985	3263
#EEEEEE	#CA938D	48174.6	18	3263
#F8F8F8	#E5C7C3	48175.1	18.5	3264
#F8F8F8	#E5C7C3	48175.5	18.9000000000015	3264
#F8F8F8	#E5C7C3	48175.9	18.5	3264
#F8F8F8	#E5C7C3	48175.5	18.0999999999985	3264
#F8F8F8	#E5C7C3	48175.1	18.5	3264
#FEFEFE	#F8F7FB	48175.6	19	3265
#FEFEFE	#F8F7FB	48176	19.4000000000015	3265
#FEFEFE	#F8F7FB	48176.4	19	3265
#FEFEFE	#F8F7FB	48176	18.5999999999985	3265
#FEFEFE	#F8F7FB	48175.6	19	3265
#F4F4F4	#D5A8A2	48176.1	19.5	3266
#F4F4F4	#D5A8A2	48176.5	19.9000000000015	3266
#F4F4F4	#D5A8A2	48176.9	19.5	3266
#F4F4F4	#D5A8A2	48176.5	19.0999999999985	3266
#F4F4F4	#D5A8A2	48176.1	19.5	3266
#F7F7F7	#C68E87	48176.6	20	3267
#F7F7F7	#C68E87	48177	20.4000000000015	3267
#F7F7F7	#C68E87	48177.4	20	3267
#F7F7F7	#C68E87	48177	19.5999999999985	3267
#F7F7F7	#C68E87	48176.6	20	3267
#EEEEEE	#A75A53	48177.1	20.5	3268
#EEEEEE	#A75A53	48177.5	20.9000000000015	3268
#EEEEEE	#A75A53	48177.9	20.5	3268
#EEEEEE	#A75A53	48177.5	20.0999999999985	3268
#EEEEEE	#A75A53	48177.1	20.5	3268
#F4F4F4	#E7CBC7	48177.6	21	3269
#F4F4F4	#E7CBC7	48178	21.4000000000015	3269
#F4F4F4	#E7CBC7	48178.4	21	3269
#F4F4F4	#E7CBC7	48178	20.5999999999985	3269
#F4F4F4	#E7CBC7	48177.6	21	3269
#444444	#F0DEDB	48157.6	0	3270
#444444	#F0DEDB	48158	0.400000000001455	3270
#444444	#F0DEDB	48158.4	0	3270
#444444	#F0DEDB	48158	-0.400000000001455	3270
#444444	#F0DEDB	48157.6	0	3270
#444444	#EEDAD7	48158.1	0.5	3271
#444444	#EEDAD7	48158.5	0.900000000001455	3271
#444444	#EEDAD7	48158.9	0.5	3271
#444444	#EEDAD7	48158.5	0.0999999999985448	3271
#444444	#EEDAD7	48158.1	0.5	3271
#747474	#EFDCD9	48158.6	1	3272
#747474	#EFDCD9	48159	1.40000000000146	3272
#747474	#EFDCD9	48159.4	1	3272
#747474	#EFDCD9	48159	0.599999999998545	3272
#747474	#EFDCD9	48158.6	1	3272
#CACACA	#F6EBE9	48159.1	1.5	3273
#CACACA	#F6EBE9	48159.5	1.90000000000146	3273
#CACACA	#F6EBE9	48159.9	1.5	3273
#CACACA	#F6EBE9	48159.5	1.09999999999854	3273
#CACACA	#F6EBE9	48159.1	1.5	3273
#A1A1A1	#F1E0DD	48159.6	2	3274
#A1A1A1	#F1E0DD	48160	2.40000000000146	3274
#A1A1A1	#F1E0DD	48160.4	2	3274
#A1A1A1	#F1E0DD	48160	1.59999999999854	3274
#A1A1A1	#F1E0DD	48159.6	2	3274
#B3B3B3	#F2E2E0	48160.1	2.5	3275
#B3B3B3	#F2E2E0	48160.5	2.90000000000146	3275
#B3B3B3	#F2E2E0	48160.9	2.5	3275
#B3B3B3	#F2E2E0	48160.5	2.09999999999854	3275
#B3B3B3	#F2E2E0	48160.1	2.5	3275
#D2D2D2	#F6EBEA	48160.6	3	3276
#D2D2D2	#F6EBEA	48161	3.40000000000146	3276
#D2D2D2	#F6EBEA	48161.4	3	3276
#D2D2D2	#F6EBEA	48161	2.59999999999855	3276
#D2D2D2	#F6EBEA	48160.6	3	3276
#EAEAEA	#F9F2F1	48161.1	3.5	3277
#EAEAEA	#F9F2F1	48161.5	3.90000000000146	3277
#EAEAEA	#F9F2F1	48161.9	3.5	3277
#EAEAEA	#F9F2F1	48161.5	3.09999999999855	3277
#EAEAEA	#F9F2F1	48161.1	3.5	3277
#EAEAEA	#F5E9E7	48161.6	4	3278
#EAEAEA	#F5E9E7	48162	4.40000000000146	3278
#EAEAEA	#F5E9E7	48162.4	4	3278
#EAEAEA	#F5E9E7	48162	3.59999999999855	3278
#EAEAEA	#F5E9E7	48161.6	4	3278
#FAFAFA	#FDFAFA	48162.1	4.5	3279
#FAFAFA	#FDFAFA	48162.5	4.90000000000146	3279
#FAFAFA	#FDFAFA	48162.9	4.5	3279
#FAFAFA	#FDFAFA	48162.5	4.09999999999855	3279
#FAFAFA	#FDFAFA	48162.1	4.5	3279
#FAFAFA	#FDFAFA	48162.6	5	3280
#FAFAFA	#FDFAFA	48163	5.40000000000146	3280
#FAFAFA	#FDFAFA	48163.4	5	3280
#FAFAFA	#FDFAFA	48163	4.59999999999855	3280
#FAFAFA	#FDFAFA	48162.6	5	3280
#F7F7F7	#FCF9F8	48163.1	5.5	3281
#F7F7F7	#FCF9F8	48163.5	5.90000000000146	3281
#F7F7F7	#FCF9F8	48163.9	5.5	3281
#F7F7F7	#FCF9F8	48163.5	5.09999999999855	3281
#F7F7F7	#FCF9F8	48163.1	5.5	3281
#F8F8F8	#FCF9F8	48163.6	6	3282
#F8F8F8	#FCF9F8	48164	6.40000000000146	3282
#F8F8F8	#FCF9F8	48164.4	6	3282
#F8F8F8	#FCF9F8	48164	5.59999999999855	3282
#F8F8F8	#FCF9F8	48163.6	6	3282
#E9E9E9	#F8F0EF	48164.1	6.5	3283
#E9E9E9	#F8F0EF	48164.5	6.90000000000146	3283
#E9E9E9	#F8F0EF	48164.9	6.5	3283
#E9E9E9	#F8F0EF	48164.5	6.09999999999855	3283
#E9E9E9	#F8F0EF	48164.1	6.5	3283
#CFCFCF	#F2E1DF	48164.6	7	3284
#CFCFCF	#F2E1DF	48165	7.40000000000146	3284
#CFCFCF	#F2E1DF	48165.4	7	3284
#CFCFCF	#F2E1DF	48165	6.59999999999855	3284
#CFCFCF	#F2E1DF	48164.6	7	3284
#ECECEC	#F8EEED	48165.1	7.5	3285
#ECECEC	#F8EEED	48165.5	7.90000000000146	3285
#ECECEC	#F8EEED	48165.9	7.5	3285
#ECECEC	#F8EEED	48165.5	7.09999999999855	3285
#ECECEC	#F8EEED	48165.1	7.5	3285
#E8E8E8	#F7EEEC	48165.6	8	3286
#E8E8E8	#F7EEEC	48166	8.40000000000146	3286
#E8E8E8	#F7EEEC	48166.4	8	3286
#E8E8E8	#F7EEEC	48166	7.59999999999855	3286
#E8E8E8	#F7EEEC	48165.6	8	3286
#C1C1C1	#EFDCD9	48166.1	8.5	3287
#C1C1C1	#EFDCD9	48166.5	8.90000000000146	3287
#C1C1C1	#EFDCD9	48166.9	8.5	3287
#C1C1C1	#EFDCD9	48166.5	8.09999999999855	3287
#C1C1C1	#EFDCD9	48166.1	8.5	3287
#ECECEC	#F7EDEC	48166.6	9	3288
#ECECEC	#F7EDEC	48167	9.40000000000146	3288
#ECECEC	#F7EDEC	48167.4	9	3288
#ECECEC	#F7EDEC	48167	8.59999999999855	3288
#ECECEC	#F7EDEC	48166.6	9	3288
#F3F3F3	#F9F1F0	48167.1	9.5	3289
#F3F3F3	#F9F1F0	48167.5	9.90000000000146	3289
#F3F3F3	#F9F1F0	48167.9	9.5	3289
#F3F3F3	#F9F1F0	48167.5	9.09999999999854	3289
#F3F3F3	#F9F1F0	48167.1	9.5	3289
#CECECE	#EFDCD9	48167.6	10	3290
#CECECE	#EFDCD9	48168	10.4000000000015	3290
#CECECE	#EFDCD9	48168.4	10	3290
#CECECE	#EFDCD9	48168	9.59999999999854	3290
#CECECE	#EFDCD9	48167.6	10	3290
#C9C9C9	#EDD6D3	48168.1	10.5	3291
#C9C9C9	#EDD6D3	48168.5	10.9000000000015	3291
#C9C9C9	#EDD6D3	48168.9	10.5	3291
#C9C9C9	#EDD6D3	48168.5	10.0999999999985	3291
#C9C9C9	#EDD6D3	48168.1	10.5	3291
#C5C5C5	#E9CECB	48168.6	11	3292
#C5C5C5	#E9CECB	48169	11.4000000000015	3292
#C5C5C5	#E9CECB	48169.4	11	3292
#C5C5C5	#E9CECB	48169	10.5999999999985	3292
#C5C5C5	#E9CECB	48168.6	11	3292
#B4B4B4	#D9B0AB	48169.1	11.5	3293
#B4B4B4	#D9B0AB	48169.5	11.9000000000015	3293
#B4B4B4	#D9B0AB	48169.9	11.5	3293
#B4B4B4	#D9B0AB	48169.5	11.0999999999985	3293
#B4B4B4	#D9B0AB	48169.1	11.5	3293
#D8D8D8	#E6C9C5	48169.6	12	3294
#D8D8D8	#E6C9C5	48170	12.4000000000015	3294
#D8D8D8	#E6C9C5	48170.4	12	3294
#D8D8D8	#E6C9C5	48170	11.5999999999985	3294
#D8D8D8	#E6C9C5	48169.6	12	3294
#F9F9F9	#F3E4E2	48170.1	12.5	3295
#F9F9F9	#F3E4E2	48170.5	12.9000000000015	3295
#F9F9F9	#F3E4E2	48170.9	12.5	3295
#F9F9F9	#F3E4E2	48170.5	12.0999999999985	3295
#F9F9F9	#F3E4E2	48170.1	12.5	3295
#F7F7F7	#EDD7D4	48170.6	13	3296
#F7F7F7	#EDD7D4	48171	13.4000000000015	3296
#F7F7F7	#EDD7D4	48171.4	13	3296
#F7F7F7	#EDD7D4	48171	12.5999999999985	3296
#F7F7F7	#EDD7D4	48170.6	13	3296
#E8E8E8	#D8ADA8	48171.1	13.5	3297
#E8E8E8	#D8ADA8	48171.5	13.9000000000015	3297
#E8E8E8	#D8ADA8	48171.9	13.5	3297
#E8E8E8	#D8ADA8	48171.5	13.0999999999985	3297
#E8E8E8	#D8ADA8	48171.1	13.5	3297
#F5F5F5	#D8ACA7	48171.6	14	3298
#F5F5F5	#D8ACA7	48172	14.4000000000015	3298
#F5F5F5	#D8ACA7	48172.4	14	3298
#F5F5F5	#D8ACA7	48172	13.5999999999985	3298
#F5F5F5	#D8ACA7	48171.6	14	3298
#FFFFFF	#FDF9F9	48172.1	14.5	3299
#FFFFFF	#FDF9F9	48172.5	14.9000000000015	3299
#FFFFFF	#FDF9F9	48172.9	14.5	3299
#FFFFFF	#FDF9F9	48172.5	14.0999999999985	3299
#FFFFFF	#FDF9F9	48172.1	14.5	3299
#FAFAFA	#ECD4D1	48172.6	15	3300
#FAFAFA	#ECD4D1	48173	15.4000000000015	3300
#FAFAFA	#ECD4D1	48173.4	15	3300
#FAFAFA	#ECD4D1	48173	14.5999999999985	3300
#FAFAFA	#ECD4D1	48172.6	15	3300
#FCFCFC	#F3E3E1	48173.1	15.5	3301
#FCFCFC	#F3E3E1	48173.5	15.9000000000015	3301
#FCFCFC	#F3E3E1	48173.9	15.5	3301
#FCFCFC	#F3E3E1	48173.5	15.0999999999985	3301
#FCFCFC	#F3E3E1	48173.1	15.5	3301
#FFFFFF	#FDF9F9	48173.6	16	3302
#FFFFFF	#FDF9F9	48174	16.4000000000015	3302
#FFFFFF	#FDF9F9	48174.4	16	3302
#FFFFFF	#FDF9F9	48174	15.5999999999985	3302
#FFFFFF	#FDF9F9	48173.6	16	3302
#F9F9F9	#D9D4EA	48174.1	16.5	3303
#F9F9F9	#D9D4EA	48174.5	16.9000000000015	3303
#F9F9F9	#D9D4EA	48174.9	16.5	3303
#F9F9F9	#D9D4EA	48174.5	16.0999999999985	3303
#F9F9F9	#D9D4EA	48174.1	16.5	3303
#F5F5F5	#E5C6C2	48174.6	17	3304
#F5F5F5	#E5C6C2	48175	17.4000000000015	3304
#F5F5F5	#E5C6C2	48175.4	17	3304
#F5F5F5	#E5C6C2	48175	16.5999999999985	3304
#F5F5F5	#E5C6C2	48174.6	17	3304
#FDFDFD	#F5E9E7	48175.1	17.5	3305
#FDFDFD	#F5E9E7	48175.5	17.9000000000015	3305
#FDFDFD	#F5E9E7	48175.9	17.5	3305
#FDFDFD	#F5E9E7	48175.5	17.0999999999985	3305
#FDFDFD	#F5E9E7	48175.1	17.5	3305
#FCFCFC	#E8E5F3	48175.6	18	3306
#FCFCFC	#E8E5F3	48176	18.4000000000015	3306
#FCFCFC	#E8E5F3	48176.4	18	3306
#FCFCFC	#E8E5F3	48176	17.5999999999985	3306
#FCFCFC	#E8E5F3	48175.6	18	3306
#DFDFDF	#8E3531	48176.1	18.5	3307
#DFDFDF	#8E3531	48176.5	18.9000000000015	3307
#DFDFDF	#8E3531	48176.9	18.5	3307
#DFDFDF	#8E3531	48176.5	18.0999999999985	3307
#DFDFDF	#8E3531	48176.1	18.5	3307
#EAEAEA	#A0504A	48176.6	19	3308
#EAEAEA	#A0504A	48177	19.4000000000015	3308
#EAEAEA	#A0504A	48177.4	19	3308
#EAEAEA	#A0504A	48177	18.5999999999985	3308
#EAEAEA	#A0504A	48176.6	19	3308
#F8F8F8	#E5C7C4	48177.1	19.5	3309
#F8F8F8	#E5C7C4	48177.5	19.9000000000015	3309
#F8F8F8	#E5C7C4	48177.9	19.5	3309
#F8F8F8	#E5C7C4	48177.5	19.0999999999985	3309
#F8F8F8	#E5C7C4	48177.1	19.5	3309
#FEFEFE	#FAF2F2	48177.6	20	3310
#FEFEFE	#FAF2F2	48178	20.4000000000015	3310
#FEFEFE	#FAF2F2	48178.4	20	3310
#FEFEFE	#FAF2F2	48178	19.5999999999985	3310
#FEFEFE	#FAF2F2	48177.6	20	3310
#FAFAFA	#F0DDDA	48178.1	20.5	3311
#FAFAFA	#F0DDDA	48178.5	20.9000000000015	3311
#FAFAFA	#F0DDDA	48178.9	20.5	3311
#FAFAFA	#F0DDDA	48178.5	20.0999999999985	3311
#FAFAFA	#F0DDDA	48178.1	20.5	3311
#222222	#EDD8D5	48158.6	0	3312
#222222	#EDD8D5	48159	0.400000000001455	3312
#222222	#EDD8D5	48159.4	0	3312
#222222	#EDD8D5	48159	-0.400000000001455	3312
#222222	#EDD8D5	48158.6	0	3312
#D0D0D0	#F9F1F0	48159.1	0.5	3313
#D0D0D0	#F9F1F0	48159.5	0.900000000001455	3313
#D0D0D0	#F9F1F0	48159.9	0.5	3313
#D0D0D0	#F9F1F0	48159.5	0.0999999999985448	3313
#D0D0D0	#F9F1F0	48159.1	0.5	3313
#FEFEFE	#FEFEFF	48159.6	1	3314
#FEFEFE	#FEFEFF	48160	1.40000000000146	3314
#FEFEFE	#FEFEFF	48160.4	1	3314
#FEFEFE	#FEFEFF	48160	0.599999999998545	3314
#FEFEFE	#FEFEFF	48159.6	1	3314
#C5C5C5	#F7EDEB	48160.1	1.5	3315
#C5C5C5	#F7EDEB	48160.5	1.90000000000146	3315
#C5C5C5	#F7EDEB	48160.9	1.5	3315
#C5C5C5	#F7EDEB	48160.5	1.09999999999854	3315
#C5C5C5	#F7EDEB	48160.1	1.5	3315
#C5C5C5	#F6EBE9	48160.6	2	3316
#C5C5C5	#F6EBE9	48161	2.40000000000146	3316
#C5C5C5	#F6EBE9	48161.4	2	3316
#C5C5C5	#F6EBE9	48161	1.59999999999854	3316
#C5C5C5	#F6EBE9	48160.6	2	3316
#D2D2D2	#F8EFED	48161.1	2.5	3317
#D2D2D2	#F8EFED	48161.5	2.90000000000146	3317
#D2D2D2	#F8EFED	48161.9	2.5	3317
#D2D2D2	#F8EFED	48161.5	2.09999999999854	3317
#D2D2D2	#F8EFED	48161.1	2.5	3317
#FFFFFF	#FFFFFF	48161.6	3	3318
#FFFFFF	#FFFFFF	48162	3.40000000000146	3318
#FFFFFF	#FFFFFF	48162.4	3	3318
#FFFFFF	#FFFFFF	48162	2.59999999999855	3318
#FFFFFF	#FFFFFF	48161.6	3	3318
#EDEDED	#F8F0EE	48162.1	3.5	3319
#EDEDED	#F8F0EE	48162.5	3.90000000000146	3319
#EDEDED	#F8F0EE	48162.9	3.5	3319
#EDEDED	#F8F0EE	48162.5	3.09999999999855	3319
#EDEDED	#F8F0EE	48162.1	3.5	3319
#F2F2F2	#F9F8FC	48162.6	4	3320
#F2F2F2	#F9F8FC	48163	4.40000000000146	3320
#F2F2F2	#F9F8FC	48163.4	4	3320
#F2F2F2	#F9F8FC	48163	3.59999999999855	3320
#F2F2F2	#F9F8FC	48162.6	4	3320
#F0F0F0	#F8F7FB	48163.1	4.5	3321
#F0F0F0	#F8F7FB	48163.5	4.90000000000146	3321
#F0F0F0	#F8F7FB	48163.9	4.5	3321
#F0F0F0	#F8F7FB	48163.5	4.09999999999855	3321
#F0F0F0	#F8F7FB	48163.1	4.5	3321
#FAFAFA	#FCFBFD	48163.6	5	3322
#FAFAFA	#FCFBFD	48164	5.40000000000146	3322
#FAFAFA	#FCFBFD	48164.4	5	3322
#FAFAFA	#FCFBFD	48164	4.59999999999855	3322
#FAFAFA	#FCFBFD	48163.6	5	3322
#F5F5F5	#F9F8FC	48164.1	5.5	3323
#F5F5F5	#F9F8FC	48164.5	5.90000000000146	3323
#F5F5F5	#F9F8FC	48164.9	5.5	3323
#F5F5F5	#F9F8FC	48164.5	5.09999999999855	3323
#F5F5F5	#F9F8FC	48164.1	5.5	3323
#FBFBFB	#FDFBFA	48164.6	6	3324
#FBFBFB	#FDFBFA	48165	6.40000000000146	3324
#FBFBFB	#FDFBFA	48165.4	6	3324
#FBFBFB	#FDFBFA	48165	5.59999999999855	3324
#FBFBFB	#FDFBFA	48164.6	6	3324
#D9D9D9	#F5E8E6	48165.1	6.5	3325
#D9D9D9	#F5E8E6	48165.5	6.90000000000146	3325
#D9D9D9	#F5E8E6	48165.9	6.5	3325
#D9D9D9	#F5E8E6	48165.5	6.09999999999855	3325
#D9D9D9	#F5E8E6	48165.1	6.5	3325
#E1E1E1	#F6EBE9	48165.6	7	3326
#E1E1E1	#F6EBE9	48166	7.40000000000146	3326
#E1E1E1	#F6EBE9	48166.4	7	3326
#E1E1E1	#F6EBE9	48166	6.59999999999855	3326
#E1E1E1	#F6EBE9	48165.6	7	3326
#E0E0E0	#F7EDEC	48166.1	7.5	3327
#E0E0E0	#F7EDEC	48166.5	7.90000000000146	3327
#E0E0E0	#F7EDEC	48166.9	7.5	3327
#E0E0E0	#F7EDEC	48166.5	7.09999999999855	3327
#E0E0E0	#F7EDEC	48166.1	7.5	3327
#C0C0C0	#F1E0DD	48166.6	8	3328
#C0C0C0	#F1E0DD	48167	8.40000000000146	3328
#C0C0C0	#F1E0DD	48167.4	8	3328
#C0C0C0	#F1E0DD	48167	7.59999999999855	3328
#C0C0C0	#F1E0DD	48166.6	8	3328
#F2F2F2	#FAF3F2	48167.1	8.5	3329
#F2F2F2	#FAF3F2	48167.5	8.90000000000146	3329
#F2F2F2	#FAF3F2	48167.9	8.5	3329
#F2F2F2	#FAF3F2	48167.5	8.09999999999855	3329
#F2F2F2	#FAF3F2	48167.1	8.5	3329
#F1F1F1	#F9F1F0	48167.6	9	3330
#F1F1F1	#F9F1F0	48168	9.40000000000146	3330
#F1F1F1	#F9F1F0	48168.4	9	3330
#F1F1F1	#F9F1F0	48168	8.59999999999855	3330
#F1F1F1	#F9F1F0	48167.6	9	3330
#E5E5E5	#F6EBEA	48168.1	9.5	3331
#E5E5E5	#F6EBEA	48168.5	9.90000000000146	3331
#E5E5E5	#F6EBEA	48168.9	9.5	3331
#E5E5E5	#F6EBEA	48168.5	9.09999999999854	3331
#E5E5E5	#F6EBEA	48168.1	9.5	3331
#B3B3B3	#EAD0CD	48168.6	10	3332
#B3B3B3	#EAD0CD	48169	10.4000000000015	3332
#B3B3B3	#EAD0CD	48169.4	10	3332
#B3B3B3	#EAD0CD	48169	9.59999999999854	3332
#B3B3B3	#EAD0CD	48168.6	10	3332
#BCBCBC	#E9CFCC	48169.1	10.5	3333
#BCBCBC	#E9CFCC	48169.5	10.9000000000015	3333
#BCBCBC	#E9CFCC	48169.9	10.5	3333
#BCBCBC	#E9CFCC	48169.5	10.0999999999985	3333
#BCBCBC	#E9CFCC	48169.1	10.5	3333
#C3C3C3	#E4C4C0	48169.6	11	3334
#C3C3C3	#E4C4C0	48170	11.4000000000015	3334
#C3C3C3	#E4C4C0	48170.4	11	3334
#C3C3C3	#E4C4C0	48170	10.5999999999985	3334
#C3C3C3	#E4C4C0	48169.6	11	3334
#D3D3D3	#E4C5C1	48170.1	11.5	3335
#D3D3D3	#E4C5C1	48170.5	11.9000000000015	3335
#D3D3D3	#E4C5C1	48170.9	11.5	3335
#D3D3D3	#E4C5C1	48170.5	11.0999999999985	3335
#D3D3D3	#E4C5C1	48170.1	11.5	3335
#EFEFEF	#EBD2CF	48170.6	12	3336
#EFEFEF	#EBD2CF	48171	12.4000000000015	3336
#EFEFEF	#EBD2CF	48171.4	12	3336
#EFEFEF	#EBD2CF	48171	11.5999999999985	3336
#EFEFEF	#EBD2CF	48170.6	12	3336
#E8E8E8	#CF9D96	48171.1	12.5	3337
#E8E8E8	#CF9D96	48171.5	12.9000000000015	3337
#E8E8E8	#CF9D96	48171.9	12.5	3337
#E8E8E8	#CF9D96	48171.5	12.0999999999985	3337
#E8E8E8	#CF9D96	48171.1	12.5	3337
#F1F1F1	#E1BEBA	48171.6	13	3338
#F1F1F1	#E1BEBA	48172	13.4000000000015	3338
#F1F1F1	#E1BEBA	48172.4	13	3338
#F1F1F1	#E1BEBA	48172	12.5999999999985	3338
#F1F1F1	#E1BEBA	48171.6	13	3338
#FAFAFA	#EED8D6	48172.1	13.5	3339
#FAFAFA	#EED8D6	48172.5	13.9000000000015	3339
#FAFAFA	#EED8D6	48172.9	13.5	3339
#FAFAFA	#EED8D6	48172.5	13.0999999999985	3339
#FAFAFA	#EED8D6	48172.1	13.5	3339
#F3F3F3	#DCB5B0	48172.6	14	3340
#F3F3F3	#DCB5B0	48173	14.4000000000015	3340
#F3F3F3	#DCB5B0	48173.4	14	3340
#F3F3F3	#DCB5B0	48173	13.5999999999985	3340
#F3F3F3	#DCB5B0	48172.6	14	3340
#F2F2F2	#D2A29C	48173.1	14.5	3341
#F2F2F2	#D2A29C	48173.5	14.9000000000015	3341
#F2F2F2	#D2A29C	48173.9	14.5	3341
#F2F2F2	#D2A29C	48173.5	14.0999999999985	3341
#F2F2F2	#D2A29C	48173.1	14.5	3341
#F9F9F9	#E1BFBB	48173.6	15	3342
#F9F9F9	#E1BFBB	48174	15.4000000000015	3342
#F9F9F9	#E1BFBB	48174.4	15	3342
#F9F9F9	#E1BFBB	48174	14.5999999999985	3342
#F9F9F9	#E1BFBB	48173.6	15	3342
#F8F8F8	#E1BFBB	48174.1	15.5	3343
#F8F8F8	#E1BFBB	48174.5	15.9000000000015	3343
#F8F8F8	#E1BFBB	48174.9	15.5	3343
#F8F8F8	#E1BFBB	48174.5	15.0999999999985	3343
#F8F8F8	#E1BFBB	48174.1	15.5	3343
#FBFBFB	#EFDBD8	48174.6	16	3344
#FBFBFB	#EFDBD8	48175	16.4000000000015	3344
#FBFBFB	#EFDBD8	48175.4	16	3344
#FBFBFB	#EFDBD8	48175	15.5999999999985	3344
#FBFBFB	#EFDBD8	48174.6	16	3344
#F3F3F3	#D5A7A2	48175.1	16.5	3345
#F3F3F3	#D5A7A2	48175.5	16.9000000000015	3345
#F3F3F3	#D5A7A2	48175.9	16.5	3345
#F3F3F3	#D5A7A2	48175.5	16.0999999999985	3345
#F3F3F3	#D5A7A2	48175.1	16.5	3345
#FBFBFB	#E2DEEF	48175.6	17	3346
#FBFBFB	#E2DEEF	48176	17.4000000000015	3346
#FBFBFB	#E2DEEF	48176.4	17	3346
#FBFBFB	#E2DEEF	48176	16.5999999999985	3346
#FBFBFB	#E2DEEF	48175.6	17	3346
#E7E7E7	#9A4842	48176.1	17.5	3347
#E7E7E7	#9A4842	48176.5	17.9000000000015	3347
#E7E7E7	#9A4842	48176.9	17.5	3347
#E7E7E7	#9A4842	48176.5	17.0999999999985	3347
#E7E7E7	#9A4842	48176.1	17.5	3347
#FDFDFD	#F5E9E7	48176.6	18	3348
#FDFDFD	#F5E9E7	48177	18.4000000000015	3348
#FDFDFD	#F5E9E7	48177.4	18	3348
#FDFDFD	#F5E9E7	48177	17.5999999999985	3348
#FDFDFD	#F5E9E7	48176.6	18	3348
#F0F0F0	#AD655E	48177.1	18.5	3349
#F0F0F0	#AD655E	48177.5	18.9000000000015	3349
#F0F0F0	#AD655E	48177.9	18.5	3349
#F0F0F0	#AD655E	48177.5	18.0999999999985	3349
#F0F0F0	#AD655E	48177.1	18.5	3349
#FBFBFB	#EFDAD8	48177.6	19	3350
#FBFBFB	#EFDAD8	48178	19.4000000000015	3350
#FBFBFB	#EFDAD8	48178.4	19	3350
#FBFBFB	#EFDAD8	48178	18.5999999999985	3350
#FBFBFB	#EFDAD8	48177.6	19	3350
#FAFAFA	#E4C5C1	48178.1	19.5	3351
#FAFAFA	#E4C5C1	48178.5	19.9000000000015	3351
#FAFAFA	#E4C5C1	48178.9	19.5	3351
#FAFAFA	#E4C5C1	48178.5	19.0999999999985	3351
#FAFAFA	#E4C5C1	48178.1	19.5	3351
#F7F7F7	#E3C2BE	48178.6	20	3352
#F7F7F7	#E3C2BE	48179	20.4000000000015	3352
#F7F7F7	#E3C2BE	48179.4	20	3352
#F7F7F7	#E3C2BE	48179	19.5999999999985	3352
#F7F7F7	#E3C2BE	48178.6	20	3352
#767676	#F4E6E4	48159.6	0	3353
#767676	#F4E6E4	48160	0.400000000001455	3353
#767676	#F4E6E4	48160.4	0	3353
#767676	#F4E6E4	48160	-0.400000000001455	3353
#767676	#F4E6E4	48159.6	0	3353
#E7E7E7	#FBF7F6	48160.1	0.5	3354
#E7E7E7	#FBF7F6	48160.5	0.900000000001455	3354
#E7E7E7	#FBF7F6	48160.9	0.5	3354
#E7E7E7	#FBF7F6	48160.5	0.0999999999985448	3354
#E7E7E7	#FBF7F6	48160.1	0.5	3354
#878787	#F2E2E0	48160.6	1	3355
#878787	#F2E2E0	48161	1.40000000000146	3355
#878787	#F2E2E0	48161.4	1	3355
#878787	#F2E2E0	48161	0.599999999998545	3355
#878787	#F2E2E0	48160.6	1	3355
#808080	#F1E0DD	48161.1	1.5	3356
#808080	#F1E0DD	48161.5	1.90000000000146	3356
#808080	#F1E0DD	48161.9	1.5	3356
#808080	#F1E0DD	48161.5	1.09999999999854	3356
#808080	#F1E0DD	48161.1	1.5	3356
#747474	#F0DDDB	48161.6	2	3357
#747474	#F0DDDB	48162	2.40000000000146	3357
#747474	#F0DDDB	48162.4	2	3357
#747474	#F0DDDB	48162	1.59999999999854	3357
#747474	#F0DDDB	48161.6	2	3357
#E2E2E2	#FAF3F2	48162.1	2.5	3358
#E2E2E2	#FAF3F2	48162.5	2.90000000000146	3358
#E2E2E2	#FAF3F2	48162.9	2.5	3358
#E2E2E2	#FAF3F2	48162.5	2.09999999999854	3358
#E2E2E2	#FAF3F2	48162.1	2.5	3358
#B8B8B8	#F0DEDC	48162.6	3	3359
#B8B8B8	#F0DEDC	48163	3.40000000000146	3359
#B8B8B8	#F0DEDC	48163.4	3	3359
#B8B8B8	#F0DEDC	48163	2.59999999999855	3359
#B8B8B8	#F0DEDC	48162.6	3	3359
#F9F9F9	#FDFBFB	48163.1	3.5	3360
#F9F9F9	#FDFBFB	48163.5	3.90000000000146	3360
#F9F9F9	#FDFBFB	48163.9	3.5	3360
#F9F9F9	#FDFBFB	48163.5	3.09999999999855	3360
#F9F9F9	#FDFBFB	48163.1	3.5	3360
#FCFCFC	#FEFDFD	48163.6	4	3361
#FCFCFC	#FEFDFD	48164	4.40000000000146	3361
#FCFCFC	#FEFDFD	48164.4	4	3361
#FCFCFC	#FEFDFD	48164	3.59999999999855	3361
#FCFCFC	#FEFDFD	48163.6	4	3361
#F5F5F5	#FAF9FC	48164.1	4.5	3362
#F5F5F5	#FAF9FC	48164.5	4.90000000000146	3362
#F5F5F5	#FAF9FC	48164.9	4.5	3362
#F5F5F5	#FAF9FC	48164.5	4.09999999999855	3362
#F5F5F5	#FAF9FC	48164.1	4.5	3362
#EAEAEA	#F6F5FA	48164.6	5	3363
#EAEAEA	#F6F5FA	48165	5.40000000000146	3363
#EAEAEA	#F6F5FA	48165.4	5	3363
#EAEAEA	#F6F5FA	48165	4.59999999999855	3363
#EAEAEA	#F6F5FA	48164.6	5	3363
#FBFBFB	#FDFBFB	48165.1	5.5	3364
#FBFBFB	#FDFBFB	48165.5	5.90000000000146	3364
#FBFBFB	#FDFBFB	48165.9	5.5	3364
#FBFBFB	#FDFBFB	48165.5	5.09999999999855	3364
#FBFBFB	#FDFBFB	48165.1	5.5	3364
#EAEAEA	#F9F1F0	48165.6	6	3365
#EAEAEA	#F9F1F0	48166	6.40000000000146	3365
#EAEAEA	#F9F1F0	48166.4	6	3365
#EAEAEA	#F9F1F0	48166	5.59999999999855	3365
#EAEAEA	#F9F1F0	48165.6	6	3365
#D0D0D0	#F5E9E7	48166.1	6.5	3366
#D0D0D0	#F5E9E7	48166.5	6.90000000000146	3366
#D0D0D0	#F5E9E7	48166.9	6.5	3366
#D0D0D0	#F5E9E7	48166.5	6.09999999999855	3366
#D0D0D0	#F5E9E7	48166.1	6.5	3366
#E4E4E4	#F8F0EF	48166.6	7	3367
#E4E4E4	#F8F0EF	48167	7.40000000000146	3367
#E4E4E4	#F8F0EF	48167.4	7	3367
#E4E4E4	#F8F0EF	48167	6.59999999999855	3367
#E4E4E4	#F8F0EF	48166.6	7	3367
#E4E4E4	#F7EEEC	48167.1	7.5	3368
#E4E4E4	#F7EEEC	48167.5	7.90000000000146	3368
#E4E4E4	#F7EEEC	48167.9	7.5	3368
#E4E4E4	#F7EEEC	48167.5	7.09999999999855	3368
#E4E4E4	#F7EEEC	48167.1	7.5	3368
#E9E9E9	#F8F0EE	48167.6	8	3369
#E9E9E9	#F8F0EE	48168	8.40000000000146	3369
#E9E9E9	#F8F0EE	48168.4	8	3369
#E9E9E9	#F8F0EE	48168	7.59999999999855	3369
#E9E9E9	#F8F0EE	48167.6	8	3369
#F0F0F0	#F9F2F1	48168.1	8.5	3370
#F0F0F0	#F9F2F1	48168.5	8.90000000000146	3370
#F0F0F0	#F9F2F1	48168.9	8.5	3370
#F0F0F0	#F9F2F1	48168.5	8.09999999999855	3370
#F0F0F0	#F9F2F1	48168.1	8.5	3370
#F0F0F0	#F9F2F1	48168.6	9	3371
#F0F0F0	#F9F2F1	48169	9.40000000000146	3371
#F0F0F0	#F9F2F1	48169.4	9	3371
#F0F0F0	#F9F2F1	48169	8.59999999999855	3371
#F0F0F0	#F9F2F1	48168.6	9	3371
#E2E2E2	#F4E7E5	48169.1	9.5	3372
#E2E2E2	#F4E7E5	48169.5	9.90000000000146	3372
#E2E2E2	#F4E7E5	48169.9	9.5	3372
#E2E2E2	#F4E7E5	48169.5	9.09999999999854	3372
#E2E2E2	#F4E7E5	48169.1	9.5	3372
#E6E6E6	#F4E5E3	48169.6	10	3373
#E6E6E6	#F4E5E3	48170	10.4000000000015	3373
#E6E6E6	#F4E5E3	48170.4	10	3373
#E6E6E6	#F4E5E3	48170	9.59999999999854	3373
#E6E6E6	#F4E5E3	48169.6	10	3373
#D3D3D3	#EAD2CE	48170.1	10.5	3374
#D3D3D3	#EAD2CE	48170.5	10.9000000000015	3374
#D3D3D3	#EAD2CE	48170.9	10.5	3374
#D3D3D3	#EAD2CE	48170.5	10.0999999999985	3374
#D3D3D3	#EAD2CE	48170.1	10.5	3374
#C7C7C7	#E8CCC8	48170.6	11	3375
#C7C7C7	#E8CCC8	48171	11.4000000000015	3375
#C7C7C7	#E8CCC8	48171.4	11	3375
#C7C7C7	#E8CCC8	48171	10.5999999999985	3375
#C7C7C7	#E8CCC8	48170.6	11	3375
#F4F4F4	#F3E4E2	48171.1	11.5	3376
#F4F4F4	#F3E4E2	48171.5	11.9000000000015	3376
#F4F4F4	#F3E4E2	48171.9	11.5	3376
#F4F4F4	#F3E4E2	48171.5	11.0999999999985	3376
#F4F4F4	#F3E4E2	48171.1	11.5	3376
#D7D7D7	#C58C85	48171.6	12	3377
#D7D7D7	#C58C85	48172	12.4000000000015	3377
#D7D7D7	#C58C85	48172.4	12	3377
#D7D7D7	#C58C85	48172	11.5999999999985	3377
#D7D7D7	#C58C85	48171.6	12	3377
#EAEAEA	#D1A09A	48172.1	12.5	3378
#EAEAEA	#D1A09A	48172.5	12.9000000000015	3378
#EAEAEA	#D1A09A	48172.9	12.5	3378
#EAEAEA	#D1A09A	48172.5	12.0999999999985	3378
#EAEAEA	#D1A09A	48172.1	12.5	3378
#E5E5E5	#CB958F	48172.6	13	3379
#E5E5E5	#CB958F	48173	13.4000000000015	3379
#E5E5E5	#CB958F	48173.4	13	3379
#E5E5E5	#CB958F	48173	12.5999999999985	3379
#E5E5E5	#CB958F	48172.6	13	3379
#F8F8F8	#ECD5D2	48173.1	13.5	3380
#F8F8F8	#ECD5D2	48173.5	13.9000000000015	3380
#F8F8F8	#ECD5D2	48173.9	13.5	3380
#F8F8F8	#ECD5D2	48173.5	13.0999999999985	3380
#F8F8F8	#ECD5D2	48173.1	13.5	3380
#E7E7E7	#C1857E	48173.6	14	3381
#E7E7E7	#C1857E	48174	14.4000000000015	3381
#E7E7E7	#C1857E	48174.4	14	3381
#E7E7E7	#C1857E	48174	13.5999999999985	3381
#E7E7E7	#C1857E	48173.6	14	3381
#FEFEFE	#FCF7F7	48174.1	14.5	3382
#FEFEFE	#FCF7F7	48174.5	14.9000000000015	3382
#FEFEFE	#FCF7F7	48174.9	14.5	3382
#FEFEFE	#FCF7F7	48174.5	14.0999999999985	3382
#FEFEFE	#FCF7F7	48174.1	14.5	3382
#FDFDFD	#EFEDF7	48174.6	15	3383
#FDFDFD	#EFEDF7	48175	15.4000000000015	3383
#FDFDFD	#EFEDF7	48175.4	15	3383
#FDFDFD	#EFEDF7	48175	14.5999999999985	3383
#FDFDFD	#EFEDF7	48174.6	15	3383
#F9F9F9	#E1BFBB	48175.1	15.5	3384
#F9F9F9	#E1BFBB	48175.5	15.9000000000015	3384
#F9F9F9	#E1BFBB	48175.9	15.5	3384
#F9F9F9	#E1BFBB	48175.5	15.0999999999985	3384
#F9F9F9	#E1BFBB	48175.1	15.5	3384
#FEFEFE	#FCF7F7	48175.6	16	3385
#FEFEFE	#FCF7F7	48176	16.4000000000015	3385
#FEFEFE	#FCF7F7	48176.4	16	3385
#FEFEFE	#FCF7F7	48176	15.5999999999985	3385
#FEFEFE	#FCF7F7	48175.6	16	3385
#F7F7F7	#E7CAC6	48176.1	16.5	3386
#F7F7F7	#E7CAC6	48176.5	16.9000000000015	3386
#F7F7F7	#E7CAC6	48176.9	16.5	3386
#F7F7F7	#E7CAC6	48176.5	16.0999999999985	3386
#F7F7F7	#E7CAC6	48176.1	16.5	3386
#DCDCDC	#8C322F	48176.6	17	3387
#DCDCDC	#8C322F	48177	17.4000000000015	3387
#DCDCDC	#8C322F	48177.4	17	3387
#DCDCDC	#8C322F	48177	16.5999999999985	3387
#DCDCDC	#8C322F	48176.6	17	3387
#EAEAEA	#D1A09A	48177.1	17.5	3388
#EAEAEA	#D1A09A	48177.5	17.9000000000015	3388
#EAEAEA	#D1A09A	48177.9	17.5	3388
#EAEAEA	#D1A09A	48177.5	17.0999999999985	3388
#EAEAEA	#D1A09A	48177.1	17.5	3388
#FBFBFB	#E8CDCA	48177.6	18	3389
#FBFBFB	#E8CDCA	48178	18.4000000000015	3389
#FBFBFB	#E8CDCA	48178.4	18	3389
#FBFBFB	#E8CDCA	48178	17.5999999999985	3389
#FBFBFB	#E8CDCA	48177.6	18	3389
#FAFAFA	#E4C5C1	48178.1	18.5	3390
#FAFAFA	#E4C5C1	48178.5	18.9000000000015	3390
#FAFAFA	#E4C5C1	48178.9	18.5	3390
#FAFAFA	#E4C5C1	48178.5	18.0999999999985	3390
#FAFAFA	#E4C5C1	48178.1	18.5	3390
#E6E6E6	#98443E	48178.6	19	3391
#E6E6E6	#98443E	48179	19.4000000000015	3391
#E6E6E6	#98443E	48179.4	19	3391
#E6E6E6	#98443E	48179	18.5999999999985	3391
#E6E6E6	#98443E	48178.6	19	3391
#FEFEFE	#F9F8FC	48179.1	19.5	3392
#FEFEFE	#F9F8FC	48179.5	19.9000000000015	3392
#FEFEFE	#F9F8FC	48179.9	19.5	3392
#FEFEFE	#F9F8FC	48179.5	19.0999999999985	3392
#FEFEFE	#F9F8FC	48179.1	19.5	3392
#9F9F9F	#F6EBEA	48160.6	0	3393
#9F9F9F	#F6EBEA	48161	0.400000000001455	3393
#9F9F9F	#F6EBEA	48161.4	0	3393
#9F9F9F	#F6EBEA	48161	-0.400000000001455	3393
#9F9F9F	#F6EBEA	48160.6	0	3393
#737373	#F2E3E1	48161.1	0.5	3394
#737373	#F2E3E1	48161.5	0.900000000001455	3394
#737373	#F2E3E1	48161.9	0.5	3394
#737373	#F2E3E1	48161.5	0.0999999999985448	3394
#737373	#F2E3E1	48161.1	0.5	3394
#545454	#EFDBD8	48161.6	1	3395
#545454	#EFDBD8	48162	1.40000000000146	3395
#545454	#EFDBD8	48162.4	1	3395
#545454	#EFDBD8	48162	0.599999999998545	3395
#545454	#EFDBD8	48161.6	1	3395
#545454	#EFDCDA	48162.1	1.5	3396
#545454	#EFDCDA	48162.5	1.90000000000146	3396
#545454	#EFDCDA	48162.9	1.5	3396
#545454	#EFDCDA	48162.5	1.09999999999854	3396
#545454	#EFDCDA	48162.1	1.5	3396
#F3F3F3	#FDF9F9	48162.6	2	3397
#F3F3F3	#FDF9F9	48163	2.40000000000146	3397
#F3F3F3	#FDF9F9	48163.4	2	3397
#F3F3F3	#FDF9F9	48163	1.59999999999854	3397
#F3F3F3	#FDF9F9	48162.6	2	3397
#BCBCBC	#F4E5E3	48163.1	2.5	3398
#BCBCBC	#F4E5E3	48163.5	2.90000000000146	3398
#BCBCBC	#F4E5E3	48163.9	2.5	3398
#BCBCBC	#F4E5E3	48163.5	2.09999999999854	3398
#BCBCBC	#F4E5E3	48163.1	2.5	3398
#E2E2E2	#F6F5FA	48163.6	3	3399
#E2E2E2	#F6F5FA	48164	3.40000000000146	3399
#E2E2E2	#F6F5FA	48164.4	3	3399
#E2E2E2	#F6F5FA	48164	2.59999999999855	3399
#E2E2E2	#F6F5FA	48163.6	3	3399
#C8C8C8	#F0EEF7	48164.1	3.5	3400
#C8C8C8	#F0EEF7	48164.5	3.90000000000146	3400
#C8C8C8	#F0EEF7	48164.9	3.5	3400
#C8C8C8	#F0EEF7	48164.5	3.09999999999855	3400
#C8C8C8	#F0EEF7	48164.1	3.5	3400
#CACACA	#F1EFF7	48164.6	4	3401
#CACACA	#F1EFF7	48165	4.40000000000146	3401
#CACACA	#F1EFF7	48165.4	4	3401
#CACACA	#F1EFF7	48165	3.59999999999855	3401
#CACACA	#F1EFF7	48164.6	4	3401
#595959	#DCD7EC	48165.1	4.5	3402
#595959	#DCD7EC	48165.5	4.90000000000146	3402
#595959	#DCD7EC	48165.9	4.5	3402
#595959	#DCD7EC	48165.5	4.09999999999855	3402
#595959	#DCD7EC	48165.1	4.5	3402
#C1C1C1	#ECE9F5	48165.6	5	3403
#C1C1C1	#ECE9F5	48166	5.40000000000146	3403
#C1C1C1	#ECE9F5	48166.4	5	3403
#C1C1C1	#ECE9F5	48166	4.59999999999855	3403
#C1C1C1	#ECE9F5	48165.6	5	3403
#DADADA	#F7EDEB	48166.1	5.5	3404
#DADADA	#F7EDEB	48166.5	5.90000000000146	3404
#DADADA	#F7EDEB	48166.9	5.5	3404
#DADADA	#F7EDEB	48166.5	5.09999999999855	3404
#DADADA	#F7EDEB	48166.1	5.5	3404
#E2E2E2	#F8EFEE	48166.6	6	3405
#E2E2E2	#F8EFEE	48167	6.40000000000146	3405
#E2E2E2	#F8EFEE	48167.4	6	3405
#E2E2E2	#F8EFEE	48167	5.59999999999855	3405
#E2E2E2	#F8EFEE	48166.6	6	3405
#FFFFFF	#FFFFFE	48167.1	6.5	3406
#FFFFFF	#FFFFFE	48167.5	6.90000000000146	3406
#FFFFFF	#FFFFFE	48167.9	6.5	3406
#FFFFFF	#FFFFFE	48167.5	6.09999999999855	3406
#FFFFFF	#FFFFFE	48167.1	6.5	3406
#FFFFFF	#FFFFFF	48167.6	7	3407
#FFFFFF	#FFFFFF	48168	7.40000000000146	3407
#FFFFFF	#FFFFFF	48168.4	7	3407
#FFFFFF	#FFFFFF	48168	6.59999999999855	3407
#FFFFFF	#FFFFFF	48167.6	7	3407
#FBFBFB	#FBFBFD	48168.1	7.5	3408
#FBFBFB	#FBFBFD	48168.5	7.90000000000146	3408
#FBFBFB	#FBFBFD	48168.9	7.5	3408
#FBFBFB	#FBFBFD	48168.5	7.09999999999855	3408
#FBFBFB	#FBFBFD	48168.1	7.5	3408
#FEFEFE	#FEFDFE	48168.6	8	3409
#FEFEFE	#FEFDFE	48169	8.40000000000146	3409
#FEFEFE	#FEFDFE	48169.4	8	3409
#FEFEFE	#FEFDFE	48169	7.59999999999855	3409
#FEFEFE	#FEFDFE	48168.6	8	3409
#FDFDFD	#FEFCFC	48169.1	8.5	3410
#FDFDFD	#FEFCFC	48169.5	8.90000000000146	3410
#FDFDFD	#FEFCFC	48169.9	8.5	3410
#FDFDFD	#FEFCFC	48169.5	8.09999999999855	3410
#FDFDFD	#FEFCFC	48169.1	8.5	3410
#E5E5E5	#F5E9E8	48169.6	9	3411
#E5E5E5	#F5E9E8	48170	9.40000000000146	3411
#E5E5E5	#F5E9E8	48170.4	9	3411
#E5E5E5	#F5E9E8	48170	8.59999999999855	3411
#E5E5E5	#F5E9E8	48169.6	9	3411
#ECECEC	#F7ECEB	48170.1	9.5	3412
#ECECEC	#F7ECEB	48170.5	9.90000000000146	3412
#ECECEC	#F7ECEB	48170.9	9.5	3412
#ECECEC	#F7ECEB	48170.5	9.09999999999854	3412
#ECECEC	#F7ECEB	48170.1	9.5	3412
#E0E0E0	#EFDBD9	48170.6	10	3413
#E0E0E0	#EFDBD9	48171	10.4000000000015	3413
#E0E0E0	#EFDBD9	48171.4	10	3413
#E0E0E0	#EFDBD9	48171	9.59999999999854	3413
#E0E0E0	#EFDBD9	48170.6	10	3413
#F9F9F9	#FAF4F3	48171.1	10.5	3414
#F9F9F9	#FAF4F3	48171.5	10.9000000000015	3414
#F9F9F9	#FAF4F3	48171.9	10.5	3414
#F9F9F9	#FAF4F3	48171.5	10.0999999999985	3414
#F9F9F9	#FAF4F3	48171.1	10.5	3414
#F1F1F1	#F1DFDD	48171.6	11	3415
#F1F1F1	#F1DFDD	48172	11.4000000000015	3415
#F1F1F1	#F1DFDD	48172.4	11	3415
#F1F1F1	#F1DFDD	48172	10.5999999999985	3415
#F1F1F1	#F1DFDD	48171.6	11	3415
#E2E2E2	#D3A49F	48172.1	11.5	3416
#E2E2E2	#D3A49F	48172.5	11.9000000000015	3416
#E2E2E2	#D3A49F	48172.9	11.5	3416
#E2E2E2	#D3A49F	48172.5	11.0999999999985	3416
#E2E2E2	#D3A49F	48172.1	11.5	3416
#E8E8E8	#D8AEA9	48172.6	12	3417
#E8E8E8	#D8AEA9	48173	12.4000000000015	3417
#E8E8E8	#D8AEA9	48173.4	12	3417
#E8E8E8	#D8AEA9	48173	11.5999999999985	3417
#E8E8E8	#D8AEA9	48172.6	12	3417
#F3F3F3	#E4C4C0	48173.1	12.5	3418
#F3F3F3	#E4C4C0	48173.5	12.9000000000015	3418
#F3F3F3	#E4C4C0	48173.9	12.5	3418
#F3F3F3	#E4C4C0	48173.5	12.0999999999985	3418
#F3F3F3	#E4C4C0	48173.1	12.5	3418
#EEEEEE	#CA948E	48173.6	13	3419
#EEEEEE	#CA948E	48174	13.4000000000015	3419
#EEEEEE	#CA948E	48174.4	13	3419
#EEEEEE	#CA948E	48174	12.5999999999985	3419
#EEEEEE	#CA948E	48173.6	13	3419
#F1F1F1	#DFBBB6	48174.1	13.5	3420
#F1F1F1	#DFBBB6	48174.5	13.9000000000015	3420
#F1F1F1	#DFBBB6	48174.9	13.5	3420
#F1F1F1	#DFBBB6	48174.5	13.0999999999985	3420
#F1F1F1	#DFBBB6	48174.1	13.5	3420
#F5F5F5	#D8ACA7	48174.6	14	3421
#F5F5F5	#D8ACA7	48175	14.4000000000015	3421
#F5F5F5	#D8ACA7	48175.4	14	3421
#F5F5F5	#D8ACA7	48175	13.5999999999985	3421
#F5F5F5	#D8ACA7	48174.6	14	3421
#F5F5F5	#E0BDB9	48175.1	14.5	3422
#F5F5F5	#E0BDB9	48175.5	14.9000000000015	3422
#F5F5F5	#E0BDB9	48175.9	14.5	3422
#F5F5F5	#E0BDB9	48175.5	14.0999999999985	3422
#F5F5F5	#E0BDB9	48175.1	14.5	3422
#FDFDFD	#F9F2F1	48175.6	15	3423
#FDFDFD	#F9F2F1	48176	15.4000000000015	3423
#FDFDFD	#F9F2F1	48176.4	15	3423
#FDFDFD	#F9F2F1	48176	14.5999999999985	3423
#FDFDFD	#F9F2F1	48175.6	15	3423
#FFFFFF	#FFFFFF	48176.1	15.5	3424
#FFFFFF	#FFFFFF	48176.5	15.9000000000015	3424
#FFFFFF	#FFFFFF	48176.9	15.5	3424
#FFFFFF	#FFFFFF	48176.5	15.0999999999985	3424
#FFFFFF	#FFFFFF	48176.1	15.5	3424
#F2F2F2	#E1BEBA	48176.6	16	3425
#F2F2F2	#E1BEBA	48177	16.4000000000015	3425
#F2F2F2	#E1BEBA	48177.4	16	3425
#F2F2F2	#E1BEBA	48177	15.5999999999985	3425
#F2F2F2	#E1BEBA	48176.6	16	3425
#ECECEC	#C58C85	48177.1	16.5	3426
#ECECEC	#C58C85	48177.5	16.9000000000015	3426
#ECECEC	#C58C85	48177.9	16.5	3426
#ECECEC	#C58C85	48177.5	16.0999999999985	3426
#ECECEC	#C58C85	48177.1	16.5	3426
#F7F7F7	#EAD0CD	48177.6	17	3427
#F7F7F7	#EAD0CD	48178	17.4000000000015	3427
#F7F7F7	#EAD0CD	48178.4	17	3427
#F7F7F7	#EAD0CD	48178	16.5999999999985	3427
#F7F7F7	#EAD0CD	48177.6	17	3427
#F2F2F2	#D1A19B	48178.1	17.5	3428
#F2F2F2	#D1A19B	48178.5	17.9000000000015	3428
#F2F2F2	#D1A19B	48178.9	17.5	3428
#F2F2F2	#D1A19B	48178.5	17.0999999999985	3428
#F2F2F2	#D1A19B	48178.1	17.5	3428
#FBFBFB	#F0DDDB	48178.6	18	3429
#FBFBFB	#F0DDDB	48179	18.4000000000015	3429
#FBFBFB	#F0DDDB	48179.4	18	3429
#FBFBFB	#F0DDDB	48179	17.5999999999985	3429
#FBFBFB	#F0DDDB	48178.6	18	3429
#FEFEFE	#F9F0EF	48179.1	18.5	3430
#FEFEFE	#F9F0EF	48179.5	18.9000000000015	3430
#FEFEFE	#F9F0EF	48179.9	18.5	3430
#FEFEFE	#F9F0EF	48179.5	18.0999999999985	3430
#FEFEFE	#F9F0EF	48179.1	18.5	3430
#FAFAFA	#F3E3E1	48179.6	19	3431
#FAFAFA	#F3E3E1	48180	19.4000000000015	3431
#FAFAFA	#F3E3E1	48180.4	19	3431
#FAFAFA	#F3E3E1	48180	18.5999999999985	3431
#FAFAFA	#F3E3E1	48179.6	19	3431
#B1B1B1	#F8EEED	48161.6	0	3432
#B1B1B1	#F8EEED	48162	0.400000000001455	3432
#B1B1B1	#F8EEED	48162.4	0	3432
#B1B1B1	#F8EEED	48162	-0.400000000001455	3432
#B1B1B1	#F8EEED	48161.6	0	3432
#F8F8F8	#FDFBFB	48162.1	0.5	3433
#F8F8F8	#FDFBFB	48162.5	0.900000000001455	3433
#F8F8F8	#FDFBFB	48162.9	0.5	3433
#F8F8F8	#FDFBFB	48162.5	0.0999999999985448	3433
#F8F8F8	#FDFBFB	48162.1	0.5	3433
#EAEAEA	#FBF7F6	48162.6	1	3434
#EAEAEA	#FBF7F6	48163	1.40000000000146	3434
#EAEAEA	#FBF7F6	48163.4	1	3434
#EAEAEA	#FBF7F6	48163	0.599999999998545	3434
#EAEAEA	#FBF7F6	48162.6	1	3434
#FAFAFA	#FCFCFE	48163.1	1.5	3435
#FAFAFA	#FCFCFE	48163.5	1.90000000000146	3435
#FAFAFA	#FCFCFE	48163.9	1.5	3435
#FAFAFA	#FCFCFE	48163.5	1.09999999999854	3435
#FAFAFA	#FCFCFE	48163.1	1.5	3435
#C0C0C0	#F4E5E3	48163.6	2	3436
#C0C0C0	#F4E5E3	48164	2.40000000000146	3436
#C0C0C0	#F4E5E3	48164.4	2	3436
#C0C0C0	#F4E5E3	48164	1.59999999999854	3436
#C0C0C0	#F4E5E3	48163.6	2	3436
#EEEEEE	#F9F8FC	48164.1	2.5	3437
#EEEEEE	#F9F8FC	48164.5	2.90000000000146	3437
#EEEEEE	#F9F8FC	48164.9	2.5	3437
#EEEEEE	#F9F8FC	48164.5	2.09999999999854	3437
#EEEEEE	#F9F8FC	48164.1	2.5	3437
#C9C9C9	#F0EEF7	48164.6	3	3438
#C9C9C9	#F0EEF7	48165	3.40000000000146	3438
#C9C9C9	#F0EEF7	48165.4	3	3438
#C9C9C9	#F0EEF7	48165	2.59999999999855	3438
#C9C9C9	#F0EEF7	48164.6	3	3438
#EAEAEA	#F7F6FB	48165.1	3.5	3439
#EAEAEA	#F7F6FB	48165.5	3.90000000000146	3439
#EAEAEA	#F7F6FB	48165.9	3.5	3439
#EAEAEA	#F7F6FB	48165.5	3.09999999999855	3439
#EAEAEA	#F7F6FB	48165.1	3.5	3439
#DADADA	#F2F0F8	48165.6	4	3440
#DADADA	#F2F0F8	48166	4.40000000000146	3440
#DADADA	#F2F0F8	48166.4	4	3440
#DADADA	#F2F0F8	48166	3.59999999999855	3440
#DADADA	#F2F0F8	48165.6	4	3440
#F7F7F7	#FAF9FC	48166.1	4.5	3441
#F7F7F7	#FAF9FC	48166.5	4.90000000000146	3441
#F7F7F7	#FAF9FC	48166.9	4.5	3441
#F7F7F7	#FAF9FC	48166.5	4.09999999999855	3441
#F7F7F7	#FAF9FC	48166.1	4.5	3441
#C6C6C6	#F3E5E3	48166.6	5	3442
#C6C6C6	#F3E5E3	48167	5.40000000000146	3442
#C6C6C6	#F3E5E3	48167.4	5	3442
#C6C6C6	#F3E5E3	48167	4.59999999999855	3442
#C6C6C6	#F3E5E3	48166.6	5	3442
#D3D3D3	#F6E9E8	48167.1	5.5	3443
#D3D3D3	#F6E9E8	48167.5	5.90000000000146	3443
#D3D3D3	#F6E9E8	48167.9	5.5	3443
#D3D3D3	#F6E9E8	48167.5	5.09999999999855	3443
#D3D3D3	#F6E9E8	48167.1	5.5	3443
#E5E5E5	#F8EFEE	48167.6	6	3444
#E5E5E5	#F8EFEE	48168	6.40000000000146	3444
#E5E5E5	#F8EFEE	48168.4	6	3444
#E5E5E5	#F8EFEE	48168	5.59999999999855	3444
#E5E5E5	#F8EFEE	48167.6	6	3444
#F2F2F2	#FAF4F3	48168.1	6.5	3445
#F2F2F2	#FAF4F3	48168.5	6.90000000000146	3445
#F2F2F2	#FAF4F3	48168.9	6.5	3445
#F2F2F2	#FAF4F3	48168.5	6.09999999999855	3445
#F2F2F2	#FAF4F3	48168.1	6.5	3445
#FBFBFB	#FDFAFA	48168.6	7	3446
#FBFBFB	#FDFAFA	48169	7.40000000000146	3446
#FBFBFB	#FDFAFA	48169.4	7	3446
#FBFBFB	#FDFAFA	48169	6.59999999999855	3446
#FBFBFB	#FDFAFA	48168.6	7	3446
#F2F2F2	#F9F2F1	48169.1	7.5	3447
#F2F2F2	#F9F2F1	48169.5	7.90000000000146	3447
#F2F2F2	#F9F2F1	48169.9	7.5	3447
#F2F2F2	#F9F2F1	48169.5	7.09999999999855	3447
#F2F2F2	#F9F2F1	48169.1	7.5	3447
#DDDDDD	#F5E9E8	48169.6	8	3448
#DDDDDD	#F5E9E8	48170	8.40000000000146	3448
#DDDDDD	#F5E9E8	48170.4	8	3448
#DDDDDD	#F5E9E8	48170	7.59999999999855	3448
#DDDDDD	#F5E9E8	48169.6	8	3448
#D1D1D1	#F0DEDC	48170.1	8.5	3449
#D1D1D1	#F0DEDC	48170.5	8.90000000000146	3449
#D1D1D1	#F0DEDC	48170.9	8.5	3449
#D1D1D1	#F0DEDC	48170.5	8.09999999999855	3449
#D1D1D1	#F0DEDC	48170.1	8.5	3449
#DFDFDF	#F2E1DF	48170.6	9	3450
#DFDFDF	#F2E1DF	48171	9.40000000000146	3450
#DFDFDF	#F2E1DF	48171.4	9	3450
#DFDFDF	#F2E1DF	48171	8.59999999999855	3450
#DFDFDF	#F2E1DF	48170.6	9	3450
#CBCBCB	#EAD1CD	48171.1	9.5	3451
#CBCBCB	#EAD1CD	48171.5	9.90000000000146	3451
#CBCBCB	#EAD1CD	48171.9	9.5	3451
#CBCBCB	#EAD1CD	48171.5	9.09999999999854	3451
#CBCBCB	#EAD1CD	48171.1	9.5	3451
#E3E3E3	#F1E1DE	48171.6	10	3452
#E3E3E3	#F1E1DE	48172	10.4000000000015	3452
#E3E3E3	#F1E1DE	48172.4	10	3452
#E3E3E3	#F1E1DE	48172	9.59999999999854	3452
#E3E3E3	#F1E1DE	48171.6	10	3452
#E2E2E2	#E7CBC8	48172.1	10.5	3453
#E2E2E2	#E7CBC8	48172.5	10.9000000000015	3453
#E2E2E2	#E7CBC8	48172.9	10.5	3453
#E2E2E2	#E7CBC8	48172.5	10.0999999999985	3453
#E2E2E2	#E7CBC8	48172.1	10.5	3453
#F6F6F6	#F0DDDB	48172.6	11	3454
#F6F6F6	#F0DDDB	48173	11.4000000000015	3454
#F6F6F6	#F0DDDB	48173.4	11	3454
#F6F6F6	#F0DDDB	48173	10.5999999999985	3454
#F6F6F6	#F0DDDB	48172.6	11	3454
#EEEEEE	#E4C4C0	48173.1	11.5	3455
#EEEEEE	#E4C4C0	48173.5	11.9000000000015	3455
#EEEEEE	#E4C4C0	48173.9	11.5	3455
#EEEEEE	#E4C4C0	48173.5	11.0999999999985	3455
#EEEEEE	#E4C4C0	48173.1	11.5	3455
#F6F6F6	#E8CECA	48173.6	12	3456
#F6F6F6	#E8CECA	48174	12.4000000000015	3456
#F6F6F6	#E8CECA	48174.4	12	3456
#F6F6F6	#E8CECA	48174	11.5999999999985	3456
#F6F6F6	#E8CECA	48173.6	12	3456
#FBFBFB	#F5E8E6	48174.1	12.5	3457
#FBFBFB	#F5E8E6	48174.5	12.9000000000015	3457
#FBFBFB	#F5E8E6	48174.9	12.5	3457
#FBFBFB	#F5E8E6	48174.5	12.0999999999985	3457
#FBFBFB	#F5E8E6	48174.1	12.5	3457
#E4E4E4	#BD7D76	48174.6	13	3458
#E4E4E4	#BD7D76	48175	13.4000000000015	3458
#E4E4E4	#BD7D76	48175.4	13	3458
#E4E4E4	#BD7D76	48175	12.5999999999985	3458
#E4E4E4	#BD7D76	48174.6	13	3458
#E6E6E6	#C0837C	48175.1	13.5	3459
#E6E6E6	#C0837C	48175.5	13.9000000000015	3459
#E6E6E6	#C0837C	48175.9	13.5	3459
#E6E6E6	#C0837C	48175.5	13.0999999999985	3459
#E6E6E6	#C0837C	48175.1	13.5	3459
#EEEEEE	#CA948D	48175.6	14	3460
#EEEEEE	#CA948D	48176	14.4000000000015	3460
#EEEEEE	#CA948D	48176.4	14	3460
#EEEEEE	#CA948D	48176	13.5999999999985	3460
#EEEEEE	#CA948D	48175.6	14	3460
#FCFCFC	#F3E3E1	48176.1	14.5	3461
#FCFCFC	#F3E3E1	48176.5	14.9000000000015	3461
#FCFCFC	#F3E3E1	48176.9	14.5	3461
#FCFCFC	#F3E3E1	48176.5	14.0999999999985	3461
#FCFCFC	#F3E3E1	48176.1	14.5	3461
#FEFEFE	#FBFAFD	48176.6	15	3462
#FEFEFE	#FBFAFD	48177	15.4000000000015	3462
#FEFEFE	#FBFAFD	48177.4	15	3462
#FEFEFE	#FBFAFD	48177	14.5999999999985	3462
#FEFEFE	#FBFAFD	48176.6	15	3462
#EEEEEE	#CA948E	48177.1	15.5	3463
#EEEEEE	#CA948E	48177.5	15.9000000000015	3463
#EEEEEE	#CA948E	48177.9	15.5	3463
#EEEEEE	#CA948E	48177.5	15.0999999999985	3463
#EEEEEE	#CA948E	48177.1	15.5	3463
#FDFDFD	#F6EBEA	48177.6	16	3464
#FDFDFD	#F6EBEA	48178	16.4000000000015	3464
#FDFDFD	#F6EBEA	48178.4	16	3464
#FDFDFD	#F6EBEA	48178	15.5999999999985	3464
#FDFDFD	#F6EBEA	48177.6	16	3464
#F7F7F7	#E9CECA	48178.1	16.5	3465
#F7F7F7	#E9CECA	48178.5	16.9000000000015	3465
#F7F7F7	#E9CECA	48178.9	16.5	3465
#F7F7F7	#E9CECA	48178.5	16.0999999999985	3465
#F7F7F7	#E9CECA	48178.1	16.5	3465
#F6F6F6	#E1BEBA	48178.6	17	3466
#F6F6F6	#E1BEBA	48179	17.4000000000015	3466
#F6F6F6	#E1BEBA	48179.4	17	3466
#F6F6F6	#E1BEBA	48179	16.5999999999985	3466
#F6F6F6	#E1BEBA	48178.6	17	3466
#FAFAFA	#ECD4D1	48179.1	17.5	3467
#FAFAFA	#ECD4D1	48179.5	17.9000000000015	3467
#FAFAFA	#ECD4D1	48179.9	17.5	3467
#FAFAFA	#ECD4D1	48179.5	17.0999999999985	3467
#FAFAFA	#ECD4D1	48179.1	17.5	3467
#FDFDFD	#F4F3F9	48179.6	18	3468
#FDFDFD	#F4F3F9	48180	18.4000000000015	3468
#FDFDFD	#F4F3F9	48180.4	18	3468
#FDFDFD	#F4F3F9	48180	17.5999999999985	3468
#FDFDFD	#F4F3F9	48179.6	18	3468
#F4F4F4	#EAD1CE	48180.1	18.5	3469
#F4F4F4	#EAD1CE	48180.5	18.9000000000015	3469
#F4F4F4	#EAD1CE	48180.9	18.5	3469
#F4F4F4	#EAD1CE	48180.5	18.0999999999985	3469
#F4F4F4	#EAD1CE	48180.1	18.5	3469
#979797	#F6EAE8	48162.6	0	3470
#979797	#F6EAE8	48163	0.400000000001455	3470
#979797	#F6EAE8	48163.4	0	3470
#979797	#F6EAE8	48163	-0.400000000001455	3470
#979797	#F6EAE8	48162.6	0	3470
#F4F4F4	#FDFAFA	48163.1	0.5	3471
#F4F4F4	#FDFAFA	48163.5	0.900000000001455	3471
#F4F4F4	#FDFAFA	48163.9	0.5	3471
#F4F4F4	#FDFAFA	48163.5	0.0999999999985448	3471
#F4F4F4	#FDFAFA	48163.1	0.5	3471
#FDFDFD	#FEFDFD	48163.6	1	3472
#FDFDFD	#FEFDFD	48164	1.40000000000146	3472
#FDFDFD	#FEFDFD	48164.4	1	3472
#FDFDFD	#FEFDFD	48164	0.599999999998545	3472
#FDFDFD	#FEFDFD	48163.6	1	3472
#D8D8D8	#F7ECEB	48164.1	1.5	3473
#D8D8D8	#F7ECEB	48164.5	1.90000000000146	3473
#D8D8D8	#F7ECEB	48164.9	1.5	3473
#D8D8D8	#F7ECEB	48164.5	1.09999999999854	3473
#D8D8D8	#F7ECEB	48164.1	1.5	3473
#FAFAFA	#FCFCFD	48164.6	2	3474
#FAFAFA	#FCFCFD	48165	2.40000000000146	3474
#FAFAFA	#FCFCFD	48165.4	2	3474
#FAFAFA	#FCFCFD	48165	1.59999999999854	3474
#FAFAFA	#FCFCFD	48164.6	2	3474
#E9E9E9	#F6F5FA	48165.1	2.5	3475
#E9E9E9	#F6F5FA	48165.5	2.90000000000146	3475
#E9E9E9	#F6F5FA	48165.9	2.5	3475
#E9E9E9	#F6F5FA	48165.5	2.09999999999854	3475
#E9E9E9	#F6F5FA	48165.1	2.5	3475
#F4F4F4	#FCF8F7	48165.6	3	3476
#F4F4F4	#FCF8F7	48166	3.40000000000146	3476
#F4F4F4	#FCF8F7	48166.4	3	3476
#F4F4F4	#FCF8F7	48166	2.59999999999855	3476
#F4F4F4	#FCF8F7	48165.6	3	3476
#EFEFEF	#F7F6FB	48166.1	3.5	3477
#EFEFEF	#F7F6FB	48166.5	3.90000000000146	3477
#EFEFEF	#F7F6FB	48166.9	3.5	3477
#EFEFEF	#F7F6FB	48166.5	3.09999999999855	3477
#EFEFEF	#F7F6FB	48166.1	3.5	3477
#FDFDFD	#FEFDFD	48166.6	4	3478
#FDFDFD	#FEFDFD	48167	4.40000000000146	3478
#FDFDFD	#FEFDFD	48167.4	4	3478
#FDFDFD	#FEFDFD	48167	3.59999999999855	3478
#FDFDFD	#FEFDFD	48166.6	4	3478
#B3B3B3	#F0DDDA	48167.1	4.5	3479
#B3B3B3	#F0DDDA	48167.5	4.90000000000146	3479
#B3B3B3	#F0DDDA	48167.9	4.5	3479
#B3B3B3	#F0DDDA	48167.5	4.09999999999855	3479
#B3B3B3	#F0DDDA	48167.1	4.5	3479
#BFBFBF	#F1E0DE	48167.6	5	3480
#BFBFBF	#F1E0DE	48168	5.40000000000146	3480
#BFBFBF	#F1E0DE	48168.4	5	3480
#BFBFBF	#F1E0DE	48168	4.59999999999855	3480
#BFBFBF	#F1E0DE	48167.6	5	3480
#EBEBEB	#F9F0EF	48168.1	5.5	3481
#EBEBEB	#F9F0EF	48168.5	5.90000000000146	3481
#EBEBEB	#F9F0EF	48168.9	5.5	3481
#EBEBEB	#F9F0EF	48168.5	5.09999999999855	3481
#EBEBEB	#F9F0EF	48168.1	5.5	3481
#EDEDED	#F8EFEE	48168.6	6	3482
#EDEDED	#F8EFEE	48169	6.40000000000146	3482
#EDEDED	#F8EFEE	48169.4	6	3482
#EDEDED	#F8EFEE	48169	5.59999999999855	3482
#EDEDED	#F8EFEE	48168.6	6	3482
#EFEFEF	#F8F0EE	48169.1	6.5	3483
#EFEFEF	#F8F0EE	48169.5	6.90000000000146	3483
#EFEFEF	#F8F0EE	48169.9	6.5	3483
#EFEFEF	#F8F0EE	48169.5	6.09999999999855	3483
#EFEFEF	#F8F0EE	48169.1	6.5	3483
#FAFAFA	#FCF8F7	48169.6	7	3484
#FAFAFA	#FCF8F7	48170	7.40000000000146	3484
#FAFAFA	#FCF8F7	48170.4	7	3484
#FAFAFA	#FCF8F7	48170	6.59999999999855	3484
#FAFAFA	#FCF8F7	48169.6	7	3484
#EBEBEB	#F7EDEC	48170.1	7.5	3485
#EBEBEB	#F7EDEC	48170.5	7.90000000000146	3485
#EBEBEB	#F7EDEC	48170.9	7.5	3485
#EBEBEB	#F7EDEC	48170.5	7.09999999999855	3485
#EBEBEB	#F7EDEC	48170.1	7.5	3485
#CDCDCD	#EEDAD7	48170.6	8	3486
#CDCDCD	#EEDAD7	48171	8.40000000000146	3486
#CDCDCD	#EEDAD7	48171.4	8	3486
#CDCDCD	#EEDAD7	48171	7.59999999999855	3486
#CDCDCD	#EEDAD7	48170.6	8	3486
#CFCFCF	#EDD7D4	48171.1	8.5	3487
#CFCFCF	#EDD7D4	48171.5	8.90000000000146	3487
#CFCFCF	#EDD7D4	48171.9	8.5	3487
#CFCFCF	#EDD7D4	48171.5	8.09999999999855	3487
#CFCFCF	#EDD7D4	48171.1	8.5	3487
#E0E0E0	#EFDBD8	48171.6	9	3488
#E0E0E0	#EFDBD8	48172	9.40000000000146	3488
#E0E0E0	#EFDBD8	48172.4	9	3488
#E0E0E0	#EFDBD8	48172	8.59999999999855	3488
#E0E0E0	#EFDBD8	48171.6	9	3488
#ECECEC	#F3E4E2	48172.1	9.5	3489
#ECECEC	#F3E4E2	48172.5	9.90000000000146	3489
#ECECEC	#F3E4E2	48172.9	9.5	3489
#ECECEC	#F3E4E2	48172.5	9.09999999999854	3489
#ECECEC	#F3E4E2	48172.1	9.5	3489
#E8E8E8	#EDD7D4	48172.6	10	3490
#E8E8E8	#EDD7D4	48173	10.4000000000015	3490
#E8E8E8	#EDD7D4	48173.4	10	3490
#E8E8E8	#EDD7D4	48173	9.59999999999854	3490
#E8E8E8	#EDD7D4	48172.6	10	3490
#EAEAEA	#E1BFBA	48173.1	10.5	3491
#EAEAEA	#E1BFBA	48173.5	10.9000000000015	3491
#EAEAEA	#E1BFBA	48173.9	10.5	3491
#EAEAEA	#E1BFBA	48173.5	10.0999999999985	3491
#EAEAEA	#E1BFBA	48173.1	10.5	3491
#FDFDFD	#F9F1F0	48173.6	11	3492
#FDFDFD	#F9F1F0	48174	11.4000000000015	3492
#FDFDFD	#F9F1F0	48174.4	11	3492
#FDFDFD	#F9F1F0	48174	10.5999999999985	3492
#FDFDFD	#F9F1F0	48173.6	11	3492
#F7F7F7	#EBD4D1	48174.1	11.5	3493
#F7F7F7	#EBD4D1	48174.5	11.9000000000015	3493
#F7F7F7	#EBD4D1	48174.9	11.5	3493
#F7F7F7	#EBD4D1	48174.5	11.0999999999985	3493
#F7F7F7	#EBD4D1	48174.1	11.5	3493
#F6F6F6	#EBD3D0	48174.6	12	3494
#F6F6F6	#EBD3D0	48175	12.4000000000015	3494
#F6F6F6	#EBD3D0	48175.4	12	3494
#F6F6F6	#EBD3D0	48175	11.5999999999985	3494
#F6F6F6	#EBD3D0	48174.6	12	3494
#FDFDFD	#F7EDEB	48175.1	12.5	3495
#FDFDFD	#F7EDEB	48175.5	12.9000000000015	3495
#FDFDFD	#F7EDEB	48175.9	12.5	3495
#FDFDFD	#F7EDEB	48175.5	12.0999999999985	3495
#FDFDFD	#F7EDEB	48175.1	12.5	3495
#F7F7F7	#E3C2BE	48175.6	13	3496
#F7F7F7	#E3C2BE	48176	13.4000000000015	3496
#F7F7F7	#E3C2BE	48176.4	13	3496
#F7F7F7	#E3C2BE	48176	12.5999999999985	3496
#F7F7F7	#E3C2BE	48175.6	13	3496
#FBFBFB	#F2E1DF	48176.1	13.5	3497
#FBFBFB	#F2E1DF	48176.5	13.9000000000015	3497
#FBFBFB	#F2E1DF	48176.9	13.5	3497
#FBFBFB	#F2E1DF	48176.5	13.0999999999985	3497
#FBFBFB	#F2E1DF	48176.1	13.5	3497
#FBFBFB	#EFDBD8	48176.6	14	3498
#FBFBFB	#EFDBD8	48177	14.4000000000015	3498
#FBFBFB	#EFDBD8	48177.4	14	3498
#FBFBFB	#EFDBD8	48177	13.5999999999985	3498
#FBFBFB	#EFDBD8	48176.6	14	3498
#F9F9F9	#EED8D6	48177.1	14.5	3499
#F9F9F9	#EED8D6	48177.5	14.9000000000015	3499
#F9F9F9	#EED8D6	48177.9	14.5	3499
#F9F9F9	#EED8D6	48177.5	14.0999999999985	3499
#F9F9F9	#EED8D6	48177.1	14.5	3499
#EFEFEF	#CC9892	48177.6	15	3500
#EFEFEF	#CC9892	48178	15.4000000000015	3500
#EFEFEF	#CC9892	48178.4	15	3500
#EFEFEF	#CC9892	48178	14.5999999999985	3500
#EFEFEF	#CC9892	48177.6	15	3500
#F4F4F4	#DEB9B4	48178.1	15.5	3501
#F4F4F4	#DEB9B4	48178.5	15.9000000000015	3501
#F4F4F4	#DEB9B4	48178.9	15.5	3501
#F4F4F4	#DEB9B4	48178.5	15.0999999999985	3501
#F4F4F4	#DEB9B4	48178.1	15.5	3501
#F5F5F5	#E3C2BE	48178.6	16	3502
#F5F5F5	#E3C2BE	48179	16.4000000000015	3502
#F5F5F5	#E3C2BE	48179.4	16	3502
#F5F5F5	#E3C2BE	48179	15.5999999999985	3502
#F5F5F5	#E3C2BE	48178.6	16	3502
#FDFDFD	#F8EFEE	48179.1	16.5	3503
#FDFDFD	#F8EFEE	48179.5	16.9000000000015	3503
#FDFDFD	#F8EFEE	48179.9	16.5	3503
#FDFDFD	#F8EFEE	48179.5	16.0999999999985	3503
#FDFDFD	#F8EFEE	48179.1	16.5	3503
#FCFCFC	#F2E1DF	48179.6	17	3504
#FCFCFC	#F2E1DF	48180	17.4000000000015	3504
#FCFCFC	#F2E1DF	48180.4	17	3504
#FCFCFC	#F2E1DF	48180	16.5999999999985	3504
#FCFCFC	#F2E1DF	48179.6	17	3504
#FBFBFB	#F2E1DF	48180.1	17.5	3505
#FBFBFB	#F2E1DF	48180.5	17.9000000000015	3505
#FBFBFB	#F2E1DF	48180.9	17.5	3505
#FBFBFB	#F2E1DF	48180.5	17.0999999999985	3505
#FBFBFB	#F2E1DF	48180.1	17.5	3505
#E9E9E9	#D1A09A	48180.6	18	3506
#E9E9E9	#D1A09A	48181	18.4000000000015	3506
#E9E9E9	#D1A09A	48181.4	18	3506
#E9E9E9	#D1A09A	48181	17.5999999999985	3506
#E9E9E9	#D1A09A	48180.6	18	3506
#9A9A9A	#F6EBEA	48163.6	0	3507
#9A9A9A	#F6EBEA	48164	0.400000000001455	3507
#9A9A9A	#F6EBEA	48164.4	0	3507
#9A9A9A	#F6EBEA	48164	-0.400000000001455	3507
#9A9A9A	#F6EBEA	48163.6	0	3507
#F6F6F6	#FDFBFB	48164.1	0.5	3508
#F6F6F6	#FDFBFB	48164.5	0.900000000001455	3508
#F6F6F6	#FDFBFB	48164.9	0.5	3508
#F6F6F6	#FDFBFB	48164.5	0.0999999999985448	3508
#F6F6F6	#FDFBFB	48164.1	0.5	3508
#BEBEBE	#F5E8E7	48164.6	1	3509
#BEBEBE	#F5E8E7	48165	1.40000000000146	3509
#BEBEBE	#F5E8E7	48165.4	1	3509
#BEBEBE	#F5E8E7	48165	0.599999999998545	3509
#BEBEBE	#F5E8E7	48164.6	1	3509
#F6F6F6	#FDFAFA	48165.1	1.5	3510
#F6F6F6	#FDFAFA	48165.5	1.90000000000146	3510
#F6F6F6	#FDFAFA	48165.9	1.5	3510
#F6F6F6	#FDFAFA	48165.5	1.09999999999854	3510
#F6F6F6	#FDFAFA	48165.1	1.5	3510
#FCFCFC	#FDFDFE	48165.6	2	3511
#FCFCFC	#FDFDFE	48166	2.40000000000146	3511
#FCFCFC	#FDFDFE	48166.4	2	3511
#FCFCFC	#FDFDFE	48166	1.59999999999854	3511
#FCFCFC	#FDFDFE	48165.6	2	3511
#C1C1C1	#F6EBEA	48166.1	2.5	3512
#C1C1C1	#F6EBEA	48166.5	2.90000000000146	3512
#C1C1C1	#F6EBEA	48166.9	2.5	3512
#C1C1C1	#F6EBEA	48166.5	2.09999999999854	3512
#C1C1C1	#F6EBEA	48166.1	2.5	3512
#E7E7E7	#FAF3F2	48166.6	3	3513
#E7E7E7	#FAF3F2	48167	3.40000000000146	3513
#E7E7E7	#FAF3F2	48167.4	3	3513
#E7E7E7	#FAF3F2	48167	2.59999999999855	3513
#E7E7E7	#FAF3F2	48166.6	3	3513
#E3E3E3	#F9F0EF	48167.1	3.5	3514
#E3E3E3	#F9F0EF	48167.5	3.90000000000146	3514
#E3E3E3	#F9F0EF	48167.9	3.5	3514
#E3E3E3	#F9F0EF	48167.5	3.09999999999855	3514
#E3E3E3	#F9F0EF	48167.1	3.5	3514
#979797	#EDD8D5	48167.6	4	3515
#979797	#EDD8D5	48168	4.40000000000146	3515
#979797	#EDD8D5	48168.4	4	3515
#979797	#EDD8D5	48168	3.59999999999855	3515
#979797	#EDD8D5	48167.6	4	3515
#A7A7A7	#F0DCDA	48168.1	4.5	3516
#A7A7A7	#F0DCDA	48168.5	4.90000000000146	3516
#A7A7A7	#F0DCDA	48168.9	4.5	3516
#A7A7A7	#F0DCDA	48168.5	4.09999999999855	3516
#A7A7A7	#F0DCDA	48168.1	4.5	3516
#B2B2B2	#F1DFDC	48168.6	5	3517
#B2B2B2	#F1DFDC	48169	5.40000000000146	3517
#B2B2B2	#F1DFDC	48169.4	5	3517
#B2B2B2	#F1DFDC	48169	4.59999999999855	3517
#B2B2B2	#F1DFDC	48168.6	5	3517
#B8B8B8	#EFDAD8	48169.1	5.5	3518
#B8B8B8	#EFDAD8	48169.5	5.90000000000146	3518
#B8B8B8	#EFDAD8	48169.9	5.5	3518
#B8B8B8	#EFDAD8	48169.5	5.09999999999855	3518
#B8B8B8	#EFDAD8	48169.1	5.5	3518
#E6E6E6	#F7EDEC	48169.6	6	3519
#E6E6E6	#F7EDEC	48170	6.40000000000146	3519
#E6E6E6	#F7EDEC	48170.4	6	3519
#E6E6E6	#F7EDEC	48170	5.59999999999855	3519
#E6E6E6	#F7EDEC	48169.6	6	3519
#E9E9E9	#F7EDEC	48170.1	6.5	3520
#E9E9E9	#F7EDEC	48170.5	6.90000000000146	3520
#E9E9E9	#F7EDEC	48170.9	6.5	3520
#E9E9E9	#F7EDEC	48170.5	6.09999999999855	3520
#E9E9E9	#F7EDEC	48170.1	6.5	3520
#CCCCCC	#F2E2DF	48170.6	7	3521
#CCCCCC	#F2E2DF	48171	7.40000000000146	3521
#CCCCCC	#F2E2DF	48171.4	7	3521
#CCCCCC	#F2E2DF	48171	6.59999999999855	3521
#CCCCCC	#F2E2DF	48170.6	7	3521
#999999	#E7CBC7	48171.1	7.5	3522
#999999	#E7CBC7	48171.5	7.90000000000146	3522
#999999	#E7CBC7	48171.9	7.5	3522
#999999	#E7CBC7	48171.5	7.09999999999855	3522
#999999	#E7CBC7	48171.1	7.5	3522
#D8D8D8	#F1DFDD	48171.6	8	3523
#D8D8D8	#F1DFDD	48172	8.40000000000146	3523
#D8D8D8	#F1DFDD	48172.4	8	3523
#D8D8D8	#F1DFDD	48172	7.59999999999855	3523
#D8D8D8	#F1DFDD	48171.6	8	3523
#B6B6B6	#E5C7C3	48172.1	8.5	3524
#B6B6B6	#E5C7C3	48172.5	8.90000000000146	3524
#B6B6B6	#E5C7C3	48172.9	8.5	3524
#B6B6B6	#E5C7C3	48172.5	8.09999999999855	3524
#B6B6B6	#E5C7C3	48172.1	8.5	3524
#CACACA	#EAD0CD	48172.6	9	3525
#CACACA	#EAD0CD	48173	9.40000000000146	3525
#CACACA	#EAD0CD	48173.4	9	3525
#CACACA	#EAD0CD	48173	8.59999999999855	3525
#CACACA	#EAD0CD	48172.6	9	3525
#DEDEDE	#EAD1CE	48173.1	9.5	3526
#DEDEDE	#EAD1CE	48173.5	9.90000000000146	3526
#DEDEDE	#EAD1CE	48173.9	9.5	3526
#DEDEDE	#EAD1CE	48173.5	9.09999999999854	3526
#DEDEDE	#EAD1CE	48173.1	9.5	3526
#FAFAFA	#F8EEED	48173.6	10	3527
#FAFAFA	#F8EEED	48174	10.4000000000015	3527
#FAFAFA	#F8EEED	48174.4	10	3527
#FAFAFA	#F8EEED	48174	9.59999999999854	3527
#FAFAFA	#F8EEED	48173.6	10	3527
#EFEFEF	#EAD1CE	48174.1	10.5	3528
#EFEFEF	#EAD1CE	48174.5	10.9000000000015	3528
#EFEFEF	#EAD1CE	48174.9	10.5	3528
#EFEFEF	#EAD1CE	48174.5	10.0999999999985	3528
#EFEFEF	#EAD1CE	48174.1	10.5	3528
#FBFBFB	#F7EEEC	48174.6	11	3529
#FBFBFB	#F7EEEC	48175	11.4000000000015	3529
#FBFBFB	#F7EEEC	48175.4	11	3529
#FBFBFB	#F7EEEC	48175	10.5999999999985	3529
#FBFBFB	#F7EEEC	48174.6	11	3529
#FDFDFD	#F6EBEA	48175.1	11.5	3530
#FDFDFD	#F6EBEA	48175.5	11.9000000000015	3530
#FDFDFD	#F6EBEA	48175.9	11.5	3530
#FDFDFD	#F6EBEA	48175.5	11.0999999999985	3530
#FDFDFD	#F6EBEA	48175.1	11.5	3530
#F8F8F8	#F0DEDB	48175.6	12	3531
#F8F8F8	#F0DEDB	48176	12.4000000000015	3531
#F8F8F8	#F0DEDB	48176.4	12	3531
#F8F8F8	#F0DEDB	48176	11.5999999999985	3531
#F8F8F8	#F0DEDB	48175.6	12	3531
#F6F6F6	#ECD5D2	48176.1	12.5	3532
#F6F6F6	#ECD5D2	48176.5	12.9000000000015	3532
#F6F6F6	#ECD5D2	48176.9	12.5	3532
#F6F6F6	#ECD5D2	48176.5	12.0999999999985	3532
#F6F6F6	#ECD5D2	48176.1	12.5	3532
#FEFEFE	#FAF3F2	48176.6	13	3533
#FEFEFE	#FAF3F2	48177	13.4000000000015	3533
#FEFEFE	#FAF3F2	48177.4	13	3533
#FEFEFE	#FAF3F2	48177	12.5999999999985	3533
#FEFEFE	#FAF3F2	48176.6	13	3533
#F9F9F9	#EDD8D5	48177.1	13.5	3534
#F9F9F9	#EDD8D5	48177.5	13.9000000000015	3534
#F9F9F9	#EDD8D5	48177.9	13.5	3534
#F9F9F9	#EDD8D5	48177.5	13.0999999999985	3534
#F9F9F9	#EDD8D5	48177.1	13.5	3534
#FCFCFC	#F7ECEA	48177.6	14	3535
#FCFCFC	#F7ECEA	48178	14.4000000000015	3535
#FCFCFC	#F7ECEA	48178.4	14	3535
#FCFCFC	#F7ECEA	48178	13.5999999999985	3535
#FCFCFC	#F7ECEA	48177.6	14	3535
#F7F7F7	#E8CECA	48178.1	14.5	3536
#F7F7F7	#E8CECA	48178.5	14.9000000000015	3536
#F7F7F7	#E8CECA	48178.9	14.5	3536
#F7F7F7	#E8CECA	48178.5	14.0999999999985	3536
#F7F7F7	#E8CECA	48178.1	14.5	3536
#F7F7F7	#EDD8D5	48178.6	15	3537
#F7F7F7	#EDD8D5	48179	15.4000000000015	3537
#F7F7F7	#EDD8D5	48179.4	15	3537
#F7F7F7	#EDD8D5	48179	14.5999999999985	3537
#F7F7F7	#EDD8D5	48178.6	15	3537
#FCFCFC	#F5E8E6	48179.1	15.5	3538
#FCFCFC	#F5E8E6	48179.5	15.9000000000015	3538
#FCFCFC	#F5E8E6	48179.9	15.5	3538
#FCFCFC	#F5E8E6	48179.5	15.0999999999985	3538
#FCFCFC	#F5E8E6	48179.1	15.5	3538
#FEFEFE	#F9F8FC	48179.6	16	3539
#FEFEFE	#F9F8FC	48180	16.4000000000015	3539
#FEFEFE	#F9F8FC	48180.4	16	3539
#FEFEFE	#F9F8FC	48180	15.5999999999985	3539
#FEFEFE	#F9F8FC	48179.6	16	3539
#FCFCFC	#F4E6E4	48180.1	16.5	3540
#FCFCFC	#F4E6E4	48180.5	16.9000000000015	3540
#FCFCFC	#F4E6E4	48180.9	16.5	3540
#FCFCFC	#F4E6E4	48180.5	16.0999999999985	3540
#FCFCFC	#F4E6E4	48180.1	16.5	3540
#D7D7D7	#852726	48180.6	17	3541
#D7D7D7	#852726	48181	17.4000000000015	3541
#D7D7D7	#852726	48181.4	17	3541
#D7D7D7	#852726	48181	16.5999999999985	3541
#D7D7D7	#852726	48180.6	17	3541
#FFFFFF	#FDFDFE	48181.1	17.5	3542
#FFFFFF	#FDFDFE	48181.5	17.9000000000015	3542
#FFFFFF	#FDFDFE	48181.9	17.5	3542
#FFFFFF	#FDFDFE	48181.5	17.0999999999985	3542
#FFFFFF	#FDFDFE	48181.1	17.5	3542
#757575	#F3E4E2	48164.6	0	3543
#757575	#F3E4E2	48165	0.400000000001455	3543
#757575	#F3E4E2	48165.4	0	3543
#757575	#F3E4E2	48165	-0.400000000001455	3543
#757575	#F3E4E2	48164.6	0	3543
#727272	#EFDAD8	48165.1	0.5	3544
#727272	#EFDAD8	48165.5	0.900000000001455	3544
#727272	#EFDAD8	48165.9	0.5	3544
#727272	#EFDAD8	48165.5	0.0999999999985448	3544
#727272	#EFDAD8	48165.1	0.5	3544
#CFCFCF	#F9F1F0	48165.6	1	3545
#CFCFCF	#F9F1F0	48166	1.40000000000146	3545
#CFCFCF	#F9F1F0	48166.4	1	3545
#CFCFCF	#F9F1F0	48166	0.599999999998545	3545
#CFCFCF	#F9F1F0	48165.6	1	3545
#F1F1F1	#FCF8F7	48166.1	1.5	3546
#F1F1F1	#FCF8F7	48166.5	1.90000000000146	3546
#F1F1F1	#FCF8F7	48166.9	1.5	3546
#F1F1F1	#FCF8F7	48166.5	1.09999999999854	3546
#F1F1F1	#FCF8F7	48166.1	1.5	3546
#888888	#F2E1DF	48166.6	2	3547
#888888	#F2E1DF	48167	2.40000000000146	3547
#888888	#F2E1DF	48167.4	2	3547
#888888	#F2E1DF	48167	1.59999999999854	3547
#888888	#F2E1DF	48166.6	2	3547
#E0E0E0	#F9F1F0	48167.1	2.5	3548
#E0E0E0	#F9F1F0	48167.5	2.90000000000146	3548
#E0E0E0	#F9F1F0	48167.9	2.5	3548
#E0E0E0	#F9F1F0	48167.5	2.09999999999854	3548
#E0E0E0	#F9F1F0	48167.1	2.5	3548
#B0B0B0	#F2E3E1	48167.6	3	3549
#B0B0B0	#F2E3E1	48168	3.40000000000146	3549
#B0B0B0	#F2E3E1	48168.4	3	3549
#B0B0B0	#F2E3E1	48168	2.59999999999855	3549
#B0B0B0	#F2E3E1	48167.6	3	3549
#626262	#E5C6C2	48168.1	3.5	3550
#626262	#E5C6C2	48168.5	3.90000000000146	3550
#626262	#E5C6C2	48168.9	3.5	3550
#626262	#E5C6C2	48168.5	3.09999999999855	3550
#626262	#E5C6C2	48168.1	3.5	3550
#6D6D6D	#E7CBC7	48168.6	4	3551
#6D6D6D	#E7CBC7	48169	4.40000000000146	3551
#6D6D6D	#E7CBC7	48169.4	4	3551
#6D6D6D	#E7CBC7	48169	3.59999999999855	3551
#6D6D6D	#E7CBC7	48168.6	4	3551
#999999	#EED8D6	48169.1	4.5	3552
#999999	#EED8D6	48169.5	4.90000000000146	3552
#999999	#EED8D6	48169.9	4.5	3552
#999999	#EED8D6	48169.5	4.09999999999855	3552
#999999	#EED8D6	48169.1	4.5	3552
#A1A1A1	#EBD4D1	48169.6	5	3553
#A1A1A1	#EBD4D1	48170	5.40000000000146	3553
#A1A1A1	#EBD4D1	48170.4	5	3553
#A1A1A1	#EBD4D1	48170	4.59999999999855	3553
#A1A1A1	#EBD4D1	48169.6	5	3553
#C9C9C9	#F2E1DE	48170.1	5.5	3554
#C9C9C9	#F2E1DE	48170.5	5.90000000000146	3554
#C9C9C9	#F2E1DE	48170.9	5.5	3554
#C9C9C9	#F2E1DE	48170.5	5.09999999999855	3554
#C9C9C9	#F2E1DE	48170.1	5.5	3554
#C0C0C0	#EFDCD9	48170.6	6	3555
#C0C0C0	#EFDCD9	48171	6.40000000000146	3555
#C0C0C0	#EFDCD9	48171.4	6	3555
#C0C0C0	#EFDCD9	48171	5.59999999999855	3555
#C0C0C0	#EFDCD9	48170.6	6	3555
#B9B9B9	#EED9D7	48171.1	6.5	3556
#B9B9B9	#EED9D7	48171.5	6.90000000000146	3556
#B9B9B9	#EED9D7	48171.9	6.5	3556
#B9B9B9	#EED9D7	48171.5	6.09999999999855	3556
#B9B9B9	#EED9D7	48171.1	6.5	3556
#919191	#E5C6C2	48171.6	7	3557
#919191	#E5C6C2	48172	7.40000000000146	3557
#919191	#E5C6C2	48172.4	7	3557
#919191	#E5C6C2	48172	6.59999999999855	3557
#919191	#E5C6C2	48171.6	7	3557
#C1C1C1	#EAD1CD	48172.1	7.5	3558
#C1C1C1	#EAD1CD	48172.5	7.90000000000146	3558
#C1C1C1	#EAD1CD	48172.9	7.5	3558
#C1C1C1	#EAD1CD	48172.5	7.09999999999855	3558
#C1C1C1	#EAD1CD	48172.1	7.5	3558
#BCBCBC	#E8CDC9	48172.6	8	3559
#BCBCBC	#E8CDC9	48173	8.40000000000146	3559
#BCBCBC	#E8CDC9	48173.4	8	3559
#BCBCBC	#E8CDC9	48173	7.59999999999855	3559
#BCBCBC	#E8CDC9	48172.6	8	3559
#DDDDDD	#EEDAD7	48173.1	8.5	3560
#DDDDDD	#EEDAD7	48173.5	8.90000000000146	3560
#DDDDDD	#EEDAD7	48173.9	8.5	3560
#DDDDDD	#EEDAD7	48173.5	8.09999999999855	3560
#DDDDDD	#EEDAD7	48173.1	8.5	3560
#C9C9C9	#E2C1BD	48173.6	9	3561
#C9C9C9	#E2C1BD	48174	9.40000000000146	3561
#C9C9C9	#E2C1BD	48174.4	9	3561
#C9C9C9	#E2C1BD	48174	8.59999999999855	3561
#C9C9C9	#E2C1BD	48173.6	9	3561
#F1F1F1	#ECD5D2	48174.1	9.5	3562
#F1F1F1	#ECD5D2	48174.5	9.90000000000146	3562
#F1F1F1	#ECD5D2	48174.9	9.5	3562
#F1F1F1	#ECD5D2	48174.5	9.09999999999854	3562
#F1F1F1	#ECD5D2	48174.1	9.5	3562
#F0F0F0	#E5C6C2	48174.6	10	3563
#F0F0F0	#E5C6C2	48175	10.4000000000015	3563
#F0F0F0	#E5C6C2	48175.4	10	3563
#F0F0F0	#E5C6C2	48175	9.59999999999854	3563
#F0F0F0	#E5C6C2	48174.6	10	3563
#FBFBFB	#F5E9E7	48175.1	10.5	3564
#FBFBFB	#F5E9E7	48175.5	10.9000000000015	3564
#FBFBFB	#F5E9E7	48175.9	10.5	3564
#FBFBFB	#F5E9E7	48175.5	10.0999999999985	3564
#FBFBFB	#F5E9E7	48175.1	10.5	3564
#FDFDFD	#FAF3F2	48175.6	11	3565
#FDFDFD	#FAF3F2	48176	11.4000000000015	3565
#FDFDFD	#FAF3F2	48176.4	11	3565
#FDFDFD	#FAF3F2	48176	10.5999999999985	3565
#FDFDFD	#FAF3F2	48175.6	11	3565
#EFEFEF	#D7ACA7	48176.1	11.5	3566
#EFEFEF	#D7ACA7	48176.5	11.9000000000015	3566
#EFEFEF	#D7ACA7	48176.9	11.5	3566
#EFEFEF	#D7ACA7	48176.5	11.0999999999985	3566
#EFEFEF	#D7ACA7	48176.1	11.5	3566
#F7F7F7	#E9CECA	48176.6	12	3567
#F7F7F7	#E9CECA	48177	12.4000000000015	3567
#F7F7F7	#E9CECA	48177.4	12	3567
#F7F7F7	#E9CECA	48177	11.5999999999985	3567
#F7F7F7	#E9CECA	48176.6	12	3567
#FCFCFC	#EDEAF5	48177.1	12.5	3568
#FCFCFC	#EDEAF5	48177.5	12.9000000000015	3568
#FCFCFC	#EDEAF5	48177.9	12.5	3568
#FCFCFC	#EDEAF5	48177.5	12.0999999999985	3568
#FCFCFC	#EDEAF5	48177.1	12.5	3568
#EDEDED	#A05049	48177.6	13	3569
#EDEDED	#A05049	48178	13.4000000000015	3569
#EDEDED	#A05049	48178.4	13	3569
#EDEDED	#A05049	48178	12.5999999999985	3569
#EDEDED	#A05049	48177.6	13	3569
#F8F8F8	#E6C9C5	48178.1	13.5	3570
#F8F8F8	#E6C9C5	48178.5	13.9000000000015	3570
#F8F8F8	#E6C9C5	48178.9	13.5	3570
#F8F8F8	#E6C9C5	48178.5	13.0999999999985	3570
#F8F8F8	#E6C9C5	48178.1	13.5	3570
#FFFFFF	#FDFDFE	48178.6	14	3571
#FFFFFF	#FDFDFE	48179	14.4000000000015	3571
#FFFFFF	#FDFDFE	48179.4	14	3571
#FFFFFF	#FDFDFE	48179	13.5999999999985	3571
#FFFFFF	#FDFDFE	48178.6	14	3571
#E7E7E7	#CE9B95	48179.1	14.5	3572
#E7E7E7	#CE9B95	48179.5	14.9000000000015	3572
#E7E7E7	#CE9B95	48179.9	14.5	3572
#E7E7E7	#CE9B95	48179.5	14.0999999999985	3572
#E7E7E7	#CE9B95	48179.1	14.5	3572
#FFFFFF	#FEFCFC	48179.6	15	3573
#FFFFFF	#FEFCFC	48180	15.4000000000015	3573
#FFFFFF	#FEFCFC	48180.4	15	3573
#FFFFFF	#FEFCFC	48180	14.5999999999985	3573
#FFFFFF	#FEFCFC	48179.6	15	3573
#FBFBFB	#E8E5F2	48180.1	15.5	3574
#FBFBFB	#E8E5F2	48180.5	15.9000000000015	3574
#FBFBFB	#E8E5F2	48180.9	15.5	3574
#FBFBFB	#E8E5F2	48180.5	15.0999999999985	3574
#FBFBFB	#E8E5F2	48180.1	15.5	3574
#FCFCFC	#F5E8E6	48180.6	16	3575
#FCFCFC	#F5E8E6	48181	16.4000000000015	3575
#FCFCFC	#F5E8E6	48181.4	16	3575
#FCFCFC	#F5E8E6	48181	15.5999999999985	3575
#FCFCFC	#F5E8E6	48180.6	16	3575
#F6F6F6	#E6C9C5	48181.1	16.5	3576
#F6F6F6	#E6C9C5	48181.5	16.9000000000015	3576
#F6F6F6	#E6C9C5	48181.9	16.5	3576
#F6F6F6	#E6C9C5	48181.5	16.0999999999985	3576
#F6F6F6	#E6C9C5	48181.1	16.5	3576
#EBEBEB	#DBB3AE	48181.6	17	3577
#EBEBEB	#DBB3AE	48182	17.4000000000015	3577
#EBEBEB	#DBB3AE	48182.4	17	3577
#EBEBEB	#DBB3AE	48182	16.5999999999985	3577
#EBEBEB	#DBB3AE	48181.6	17	3577
#000000	#DEB8B3	48165.6	0	3578
#000000	#DEB8B3	48166	0.400000000001455	3578
#000000	#DEB8B3	48166.4	0	3578
#000000	#DEB8B3	48166	-0.400000000001455	3578
#000000	#DEB8B3	48165.6	0	3578
#959595	#F3E5E3	48166.1	0.5	3579
#959595	#F3E5E3	48166.5	0.900000000001455	3579
#959595	#F3E5E3	48166.9	0.5	3579
#959595	#F3E5E3	48166.5	0.0999999999985448	3579
#959595	#F3E5E3	48166.1	0.5	3579
#C8C8C8	#F6EAE8	48166.6	1	3580
#C8C8C8	#F6EAE8	48167	1.40000000000146	3580
#C8C8C8	#F6EAE8	48167.4	1	3580
#C8C8C8	#F6EAE8	48167	0.599999999998545	3580
#C8C8C8	#F6EAE8	48166.6	1	3580
#616161	#E7CBC8	48167.1	1.5	3581
#616161	#E7CBC8	48167.5	1.90000000000146	3581
#616161	#E7CBC8	48167.9	1.5	3581
#616161	#E7CBC8	48167.5	1.09999999999854	3581
#616161	#E7CBC8	48167.1	1.5	3581
#A3A3A3	#ECD5D2	48167.6	2	3582
#A3A3A3	#ECD5D2	48168	2.40000000000146	3582
#A3A3A3	#ECD5D2	48168.4	2	3582
#A3A3A3	#ECD5D2	48168	1.59999999999854	3582
#A3A3A3	#ECD5D2	48167.6	2	3582
#A4A4A4	#E8CCC9	48168.1	2.5	3583
#A4A4A4	#E8CCC9	48168.5	2.90000000000146	3583
#A4A4A4	#E8CCC9	48168.9	2.5	3583
#A4A4A4	#E8CCC9	48168.5	2.09999999999854	3583
#A4A4A4	#E8CCC9	48168.1	2.5	3583
#7E7E7E	#DCB5B0	48168.6	3	3584
#7E7E7E	#DCB5B0	48169	3.40000000000146	3584
#7E7E7E	#DCB5B0	48169.4	3	3584
#7E7E7E	#DCB5B0	48169	2.59999999999855	3584
#7E7E7E	#DCB5B0	48168.6	3	3584
#8A8A8A	#DCB4AF	48169.1	3.5	3585
#8A8A8A	#DCB4AF	48169.5	3.90000000000146	3585
#8A8A8A	#DCB4AF	48169.9	3.5	3585
#8A8A8A	#DCB4AF	48169.5	3.09999999999855	3585
#8A8A8A	#DCB4AF	48169.1	3.5	3585
#ABABAB	#E6C8C4	48169.6	4	3586
#ABABAB	#E6C8C4	48170	4.40000000000146	3586
#ABABAB	#E6C8C4	48170.4	4	3586
#ABABAB	#E6C8C4	48170	3.59999999999855	3586
#ABABAB	#E6C8C4	48169.6	4	3586
#CFCFCF	#E9D0CC	48170.1	4.5	3587
#CFCFCF	#E9D0CC	48170.5	4.90000000000146	3587
#CFCFCF	#E9D0CC	48170.9	4.5	3587
#CFCFCF	#E9D0CC	48170.5	4.09999999999855	3587
#CFCFCF	#E9D0CC	48170.1	4.5	3587
#D7D7D7	#EBD3D0	48170.6	5	3588
#D7D7D7	#EBD3D0	48171	5.40000000000146	3588
#D7D7D7	#EBD3D0	48171.4	5	3588
#D7D7D7	#EBD3D0	48171	4.59999999999855	3588
#D7D7D7	#EBD3D0	48170.6	5	3588
#F1F1F1	#F5E8E7	48171.1	5.5	3589
#F1F1F1	#F5E8E7	48171.5	5.90000000000146	3589
#F1F1F1	#F5E8E7	48171.9	5.5	3589
#F1F1F1	#F5E8E7	48171.5	5.09999999999855	3589
#F1F1F1	#F5E8E7	48171.1	5.5	3589
#DDDDDD	#EDD7D4	48171.6	6	3590
#DDDDDD	#EDD7D4	48172	6.40000000000146	3590
#DDDDDD	#EDD7D4	48172.4	6	3590
#DDDDDD	#EDD7D4	48172	5.59999999999855	3590
#DDDDDD	#EDD7D4	48171.6	6	3590
#E2E2E2	#ECD5D2	48172.1	6.5	3591
#E2E2E2	#ECD5D2	48172.5	6.90000000000146	3591
#E2E2E2	#ECD5D2	48172.9	6.5	3591
#E2E2E2	#ECD5D2	48172.5	6.09999999999855	3591
#E2E2E2	#ECD5D2	48172.1	6.5	3591
#EAEAEA	#EDD6D3	48172.6	7	3592
#EAEAEA	#EDD6D3	48173	7.40000000000146	3592
#EAEAEA	#EDD6D3	48173.4	7	3592
#EAEAEA	#EDD6D3	48173	6.59999999999855	3592
#EAEAEA	#EDD6D3	48172.6	7	3592
#EEEEEE	#EFDCD9	48173.1	7.5	3593
#EEEEEE	#EFDCD9	48173.5	7.90000000000146	3593
#EEEEEE	#EFDCD9	48173.9	7.5	3593
#EEEEEE	#EFDCD9	48173.5	7.09999999999855	3593
#EEEEEE	#EFDCD9	48173.1	7.5	3593
#FCFCFC	#FBF5F4	48173.6	8	3594
#FCFCFC	#FBF5F4	48174	8.40000000000146	3594
#FCFCFC	#FBF5F4	48174.4	8	3594
#FCFCFC	#FBF5F4	48174	7.59999999999855	3594
#FCFCFC	#FBF5F4	48173.6	8	3594
#F3F3F3	#EAD2CE	48174.1	8.5	3595
#F3F3F3	#EAD2CE	48174.5	8.90000000000146	3595
#F3F3F3	#EAD2CE	48174.9	8.5	3595
#F3F3F3	#EAD2CE	48174.5	8.09999999999855	3595
#F3F3F3	#EAD2CE	48174.1	8.5	3595
#E5E5E5	#C0827B	48174.6	9	3596
#E5E5E5	#C0827B	48175	9.40000000000146	3596
#E5E5E5	#C0827B	48175.4	9	3596
#E5E5E5	#C0827B	48175	8.59999999999855	3596
#E5E5E5	#C0827B	48174.6	9	3596
#F4F4F4	#D5A7A2	48175.1	9.5	3597
#F4F4F4	#D5A7A2	48175.5	9.90000000000146	3597
#F4F4F4	#D5A7A2	48175.9	9.5	3597
#F4F4F4	#D5A7A2	48175.5	9.09999999999854	3597
#F4F4F4	#D5A7A2	48175.1	9.5	3597
#F6F6F6	#DAB2AD	48175.6	10	3598
#F6F6F6	#DAB2AD	48176	10.4000000000015	3598
#F6F6F6	#DAB2AD	48176.4	10	3598
#F6F6F6	#DAB2AD	48176	9.59999999999854	3598
#F6F6F6	#DAB2AD	48175.6	10	3598
#F7F7F7	#C68E87	48176.1	10.5	3599
#F7F7F7	#C68E87	48176.5	10.9000000000015	3599
#F7F7F7	#C68E87	48176.9	10.5	3599
#F7F7F7	#C68E87	48176.5	10.0999999999985	3599
#F7F7F7	#C68E87	48176.1	10.5	3599
#FDFDFD	#F1DFDC	48176.6	11	3600
#FDFDFD	#F1DFDC	48177	11.4000000000015	3600
#FDFDFD	#F1DFDC	48177.4	11	3600
#FDFDFD	#F1DFDC	48177	10.5999999999985	3600
#FDFDFD	#F1DFDC	48176.6	11	3600
#F7F7F7	#C4BCDF	48177.1	11.5	3601
#F7F7F7	#C4BCDF	48177.5	11.9000000000015	3601
#F7F7F7	#C4BCDF	48177.9	11.5	3601
#F7F7F7	#C4BCDF	48177.5	11.0999999999985	3601
#F7F7F7	#C4BCDF	48177.1	11.5	3601
#FAFAFA	#D8AEA8	48177.6	12	3602
#FAFAFA	#D8AEA8	48178	12.4000000000015	3602
#FAFAFA	#D8AEA8	48178.4	12	3602
#FAFAFA	#D8AEA8	48178	11.5999999999985	3602
#FAFAFA	#D8AEA8	48177.6	12	3602
#FCFCFC	#E8E5F3	48178.1	12.5	3603
#FCFCFC	#E8E5F3	48178.5	12.9000000000015	3603
#FCFCFC	#E8E5F3	48178.9	12.5	3603
#FCFCFC	#E8E5F3	48178.5	12.0999999999985	3603
#FCFCFC	#E8E5F3	48178.1	12.5	3603
#F8F8F8	#CE9B95	48178.6	13	3604
#F8F8F8	#CE9B95	48179	13.4000000000015	3604
#F8F8F8	#CE9B95	48179.4	13	3604
#F8F8F8	#CE9B95	48179	12.5999999999985	3604
#F8F8F8	#CE9B95	48178.6	13	3604
#F5F5F5	#C0837C	48179.1	13.5	3605
#F5F5F5	#C0837C	48179.5	13.9000000000015	3605
#F5F5F5	#C0837C	48179.9	13.5	3605
#F5F5F5	#C0837C	48179.5	13.0999999999985	3605
#F5F5F5	#C0837C	48179.1	13.5	3605
#FBFBFB	#EFDBD9	48179.6	14	3606
#FBFBFB	#EFDBD9	48180	14.4000000000015	3606
#FBFBFB	#EFDBD9	48180.4	14	3606
#FBFBFB	#EFDBD9	48180	13.5999999999985	3606
#FBFBFB	#EFDBD9	48179.6	14	3606
#FCFCFC	#F2E2DF	48180.1	14.5	3607
#FCFCFC	#F2E2DF	48180.5	14.9000000000015	3607
#FCFCFC	#F2E2DF	48180.9	14.5	3607
#FCFCFC	#F2E2DF	48180.5	14.0999999999985	3607
#FCFCFC	#F2E2DF	48180.1	14.5	3607
#FEFEFE	#F6EAE8	48180.6	15	3608
#FEFEFE	#F6EAE8	48181	15.4000000000015	3608
#FEFEFE	#F6EAE8	48181.4	15	3608
#FEFEFE	#F6EAE8	48181	14.5999999999985	3608
#FEFEFE	#F6EAE8	48180.6	15	3608
#F3F3F3	#B5726A	48181.1	15.5	3609
#F3F3F3	#B5726A	48181.5	15.9000000000015	3609
#F3F3F3	#B5726A	48181.9	15.5	3609
#F3F3F3	#B5726A	48181.5	15.0999999999985	3609
#F3F3F3	#B5726A	48181.1	15.5	3609
#FEFEFE	#F6EAE8	48181.6	16	3610
#FEFEFE	#F6EAE8	48182	16.4000000000015	3610
#FEFEFE	#F6EAE8	48182.4	16	3610
#FEFEFE	#F6EAE8	48182	15.5999999999985	3610
#FEFEFE	#F6EAE8	48181.6	16	3610
#FAFAFA	#F0DDDA	48182.1	16.5	3611
#FAFAFA	#F0DDDA	48182.5	16.9000000000015	3611
#FAFAFA	#F0DDDA	48182.9	16.5	3611
#FAFAFA	#F0DDDA	48182.5	16.0999999999985	3611
#FAFAFA	#F0DDDA	48182.1	16.5	3611
#7C7C7C	#F4E7E5	48166.6	0	3612
#7C7C7C	#F4E7E5	48167	0.400000000001455	3612
#7C7C7C	#F4E7E5	48167.4	0	3612
#7C7C7C	#F4E7E5	48167	-0.400000000001455	3612
#7C7C7C	#F4E7E5	48166.6	0	3612
#D7D7D7	#FAF3F2	48167.1	0.5	3613
#D7D7D7	#FAF3F2	48167.5	0.900000000001455	3613
#D7D7D7	#FAF3F2	48167.9	0.5	3613
#D7D7D7	#FAF3F2	48167.5	0.0999999999985448	3613
#D7D7D7	#FAF3F2	48167.1	0.5	3613
#3E3E3E	#ECD6D3	48167.6	1	3614
#3E3E3E	#ECD6D3	48168	1.40000000000146	3614
#3E3E3E	#ECD6D3	48168.4	1	3614
#3E3E3E	#ECD6D3	48168	0.599999999998545	3614
#3E3E3E	#ECD6D3	48167.6	1	3614
#949494	#F3E4E1	48168.1	1.5	3615
#949494	#F3E4E1	48168.5	1.90000000000146	3615
#949494	#F3E4E1	48168.9	1.5	3615
#949494	#F3E4E1	48168.5	1.09999999999854	3615
#949494	#F3E4E1	48168.1	1.5	3615
#757575	#EED9D6	48168.6	2	3616
#757575	#EED9D6	48169	2.40000000000146	3616
#757575	#EED9D6	48169.4	2	3616
#757575	#EED9D6	48169	1.59999999999854	3616
#757575	#EED9D6	48168.6	2	3616
#3E3E3E	#E4C4C0	48169.1	2.5	3617
#3E3E3E	#E4C4C0	48169.5	2.90000000000146	3617
#3E3E3E	#E4C4C0	48169.9	2.5	3617
#3E3E3E	#E4C4C0	48169.5	2.09999999999854	3617
#3E3E3E	#E4C4C0	48169.1	2.5	3617
#4E4E4E	#E6C9C6	48169.6	3	3618
#4E4E4E	#E6C9C6	48170	3.40000000000146	3618
#4E4E4E	#E6C9C6	48170.4	3	3618
#4E4E4E	#E6C9C6	48170	2.59999999999855	3618
#4E4E4E	#E6C9C6	48169.6	3	3618
#7A7A7A	#EDD6D3	48170.1	3.5	3619
#7A7A7A	#EDD6D3	48170.5	3.90000000000146	3619
#7A7A7A	#EDD6D3	48170.9	3.5	3619
#7A7A7A	#EDD6D3	48170.5	3.09999999999855	3619
#7A7A7A	#EDD6D3	48170.1	3.5	3619
#737373	#E9CFCB	48170.6	4	3620
#737373	#E9CFCB	48171	4.40000000000146	3620
#737373	#E9CFCB	48171.4	4	3620
#737373	#E9CFCB	48171	3.59999999999855	3620
#737373	#E9CFCB	48170.6	4	3620
#919191	#EBD4D1	48171.1	4.5	3621
#919191	#EBD4D1	48171.5	4.90000000000146	3621
#919191	#EBD4D1	48171.9	4.5	3621
#919191	#EBD4D1	48171.5	4.09999999999855	3621
#919191	#EBD4D1	48171.1	4.5	3621
#A9A9A9	#EED9D7	48171.6	5	3622
#A9A9A9	#EED9D7	48172	5.40000000000146	3622
#A9A9A9	#EED9D7	48172.4	5	3622
#A9A9A9	#EED9D7	48172	4.59999999999855	3622
#A9A9A9	#EED9D7	48171.6	5	3622
#B4B4B4	#F1DFDD	48172.1	5.5	3623
#B4B4B4	#F1DFDD	48172.5	5.90000000000146	3623
#B4B4B4	#F1DFDD	48172.9	5.5	3623
#B4B4B4	#F1DFDD	48172.5	5.09999999999855	3623
#B4B4B4	#F1DFDD	48172.1	5.5	3623
#ABABAB	#EDD8D5	48172.6	6	3624
#ABABAB	#EDD8D5	48173	6.40000000000146	3624
#ABABAB	#EDD8D5	48173.4	6	3624
#ABABAB	#EDD8D5	48173	5.59999999999855	3624
#ABABAB	#EDD8D5	48172.6	6	3624
#C1C1C1	#EDD8D5	48173.1	6.5	3625
#C1C1C1	#EDD8D5	48173.5	6.90000000000146	3625
#C1C1C1	#EDD8D5	48173.9	6.5	3625
#C1C1C1	#EDD8D5	48173.5	6.09999999999855	3625
#C1C1C1	#EDD8D5	48173.1	6.5	3625
#939393	#DFBBB7	48173.6	7	3626
#939393	#DFBBB7	48174	7.40000000000146	3626
#939393	#DFBBB7	48174.4	7	3626
#939393	#DFBBB7	48174	6.59999999999855	3626
#939393	#DFBBB7	48173.6	7	3626
#C5C5C5	#ECD4D1	48174.1	7.5	3627
#C5C5C5	#ECD4D1	48174.5	7.90000000000146	3627
#C5C5C5	#ECD4D1	48174.9	7.5	3627
#C5C5C5	#ECD4D1	48174.5	7.09999999999855	3627
#C5C5C5	#ECD4D1	48174.1	7.5	3627
#D9D9D9	#ECD6D3	48174.6	8	3628
#D9D9D9	#ECD6D3	48175	8.40000000000146	3628
#D9D9D9	#ECD6D3	48175.4	8	3628
#D9D9D9	#ECD6D3	48175	7.59999999999855	3628
#D9D9D9	#ECD6D3	48174.6	8	3628
#DBDBDB	#DDB8B3	48175.1	8.5	3629
#DBDBDB	#DDB8B3	48175.5	8.90000000000146	3629
#DBDBDB	#DDB8B3	48175.9	8.5	3629
#DBDBDB	#DDB8B3	48175.5	8.09999999999855	3629
#DBDBDB	#DDB8B3	48175.1	8.5	3629
#EEEEEE	#E7CAC6	48175.6	9	3630
#EEEEEE	#E7CAC6	48176	9.40000000000146	3630
#EEEEEE	#E7CAC6	48176.4	9	3630
#EEEEEE	#E7CAC6	48176	8.59999999999855	3630
#EEEEEE	#E7CAC6	48175.6	9	3630
#F0F0F0	#EAD0CD	48176.1	9.5	3631
#F0F0F0	#EAD0CD	48176.5	9.90000000000146	3631
#F0F0F0	#EAD0CD	48176.9	9.5	3631
#F0F0F0	#EAD0CD	48176.5	9.09999999999854	3631
#F0F0F0	#EAD0CD	48176.1	9.5	3631
#F4F4F4	#EBD3D0	48176.6	10	3632
#F4F4F4	#EBD3D0	48177	10.4000000000015	3632
#F4F4F4	#EBD3D0	48177.4	10	3632
#F4F4F4	#EBD3D0	48177	9.59999999999854	3632
#F4F4F4	#EBD3D0	48176.6	10	3632
#E7E7E7	#D8ADA8	48177.1	10.5	3633
#E7E7E7	#D8ADA8	48177.5	10.9000000000015	3633
#E7E7E7	#D8ADA8	48177.9	10.5	3633
#E7E7E7	#D8ADA8	48177.5	10.0999999999985	3633
#E7E7E7	#D8ADA8	48177.1	10.5	3633
#F1F1F1	#D9B0AB	48177.6	11	3634
#F1F1F1	#D9B0AB	48178	11.4000000000015	3634
#F1F1F1	#D9B0AB	48178.4	11	3634
#F1F1F1	#D9B0AB	48178	10.5999999999985	3634
#F1F1F1	#D9B0AB	48177.6	11	3634
#FCFCFC	#F5E8E6	48178.1	11.5	3635
#FCFCFC	#F5E8E6	48178.5	11.9000000000015	3635
#FCFCFC	#F5E8E6	48178.9	11.5	3635
#FCFCFC	#F5E8E6	48178.5	11.0999999999985	3635
#FCFCFC	#F5E8E6	48178.1	11.5	3635
#EFEFEF	#CC9892	48178.6	12	3636
#EFEFEF	#CC9892	48179	12.4000000000015	3636
#EFEFEF	#CC9892	48179.4	12	3636
#EFEFEF	#CC9892	48179	11.5999999999985	3636
#EFEFEF	#CC9892	48178.6	12	3636
#EEEEEE	#DCB5B0	48179.1	12.5	3637
#EEEEEE	#DCB5B0	48179.5	12.9000000000015	3637
#EEEEEE	#DCB5B0	48179.9	12.5	3637
#EEEEEE	#DCB5B0	48179.5	12.0999999999985	3637
#EEEEEE	#DCB5B0	48179.1	12.5	3637
#F5F5F5	#EAD1CE	48179.6	13	3638
#F5F5F5	#EAD1CE	48180	13.4000000000015	3638
#F5F5F5	#EAD1CE	48180.4	13	3638
#F5F5F5	#EAD1CE	48180	12.5999999999985	3638
#F5F5F5	#EAD1CE	48179.6	13	3638
#F5F5F5	#EBD3D0	48180.1	13.5	3639
#F5F5F5	#EBD3D0	48180.5	13.9000000000015	3639
#F5F5F5	#EBD3D0	48180.9	13.5	3639
#F5F5F5	#EBD3D0	48180.5	13.0999999999985	3639
#F5F5F5	#EBD3D0	48180.1	13.5	3639
#F1F1F1	#E0BDB9	48180.6	14	3640
#F1F1F1	#E0BDB9	48181	14.4000000000015	3640
#F1F1F1	#E0BDB9	48181.4	14	3640
#F1F1F1	#E0BDB9	48181	13.5999999999985	3640
#F1F1F1	#E0BDB9	48180.6	14	3640
#FCFCFC	#F3E3E1	48181.1	14.5	3641
#FCFCFC	#F3E3E1	48181.5	14.9000000000015	3641
#FCFCFC	#F3E3E1	48181.9	14.5	3641
#FCFCFC	#F3E3E1	48181.5	14.0999999999985	3641
#FCFCFC	#F3E3E1	48181.1	14.5	3641
#FDFDFD	#F9F2F1	48181.6	15	3642
#FDFDFD	#F9F2F1	48182	15.4000000000015	3642
#FDFDFD	#F9F2F1	48182.4	15	3642
#FDFDFD	#F9F2F1	48182	14.5999999999985	3642
#FDFDFD	#F9F2F1	48181.6	15	3642
#F3F3F3	#E4C5C1	48182.1	15.5	3643
#F3F3F3	#E4C5C1	48182.5	15.9000000000015	3643
#F3F3F3	#E4C5C1	48182.9	15.5	3643
#F3F3F3	#E4C5C1	48182.5	15.0999999999985	3643
#F3F3F3	#E4C5C1	48182.1	15.5	3643
#F7F7F7	#EED8D5	48182.6	16	3644
#F7F7F7	#EED8D5	48183	16.4000000000015	3644
#F7F7F7	#EED8D5	48183.4	16	3644
#F7F7F7	#EED8D5	48183	15.5999999999985	3644
#F7F7F7	#EED8D5	48182.6	16	3644
#4C4C4C	#F0DEDC	48167.6	0	3645
#4C4C4C	#F0DEDC	48168	0.400000000001455	3645
#4C4C4C	#F0DEDC	48168.4	0	3645
#4C4C4C	#F0DEDC	48168	-0.400000000001455	3645
#4C4C4C	#F0DEDC	48167.6	0	3645
#8A8A8A	#F4E5E3	48168.1	0.5	3646
#8A8A8A	#F4E5E3	48168.5	0.900000000001455	3646
#8A8A8A	#F4E5E3	48168.9	0.5	3646
#8A8A8A	#F4E5E3	48168.5	0.0999999999985448	3646
#8A8A8A	#F4E5E3	48168.1	0.5	3646
#B5B5B5	#F6EBEA	48168.6	1	3647
#B5B5B5	#F6EBEA	48169	1.40000000000146	3647
#B5B5B5	#F6EBEA	48169.4	1	3647
#B5B5B5	#F6EBEA	48169	0.599999999998545	3647
#B5B5B5	#F6EBEA	48168.6	1	3647
#818181	#F1DFDC	48169.1	1.5	3648
#818181	#F1DFDC	48169.5	1.90000000000146	3648
#818181	#F1DFDC	48169.9	1.5	3648
#818181	#F1DFDC	48169.5	1.09999999999854	3648
#818181	#F1DFDC	48169.1	1.5	3648
#606060	#E9CFCC	48169.6	2	3649
#606060	#E9CFCC	48170	2.40000000000146	3649
#606060	#E9CFCC	48170.4	2	3649
#606060	#E9CFCC	48170	1.59999999999854	3649
#606060	#E9CFCC	48169.6	2	3649
#757575	#ECD5D2	48170.1	2.5	3650
#757575	#ECD5D2	48170.5	2.90000000000146	3650
#757575	#ECD5D2	48170.9	2.5	3650
#757575	#ECD5D2	48170.5	2.09999999999854	3650
#757575	#ECD5D2	48170.1	2.5	3650
#959595	#F0DEDB	48170.6	3	3651
#959595	#F0DEDB	48171	3.40000000000146	3651
#959595	#F0DEDB	48171.4	3	3651
#959595	#F0DEDB	48171	2.59999999999855	3651
#959595	#F0DEDB	48170.6	3	3651
#979797	#EED9D7	48171.1	3.5	3652
#979797	#EED9D7	48171.5	3.90000000000146	3652
#979797	#EED9D7	48171.9	3.5	3652
#979797	#EED9D7	48171.5	3.09999999999855	3652
#979797	#EED9D7	48171.1	3.5	3652
#C9C9C9	#F5E7E5	48171.6	4	3653
#C9C9C9	#F5E7E5	48172	4.40000000000146	3653
#C9C9C9	#F5E7E5	48172.4	4	3653
#C9C9C9	#F5E7E5	48172	3.59999999999855	3653
#C9C9C9	#F5E7E5	48171.6	4	3653
#CDCDCD	#F4E7E5	48172.1	4.5	3654
#CDCDCD	#F4E7E5	48172.5	4.90000000000146	3654
#CDCDCD	#F4E7E5	48172.9	4.5	3654
#CDCDCD	#F4E7E5	48172.5	4.09999999999855	3654
#CDCDCD	#F4E7E5	48172.1	4.5	3654
#C6C6C6	#F3E5E3	48172.6	5	3655
#C6C6C6	#F3E5E3	48173	5.40000000000146	3655
#C6C6C6	#F3E5E3	48173.4	5	3655
#C6C6C6	#F3E5E3	48173	4.59999999999855	3655
#C6C6C6	#F3E5E3	48172.6	5	3655
#A2A2A2	#ECD5D2	48173.1	5.5	3656
#A2A2A2	#ECD5D2	48173.5	5.90000000000146	3656
#A2A2A2	#ECD5D2	48173.9	5.5	3656
#A2A2A2	#ECD5D2	48173.5	5.09999999999855	3656
#A2A2A2	#ECD5D2	48173.1	5.5	3656
#BBBBBB	#EFDBD8	48173.6	6	3657
#BBBBBB	#EFDBD8	48174	6.40000000000146	3657
#BBBBBB	#EFDBD8	48174.4	6	3657
#BBBBBB	#EFDBD8	48174	5.59999999999855	3657
#BBBBBB	#EFDBD8	48173.6	6	3657
#BDBDBD	#EAD1CE	48174.1	6.5	3658
#BDBDBD	#EAD1CE	48174.5	6.90000000000146	3658
#BDBDBD	#EAD1CE	48174.9	6.5	3658
#BDBDBD	#EAD1CE	48174.5	6.09999999999855	3658
#BDBDBD	#EAD1CE	48174.1	6.5	3658
#BCBCBC	#E9D0CC	48174.6	7	3659
#BCBCBC	#E9D0CC	48175	7.40000000000146	3659
#BCBCBC	#E9D0CC	48175.4	7	3659
#BCBCBC	#E9D0CC	48175	6.59999999999855	3659
#BCBCBC	#E9D0CC	48174.6	7	3659
#E2E2E2	#EFDBD8	48175.1	7.5	3660
#E2E2E2	#EFDBD8	48175.5	7.90000000000146	3660
#E2E2E2	#EFDBD8	48175.9	7.5	3660
#E2E2E2	#EFDBD8	48175.5	7.09999999999855	3660
#E2E2E2	#EFDBD8	48175.1	7.5	3660
#F8F8F8	#F4E6E4	48175.6	8	3661
#F8F8F8	#F4E6E4	48176	8.40000000000146	3661
#F8F8F8	#F4E6E4	48176.4	8	3661
#F8F8F8	#F4E6E4	48176	7.59999999999855	3661
#F8F8F8	#F4E6E4	48175.6	8	3661
#DEDEDE	#D4A6A0	48176.1	8.5	3662
#DEDEDE	#D4A6A0	48176.5	8.90000000000146	3662
#DEDEDE	#D4A6A0	48176.9	8.5	3662
#DEDEDE	#D4A6A0	48176.5	8.09999999999855	3662
#DEDEDE	#D4A6A0	48176.1	8.5	3662
#F2F2F2	#E6C9C5	48176.6	9	3663
#F2F2F2	#E6C9C5	48177	9.40000000000146	3663
#F2F2F2	#E6C9C5	48177.4	9	3663
#F2F2F2	#E6C9C5	48177	8.59999999999855	3663
#F2F2F2	#E6C9C5	48176.6	9	3663
#F4F4F4	#EAD1CE	48177.1	9.5	3664
#F4F4F4	#EAD1CE	48177.5	9.90000000000146	3664
#F4F4F4	#EAD1CE	48177.9	9.5	3664
#F4F4F4	#EAD1CE	48177.5	9.09999999999854	3664
#F4F4F4	#EAD1CE	48177.1	9.5	3664
#F4F4F4	#E9CECB	48177.6	10	3665
#F4F4F4	#E9CECB	48178	10.4000000000015	3665
#F4F4F4	#E9CECB	48178.4	10	3665
#F4F4F4	#E9CECB	48178	9.59999999999854	3665
#F4F4F4	#E9CECB	48177.6	10	3665
#E6E6E6	#CC9891	48178.1	10.5	3666
#E6E6E6	#CC9891	48178.5	10.9000000000015	3666
#E6E6E6	#CC9891	48178.9	10.5	3666
#E6E6E6	#CC9891	48178.5	10.0999999999985	3666
#E6E6E6	#CC9891	48178.1	10.5	3666
#EEEEEE	#D6A9A4	48178.6	11	3667
#EEEEEE	#D6A9A4	48179	11.4000000000015	3667
#EEEEEE	#D6A9A4	48179.4	11	3667
#EEEEEE	#D6A9A4	48179	10.5999999999985	3667
#EEEEEE	#D6A9A4	48178.6	11	3667
#F9F9F9	#F1E0DE	48179.1	11.5	3668
#F9F9F9	#F1E0DE	48179.5	11.9000000000015	3668
#F9F9F9	#F1E0DE	48179.9	11.5	3668
#F9F9F9	#F1E0DE	48179.5	11.0999999999985	3668
#F9F9F9	#F1E0DE	48179.1	11.5	3668
#F4F4F4	#DEB9B4	48179.6	12	3669
#F4F4F4	#DEB9B4	48180	12.4000000000015	3669
#F4F4F4	#DEB9B4	48180.4	12	3669
#F4F4F4	#DEB9B4	48180	11.5999999999985	3669
#F4F4F4	#DEB9B4	48179.6	12	3669
#F9F9F9	#F0DDDA	48180.1	12.5	3670
#F9F9F9	#F0DDDA	48180.5	12.9000000000015	3670
#F9F9F9	#F0DDDA	48180.9	12.5	3670
#F9F9F9	#F0DDDA	48180.5	12.0999999999985	3670
#F9F9F9	#F0DDDA	48180.1	12.5	3670
#F0F0F0	#C9928B	48180.6	13	3671
#F0F0F0	#C9928B	48181	13.4000000000015	3671
#F0F0F0	#C9928B	48181.4	13	3671
#F0F0F0	#C9928B	48181	12.5999999999985	3671
#F0F0F0	#C9928B	48180.6	13	3671
#E9E9E9	#D7ABA5	48181.1	13.5	3672
#E9E9E9	#D7ABA5	48181.5	13.9000000000015	3672
#E9E9E9	#D7ABA5	48181.9	13.5	3672
#E9E9E9	#D7ABA5	48181.5	13.0999999999985	3672
#E9E9E9	#D7ABA5	48181.1	13.5	3672
#FDFDFD	#F7ECEA	48181.6	14	3673
#FDFDFD	#F7ECEA	48182	14.4000000000015	3673
#FDFDFD	#F7ECEA	48182.4	14	3673
#FDFDFD	#F7ECEA	48182	13.5999999999985	3673
#FDFDFD	#F7ECEA	48181.6	14	3673
#F8F8F8	#EBD3CF	48182.1	14.5	3674
#F8F8F8	#EBD3CF	48182.5	14.9000000000015	3674
#F8F8F8	#EBD3CF	48182.9	14.5	3674
#F8F8F8	#EBD3CF	48182.5	14.0999999999985	3674
#F8F8F8	#EBD3CF	48182.1	14.5	3674
#F5F5F5	#E0BDB9	48182.6	15	3675
#F5F5F5	#E0BDB9	48183	15.4000000000015	3675
#F5F5F5	#E0BDB9	48183.4	15	3675
#F5F5F5	#E0BDB9	48183	14.5999999999985	3675
#F5F5F5	#E0BDB9	48182.6	15	3675
#F7F7F7	#F1DFDC	48183.1	15.5	3676
#F7F7F7	#F1DFDC	48183.5	15.9000000000015	3676
#F7F7F7	#F1DFDC	48183.9	15.5	3676
#F7F7F7	#F1DFDC	48183.5	15.0999999999985	3676
#F7F7F7	#F1DFDC	48183.1	15.5	3676
#666666	#F3E3E1	48168.6	0	3677
#666666	#F3E3E1	48169	0.400000000001455	3677
#666666	#F3E3E1	48169.4	0	3677
#666666	#F3E3E1	48169	-0.400000000001455	3677
#666666	#F3E3E1	48168.6	0	3677
#ABABAB	#F7ECEB	48169.1	0.5	3678
#ABABAB	#F7ECEB	48169.5	0.900000000001455	3678
#ABABAB	#F7ECEB	48169.9	0.5	3678
#ABABAB	#F7ECEB	48169.5	0.0999999999985448	3678
#ABABAB	#F7ECEB	48169.1	0.5	3678
#787878	#F2E1DF	48169.6	1	3679
#787878	#F2E1DF	48170	1.40000000000146	3679
#787878	#F2E1DF	48170.4	1	3679
#787878	#F2E1DF	48170	0.599999999998545	3679
#787878	#F2E1DF	48169.6	1	3679
#626262	#EDD6D3	48170.1	1.5	3680
#626262	#EDD6D3	48170.5	1.90000000000146	3680
#626262	#EDD6D3	48170.9	1.5	3680
#626262	#EDD6D3	48170.5	1.09999999999854	3680
#626262	#EDD6D3	48170.1	1.5	3680
#828282	#F0DDDA	48170.6	2	3681
#828282	#F0DDDA	48171	2.40000000000146	3681
#828282	#F0DDDA	48171.4	2	3681
#828282	#F0DDDA	48171	1.59999999999854	3681
#828282	#F0DDDA	48170.6	2	3681
#AAAAAA	#F4E6E4	48171.1	2.5	3682
#AAAAAA	#F4E6E4	48171.5	2.90000000000146	3682
#AAAAAA	#F4E6E4	48171.9	2.5	3682
#AAAAAA	#F4E6E4	48171.5	2.09999999999854	3682
#AAAAAA	#F4E6E4	48171.1	2.5	3682
#A1A1A1	#F2E3E0	48171.6	3	3683
#A1A1A1	#F2E3E0	48172	3.40000000000146	3683
#A1A1A1	#F2E3E0	48172.4	3	3683
#A1A1A1	#F2E3E0	48172	2.59999999999855	3683
#A1A1A1	#F2E3E0	48171.6	3	3683
#D0D0D0	#F6EBEA	48172.1	3.5	3684
#D0D0D0	#F6EBEA	48172.5	3.90000000000146	3684
#D0D0D0	#F6EBEA	48172.9	3.5	3684
#D0D0D0	#F6EBEA	48172.5	3.09999999999855	3684
#D0D0D0	#F6EBEA	48172.1	3.5	3684
#E1E1E1	#F9F0EF	48172.6	4	3685
#E1E1E1	#F9F0EF	48173	4.40000000000146	3685
#E1E1E1	#F9F0EF	48173.4	4	3685
#E1E1E1	#F9F0EF	48173	3.59999999999855	3685
#E1E1E1	#F9F0EF	48172.6	4	3685
#BEBEBE	#F5E8E6	48173.1	4.5	3686
#BEBEBE	#F5E8E6	48173.5	4.90000000000146	3686
#BEBEBE	#F5E8E6	48173.9	4.5	3686
#BEBEBE	#F5E8E6	48173.5	4.09999999999855	3686
#BEBEBE	#F5E8E6	48173.1	4.5	3686
#A4A4A4	#F0DDDB	48173.6	5	3687
#A4A4A4	#F0DDDB	48174	5.40000000000146	3687
#A4A4A4	#F0DDDB	48174.4	5	3687
#A4A4A4	#F0DDDB	48174	4.59999999999855	3687
#A4A4A4	#F0DDDB	48173.6	5	3687
#BBBBBB	#F1DFDD	48174.1	5.5	3688
#BBBBBB	#F1DFDD	48174.5	5.90000000000146	3688
#BBBBBB	#F1DFDD	48174.9	5.5	3688
#BBBBBB	#F1DFDD	48174.5	5.09999999999855	3688
#BBBBBB	#F1DFDD	48174.1	5.5	3688
#AAAAAA	#EAD0CC	48174.6	6	3689
#AAAAAA	#EAD0CC	48175	6.40000000000146	3689
#AAAAAA	#EAD0CC	48175.4	6	3689
#AAAAAA	#EAD0CC	48175	5.59999999999855	3689
#AAAAAA	#EAD0CC	48174.6	6	3689
#BABABA	#ECD4D1	48175.1	6.5	3690
#BABABA	#ECD4D1	48175.5	6.90000000000146	3690
#BABABA	#ECD4D1	48175.9	6.5	3690
#BABABA	#ECD4D1	48175.5	6.09999999999855	3690
#BABABA	#ECD4D1	48175.1	6.5	3690
#D6D6D6	#E7CCC8	48175.6	7	3691
#D6D6D6	#E7CCC8	48176	7.40000000000146	3691
#D6D6D6	#E7CCC8	48176.4	7	3691
#D6D6D6	#E7CCC8	48176	6.59999999999855	3691
#D6D6D6	#E7CCC8	48175.6	7	3691
#ECECEC	#EAD0CC	48176.1	7.5	3692
#ECECEC	#EAD0CC	48176.5	7.90000000000146	3692
#ECECEC	#EAD0CC	48176.9	7.5	3692
#ECECEC	#EAD0CC	48176.5	7.09999999999855	3692
#ECECEC	#EAD0CC	48176.1	7.5	3692
#D6D6D6	#D4A59F	48176.6	8	3693
#D6D6D6	#D4A59F	48177	8.40000000000146	3693
#D6D6D6	#D4A59F	48177.4	8	3693
#D6D6D6	#D4A59F	48177	7.59999999999855	3693
#D6D6D6	#D4A59F	48176.6	8	3693
#EBEBEB	#E3C2BE	48177.1	8.5	3694
#EBEBEB	#E3C2BE	48177.5	8.90000000000146	3694
#EBEBEB	#E3C2BE	48177.9	8.5	3694
#EBEBEB	#E3C2BE	48177.5	8.09999999999855	3694
#EBEBEB	#E3C2BE	48177.1	8.5	3694
#F3F3F3	#E7CBC8	48177.6	9	3695
#F3F3F3	#E7CBC8	48178	9.40000000000146	3695
#F3F3F3	#E7CBC8	48178.4	9	3695
#F3F3F3	#E7CBC8	48178	8.59999999999855	3695
#F3F3F3	#E7CBC8	48177.6	9	3695
#F5F5F5	#E9CECB	48178.1	9.5	3696
#F5F5F5	#E9CECB	48178.5	9.90000000000146	3696
#F5F5F5	#E9CECB	48178.9	9.5	3696
#F5F5F5	#E9CECB	48178.5	9.09999999999854	3696
#F5F5F5	#E9CECB	48178.1	9.5	3696
#F6F6F6	#E6C9C6	48178.6	10	3697
#F6F6F6	#E6C9C6	48179	10.4000000000015	3697
#F6F6F6	#E6C9C6	48179.4	10	3697
#F6F6F6	#E6C9C6	48179	9.59999999999854	3697
#F6F6F6	#E6C9C6	48178.6	10	3697
#EAEAEA	#C68C86	48179.1	10.5	3698
#EAEAEA	#C68C86	48179.5	10.9000000000015	3698
#EAEAEA	#C68C86	48179.9	10.5	3698
#EAEAEA	#C68C86	48179.5	10.0999999999985	3698
#EAEAEA	#C68C86	48179.1	10.5	3698
#FFFFFF	#FEFCFC	48179.6	11	3699
#FFFFFF	#FEFCFC	48180	11.4000000000015	3699
#FFFFFF	#FEFCFC	48180.4	11	3699
#FFFFFF	#FEFCFC	48180	10.5999999999985	3699
#FFFFFF	#FEFCFC	48179.6	11	3699
#FDFDFD	#F7EEEC	48180.1	11.5	3700
#FDFDFD	#F7EEEC	48180.5	11.9000000000015	3700
#FDFDFD	#F7EEEC	48180.9	11.5	3700
#FDFDFD	#F7EEEC	48180.5	11.0999999999985	3700
#FDFDFD	#F7EEEC	48180.1	11.5	3700
#F0F0F0	#E4C4C0	48180.6	12	3701
#F0F0F0	#E4C4C0	48181	12.4000000000015	3701
#F0F0F0	#E4C4C0	48181.4	12	3701
#F0F0F0	#E4C4C0	48181	11.5999999999985	3701
#F0F0F0	#E4C4C0	48180.6	12	3701
#F5F5F5	#E1BEBA	48181.1	12.5	3702
#F5F5F5	#E1BEBA	48181.5	12.9000000000015	3702
#F5F5F5	#E1BEBA	48181.9	12.5	3702
#F5F5F5	#E1BEBA	48181.5	12.0999999999985	3702
#F5F5F5	#E1BEBA	48181.1	12.5	3702
#FCFCFC	#F2E2E0	48181.6	13	3703
#FCFCFC	#F2E2E0	48182	13.4000000000015	3703
#FCFCFC	#F2E2E0	48182.4	13	3703
#FCFCFC	#F2E2E0	48182	12.5999999999985	3703
#FCFCFC	#F2E2E0	48181.6	13	3703
#F1F1F1	#D9AFAA	48182.1	13.5	3704
#F1F1F1	#D9AFAA	48182.5	13.9000000000015	3704
#F1F1F1	#D9AFAA	48182.9	13.5	3704
#F1F1F1	#D9AFAA	48182.5	13.0999999999985	3704
#F1F1F1	#D9AFAA	48182.1	13.5	3704
#FAFAFA	#ECD4D1	48182.6	14	3705
#FAFAFA	#ECD4D1	48183	14.4000000000015	3705
#FAFAFA	#ECD4D1	48183.4	14	3705
#FAFAFA	#ECD4D1	48183	13.5999999999985	3705
#FAFAFA	#ECD4D1	48182.6	14	3705
#FAFAFA	#EDD8D5	48183.1	14.5	3706
#FAFAFA	#EDD8D5	48183.5	14.9000000000015	3706
#FAFAFA	#EDD8D5	48183.9	14.5	3706
#FAFAFA	#EDD8D5	48183.5	14.0999999999985	3706
#FAFAFA	#EDD8D5	48183.1	14.5	3706
#F2F2F2	#E9CFCC	48183.6	15	3707
#F2F2F2	#E9CFCC	48184	15.4000000000015	3707
#F2F2F2	#E9CFCC	48184.4	15	3707
#F2F2F2	#E9CFCC	48184	14.5999999999985	3707
#F2F2F2	#E9CFCC	48183.6	15	3707
#555555	#F1E0DD	48169.6	0	3708
#555555	#F1E0DD	48170	0.400000000001455	3708
#555555	#F1E0DD	48170.4	0	3708
#555555	#F1E0DD	48170	-0.400000000001455	3708
#555555	#F1E0DD	48169.6	0	3708
#7F7F7F	#F4E5E4	48170.1	0.5	3709
#7F7F7F	#F4E5E4	48170.5	0.900000000001455	3709
#7F7F7F	#F4E5E4	48170.9	0.5	3709
#7F7F7F	#F4E5E4	48170.5	0.0999999999985448	3709
#7F7F7F	#F4E5E4	48170.1	0.5	3709
#646464	#EED9D6	48170.6	1	3710
#646464	#EED9D6	48171	1.40000000000146	3710
#646464	#EED9D6	48171.4	1	3710
#646464	#EED9D6	48171	0.599999999998545	3710
#646464	#EED9D6	48170.6	1	3710
#868686	#F2E1DF	48171.1	1.5	3711
#868686	#F2E1DF	48171.5	1.90000000000146	3711
#868686	#F2E1DF	48171.9	1.5	3711
#868686	#F2E1DF	48171.5	1.09999999999854	3711
#868686	#F2E1DF	48171.1	1.5	3711
#C9C9C9	#F8EEED	48171.6	2	3712
#C9C9C9	#F8EEED	48172	2.40000000000146	3712
#C9C9C9	#F8EEED	48172.4	2	3712
#C9C9C9	#F8EEED	48172	1.59999999999854	3712
#C9C9C9	#F8EEED	48171.6	2	3712
#C3C3C3	#F6ECEA	48172.1	2.5	3713
#C3C3C3	#F6ECEA	48172.5	2.90000000000146	3713
#C3C3C3	#F6ECEA	48172.9	2.5	3713
#C3C3C3	#F6ECEA	48172.5	2.09999999999854	3713
#C3C3C3	#F6ECEA	48172.1	2.5	3713
#E3E3E3	#FAF2F2	48172.6	3	3714
#E3E3E3	#FAF2F2	48173	3.40000000000146	3714
#E3E3E3	#FAF2F2	48173.4	3	3714
#E3E3E3	#FAF2F2	48173	2.59999999999855	3714
#E3E3E3	#FAF2F2	48172.6	3	3714
#F2F2F2	#FCF7F7	48173.1	3.5	3715
#F2F2F2	#FCF7F7	48173.5	3.90000000000146	3715
#F2F2F2	#FCF7F7	48173.9	3.5	3715
#F2F2F2	#FCF7F7	48173.5	3.09999999999855	3715
#F2F2F2	#FCF7F7	48173.1	3.5	3715
#F3F3F3	#FCF8F7	48173.6	4	3716
#F3F3F3	#FCF8F7	48174	4.40000000000146	3716
#F3F3F3	#FCF8F7	48174.4	4	3716
#F3F3F3	#FCF8F7	48174	3.59999999999855	3716
#F3F3F3	#FCF8F7	48173.6	4	3716
#C6C6C6	#F5E7E6	48174.1	4.5	3717
#C6C6C6	#F5E7E6	48174.5	4.90000000000146	3717
#C6C6C6	#F5E7E6	48174.9	4.5	3717
#C6C6C6	#F5E7E6	48174.5	4.09999999999855	3717
#C6C6C6	#F5E7E6	48174.1	4.5	3717
#AFAFAF	#F1DFDD	48174.6	5	3718
#AFAFAF	#F1DFDD	48175	5.40000000000146	3718
#AFAFAF	#F1DFDD	48175.4	5	3718
#AFAFAF	#F1DFDD	48175	4.59999999999855	3718
#AFAFAF	#F1DFDD	48174.6	5	3718
#C2C2C2	#F0DEDB	48175.1	5.5	3719
#C2C2C2	#F0DEDB	48175.5	5.90000000000146	3719
#C2C2C2	#F0DEDB	48175.9	5.5	3719
#C2C2C2	#F0DEDB	48175.5	5.09999999999855	3719
#C2C2C2	#F0DEDB	48175.1	5.5	3719
#C9C9C9	#F2E1DE	48175.6	6	3720
#C9C9C9	#F2E1DE	48176	6.40000000000146	3720
#C9C9C9	#F2E1DE	48176.4	6	3720
#C9C9C9	#F2E1DE	48176	5.59999999999855	3720
#C9C9C9	#F2E1DE	48175.6	6	3720
#B6B6B6	#E5C6C2	48176.1	6.5	3721
#B6B6B6	#E5C6C2	48176.5	6.90000000000146	3721
#B6B6B6	#E5C6C2	48176.9	6.5	3721
#B6B6B6	#E5C6C2	48176.5	6.09999999999855	3721
#B6B6B6	#E5C6C2	48176.1	6.5	3721
#DFDFDF	#E0BDB8	48176.6	7	3722
#DFDFDF	#E0BDB8	48177	7.40000000000146	3722
#DFDFDF	#E0BDB8	48177.4	7	3722
#DFDFDF	#E0BDB8	48177	6.59999999999855	3722
#DFDFDF	#E0BDB8	48176.6	7	3722
#D0D0D0	#D6AAA5	48177.1	7.5	3723
#D0D0D0	#D6AAA5	48177.5	7.90000000000146	3723
#D0D0D0	#D6AAA5	48177.9	7.5	3723
#D0D0D0	#D6AAA5	48177.5	7.09999999999855	3723
#D0D0D0	#D6AAA5	48177.1	7.5	3723
#E5E5E5	#D9B0AB	48177.6	8	3724
#E5E5E5	#D9B0AB	48178	8.40000000000146	3724
#E5E5E5	#D9B0AB	48178.4	8	3724
#E5E5E5	#D9B0AB	48178	7.59999999999855	3724
#E5E5E5	#D9B0AB	48177.6	8	3724
#E6E6E6	#D6A9A3	48178.1	8.5	3725
#E6E6E6	#D6A9A3	48178.5	8.90000000000146	3725
#E6E6E6	#D6A9A3	48178.9	8.5	3725
#E6E6E6	#D6A9A3	48178.5	8.09999999999855	3725
#E6E6E6	#D6A9A3	48178.1	8.5	3725
#FAFAFA	#F4E7E5	48178.6	9	3726
#FAFAFA	#F4E7E5	48179	9.40000000000146	3726
#FAFAFA	#F4E7E5	48179.4	9	3726
#FAFAFA	#F4E7E5	48179	8.59999999999855	3726
#FAFAFA	#F4E7E5	48178.6	9	3726
#EEEEEE	#DBB3AE	48179.1	9.5	3727
#EEEEEE	#DBB3AE	48179.5	9.90000000000146	3727
#EEEEEE	#DBB3AE	48179.9	9.5	3727
#EEEEEE	#DBB3AE	48179.5	9.09999999999854	3727
#EEEEEE	#DBB3AE	48179.1	9.5	3727
#F6F6F6	#E7CBC7	48179.6	10	3728
#F6F6F6	#E7CBC7	48180	10.4000000000015	3728
#F6F6F6	#E7CBC7	48180.4	10	3728
#F6F6F6	#E7CBC7	48180	9.59999999999854	3728
#F6F6F6	#E7CBC7	48179.6	10	3728
#D7D7D7	#832424	48180.1	10.5	3729
#D7D7D7	#832424	48180.5	10.9000000000015	3729
#D7D7D7	#832424	48180.9	10.5	3729
#D7D7D7	#832424	48180.5	10.0999999999985	3729
#D7D7D7	#832424	48180.1	10.5	3729
#F4F4F4	#E7CAC6	48180.6	11	3730
#F4F4F4	#E7CAC6	48181	11.4000000000015	3730
#F4F4F4	#E7CAC6	48181.4	11	3730
#F4F4F4	#E7CAC6	48181	10.5999999999985	3730
#F4F4F4	#E7CAC6	48180.6	11	3730
#FBFBFB	#F3E5E3	48181.1	11.5	3731
#FBFBFB	#F3E5E3	48181.5	11.9000000000015	3731
#FBFBFB	#F3E5E3	48181.9	11.5	3731
#FBFBFB	#F3E5E3	48181.5	11.0999999999985	3731
#FBFBFB	#F3E5E3	48181.1	11.5	3731
#E1E1E1	#B97870	48181.6	12	3732
#E1E1E1	#B97870	48182	12.4000000000015	3732
#E1E1E1	#B97870	48182.4	12	3732
#E1E1E1	#B97870	48182	11.5999999999985	3732
#E1E1E1	#B97870	48181.6	12	3732
#F0F0F0	#E3C2BE	48182.1	12.5	3733
#F0F0F0	#E3C2BE	48182.5	12.9000000000015	3733
#F0F0F0	#E3C2BE	48182.9	12.5	3733
#F0F0F0	#E3C2BE	48182.5	12.0999999999985	3733
#F0F0F0	#E3C2BE	48182.1	12.5	3733
#F9F9F9	#E9CECB	48182.6	13	3734
#F9F9F9	#E9CECB	48183	13.4000000000015	3734
#F9F9F9	#E9CECB	48183.4	13	3734
#F9F9F9	#E9CECB	48183	12.5999999999985	3734
#F9F9F9	#E9CECB	48182.6	13	3734
#F7F7F7	#E8CCC9	48183.1	13.5	3735
#F7F7F7	#E8CCC9	48183.5	13.9000000000015	3735
#F7F7F7	#E8CCC9	48183.9	13.5	3735
#F7F7F7	#E8CCC9	48183.5	13.0999999999985	3735
#F7F7F7	#E8CCC9	48183.1	13.5	3735
#F4F4F4	#E2C0BC	48183.6	14	3736
#F4F4F4	#E2C0BC	48184	14.4000000000015	3736
#F4F4F4	#E2C0BC	48184.4	14	3736
#F4F4F4	#E2C0BC	48184	13.5999999999985	3736
#F4F4F4	#E2C0BC	48183.6	14	3736
#D6D6D6	#AF6760	48184.1	14.5	3737
#D6D6D6	#AF6760	48184.5	14.9000000000015	3737
#D6D6D6	#AF6760	48184.9	14.5	3737
#D6D6D6	#AF6760	48184.5	14.0999999999985	3737
#D6D6D6	#AF6760	48184.1	14.5	3737
#303030	#EED9D6	48170.6	0	3738
#303030	#EED9D6	48171	0.400000000001455	3738
#303030	#EED9D6	48171.4	0	3738
#303030	#EED9D6	48171	-0.400000000001455	3738
#303030	#EED9D6	48170.6	0	3738
#7D7D7D	#F2E2E0	48171.1	0.5	3739
#7D7D7D	#F2E2E0	48171.5	0.900000000001455	3739
#7D7D7D	#F2E2E0	48171.9	0.5	3739
#7D7D7D	#F2E2E0	48171.5	0.0999999999985448	3739
#7D7D7D	#F2E2E0	48171.1	0.5	3739
#CDCDCD	#F9F1F0	48171.6	1	3740
#CDCDCD	#F9F1F0	48172	1.40000000000146	3740
#CDCDCD	#F9F1F0	48172.4	1	3740
#CDCDCD	#F9F1F0	48172	0.599999999998545	3740
#CDCDCD	#F9F1F0	48171.6	1	3740
#F6F6F6	#FDFBFA	48172.1	1.5	3741
#F6F6F6	#FDFBFA	48172.5	1.90000000000146	3741
#F6F6F6	#FDFBFA	48172.9	1.5	3741
#F6F6F6	#FDFBFA	48172.5	1.09999999999854	3741
#F6F6F6	#FDFBFA	48172.1	1.5	3741
#E2E2E2	#FAF4F4	48172.6	2	3742
#E2E2E2	#FAF4F4	48173	2.40000000000146	3742
#E2E2E2	#FAF4F4	48173.4	2	3742
#E2E2E2	#FAF4F4	48173	1.59999999999854	3742
#E2E2E2	#FAF4F4	48172.6	2	3742
#F5F5F5	#FDF9F9	48173.1	2.5	3743
#F5F5F5	#FDF9F9	48173.5	2.90000000000146	3743
#F5F5F5	#FDF9F9	48173.9	2.5	3743
#F5F5F5	#FDF9F9	48173.5	2.09999999999854	3743
#F5F5F5	#FDF9F9	48173.1	2.5	3743
#FFFFFF	#FFFFFF	48173.6	3	3744
#FFFFFF	#FFFFFF	48174	3.40000000000146	3744
#FFFFFF	#FFFFFF	48174.4	3	3744
#FFFFFF	#FFFFFF	48174	2.59999999999855	3744
#FFFFFF	#FFFFFF	48173.6	3	3744
#FBFBFB	#FEFCFC	48174.1	3.5	3745
#FBFBFB	#FEFCFC	48174.5	3.90000000000146	3745
#FBFBFB	#FEFCFC	48174.9	3.5	3745
#FBFBFB	#FEFCFC	48174.5	3.09999999999855	3745
#FBFBFB	#FEFCFC	48174.1	3.5	3745
#E9E9E9	#FAF4F3	48174.6	4	3746
#E9E9E9	#FAF4F3	48175	4.40000000000146	3746
#E9E9E9	#FAF4F3	48175.4	4	3746
#E9E9E9	#FAF4F3	48175	3.59999999999855	3746
#E9E9E9	#FAF4F3	48174.6	4	3746
#E0E0E0	#F8EFEE	48175.1	4.5	3747
#E0E0E0	#F8EFEE	48175.5	4.90000000000146	3747
#E0E0E0	#F8EFEE	48175.9	4.5	3747
#E0E0E0	#F8EFEE	48175.5	4.09999999999855	3747
#E0E0E0	#F8EFEE	48175.1	4.5	3747
#D2D2D2	#F4E6E4	48175.6	5	3748
#D2D2D2	#F4E6E4	48176	5.40000000000146	3748
#D2D2D2	#F4E6E4	48176.4	5	3748
#D2D2D2	#F4E6E4	48176	4.59999999999855	3748
#D2D2D2	#F4E6E4	48175.6	5	3748
#FBFBFB	#FDF9F9	48176.1	5.5	3749
#FBFBFB	#FDF9F9	48176.5	5.90000000000146	3749
#FBFBFB	#FDF9F9	48176.9	5.5	3749
#FBFBFB	#FDF9F9	48176.5	5.09999999999855	3749
#FBFBFB	#FDF9F9	48176.1	5.5	3749
#E6E6E6	#F3E4E2	48176.6	6	3750
#E6E6E6	#F3E4E2	48177	6.40000000000146	3750
#E6E6E6	#F3E4E2	48177.4	6	3750
#E6E6E6	#F3E4E2	48177	5.59999999999855	3750
#E6E6E6	#F3E4E2	48176.6	6	3750
#D7D7D7	#E4C4C0	48177.1	6.5	3751
#D7D7D7	#E4C4C0	48177.5	6.90000000000146	3751
#D7D7D7	#E4C4C0	48177.9	6.5	3751
#D7D7D7	#E4C4C0	48177.5	6.09999999999855	3751
#D7D7D7	#E4C4C0	48177.1	6.5	3751
#D2D2D2	#D9B0AB	48177.6	7	3752
#D2D2D2	#D9B0AB	48178	7.40000000000146	3752
#D2D2D2	#D9B0AB	48178.4	7	3752
#D2D2D2	#D9B0AB	48178	6.59999999999855	3752
#D2D2D2	#D9B0AB	48177.6	7	3752
#D7D7D7	#D3A49E	48178.1	7.5	3753
#D7D7D7	#D3A49E	48178.5	7.90000000000146	3753
#D7D7D7	#D3A49E	48178.9	7.5	3753
#D7D7D7	#D3A49E	48178.5	7.09999999999855	3753
#D7D7D7	#D3A49E	48178.1	7.5	3753
#EFEFEF	#E5C6C3	48178.6	8	3754
#EFEFEF	#E5C6C3	48179	8.40000000000146	3754
#EFEFEF	#E5C6C3	48179.4	8	3754
#EFEFEF	#E5C6C3	48179	7.59999999999855	3754
#EFEFEF	#E5C6C3	48178.6	8	3754
#F6F6F6	#EDD8D5	48179.1	8.5	3755
#F6F6F6	#EDD8D5	48179.5	8.90000000000146	3755
#F6F6F6	#EDD8D5	48179.9	8.5	3755
#F6F6F6	#EDD8D5	48179.5	8.09999999999855	3755
#F6F6F6	#EDD8D5	48179.1	8.5	3755
#EBEBEB	#E0BDB9	48179.6	9	3756
#EBEBEB	#E0BDB9	48180	9.40000000000146	3756
#EBEBEB	#E0BDB9	48180.4	9	3756
#EBEBEB	#E0BDB9	48180	8.59999999999855	3756
#EBEBEB	#E0BDB9	48179.6	9	3756
#F7F7F7	#EDD8D5	48180.1	9.5	3757
#F7F7F7	#EDD8D5	48180.5	9.90000000000146	3757
#F7F7F7	#EDD8D5	48180.9	9.5	3757
#F7F7F7	#EDD8D5	48180.5	9.09999999999854	3757
#F7F7F7	#EDD8D5	48180.1	9.5	3757
#F9F9F9	#F0DDDB	48180.6	10	3758
#F9F9F9	#F0DDDB	48181	10.4000000000015	3758
#F9F9F9	#F0DDDB	48181.4	10	3758
#F9F9F9	#F0DDDB	48181	9.59999999999854	3758
#F9F9F9	#F0DDDB	48180.6	10	3758
#E2E2E2	#B9766F	48181.1	10.5	3759
#E2E2E2	#B9766F	48181.5	10.9000000000015	3759
#E2E2E2	#B9766F	48181.9	10.5	3759
#E2E2E2	#B9766F	48181.5	10.0999999999985	3759
#E2E2E2	#B9766F	48181.1	10.5	3759
#F0F0F0	#CF9D97	48181.6	11	3760
#F0F0F0	#CF9D97	48182	11.4000000000015	3760
#F0F0F0	#CF9D97	48182.4	11	3760
#F0F0F0	#CF9D97	48182	10.5999999999985	3760
#F0F0F0	#CF9D97	48181.6	11	3760
#F4F4F4	#E7CBC7	48182.1	11.5	3761
#F4F4F4	#E7CBC7	48182.5	11.9000000000015	3761
#F4F4F4	#E7CBC7	48182.9	11.5	3761
#F4F4F4	#E7CBC7	48182.5	11.0999999999985	3761
#F4F4F4	#E7CBC7	48182.1	11.5	3761
#ECECEC	#E1BFBA	48182.6	12	3762
#ECECEC	#E1BFBA	48183	12.4000000000015	3762
#ECECEC	#E1BFBA	48183.4	12	3762
#ECECEC	#E1BFBA	48183	11.5999999999985	3762
#ECECEC	#E1BFBA	48182.6	12	3762
#F3F3F3	#E5C7C3	48183.1	12.5	3763
#F3F3F3	#E5C7C3	48183.5	12.9000000000015	3763
#F3F3F3	#E5C7C3	48183.9	12.5	3763
#F3F3F3	#E5C7C3	48183.5	12.0999999999985	3763
#F3F3F3	#E5C7C3	48183.1	12.5	3763
#FBFBFB	#F3E5E3	48183.6	13	3764
#FBFBFB	#F3E5E3	48184	13.4000000000015	3764
#FBFBFB	#F3E5E3	48184.4	13	3764
#FBFBFB	#F3E5E3	48184	12.5999999999985	3764
#FBFBFB	#F3E5E3	48183.6	13	3764
#FAFAFA	#F1E0DE	48184.1	13.5	3765
#FAFAFA	#F1E0DE	48184.5	13.9000000000015	3765
#FAFAFA	#F1E0DE	48184.9	13.5	3765
#FAFAFA	#F1E0DE	48184.5	13.0999999999985	3765
#FAFAFA	#F1E0DE	48184.1	13.5	3765
#EBEBEB	#DFBAB6	48184.6	14	3766
#EBEBEB	#DFBAB6	48185	14.4000000000015	3766
#EBEBEB	#DFBAB6	48185.4	14	3766
#EBEBEB	#DFBAB6	48185	13.5999999999985	3766
#EBEBEB	#DFBAB6	48184.6	14	3766
#A7A7A7	#F7EDEB	48171.6	0	3767
#A7A7A7	#F7EDEB	48172	0.400000000001455	3767
#A7A7A7	#F7EDEB	48172.4	0	3767
#A7A7A7	#F7EDEB	48172	-0.400000000001455	3767
#A7A7A7	#F7EDEB	48171.6	0	3767
#F6F6F6	#FDFBFB	48172.1	0.5	3768
#F6F6F6	#FDFBFB	48172.5	0.900000000001455	3768
#F6F6F6	#FDFBFB	48172.9	0.5	3768
#F6F6F6	#FDFBFB	48172.5	0.0999999999985448	3768
#F6F6F6	#FDFBFB	48172.1	0.5	3768
#D9D9D9	#FAF3F2	48172.6	1	3769
#D9D9D9	#FAF3F2	48173	1.40000000000146	3769
#D9D9D9	#FAF3F2	48173.4	1	3769
#D9D9D9	#FAF3F2	48173	0.599999999998545	3769
#D9D9D9	#FAF3F2	48172.6	1	3769
#AEAEAE	#F5E9E7	48173.1	1.5	3770
#AEAEAE	#F5E9E7	48173.5	1.90000000000146	3770
#AEAEAE	#F5E9E7	48173.9	1.5	3770
#AEAEAE	#F5E9E7	48173.5	1.09999999999854	3770
#AEAEAE	#F5E9E7	48173.1	1.5	3770
#C0C0C0	#F6EBE9	48173.6	2	3771
#C0C0C0	#F6EBE9	48174	2.40000000000146	3771
#C0C0C0	#F6EBE9	48174.4	2	3771
#C0C0C0	#F6EBE9	48174	1.59999999999854	3771
#C0C0C0	#F6EBE9	48173.6	2	3771
#C3C3C3	#F7ECEA	48174.1	2.5	3772
#C3C3C3	#F7ECEA	48174.5	2.90000000000146	3772
#C3C3C3	#F7ECEA	48174.9	2.5	3772
#C3C3C3	#F7ECEA	48174.5	2.09999999999854	3772
#C3C3C3	#F7ECEA	48174.1	2.5	3772
#CACACA	#F7EDEC	48174.6	3	3773
#CACACA	#F7EDEC	48175	3.40000000000146	3773
#CACACA	#F7EDEC	48175.4	3	3773
#CACACA	#F7EDEC	48175	2.59999999999855	3773
#CACACA	#F7EDEC	48174.6	3	3773
#B3B3B3	#F3E4E2	48175.1	3.5	3774
#B3B3B3	#F3E4E2	48175.5	3.90000000000146	3774
#B3B3B3	#F3E4E2	48175.9	3.5	3774
#B3B3B3	#F3E4E2	48175.5	3.09999999999855	3774
#B3B3B3	#F3E4E2	48175.1	3.5	3774
#AEAEAE	#F1E0DE	48175.6	4	3775
#AEAEAE	#F1E0DE	48176	4.40000000000146	3775
#AEAEAE	#F1E0DE	48176.4	4	3775
#AEAEAE	#F1E0DE	48176	3.59999999999855	3775
#AEAEAE	#F1E0DE	48175.6	4	3775
#A2A2A2	#ECD5D2	48176.1	4.5	3776
#A2A2A2	#ECD5D2	48176.5	4.90000000000146	3776
#A2A2A2	#ECD5D2	48176.9	4.5	3776
#A2A2A2	#ECD5D2	48176.5	4.09999999999855	3776
#A2A2A2	#ECD5D2	48176.1	4.5	3776
#D4D4D4	#F3E5E3	48176.6	5	3777
#D4D4D4	#F3E5E3	48177	5.40000000000146	3777
#D4D4D4	#F3E5E3	48177.4	5	3777
#D4D4D4	#F3E5E3	48177	4.59999999999855	3777
#D4D4D4	#F3E5E3	48176.6	5	3777
#DADADA	#F0DDDB	48177.1	5.5	3778
#DADADA	#F0DDDB	48177.5	5.90000000000146	3778
#DADADA	#F0DDDB	48177.9	5.5	3778
#DADADA	#F0DDDB	48177.5	5.09999999999855	3778
#DADADA	#F0DDDB	48177.1	5.5	3778
#BFBFBF	#D9AFA9	48177.6	6	3779
#BFBFBF	#D9AFA9	48178	6.40000000000146	3779
#BFBFBF	#D9AFA9	48178.4	6	3779
#BFBFBF	#D9AFA9	48178	5.59999999999855	3779
#BFBFBF	#D9AFA9	48177.6	6	3779
#D2D2D2	#DCB5B0	48178.1	6.5	3780
#D2D2D2	#DCB5B0	48178.5	6.90000000000146	3780
#D2D2D2	#DCB5B0	48178.9	6.5	3780
#D2D2D2	#DCB5B0	48178.5	6.09999999999855	3780
#D2D2D2	#DCB5B0	48178.1	6.5	3780
#EAEAEA	#E5C7C3	48178.6	7	3781
#EAEAEA	#E5C7C3	48179	7.40000000000146	3781
#EAEAEA	#E5C7C3	48179.4	7	3781
#EAEAEA	#E5C7C3	48179	6.59999999999855	3781
#EAEAEA	#E5C7C3	48178.6	7	3781
#F6F6F6	#EED8D6	48179.1	7.5	3782
#F6F6F6	#EED8D6	48179.5	7.90000000000146	3782
#F6F6F6	#EED8D6	48179.9	7.5	3782
#F6F6F6	#EED8D6	48179.5	7.09999999999855	3782
#F6F6F6	#EED8D6	48179.1	7.5	3782
#E6E6E6	#DAB1AC	48179.6	8	3783
#E6E6E6	#DAB1AC	48180	8.40000000000146	3783
#E6E6E6	#DAB1AC	48180.4	8	3783
#E6E6E6	#DAB1AC	48180	7.59999999999855	3783
#E6E6E6	#DAB1AC	48179.6	8	3783
#E9E9E9	#CE9C95	48180.1	8.5	3784
#E9E9E9	#CE9C95	48180.5	8.90000000000146	3784
#E9E9E9	#CE9C95	48180.9	8.5	3784
#E9E9E9	#CE9C95	48180.5	8.09999999999855	3784
#E9E9E9	#CE9C95	48180.1	8.5	3784
#F9F9F9	#F1E1DE	48180.6	9	3785
#F9F9F9	#F1E1DE	48181	9.40000000000146	3785
#F9F9F9	#F1E1DE	48181.4	9	3785
#F9F9F9	#F1E1DE	48181	8.59999999999855	3785
#F9F9F9	#F1E1DE	48180.6	9	3785
#F0F0F0	#E3C3BE	48181.1	9.5	3786
#F0F0F0	#E3C3BE	48181.5	9.90000000000146	3786
#F0F0F0	#E3C3BE	48181.9	9.5	3786
#F0F0F0	#E3C3BE	48181.5	9.09999999999854	3786
#F0F0F0	#E3C3BE	48181.1	9.5	3786
#F0F0F0	#D7ACA7	48181.6	10	3787
#F0F0F0	#D7ACA7	48182	10.4000000000015	3787
#F0F0F0	#D7ACA7	48182.4	10	3787
#F0F0F0	#D7ACA7	48182	9.59999999999854	3787
#F0F0F0	#D7ACA7	48181.6	10	3787
#F0F0F0	#E2C1BD	48182.1	10.5	3788
#F0F0F0	#E2C1BD	48182.5	10.9000000000015	3788
#F0F0F0	#E2C1BD	48182.9	10.5	3788
#F0F0F0	#E2C1BD	48182.5	10.0999999999985	3788
#F0F0F0	#E2C1BD	48182.1	10.5	3788
#F1F1F1	#E4C4C0	48182.6	11	3789
#F1F1F1	#E4C4C0	48183	11.4000000000015	3789
#F1F1F1	#E4C4C0	48183.4	11	3789
#F1F1F1	#E4C4C0	48183	10.5999999999985	3789
#F1F1F1	#E4C4C0	48182.6	11	3789
#F5F5F5	#ECD5D2	48183.1	11.5	3790
#F5F5F5	#ECD5D2	48183.5	11.9000000000015	3790
#F5F5F5	#ECD5D2	48183.9	11.5	3790
#F5F5F5	#ECD5D2	48183.5	11.0999999999985	3790
#F5F5F5	#ECD5D2	48183.1	11.5	3790
#FFFFFF	#FEFEFE	48183.6	12	3791
#FFFFFF	#FEFEFE	48184	12.4000000000015	3791
#FFFFFF	#FEFEFE	48184.4	12	3791
#FFFFFF	#FEFEFE	48184	11.5999999999985	3791
#FFFFFF	#FEFEFE	48183.6	12	3791
#FEFEFE	#FCF9F8	48184.1	12.5	3792
#FEFEFE	#FCF9F8	48184.5	12.9000000000015	3792
#FEFEFE	#FCF9F8	48184.9	12.5	3792
#FEFEFE	#FCF9F8	48184.5	12.0999999999985	3792
#FEFEFE	#FCF9F8	48184.1	12.5	3792
#FEFEFE	#FCF7F6	48184.6	13	3793
#FEFEFE	#FCF7F6	48185	13.4000000000015	3793
#FEFEFE	#FCF7F6	48185.4	13	3793
#FEFEFE	#FCF7F6	48185	12.5999999999985	3793
#FEFEFE	#FCF7F6	48184.6	13	3793
#F7F7F7	#F3E4E2	48185.1	13.5	3794
#F7F7F7	#F3E4E2	48185.5	13.9000000000015	3794
#F7F7F7	#F3E4E2	48185.9	13.5	3794
#F7F7F7	#F3E4E2	48185.5	13.0999999999985	3794
#F7F7F7	#F3E4E2	48185.1	13.5	3794
#757575	#F4E6E4	48172.6	0	3795
#757575	#F4E6E4	48173	0.400000000001455	3795
#757575	#F4E6E4	48173.4	0	3795
#757575	#F4E6E4	48173	-0.400000000001455	3795
#757575	#F4E6E4	48172.6	0	3795
#C0C0C0	#F8F0EE	48173.1	0.5	3796
#C0C0C0	#F8F0EE	48173.5	0.900000000001455	3796
#C0C0C0	#F8F0EE	48173.9	0.5	3796
#C0C0C0	#F8F0EE	48173.5	0.0999999999985448	3796
#C0C0C0	#F8F0EE	48173.1	0.5	3796
#9D9D9D	#F4E5E3	48173.6	1	3797
#9D9D9D	#F4E5E3	48174	1.40000000000146	3797
#9D9D9D	#F4E5E3	48174.4	1	3797
#9D9D9D	#F4E5E3	48174	0.599999999998545	3797
#9D9D9D	#F4E5E3	48173.6	1	3797
#989898	#F3E3E1	48174.1	1.5	3798
#989898	#F3E3E1	48174.5	1.90000000000146	3798
#989898	#F3E3E1	48174.9	1.5	3798
#989898	#F3E3E1	48174.5	1.09999999999854	3798
#989898	#F3E3E1	48174.1	1.5	3798
#B1B1B1	#F5E8E7	48174.6	2	3799
#B1B1B1	#F5E8E7	48175	2.40000000000146	3799
#B1B1B1	#F5E8E7	48175.4	2	3799
#B1B1B1	#F5E8E7	48175	1.59999999999854	3799
#B1B1B1	#F5E8E7	48174.6	2	3799
#A6A6A6	#F4E6E4	48175.1	2.5	3800
#A6A6A6	#F4E6E4	48175.5	2.90000000000146	3800
#A6A6A6	#F4E6E4	48175.9	2.5	3800
#A6A6A6	#F4E6E4	48175.5	2.09999999999854	3800
#A6A6A6	#F4E6E4	48175.1	2.5	3800
#9D9D9D	#F1E0DD	48175.6	3	3801
#9D9D9D	#F1E0DD	48176	3.40000000000146	3801
#9D9D9D	#F1E0DD	48176.4	3	3801
#9D9D9D	#F1E0DD	48176	2.59999999999855	3801
#9D9D9D	#F1E0DD	48175.6	3	3801
#A5A5A5	#F1DFDC	48176.1	3.5	3802
#A5A5A5	#F1DFDC	48176.5	3.90000000000146	3802
#A5A5A5	#F1DFDC	48176.9	3.5	3802
#A5A5A5	#F1DFDC	48176.5	3.09999999999855	3802
#A5A5A5	#F1DFDC	48176.1	3.5	3802
#959595	#EAD0CD	48176.6	4	3803
#959595	#EAD0CD	48177	4.40000000000146	3803
#959595	#EAD0CD	48177.4	4	3803
#959595	#EAD0CD	48177	3.59999999999855	3803
#959595	#EAD0CD	48176.6	4	3803
#E1E1E1	#F5E9E7	48177.1	4.5	3804
#E1E1E1	#F5E9E7	48177.5	4.90000000000146	3804
#E1E1E1	#F5E9E7	48177.9	4.5	3804
#E1E1E1	#F5E9E7	48177.5	4.09999999999855	3804
#E1E1E1	#F5E9E7	48177.1	4.5	3804
#BDBDBD	#EAD2CE	48177.6	5	3805
#BDBDBD	#EAD2CE	48178	5.40000000000146	3805
#BDBDBD	#EAD2CE	48178.4	5	3805
#BDBDBD	#EAD2CE	48178	4.59999999999855	3805
#BDBDBD	#EAD2CE	48177.6	5	3805
#DCDCDC	#E7CBC7	48178.1	5.5	3806
#DCDCDC	#E7CBC7	48178.5	5.90000000000146	3806
#DCDCDC	#E7CBC7	48178.9	5.5	3806
#DCDCDC	#E7CBC7	48178.5	5.09999999999855	3806
#DCDCDC	#E7CBC7	48178.1	5.5	3806
#C4C4C4	#CD9993	48178.6	6	3807
#C4C4C4	#CD9993	48179	6.40000000000146	3807
#C4C4C4	#CD9993	48179.4	6	3807
#C4C4C4	#CD9993	48179	5.59999999999855	3807
#C4C4C4	#CD9993	48178.6	6	3807
#EDEDED	#E6C8C5	48179.1	6.5	3808
#EDEDED	#E6C8C5	48179.5	6.90000000000146	3808
#EDEDED	#E6C8C5	48179.9	6.5	3808
#EDEDED	#E6C8C5	48179.5	6.09999999999855	3808
#EDEDED	#E6C8C5	48179.1	6.5	3808
#ECECEC	#E5C6C2	48179.6	7	3809
#ECECEC	#E5C6C2	48180	7.40000000000146	3809
#ECECEC	#E5C6C2	48180.4	7	3809
#ECECEC	#E5C6C2	48180	6.59999999999855	3809
#ECECEC	#E5C6C2	48179.6	7	3809
#E9E9E9	#E2C0BB	48180.1	7.5	3810
#E9E9E9	#E2C0BB	48180.5	7.90000000000146	3810
#E9E9E9	#E2C0BB	48180.9	7.5	3810
#E9E9E9	#E2C0BB	48180.5	7.09999999999855	3810
#E9E9E9	#E2C0BB	48180.1	7.5	3810
#EEEEEE	#E2C0BC	48180.6	8	3811
#EEEEEE	#E2C0BC	48181	8.40000000000146	3811
#EEEEEE	#E2C0BC	48181.4	8	3811
#EEEEEE	#E2C0BC	48181	7.59999999999855	3811
#EEEEEE	#E2C0BC	48180.6	8	3811
#EDEDED	#CA948E	48181.1	8.5	3812
#EDEDED	#CA948E	48181.5	8.90000000000146	3812
#EDEDED	#CA948E	48181.9	8.5	3812
#EDEDED	#CA948E	48181.5	8.09999999999855	3812
#EDEDED	#CA948E	48181.1	8.5	3812
#F8F8F8	#EBD2CF	48181.6	9	3813
#F8F8F8	#EBD2CF	48182	9.40000000000146	3813
#F8F8F8	#EBD2CF	48182.4	9	3813
#F8F8F8	#EBD2CF	48182	8.59999999999855	3813
#F8F8F8	#EBD2CF	48181.6	9	3813
#FAFAFA	#EFDCD9	48182.1	9.5	3814
#FAFAFA	#EFDCD9	48182.5	9.90000000000146	3814
#FAFAFA	#EFDCD9	48182.9	9.5	3814
#FAFAFA	#EFDCD9	48182.5	9.09999999999854	3814
#FAFAFA	#EFDCD9	48182.1	9.5	3814
#DDDDDD	#C9938C	48182.6	10	3815
#DDDDDD	#C9938C	48183	10.4000000000015	3815
#DDDDDD	#C9938C	48183.4	10	3815
#DDDDDD	#C9938C	48183	9.59999999999854	3815
#DDDDDD	#C9938C	48182.6	10	3815
#EEEEEE	#E1BEBA	48183.1	10.5	3816
#EEEEEE	#E1BEBA	48183.5	10.9000000000015	3816
#EEEEEE	#E1BEBA	48183.9	10.5	3816
#EEEEEE	#E1BEBA	48183.5	10.0999999999985	3816
#EEEEEE	#E1BEBA	48183.1	10.5	3816
#FAFAFA	#F3E4E2	48183.6	11	3817
#FAFAFA	#F3E4E2	48184	11.4000000000015	3817
#FAFAFA	#F3E4E2	48184.4	11	3817
#FAFAFA	#F3E4E2	48184	10.5999999999985	3817
#FAFAFA	#F3E4E2	48183.6	11	3817
#FDFDFD	#F9F2F1	48184.1	11.5	3818
#FDFDFD	#F9F2F1	48184.5	11.9000000000015	3818
#FDFDFD	#F9F2F1	48184.9	11.5	3818
#FDFDFD	#F9F2F1	48184.5	11.0999999999985	3818
#FDFDFD	#F9F2F1	48184.1	11.5	3818
#FAFAFA	#F2E1DE	48184.6	12	3819
#FAFAFA	#F2E1DE	48185	12.4000000000015	3819
#FAFAFA	#F2E1DE	48185.4	12	3819
#FAFAFA	#F2E1DE	48185	11.5999999999985	3819
#FAFAFA	#F2E1DE	48184.6	12	3819
#EDEDED	#E0BDB9	48185.1	12.5	3820
#EDEDED	#E0BDB9	48185.5	12.9000000000015	3820
#EDEDED	#E0BDB9	48185.9	12.5	3820
#EDEDED	#E0BDB9	48185.5	12.0999999999985	3820
#EDEDED	#E0BDB9	48185.1	12.5	3820
#F4F4F4	#EED9D6	48185.6	13	3821
#F4F4F4	#EED9D6	48186	13.4000000000015	3821
#F4F4F4	#EED9D6	48186.4	13	3821
#F4F4F4	#EED9D6	48186	12.5999999999985	3821
#F4F4F4	#EED9D6	48185.6	13	3821
#757575	#F4E6E4	48173.6	0	3822
#757575	#F4E6E4	48174	0.400000000001455	3822
#757575	#F4E6E4	48174.4	0	3822
#757575	#F4E6E4	48174	-0.400000000001455	3822
#757575	#F4E6E4	48173.6	0	3822
#898989	#F4E6E4	48174.1	0.5	3823
#898989	#F4E6E4	48174.5	0.900000000001455	3823
#898989	#F4E6E4	48174.9	0.5	3823
#898989	#F4E6E4	48174.5	0.0999999999985448	3823
#898989	#F4E6E4	48174.1	0.5	3823
#B2B2B2	#F6EBE9	48174.6	1	3824
#B2B2B2	#F6EBE9	48175	1.40000000000146	3824
#B2B2B2	#F6EBE9	48175.4	1	3824
#B2B2B2	#F6EBE9	48175	0.599999999998545	3824
#B2B2B2	#F6EBE9	48174.6	1	3824
#D7D7D7	#F9F2F1	48175.1	1.5	3825
#D7D7D7	#F9F2F1	48175.5	1.90000000000146	3825
#D7D7D7	#F9F2F1	48175.9	1.5	3825
#D7D7D7	#F9F2F1	48175.5	1.09999999999854	3825
#D7D7D7	#F9F2F1	48175.1	1.5	3825
#E7E7E7	#FBF6F5	48175.6	2	3826
#E7E7E7	#FBF6F5	48176	2.40000000000146	3826
#E7E7E7	#FBF6F5	48176.4	2	3826
#E7E7E7	#FBF6F5	48176	1.59999999999854	3826
#E7E7E7	#FBF6F5	48175.6	2	3826
#CDCDCD	#F8EEED	48176.1	2.5	3827
#CDCDCD	#F8EEED	48176.5	2.90000000000146	3827
#CDCDCD	#F8EEED	48176.9	2.5	3827
#CDCDCD	#F8EEED	48176.5	2.09999999999854	3827
#CDCDCD	#F8EEED	48176.1	2.5	3827
#C8C8C8	#F6EAE9	48176.6	3	3828
#C8C8C8	#F6EAE9	48177	3.40000000000146	3828
#C8C8C8	#F6EAE9	48177.4	3	3828
#C8C8C8	#F6EAE9	48177	2.59999999999855	3828
#C8C8C8	#F6EAE9	48176.6	3	3828
#D6D6D6	#F5E9E7	48177.1	3.5	3829
#D6D6D6	#F5E9E7	48177.5	3.90000000000146	3829
#D6D6D6	#F5E9E7	48177.9	3.5	3829
#D6D6D6	#F5E9E7	48177.5	3.09999999999855	3829
#D6D6D6	#F5E9E7	48177.1	3.5	3829
#F4F4F4	#FAF4F3	48177.6	4	3830
#F4F4F4	#FAF4F3	48178	4.40000000000146	3830
#F4F4F4	#FAF4F3	48178.4	4	3830
#F4F4F4	#FAF4F3	48178	3.59999999999855	3830
#F4F4F4	#FAF4F3	48177.6	4	3830
#DCDCDC	#F2E1DF	48178.1	4.5	3831
#DCDCDC	#F2E1DF	48178.5	4.90000000000146	3831
#DCDCDC	#F2E1DF	48178.9	4.5	3831
#DCDCDC	#F2E1DF	48178.5	4.09999999999855	3831
#DCDCDC	#F2E1DF	48178.1	4.5	3831
#D0D0D0	#E3C2BE	48178.6	5	3832
#D0D0D0	#E3C2BE	48179	5.40000000000146	3832
#D0D0D0	#E3C2BE	48179.4	5	3832
#D0D0D0	#E3C2BE	48179	4.59999999999855	3832
#D0D0D0	#E3C2BE	48178.6	5	3832
#CECECE	#D8ADA7	48179.1	5.5	3833
#CECECE	#D8ADA7	48179.5	5.90000000000146	3833
#CECECE	#D8ADA7	48179.9	5.5	3833
#CECECE	#D8ADA7	48179.5	5.09999999999855	3833
#CECECE	#D8ADA7	48179.1	5.5	3833
#DEDEDE	#DDB6B2	48179.6	6	3834
#DEDEDE	#DDB6B2	48180	6.40000000000146	3834
#DEDEDE	#DDB6B2	48180.4	6	3834
#DEDEDE	#DDB6B2	48180	5.59999999999855	3834
#DEDEDE	#DDB6B2	48179.6	6	3834
#E2E2E2	#D7ACA6	48180.1	6.5	3835
#E2E2E2	#D7ACA6	48180.5	6.90000000000146	3835
#E2E2E2	#D7ACA6	48180.9	6.5	3835
#E2E2E2	#D7ACA6	48180.5	6.09999999999855	3835
#E2E2E2	#D7ACA6	48180.1	6.5	3835
#EEEEEE	#E4C5C1	48180.6	7	3836
#EEEEEE	#E4C5C1	48181	7.40000000000146	3836
#EEEEEE	#E4C5C1	48181.4	7	3836
#EEEEEE	#E4C5C1	48181	6.59999999999855	3836
#EEEEEE	#E4C5C1	48180.6	7	3836
#DFDFDF	#B8756E	48181.1	7.5	3837
#DFDFDF	#B8756E	48181.5	7.90000000000146	3837
#DFDFDF	#B8756E	48181.9	7.5	3837
#DFDFDF	#B8756E	48181.5	7.09999999999855	3837
#DFDFDF	#B8756E	48181.1	7.5	3837
#F9F9F9	#F2E1DF	48181.6	8	3838
#F9F9F9	#F2E1DF	48182	8.40000000000146	3838
#F9F9F9	#F2E1DF	48182.4	8	3838
#F9F9F9	#F2E1DF	48182	7.59999999999855	3838
#F9F9F9	#F2E1DF	48181.6	8	3838
#EDEDED	#DEB8B3	48182.1	8.5	3839
#EDEDED	#DEB8B3	48182.5	8.90000000000146	3839
#EDEDED	#DEB8B3	48182.9	8.5	3839
#EDEDED	#DEB8B3	48182.5	8.09999999999855	3839
#EDEDED	#DEB8B3	48182.1	8.5	3839
#FEFEFE	#FBF5F4	48182.6	9	3840
#FEFEFE	#FBF5F4	48183	9.40000000000146	3840
#FEFEFE	#FBF5F4	48183.4	9	3840
#FEFEFE	#FBF5F4	48183	8.59999999999855	3840
#FEFEFE	#FBF5F4	48182.6	9	3840
#FAFAFA	#F4E5E4	48183.1	9.5	3841
#FAFAFA	#F4E5E4	48183.5	9.90000000000146	3841
#FAFAFA	#F4E5E4	48183.9	9.5	3841
#FAFAFA	#F4E5E4	48183.5	9.09999999999854	3841
#FAFAFA	#F4E5E4	48183.1	9.5	3841
#E1E1E1	#CC9891	48183.6	10	3842
#E1E1E1	#CC9891	48184	10.4000000000015	3842
#E1E1E1	#CC9891	48184.4	10	3842
#E1E1E1	#CC9891	48184	9.59999999999854	3842
#E1E1E1	#CC9891	48183.6	10	3842
#EFEFEF	#E3C2BE	48184.1	10.5	3843
#EFEFEF	#E3C2BE	48184.5	10.9000000000015	3843
#EFEFEF	#E3C2BE	48184.9	10.5	3843
#EFEFEF	#E3C2BE	48184.5	10.0999999999985	3843
#EFEFEF	#E3C2BE	48184.1	10.5	3843
#FDFDFD	#FAF5F4	48184.6	11	3844
#FDFDFD	#FAF5F4	48185	11.4000000000015	3844
#FDFDFD	#FAF5F4	48185.4	11	3844
#FDFDFD	#FAF5F4	48185	10.5999999999985	3844
#FDFDFD	#FAF5F4	48184.6	11	3844
#EAEAEA	#D7ABA5	48185.1	11.5	3845
#EAEAEA	#D7ABA5	48185.5	11.9000000000015	3845
#EAEAEA	#D7ABA5	48185.9	11.5	3845
#EAEAEA	#D7ABA5	48185.5	11.0999999999985	3845
#EAEAEA	#D7ABA5	48185.1	11.5	3845
#E8E8E8	#DDB7B2	48185.6	12	3846
#E8E8E8	#DDB7B2	48186	12.4000000000015	3846
#E8E8E8	#DDB7B2	48186.4	12	3846
#E8E8E8	#DDB7B2	48186	11.5999999999985	3846
#E8E8E8	#DDB7B2	48185.6	12	3846
#FDFDFD	#FCF9F8	48186.1	12.5	3847
#FDFDFD	#FCF9F8	48186.5	12.9000000000015	3847
#FDFDFD	#FCF9F8	48186.9	12.5	3847
#FDFDFD	#FCF9F8	48186.5	12.0999999999985	3847
#FDFDFD	#FCF9F8	48186.1	12.5	3847
#424242	#F0DDDA	48174.6	0	3848
#424242	#F0DDDA	48175	0.400000000001455	3848
#424242	#F0DDDA	48175.4	0	3848
#424242	#F0DDDA	48175	-0.400000000001455	3848
#424242	#F0DDDA	48174.6	0	3848
#DDDDDD	#FAF4F4	48175.1	0.5	3849
#DDDDDD	#FAF4F4	48175.5	0.900000000001455	3849
#DDDDDD	#FAF4F4	48175.9	0.5	3849
#DDDDDD	#FAF4F4	48175.5	0.0999999999985448	3849
#DDDDDD	#FAF4F4	48175.1	0.5	3849
#E7E7E7	#FBF6F6	48175.6	1	3850
#E7E7E7	#FBF6F6	48176	1.40000000000146	3850
#E7E7E7	#FBF6F6	48176.4	1	3850
#E7E7E7	#FBF6F6	48176	0.599999999998545	3850
#E7E7E7	#FBF6F6	48175.6	1	3850
#D3D3D3	#F9F2F1	48176.1	1.5	3851
#D3D3D3	#F9F2F1	48176.5	1.90000000000146	3851
#D3D3D3	#F9F2F1	48176.9	1.5	3851
#D3D3D3	#F9F2F1	48176.5	1.09999999999854	3851
#D3D3D3	#F9F2F1	48176.1	1.5	3851
#D0D0D0	#F8F0EE	48176.6	2	3852
#D0D0D0	#F8F0EE	48177	2.40000000000146	3852
#D0D0D0	#F8F0EE	48177.4	2	3852
#D0D0D0	#F8F0EE	48177	1.59999999999854	3852
#D0D0D0	#F8F0EE	48176.6	2	3852
#B3B3B3	#F4E7E5	48177.1	2.5	3853
#B3B3B3	#F4E7E5	48177.5	2.90000000000146	3853
#B3B3B3	#F4E7E5	48177.9	2.5	3853
#B3B3B3	#F4E7E5	48177.5	2.09999999999854	3853
#B3B3B3	#F4E7E5	48177.1	2.5	3853
#D6D6D6	#F6EBE9	48177.6	3	3854
#D6D6D6	#F6EBE9	48178	3.40000000000146	3854
#D6D6D6	#F6EBE9	48178.4	3	3854
#D6D6D6	#F6EBE9	48178	2.59999999999855	3854
#D6D6D6	#F6EBE9	48177.6	3	3854
#FDFDFD	#FEFDFE	48178.1	3.5	3855
#FDFDFD	#FEFDFE	48178.5	3.90000000000146	3855
#FDFDFD	#FEFDFE	48178.9	3.5	3855
#FDFDFD	#FEFDFE	48178.5	3.09999999999855	3855
#FDFDFD	#FEFDFE	48178.1	3.5	3855
#F1F1F1	#F9F1EF	48178.6	4	3856
#F1F1F1	#F9F1EF	48179	4.40000000000146	3856
#F1F1F1	#F9F1EF	48179.4	4	3856
#F1F1F1	#F9F1EF	48179	3.59999999999855	3856
#F1F1F1	#F9F1EF	48178.6	4	3856
#B4B4B4	#DBB4AF	48179.1	4.5	3857
#B4B4B4	#DBB4AF	48179.5	4.90000000000146	3857
#B4B4B4	#DBB4AF	48179.9	4.5	3857
#B4B4B4	#DBB4AF	48179.5	4.09999999999855	3857
#B4B4B4	#DBB4AF	48179.1	4.5	3857
#BEBEBE	#DFBAB6	48179.6	5	3858
#BEBEBE	#DFBAB6	48180	5.40000000000146	3858
#BEBEBE	#DFBAB6	48180.4	5	3858
#BEBEBE	#DFBAB6	48180	4.59999999999855	3858
#BEBEBE	#DFBAB6	48179.6	5	3858
#D3D3D3	#D3A49E	48180.1	5.5	3859
#D3D3D3	#D3A49E	48180.5	5.90000000000146	3859
#D3D3D3	#D3A49E	48180.9	5.5	3859
#D3D3D3	#D3A49E	48180.5	5.09999999999855	3859
#D3D3D3	#D3A49E	48180.1	5.5	3859
#EEEEEE	#E7CBC7	48180.6	6	3860
#EEEEEE	#E7CBC7	48181	6.40000000000146	3860
#EEEEEE	#E7CBC7	48181.4	6	3860
#EEEEEE	#E7CBC7	48181	5.59999999999855	3860
#EEEEEE	#E7CBC7	48180.6	6	3860
#F3F3F3	#EFDAD8	48181.1	6.5	3861
#F3F3F3	#EFDAD8	48181.5	6.90000000000146	3861
#F3F3F3	#EFDAD8	48181.9	6.5	3861
#F3F3F3	#EFDAD8	48181.5	6.09999999999855	3861
#F3F3F3	#EFDAD8	48181.1	6.5	3861
#DADADA	#D5A7A1	48181.6	7	3862
#DADADA	#D5A7A1	48182	7.40000000000146	3862
#DADADA	#D5A7A1	48182.4	7	3862
#DADADA	#D5A7A1	48182	6.59999999999855	3862
#DADADA	#D5A7A1	48181.6	7	3862
#FCFCFC	#F9F1F0	48182.1	7.5	3863
#FCFCFC	#F9F1F0	48182.5	7.90000000000146	3863
#FCFCFC	#F9F1F0	48182.9	7.5	3863
#FCFCFC	#F9F1F0	48182.5	7.09999999999855	3863
#FCFCFC	#F9F1F0	48182.1	7.5	3863
#E6E6E6	#DBB3AE	48182.6	8	3864
#E6E6E6	#DBB3AE	48183	8.40000000000146	3864
#E6E6E6	#DBB3AE	48183.4	8	3864
#E6E6E6	#DBB3AE	48183	7.59999999999855	3864
#E6E6E6	#DBB3AE	48182.6	8	3864
#EDEDED	#DDB7B2	48183.1	8.5	3865
#EDEDED	#DDB7B2	48183.5	8.90000000000146	3865
#EDEDED	#DDB7B2	48183.9	8.5	3865
#EDEDED	#DDB7B2	48183.5	8.09999999999855	3865
#EDEDED	#DDB7B2	48183.1	8.5	3865
#E1E1E1	#D7ACA6	48183.6	9	3866
#E1E1E1	#D7ACA6	48184	9.40000000000146	3866
#E1E1E1	#D7ACA6	48184.4	9	3866
#E1E1E1	#D7ACA6	48184	8.59999999999855	3866
#E1E1E1	#D7ACA6	48183.6	9	3866
#D9D9D9	#CD9992	48184.1	9.5	3867
#D9D9D9	#CD9992	48184.5	9.90000000000146	3867
#D9D9D9	#CD9992	48184.9	9.5	3867
#D9D9D9	#CD9992	48184.5	9.09999999999854	3867
#D9D9D9	#CD9992	48184.1	9.5	3867
#F4F4F4	#EED9D6	48184.6	10	3868
#F4F4F4	#EED9D6	48185	10.4000000000015	3868
#F4F4F4	#EED9D6	48185.4	10	3868
#F4F4F4	#EED9D6	48185	9.59999999999854	3868
#F4F4F4	#EED9D6	48184.6	10	3868
#F8F8F8	#EDD7D5	48185.1	10.5	3869
#F8F8F8	#EDD7D5	48185.5	10.9000000000015	3869
#F8F8F8	#EDD7D5	48185.9	10.5	3869
#F8F8F8	#EDD7D5	48185.5	10.0999999999985	3869
#F8F8F8	#EDD7D5	48185.1	10.5	3869
#FBFBFB	#F6EAE9	48185.6	11	3870
#FBFBFB	#F6EAE9	48186	11.4000000000015	3870
#FBFBFB	#F6EAE9	48186.4	11	3870
#FBFBFB	#F6EAE9	48186	10.5999999999985	3870
#FBFBFB	#F6EAE9	48185.6	11	3870
#FAFAFA	#F5E8E6	48186.1	11.5	3871
#FAFAFA	#F5E8E6	48186.5	11.9000000000015	3871
#FAFAFA	#F5E8E6	48186.9	11.5	3871
#FAFAFA	#F5E8E6	48186.5	11.0999999999985	3871
#FAFAFA	#F5E8E6	48186.1	11.5	3871
#F4F4F4	#EFDAD8	48186.6	12	3872
#F4F4F4	#EFDAD8	48187	12.4000000000015	3872
#F4F4F4	#EFDAD8	48187.4	12	3872
#F4F4F4	#EFDAD8	48187	11.5999999999985	3872
#F4F4F4	#EFDAD8	48186.6	12	3872
#747474	#F3E5E3	48175.6	0	3873
#747474	#F3E5E3	48176	0.400000000001455	3873
#747474	#F3E5E3	48176.4	0	3873
#747474	#F3E5E3	48176	-0.400000000001455	3873
#747474	#F3E5E3	48175.6	0	3873
#B1B1B1	#F7EDEC	48176.1	0.5	3874
#B1B1B1	#F7EDEC	48176.5	0.900000000001455	3874
#B1B1B1	#F7EDEC	48176.9	0.5	3874
#B1B1B1	#F7EDEC	48176.5	0.0999999999985448	3874
#B1B1B1	#F7EDEC	48176.1	0.5	3874
#999999	#F5E8E6	48176.6	1	3875
#999999	#F5E8E6	48177	1.40000000000146	3875
#999999	#F5E8E6	48177.4	1	3875
#999999	#F5E8E6	48177	0.599999999998545	3875
#999999	#F5E8E6	48176.6	1	3875
#7F7F7F	#F2E1DF	48177.1	1.5	3876
#7F7F7F	#F2E1DF	48177.5	1.90000000000146	3876
#7F7F7F	#F2E1DF	48177.9	1.5	3876
#7F7F7F	#F2E1DF	48177.5	1.09999999999854	3876
#7F7F7F	#F2E1DF	48177.1	1.5	3876
#848484	#F0DEDB	48177.6	2	3877
#848484	#F0DEDB	48178	2.40000000000146	3877
#848484	#F0DEDB	48178.4	2	3877
#848484	#F0DEDB	48178	1.59999999999854	3877
#848484	#F0DEDB	48177.6	2	3877
#888888	#EDD8D5	48178.1	2.5	3878
#888888	#EDD8D5	48178.5	2.90000000000146	3878
#888888	#EDD8D5	48178.9	2.5	3878
#888888	#EDD8D5	48178.5	2.09999999999854	3878
#888888	#EDD8D5	48178.1	2.5	3878
#B9B9B9	#F2E3E0	48178.6	3	3879
#B9B9B9	#F2E3E0	48179	3.40000000000146	3879
#B9B9B9	#F2E3E0	48179.4	3	3879
#B9B9B9	#F2E3E0	48179	2.59999999999855	3879
#B9B9B9	#F2E3E0	48178.6	3	3879
#B1B1B1	#EBD3D0	48179.1	3.5	3880
#B1B1B1	#EBD3D0	48179.5	3.90000000000146	3880
#B1B1B1	#EBD3D0	48179.9	3.5	3880
#B1B1B1	#EBD3D0	48179.5	3.09999999999855	3880
#B1B1B1	#EBD3D0	48179.1	3.5	3880
#8D8D8D	#D3A49F	48179.6	4	3881
#8D8D8D	#D3A49F	48180	4.40000000000146	3881
#8D8D8D	#D3A49F	48180.4	4	3881
#8D8D8D	#D3A49F	48180	3.59999999999855	3881
#8D8D8D	#D3A49F	48179.6	4	3881
#AAAAAA	#CD9A94	48180.1	4.5	3882
#AAAAAA	#CD9A94	48180.5	4.90000000000146	3882
#AAAAAA	#CD9A94	48180.9	4.5	3882
#AAAAAA	#CD9A94	48180.5	4.09999999999855	3882
#AAAAAA	#CD9A94	48180.1	4.5	3882
#D2D2D2	#DCB5B0	48180.6	5	3883
#D2D2D2	#DCB5B0	48181	5.40000000000146	3883
#D2D2D2	#DCB5B0	48181.4	5	3883
#D2D2D2	#DCB5B0	48181	4.59999999999855	3883
#D2D2D2	#DCB5B0	48180.6	5	3883
#E4E4E4	#DDB7B2	48181.1	5.5	3884
#E4E4E4	#DDB7B2	48181.5	5.90000000000146	3884
#E4E4E4	#DDB7B2	48181.9	5.5	3884
#E4E4E4	#DDB7B2	48181.5	5.09999999999855	3884
#E4E4E4	#DDB7B2	48181.1	5.5	3884
#CDCDCD	#C78E87	48181.6	6	3885
#CDCDCD	#C78E87	48182	6.40000000000146	3885
#CDCDCD	#C78E87	48182.4	6	3885
#CDCDCD	#C78E87	48182	5.59999999999855	3885
#CDCDCD	#C78E87	48181.6	6	3885
#E0E0E0	#D4A6A0	48182.1	6.5	3886
#E0E0E0	#D4A6A0	48182.5	6.90000000000146	3886
#E0E0E0	#D4A6A0	48182.9	6.5	3886
#E0E0E0	#D4A6A0	48182.5	6.09999999999855	3886
#E0E0E0	#D4A6A0	48182.1	6.5	3886
#E9E9E9	#E0BCB7	48182.6	7	3887
#E9E9E9	#E0BCB7	48183	7.40000000000146	3887
#E9E9E9	#E0BCB7	48183.4	7	3887
#E9E9E9	#E0BCB7	48183	6.59999999999855	3887
#E9E9E9	#E0BCB7	48182.6	7	3887
#EEEEEE	#E0BCB7	48183.1	7.5	3888
#EEEEEE	#E0BCB7	48183.5	7.90000000000146	3888
#EEEEEE	#E0BCB7	48183.9	7.5	3888
#EEEEEE	#E0BCB7	48183.5	7.09999999999855	3888
#EEEEEE	#E0BCB7	48183.1	7.5	3888
#F4F4F4	#E8CCC8	48183.6	8	3889
#F4F4F4	#E8CCC8	48184	8.40000000000146	3889
#F4F4F4	#E8CCC8	48184.4	8	3889
#F4F4F4	#E8CCC8	48184	7.59999999999855	3889
#F4F4F4	#E8CCC8	48183.6	8	3889
#F5F5F5	#F1DFDD	48184.1	8.5	3890
#F5F5F5	#F1DFDD	48184.5	8.90000000000146	3890
#F5F5F5	#F1DFDD	48184.9	8.5	3890
#F5F5F5	#F1DFDD	48184.5	8.09999999999855	3890
#F5F5F5	#F1DFDD	48184.1	8.5	3890
#E3E3E3	#E1BEB9	48184.6	9	3891
#E3E3E3	#E1BEB9	48185	9.40000000000146	3891
#E3E3E3	#E1BEB9	48185.4	9	3891
#E3E3E3	#E1BEB9	48185	8.59999999999855	3891
#E3E3E3	#E1BEB9	48184.6	9	3891
#F5F5F5	#ECD4D1	48185.1	9.5	3892
#F5F5F5	#ECD4D1	48185.5	9.90000000000146	3892
#F5F5F5	#ECD4D1	48185.9	9.5	3892
#F5F5F5	#ECD4D1	48185.5	9.09999999999854	3892
#F5F5F5	#ECD4D1	48185.1	9.5	3892
#ECECEC	#E2C0BC	48185.6	10	3893
#ECECEC	#E2C0BC	48186	10.4000000000015	3893
#ECECEC	#E2C0BC	48186.4	10	3893
#ECECEC	#E2C0BC	48186	9.59999999999854	3893
#ECECEC	#E2C0BC	48185.6	10	3893
#F5F5F5	#EED9D6	48186.1	10.5	3894
#F5F5F5	#EED9D6	48186.5	10.9000000000015	3894
#F5F5F5	#EED9D6	48186.9	10.5	3894
#F5F5F5	#EED9D6	48186.5	10.0999999999985	3894
#F5F5F5	#EED9D6	48186.1	10.5	3894
#F9F9F9	#F4E5E4	48186.6	11	3895
#F9F9F9	#F4E5E4	48187	11.4000000000015	3895
#F9F9F9	#F4E5E4	48187.4	11	3895
#F9F9F9	#F4E5E4	48187	10.5999999999985	3895
#F9F9F9	#F4E5E4	48186.6	11	3895
#E7E7E7	#EAD0CD	48187.1	11.5	3896
#E7E7E7	#EAD0CD	48187.5	11.9000000000015	3896
#E7E7E7	#EAD0CD	48187.9	11.5	3896
#E7E7E7	#EAD0CD	48187.5	11.0999999999985	3896
#E7E7E7	#EAD0CD	48187.1	11.5	3896
#414141	#F0DCDA	48176.6	0	3897
#414141	#F0DCDA	48177	0.400000000001455	3897
#414141	#F0DCDA	48177.4	0	3897
#414141	#F0DCDA	48177	-0.400000000001455	3897
#414141	#F0DCDA	48176.6	0	3897
#8D8D8D	#F5E7E6	48177.1	0.5	3898
#8D8D8D	#F5E7E6	48177.5	0.900000000001455	3898
#8D8D8D	#F5E7E6	48177.9	0.5	3898
#8D8D8D	#F5E7E6	48177.5	0.0999999999985448	3898
#8D8D8D	#F5E7E6	48177.1	0.5	3898
#8E8E8E	#F3E4E2	48177.6	1	3899
#8E8E8E	#F3E4E2	48178	1.40000000000146	3899
#8E8E8E	#F3E4E2	48178.4	1	3899
#8E8E8E	#F3E4E2	48178	0.599999999998545	3899
#8E8E8E	#F3E4E2	48177.6	1	3899
#858585	#F1DFDD	48178.1	1.5	3900
#858585	#F1DFDD	48178.5	1.90000000000146	3900
#858585	#F1DFDD	48178.9	1.5	3900
#858585	#F1DFDD	48178.5	1.09999999999854	3900
#858585	#F1DFDD	48178.1	1.5	3900
#848484	#EDD7D4	48178.6	2	3901
#848484	#EDD7D4	48179	2.40000000000146	3901
#848484	#EDD7D4	48179.4	2	3901
#848484	#EDD7D4	48179	1.59999999999854	3901
#848484	#EDD7D4	48178.6	2	3901
#ACACAC	#F1DFDD	48179.1	2.5	3902
#ACACAC	#F1DFDD	48179.5	2.90000000000146	3902
#ACACAC	#F1DFDD	48179.9	2.5	3902
#ACACAC	#F1DFDD	48179.5	2.09999999999854	3902
#ACACAC	#F1DFDD	48179.1	2.5	3902
#A7A7A7	#EAD0CD	48179.6	3	3903
#A7A7A7	#EAD0CD	48180	3.40000000000146	3903
#A7A7A7	#EAD0CD	48180.4	3	3903
#A7A7A7	#EAD0CD	48180	2.59999999999855	3903
#A7A7A7	#EAD0CD	48179.6	3	3903
#9B9B9B	#D9AFA9	48180.1	3.5	3904
#9B9B9B	#D9AFA9	48180.5	3.90000000000146	3904
#9B9B9B	#D9AFA9	48180.9	3.5	3904
#9B9B9B	#D9AFA9	48180.5	3.09999999999855	3904
#9B9B9B	#D9AFA9	48180.1	3.5	3904
#A1A1A1	#C9928C	48180.6	4	3905
#A1A1A1	#C9928C	48181	4.40000000000146	3905
#A1A1A1	#C9928C	48181.4	4	3905
#A1A1A1	#C9928C	48181	3.59999999999855	3905
#A1A1A1	#C9928C	48180.6	4	3905
#B9B9B9	#CB9790	48181.1	4.5	3906
#B9B9B9	#CB9790	48181.5	4.90000000000146	3906
#B9B9B9	#CB9790	48181.9	4.5	3906
#B9B9B9	#CB9790	48181.5	4.09999999999855	3906
#B9B9B9	#CB9790	48181.1	4.5	3906
#ECECEC	#E5C7C3	48181.6	5	3907
#ECECEC	#E5C7C3	48182	5.40000000000146	3907
#ECECEC	#E5C7C3	48182.4	5	3907
#ECECEC	#E5C7C3	48182	4.59999999999855	3907
#ECECEC	#E5C7C3	48181.6	5	3907
#DADADA	#D8ADA8	48182.1	5.5	3908
#DADADA	#D8ADA8	48182.5	5.90000000000146	3908
#DADADA	#D8ADA8	48182.9	5.5	3908
#DADADA	#D8ADA8	48182.5	5.09999999999855	3908
#DADADA	#D8ADA8	48182.1	5.5	3908
#EFEFEF	#EBD3D0	48182.6	6	3909
#EFEFEF	#EBD3D0	48183	6.40000000000146	3909
#EFEFEF	#EBD3D0	48183.4	6	3909
#EFEFEF	#EBD3D0	48183	5.59999999999855	3909
#EFEFEF	#EBD3D0	48182.6	6	3909
#F6F6F6	#F1DFDC	48183.1	6.5	3910
#F6F6F6	#F1DFDC	48183.5	6.90000000000146	3910
#F6F6F6	#F1DFDC	48183.9	6.5	3910
#F6F6F6	#F1DFDC	48183.5	6.09999999999855	3910
#F6F6F6	#F1DFDC	48183.1	6.5	3910
#F5F5F5	#EED9D7	48183.6	7	3911
#F5F5F5	#EED9D7	48184	7.40000000000146	3911
#F5F5F5	#EED9D7	48184.4	7	3911
#F5F5F5	#EED9D7	48184	6.59999999999855	3911
#F5F5F5	#EED9D7	48183.6	7	3911
#D4D4D4	#C48A83	48184.1	7.5	3912
#D4D4D4	#C48A83	48184.5	7.90000000000146	3912
#D4D4D4	#C48A83	48184.9	7.5	3912
#D4D4D4	#C48A83	48184.5	7.09999999999855	3912
#D4D4D4	#C48A83	48184.1	7.5	3912
#E7E7E7	#E6C9C5	48184.6	8	3913
#E7E7E7	#E6C9C5	48185	8.40000000000146	3913
#E7E7E7	#E6C9C5	48185.4	8	3913
#E7E7E7	#E6C9C5	48185	7.59999999999855	3913
#E7E7E7	#E6C9C5	48184.6	8	3913
#E6E6E6	#DDB6B2	48185.1	8.5	3914
#E6E6E6	#DDB6B2	48185.5	8.90000000000146	3914
#E6E6E6	#DDB6B2	48185.9	8.5	3914
#E6E6E6	#DDB6B2	48185.5	8.09999999999855	3914
#E6E6E6	#DDB6B2	48185.1	8.5	3914
#E3E3E3	#CF9C96	48185.6	9	3915
#E3E3E3	#CF9C96	48186	9.40000000000146	3915
#E3E3E3	#CF9C96	48186.4	9	3915
#E3E3E3	#CF9C96	48186	8.59999999999855	3915
#E3E3E3	#CF9C96	48185.6	9	3915
#FFFFFF	#FFFEFE	48186.1	9.5	3916
#FFFFFF	#FFFEFE	48186.5	9.90000000000146	3916
#FFFFFF	#FFFEFE	48186.9	9.5	3916
#FFFFFF	#FFFEFE	48186.5	9.09999999999854	3916
#FFFFFF	#FFFEFE	48186.1	9.5	3916
#F7F7F7	#E5E2F1	48186.6	10	3917
#F7F7F7	#E5E2F1	48187	10.4000000000015	3917
#F7F7F7	#E5E2F1	48187.4	10	3917
#F7F7F7	#E5E2F1	48187	9.59999999999854	3917
#F7F7F7	#E5E2F1	48186.6	10	3917
#F3F3F3	#EDD7D4	48187.1	10.5	3918
#F3F3F3	#EDD7D4	48187.5	10.9000000000015	3918
#F3F3F3	#EDD7D4	48187.9	10.5	3918
#F3F3F3	#EDD7D4	48187.5	10.0999999999985	3918
#F3F3F3	#EDD7D4	48187.1	10.5	3918
#EEEEEE	#EBD2CF	48187.6	11	3919
#EEEEEE	#EBD2CF	48188	11.4000000000015	3919
#EEEEEE	#EBD2CF	48188.4	11	3919
#EEEEEE	#EBD2CF	48188	10.5999999999985	3919
#EEEEEE	#EBD2CF	48187.6	11	3919
#636363	#F2E2E0	48177.6	0	3920
#636363	#F2E2E0	48178	0.400000000001455	3920
#636363	#F2E2E0	48178.4	0	3920
#636363	#F2E2E0	48178	-0.400000000001455	3920
#636363	#F2E2E0	48177.6	0	3920
#919191	#F5E8E6	48178.1	0.5	3921
#919191	#F5E8E6	48178.5	0.900000000001455	3921
#919191	#F5E8E6	48178.9	0.5	3921
#919191	#F5E8E6	48178.5	0.0999999999985448	3921
#919191	#F5E8E6	48178.1	0.5	3921
#9D9D9D	#F4E6E4	48178.6	1	3922
#9D9D9D	#F4E6E4	48179	1.40000000000146	3922
#9D9D9D	#F4E6E4	48179.4	1	3922
#9D9D9D	#F4E6E4	48179	0.599999999998545	3922
#9D9D9D	#F4E6E4	48178.6	1	3922
#6C6C6C	#EDD7D4	48179.1	1.5	3923
#6C6C6C	#EDD7D4	48179.5	1.90000000000146	3923
#6C6C6C	#EDD7D4	48179.9	1.5	3923
#6C6C6C	#EDD7D4	48179.5	1.09999999999854	3923
#6C6C6C	#EDD7D4	48179.1	1.5	3923
#8F8F8F	#F0DDDA	48179.6	2	3924
#8F8F8F	#F0DDDA	48180	2.40000000000146	3924
#8F8F8F	#F0DDDA	48180.4	2	3924
#8F8F8F	#F0DDDA	48180	1.59999999999854	3924
#8F8F8F	#F0DDDA	48179.6	2	3924
#737373	#E7CAC6	48180.1	2.5	3925
#737373	#E7CAC6	48180.5	2.90000000000146	3925
#737373	#E7CAC6	48180.9	2.5	3925
#737373	#E7CAC6	48180.5	2.09999999999854	3925
#737373	#E7CAC6	48180.1	2.5	3925
#717171	#D4A59F	48180.6	3	3926
#717171	#D4A59F	48181	3.40000000000146	3926
#717171	#D4A59F	48181.4	3	3926
#717171	#D4A59F	48181	2.59999999999855	3926
#717171	#D4A59F	48180.6	3	3926
#737373	#C78E87	48181.1	3.5	3927
#737373	#C78E87	48181.5	3.90000000000146	3927
#737373	#C78E87	48181.9	3.5	3927
#737373	#C78E87	48181.5	3.09999999999855	3927
#737373	#C78E87	48181.1	3.5	3927
#B1B1B1	#D09F99	48181.6	4	3928
#B1B1B1	#D09F99	48182	4.40000000000146	3928
#B1B1B1	#D09F99	48182.4	4	3928
#B1B1B1	#D09F99	48182	3.59999999999855	3928
#B1B1B1	#D09F99	48181.6	4	3928
#C9C9C9	#D8ADA8	48182.1	4.5	3929
#C9C9C9	#D8ADA8	48182.5	4.90000000000146	3929
#C9C9C9	#D8ADA8	48182.9	4.5	3929
#C9C9C9	#D8ADA8	48182.5	4.09999999999855	3929
#C9C9C9	#D8ADA8	48182.1	4.5	3929
#B9B9B9	#CE9A94	48182.6	5	3930
#B9B9B9	#CE9A94	48183	5.40000000000146	3930
#B9B9B9	#CE9A94	48183.4	5	3930
#B9B9B9	#CE9A94	48183	4.59999999999855	3930
#B9B9B9	#CE9A94	48182.6	5	3930
#E3E3E3	#E2C0BC	48183.1	5.5	3931
#E3E3E3	#E2C0BC	48183.5	5.90000000000146	3931
#E3E3E3	#E2C0BC	48183.9	5.5	3931
#E3E3E3	#E2C0BC	48183.5	5.09999999999855	3931
#E3E3E3	#E2C0BC	48183.1	5.5	3931
#F6F6F6	#F2E1DF	48183.6	6	3932
#F6F6F6	#F2E1DF	48184	6.40000000000146	3932
#F6F6F6	#F2E1DF	48184.4	6	3932
#F6F6F6	#F2E1DF	48184	5.59999999999855	3932
#F6F6F6	#F2E1DF	48183.6	6	3932
#F8F8F8	#F4E6E4	48184.1	6.5	3933
#F8F8F8	#F4E6E4	48184.5	6.90000000000146	3933
#F8F8F8	#F4E6E4	48184.9	6.5	3933
#F8F8F8	#F4E6E4	48184.5	6.09999999999855	3933
#F8F8F8	#F4E6E4	48184.1	6.5	3933
#F3F3F3	#EED9D6	48184.6	7	3934
#F3F3F3	#EED9D6	48185	7.40000000000146	3934
#F3F3F3	#EED9D6	48185.4	7	3934
#F3F3F3	#EED9D6	48185	6.59999999999855	3934
#F3F3F3	#EED9D6	48184.6	7	3934
#D0D0D0	#D8AEA9	48185.1	7.5	3935
#D0D0D0	#D8AEA9	48185.5	7.90000000000146	3935
#D0D0D0	#D8AEA9	48185.9	7.5	3935
#D0D0D0	#D8AEA9	48185.5	7.09999999999855	3935
#D0D0D0	#D8AEA9	48185.1	7.5	3935
#DFDFDF	#E1BEB9	48185.6	8	3936
#DFDFDF	#E1BEB9	48186	8.40000000000146	3936
#DFDFDF	#E1BEB9	48186.4	8	3936
#DFDFDF	#E1BEB9	48186	7.59999999999855	3936
#DFDFDF	#E1BEB9	48185.6	8	3936
#E1E1E1	#E3C3BF	48186.1	8.5	3937
#E1E1E1	#E3C3BF	48186.5	8.90000000000146	3937
#E1E1E1	#E3C3BF	48186.9	8.5	3937
#E1E1E1	#E3C3BF	48186.5	8.09999999999855	3937
#E1E1E1	#E3C3BF	48186.1	8.5	3937
#FAFAFA	#F4E6E4	48186.6	9	3938
#FAFAFA	#F4E6E4	48187	9.40000000000146	3938
#FAFAFA	#F4E6E4	48187.4	9	3938
#FAFAFA	#F4E6E4	48187	8.59999999999855	3938
#FAFAFA	#F4E6E4	48186.6	9	3938
#F4F4F4	#EFDAD8	48187.1	9.5	3939
#F4F4F4	#EFDAD8	48187.5	9.90000000000146	3939
#F4F4F4	#EFDAD8	48187.9	9.5	3939
#F4F4F4	#EFDAD8	48187.5	9.09999999999854	3939
#F4F4F4	#EFDAD8	48187.1	9.5	3939
#F1F1F1	#ECD5D2	48187.6	10	3940
#F1F1F1	#ECD5D2	48188	10.4000000000015	3940
#F1F1F1	#ECD5D2	48188.4	10	3940
#F1F1F1	#ECD5D2	48188	9.59999999999854	3940
#F1F1F1	#ECD5D2	48187.6	10	3940
#F6F6F6	#F6EAE9	48188.1	10.5	3941
#F6F6F6	#F6EAE9	48188.5	10.9000000000015	3941
#F6F6F6	#F6EAE9	48188.9	10.5	3941
#F6F6F6	#F6EAE9	48188.5	10.0999999999985	3941
#F6F6F6	#F6EAE9	48188.1	10.5	3941
#4A4A4A	#F1E0DD	48178.6	0	3942
#4A4A4A	#F1E0DD	48179	0.400000000001455	3942
#4A4A4A	#F1E0DD	48179.4	0	3942
#4A4A4A	#F1E0DD	48179	-0.400000000001455	3942
#4A4A4A	#F1E0DD	48178.6	0	3942
#8B8B8B	#F5E7E6	48179.1	0.5	3943
#8B8B8B	#F5E7E6	48179.5	0.900000000001455	3943
#8B8B8B	#F5E7E6	48179.9	0.5	3943
#8B8B8B	#F5E7E6	48179.5	0.0999999999985448	3943
#8B8B8B	#F5E7E6	48179.1	0.5	3943
#757575	#F0DDDB	48179.6	1	3944
#757575	#F0DDDB	48180	1.40000000000146	3944
#757575	#F0DDDB	48180.4	1	3944
#757575	#F0DDDB	48180	0.599999999998545	3944
#757575	#F0DDDB	48179.6	1	3944
#787878	#EFDBD8	48180.1	1.5	3945
#787878	#EFDBD8	48180.5	1.90000000000146	3945
#787878	#EFDBD8	48180.9	1.5	3945
#787878	#EFDBD8	48180.5	1.09999999999854	3945
#787878	#EFDBD8	48180.1	1.5	3945
#7D7D7D	#ECD6D3	48180.6	2	3946
#7D7D7D	#ECD6D3	48181	2.40000000000146	3946
#7D7D7D	#ECD6D3	48181.4	2	3946
#7D7D7D	#ECD6D3	48181	1.59999999999854	3946
#7D7D7D	#ECD6D3	48180.6	2	3946
#515151	#D7ABA6	48181.1	2.5	3947
#515151	#D7ABA6	48181.5	2.90000000000146	3947
#515151	#D7ABA6	48181.9	2.5	3947
#515151	#D7ABA6	48181.5	2.09999999999854	3947
#515151	#D7ABA6	48181.1	2.5	3947
#525252	#CF9D97	48181.6	3	3948
#525252	#CF9D97	48182	3.40000000000146	3948
#525252	#CF9D97	48182.4	3	3948
#525252	#CF9D97	48182	2.59999999999855	3948
#525252	#CF9D97	48181.6	3	3948
#6F6F6F	#CC9791	48182.1	3.5	3949
#6F6F6F	#CC9791	48182.5	3.90000000000146	3949
#6F6F6F	#CC9791	48182.9	3.5	3949
#6F6F6F	#CC9791	48182.5	3.09999999999855	3949
#6F6F6F	#CC9791	48182.1	3.5	3949
#A4A4A4	#D4A59F	48182.6	4	3950
#A4A4A4	#D4A59F	48183	4.40000000000146	3950
#A4A4A4	#D4A59F	48183.4	4	3950
#A4A4A4	#D4A59F	48183	3.59999999999855	3950
#A4A4A4	#D4A59F	48182.6	4	3950
#8F8F8F	#CB9690	48183.1	4.5	3951
#8F8F8F	#CB9690	48183.5	4.90000000000146	3951
#8F8F8F	#CB9690	48183.9	4.5	3951
#8F8F8F	#CB9690	48183.5	4.09999999999855	3951
#8F8F8F	#CB9690	48183.1	4.5	3951
#B1B1B1	#D5A7A1	48183.6	5	3952
#B1B1B1	#D5A7A1	48184	5.40000000000146	3952
#B1B1B1	#D5A7A1	48184.4	5	3952
#B1B1B1	#D5A7A1	48184	4.59999999999855	3952
#B1B1B1	#D5A7A1	48183.6	5	3952
#E5E5E5	#E8CDC9	48184.1	5.5	3953
#E5E5E5	#E8CDC9	48184.5	5.90000000000146	3953
#E5E5E5	#E8CDC9	48184.9	5.5	3953
#E5E5E5	#E8CDC9	48184.5	5.09999999999855	3953
#E5E5E5	#E8CDC9	48184.1	5.5	3953
#D3D3D3	#E1C0BB	48184.6	6	3954
#D3D3D3	#E1C0BB	48185	6.40000000000146	3954
#D3D3D3	#E1C0BB	48185.4	6	3954
#D3D3D3	#E1C0BB	48185	5.59999999999855	3954
#D3D3D3	#E1C0BB	48184.6	6	3954
#D8D8D8	#E4C4C0	48185.1	6.5	3955
#D8D8D8	#E4C4C0	48185.5	6.90000000000146	3955
#D8D8D8	#E4C4C0	48185.9	6.5	3955
#D8D8D8	#E4C4C0	48185.5	6.09999999999855	3955
#D8D8D8	#E4C4C0	48185.1	6.5	3955
#CFCFCF	#E2C0BB	48185.6	7	3956
#CFCFCF	#E2C0BB	48186	7.40000000000146	3956
#CFCFCF	#E2C0BB	48186.4	7	3956
#CFCFCF	#E2C0BB	48186	6.59999999999855	3956
#CFCFCF	#E2C0BB	48185.6	7	3956
#C9C9C9	#DDB7B3	48186.1	7.5	3957
#C9C9C9	#DDB7B3	48186.5	7.90000000000146	3957
#C9C9C9	#DDB7B3	48186.9	7.5	3957
#C9C9C9	#DDB7B3	48186.5	7.09999999999855	3957
#C9C9C9	#DDB7B3	48186.1	7.5	3957
#C1C1C1	#D6A9A3	48186.6	8	3958
#C1C1C1	#D6A9A3	48187	8.40000000000146	3958
#C1C1C1	#D6A9A3	48187.4	8	3958
#C1C1C1	#D6A9A3	48187	7.59999999999855	3958
#C1C1C1	#D6A9A3	48186.6	8	3958
#F8F8F8	#F6EBEA	48187.1	8.5	3959
#F8F8F8	#F6EBEA	48187.5	8.90000000000146	3959
#F8F8F8	#F6EBEA	48187.9	8.5	3959
#F8F8F8	#F6EBEA	48187.5	8.09999999999855	3959
#F8F8F8	#F6EBEA	48187.1	8.5	3959
#EFEFEF	#F0DDDB	48187.6	9	3960
#EFEFEF	#F0DDDB	48188	9.40000000000146	3960
#EFEFEF	#F0DDDB	48188.4	9	3960
#EFEFEF	#F0DDDB	48188	8.59999999999855	3960
#EFEFEF	#F0DDDB	48187.6	9	3960
#EBEBEB	#EFDAD8	48188.1	9.5	3961
#EBEBEB	#EFDAD8	48188.5	9.90000000000146	3961
#EBEBEB	#EFDAD8	48188.9	9.5	3961
#EBEBEB	#EFDAD8	48188.5	9.09999999999854	3961
#EBEBEB	#EFDAD8	48188.1	9.5	3961
#CFCFCF	#E8CECA	48188.6	10	3962
#CFCFCF	#E8CECA	48189	10.4000000000015	3962
#CFCFCF	#E8CECA	48189.4	10	3962
#CFCFCF	#E8CECA	48189	9.59999999999854	3962
#CFCFCF	#E8CECA	48188.6	10	3962
#404040	#F0DDDB	48179.6	0	3963
#404040	#F0DDDB	48180	0.400000000001455	3963
#404040	#F0DDDB	48180.4	0	3963
#404040	#F0DDDB	48180	-0.400000000001455	3963
#404040	#F0DDDB	48179.6	0	3963
#828282	#F4E6E4	48180.1	0.5	3964
#828282	#F4E6E4	48180.5	0.900000000001455	3964
#828282	#F4E6E4	48180.9	0.5	3964
#828282	#F4E6E4	48180.5	0.0999999999985448	3964
#828282	#F4E6E4	48180.1	0.5	3964
#4A4A4A	#EFDAD8	48180.6	1	3965
#4A4A4A	#EFDAD8	48181	1.40000000000146	3965
#4A4A4A	#EFDAD8	48181.4	1	3965
#4A4A4A	#EFDAD8	48181	0.599999999998545	3965
#4A4A4A	#EFDAD8	48180.6	1	3965
#3E3E3E	#EAD0CC	48181.1	1.5	3966
#3E3E3E	#EAD0CC	48181.5	1.90000000000146	3966
#3E3E3E	#EAD0CC	48181.9	1.5	3966
#3E3E3E	#EAD0CC	48181.5	1.09999999999854	3966
#3E3E3E	#EAD0CC	48181.1	1.5	3966
#3D3D3D	#DDB7B2	48181.6	2	3967
#3D3D3D	#DDB7B2	48182	2.40000000000146	3967
#3D3D3D	#DDB7B2	48182.4	2	3967
#3D3D3D	#DDB7B2	48182	1.59999999999854	3967
#3D3D3D	#DDB7B2	48181.6	2	3967
#323232	#D5A8A3	48182.1	2.5	3968
#323232	#D5A8A3	48182.5	2.90000000000146	3968
#323232	#D5A8A3	48182.9	2.5	3968
#323232	#D5A8A3	48182.5	2.09999999999854	3968
#323232	#D5A8A3	48182.1	2.5	3968
#545454	#D5A8A3	48182.6	3	3969
#545454	#D5A8A3	48183	3.40000000000146	3969
#545454	#D5A8A3	48183.4	3	3969
#545454	#D5A8A3	48183	2.59999999999855	3969
#545454	#D5A8A3	48182.6	3	3969
#6F6F6F	#D5A8A3	48183.1	3.5	3970
#6F6F6F	#D5A8A3	48183.5	3.90000000000146	3970
#6F6F6F	#D5A8A3	48183.9	3.5	3970
#6F6F6F	#D5A8A3	48183.5	3.09999999999855	3970
#6F6F6F	#D5A8A3	48183.1	3.5	3970
#686868	#CE9A94	48183.6	4	3971
#686868	#CE9A94	48184	4.40000000000146	3971
#686868	#CE9A94	48184.4	4	3971
#686868	#CE9A94	48184	3.59999999999855	3971
#686868	#CE9A94	48183.6	4	3971
#959595	#DEB9B4	48184.1	4.5	3972
#959595	#DEB9B4	48184.5	4.90000000000146	3972
#959595	#DEB9B4	48184.9	4.5	3972
#959595	#DEB9B4	48184.5	4.09999999999855	3972
#959595	#DEB9B4	48184.1	4.5	3972
#D1D1D1	#EAD0CC	48184.6	5	3973
#D1D1D1	#EAD0CC	48185	5.40000000000146	3973
#D1D1D1	#EAD0CC	48185.4	5	3973
#D1D1D1	#EAD0CC	48185	4.59999999999855	3973
#D1D1D1	#EAD0CC	48184.6	5	3973
#C6C6C6	#E5C7C4	48185.1	5.5	3974
#C6C6C6	#E5C7C4	48185.5	5.90000000000146	3974
#C6C6C6	#E5C7C4	48185.9	5.5	3974
#C6C6C6	#E5C7C4	48185.5	5.09999999999855	3974
#C6C6C6	#E5C7C4	48185.1	5.5	3974
#ABABAB	#DFBBB6	48185.6	6	3975
#ABABAB	#DFBBB6	48186	6.40000000000146	3975
#ABABAB	#DFBBB6	48186.4	6	3975
#ABABAB	#DFBBB6	48186	5.59999999999855	3975
#ABABAB	#DFBBB6	48185.6	6	3975
#999999	#D9B0AB	48186.1	6.5	3976
#999999	#D9B0AB	48186.5	6.90000000000146	3976
#999999	#D9B0AB	48186.9	6.5	3976
#999999	#D9B0AB	48186.5	6.09999999999855	3976
#999999	#D9B0AB	48186.1	6.5	3976
#959595	#D8AEA9	48186.6	7	3977
#959595	#D8AEA9	48187	7.40000000000146	3977
#959595	#D8AEA9	48187.4	7	3977
#959595	#D8AEA9	48187	6.59999999999855	3977
#959595	#D8AEA9	48186.6	7	3977
#B1B1B1	#E1BFBB	48187.1	7.5	3978
#B1B1B1	#E1BFBB	48187.5	7.90000000000146	3978
#B1B1B1	#E1BFBB	48187.9	7.5	3978
#B1B1B1	#E1BFBB	48187.5	7.09999999999855	3978
#B1B1B1	#E1BFBB	48187.1	7.5	3978
#D2D2D2	#E6C8C4	48187.6	8	3979
#D2D2D2	#E6C8C4	48188	8.40000000000146	3979
#D2D2D2	#E6C8C4	48188.4	8	3979
#D2D2D2	#E6C8C4	48188	7.59999999999855	3979
#D2D2D2	#E6C8C4	48187.6	8	3979
#EDEDED	#F3E3E1	48188.1	8.5	3980
#EDEDED	#F3E3E1	48188.5	8.90000000000146	3980
#EDEDED	#F3E3E1	48188.9	8.5	3980
#EDEDED	#F3E3E1	48188.5	8.09999999999855	3980
#EDEDED	#F3E3E1	48188.1	8.5	3980
#E7E7E7	#F1DFDC	48188.6	9	3981
#E7E7E7	#F1DFDC	48189	9.40000000000146	3981
#E7E7E7	#F1DFDC	48189.4	9	3981
#E7E7E7	#F1DFDC	48189	8.59999999999855	3981
#E7E7E7	#F1DFDC	48188.6	9	3981
#C5C5C5	#ECD5D2	48189.1	9.5	3982
#C5C5C5	#ECD5D2	48189.5	9.90000000000146	3982
#C5C5C5	#ECD5D2	48189.9	9.5	3982
#C5C5C5	#ECD5D2	48189.5	9.09999999999854	3982
#C5C5C5	#ECD5D2	48189.1	9.5	3982
#404040	#F0DDDB	48180.6	0	3983
#404040	#F0DDDB	48181	0.400000000001455	3983
#404040	#F0DDDB	48181.4	0	3983
#404040	#F0DDDB	48181	-0.400000000001455	3983
#404040	#F0DDDB	48180.6	0	3983
#8D8D8D	#F5E9E7	48181.1	0.5	3984
#8D8D8D	#F5E9E7	48181.5	0.900000000001455	3984
#8D8D8D	#F5E9E7	48181.9	0.5	3984
#8D8D8D	#F5E9E7	48181.5	0.0999999999985448	3984
#8D8D8D	#F5E9E7	48181.1	0.5	3984
#9E9E9E	#F5E8E6	48181.6	1	3985
#9E9E9E	#F5E8E6	48182	1.40000000000146	3985
#9E9E9E	#F5E8E6	48182.4	1	3985
#9E9E9E	#F5E8E6	48182	0.599999999998545	3985
#9E9E9E	#F5E8E6	48181.6	1	3985
#5E5E5E	#EAD1CD	48182.1	1.5	3986
#5E5E5E	#EAD1CD	48182.5	1.90000000000146	3986
#5E5E5E	#EAD1CD	48182.9	1.5	3986
#5E5E5E	#EAD1CD	48182.5	1.09999999999854	3986
#5E5E5E	#EAD1CD	48182.1	1.5	3986
#525252	#E3C3BF	48182.6	2	3987
#525252	#E3C3BF	48183	2.40000000000146	3987
#525252	#E3C3BF	48183.4	2	3987
#525252	#E3C3BF	48183	1.59999999999854	3987
#525252	#E3C3BF	48182.6	2	3987
#787878	#E6C9C6	48183.1	2.5	3988
#787878	#E6C9C6	48183.5	2.90000000000146	3988
#787878	#E6C9C6	48183.9	2.5	3988
#787878	#E6C9C6	48183.5	2.09999999999854	3988
#787878	#E6C9C6	48183.1	2.5	3988
#7B7B7B	#E1BFBB	48183.6	3	3989
#7B7B7B	#E1BFBB	48184	3.40000000000146	3989
#7B7B7B	#E1BFBB	48184.4	3	3989
#7B7B7B	#E1BFBB	48184	2.59999999999855	3989
#7B7B7B	#E1BFBB	48183.6	3	3989
#575757	#D9B0AB	48184.1	3.5	3990
#575757	#D9B0AB	48184.5	3.90000000000146	3990
#575757	#D9B0AB	48184.9	3.5	3990
#575757	#D9B0AB	48184.5	3.09999999999855	3990
#575757	#D9B0AB	48184.1	3.5	3990
#949494	#E5C6C2	48184.6	4	3991
#949494	#E5C6C2	48185	4.40000000000146	3991
#949494	#E5C6C2	48185.4	4	3991
#949494	#E5C6C2	48185	3.59999999999855	3991
#949494	#E5C6C2	48184.6	4	3991
#C0C0C0	#EAD0CD	48185.1	4.5	3992
#C0C0C0	#EAD0CD	48185.5	4.90000000000146	3992
#C0C0C0	#EAD0CD	48185.9	4.5	3992
#C0C0C0	#EAD0CD	48185.5	4.09999999999855	3992
#C0C0C0	#EAD0CD	48185.1	4.5	3992
#B7B7B7	#E8CDC9	48185.6	5	3993
#B7B7B7	#E8CDC9	48186	5.40000000000146	3993
#B7B7B7	#E8CDC9	48186.4	5	3993
#B7B7B7	#E8CDC9	48186	4.59999999999855	3993
#B7B7B7	#E8CDC9	48185.6	5	3993
#A9A9A9	#E6C8C4	48186.1	5.5	3994
#A9A9A9	#E6C8C4	48186.5	5.90000000000146	3994
#A9A9A9	#E6C8C4	48186.9	5.5	3994
#A9A9A9	#E6C8C4	48186.5	5.09999999999855	3994
#A9A9A9	#E6C8C4	48186.1	5.5	3994
#A6A6A6	#E4C5C1	48186.6	6	3995
#A6A6A6	#E4C5C1	48187	6.40000000000146	3995
#A6A6A6	#E4C5C1	48187.4	6	3995
#A6A6A6	#E4C5C1	48187	5.59999999999855	3995
#A6A6A6	#E4C5C1	48186.6	6	3995
#AAAAAA	#E8CCC8	48187.1	6.5	3996
#AAAAAA	#E8CCC8	48187.5	6.90000000000146	3996
#AAAAAA	#E8CCC8	48187.9	6.5	3996
#AAAAAA	#E8CCC8	48187.5	6.09999999999855	3996
#AAAAAA	#E8CCC8	48187.1	6.5	3996
#C4C4C4	#EDD6D3	48187.6	7	3997
#C4C4C4	#EDD6D3	48188	7.40000000000146	3997
#C4C4C4	#EDD6D3	48188.4	7	3997
#C4C4C4	#EDD6D3	48188	6.59999999999855	3997
#C4C4C4	#EDD6D3	48187.6	7	3997
#EDEDED	#F5E8E6	48188.1	7.5	3998
#EDEDED	#F5E8E6	48188.5	7.90000000000146	3998
#EDEDED	#F5E8E6	48188.9	7.5	3998
#EDEDED	#F5E8E6	48188.5	7.09999999999855	3998
#EDEDED	#F5E8E6	48188.1	7.5	3998
#F3F3F3	#F8EFEE	48188.6	8	3999
#F3F3F3	#F8EFEE	48189	8.40000000000146	3999
#F3F3F3	#F8EFEE	48189.4	8	3999
#F3F3F3	#F8EFEE	48189	7.59999999999855	3999
#F3F3F3	#F8EFEE	48188.6	8	3999
#EBEBEB	#F6EAE8	48189.1	8.5	4000
#EBEBEB	#F6EAE8	48189.5	8.90000000000146	4000
#EBEBEB	#F6EAE8	48189.9	8.5	4000
#EBEBEB	#F6EAE8	48189.5	8.09999999999855	4000
#EBEBEB	#F6EAE8	48189.1	8.5	4000
#F0F0F0	#F9F1F0	48189.6	9	4001
#F0F0F0	#F9F1F0	48190	9.40000000000146	4001
#F0F0F0	#F9F1F0	48190.4	9	4001
#F0F0F0	#F9F1F0	48190	8.59999999999855	4001
#F0F0F0	#F9F1F0	48189.6	9	4001
#6D6D6D	#F3E4E2	48181.6	0	4002
#6D6D6D	#F3E4E2	48182	0.400000000001455	4002
#6D6D6D	#F3E4E2	48182.4	0	4002
#6D6D6D	#F3E4E2	48182	-0.400000000001455	4002
#6D6D6D	#F3E4E2	48181.6	0	4002
#999999	#F5E9E7	48182.1	0.5	4003
#999999	#F5E9E7	48182.5	0.900000000001455	4003
#999999	#F5E9E7	48182.9	0.5	4003
#999999	#F5E9E7	48182.5	0.0999999999985448	4003
#999999	#F5E9E7	48182.1	0.5	4003
#333333	#E6C8C4	48182.6	1	4004
#333333	#E6C8C4	48183	1.40000000000146	4004
#333333	#E6C8C4	48183.4	1	4004
#333333	#E6C8C4	48183	0.599999999998545	4004
#333333	#E6C8C4	48182.6	1	4004
#292929	#E0BDB9	48183.1	1.5	4005
#292929	#E0BDB9	48183.5	1.90000000000146	4005
#292929	#E0BDB9	48183.9	1.5	4005
#292929	#E0BDB9	48183.5	1.09999999999854	4005
#292929	#E0BDB9	48183.1	1.5	4005
#555555	#E2C0BB	48183.6	2	4006
#555555	#E2C0BB	48184	2.40000000000146	4006
#555555	#E2C0BB	48184.4	2	4006
#555555	#E2C0BB	48184	1.59999999999854	4006
#555555	#E2C0BB	48183.6	2	4006
#474747	#D9B0AA	48184.1	2.5	4007
#474747	#D9B0AA	48184.5	2.90000000000146	4007
#474747	#D9B0AA	48184.9	2.5	4007
#474747	#D9B0AA	48184.5	2.09999999999854	4007
#474747	#D9B0AA	48184.1	2.5	4007
#333333	#D3A59F	48184.6	3	4008
#333333	#D3A59F	48185	3.40000000000146	4008
#333333	#D3A59F	48185.4	3	4008
#333333	#D3A59F	48185	2.59999999999855	4008
#333333	#D3A59F	48184.6	3	4008
#6B6B6B	#DEB8B3	48185.1	3.5	4009
#6B6B6B	#DEB8B3	48185.5	3.90000000000146	4009
#6B6B6B	#DEB8B3	48185.9	3.5	4009
#6B6B6B	#DEB8B3	48185.5	3.09999999999855	4009
#6B6B6B	#DEB8B3	48185.1	3.5	4009
#8D8D8D	#E1BFBA	48185.6	4	4010
#8D8D8D	#E1BFBA	48186	4.40000000000146	4010
#8D8D8D	#E1BFBA	48186.4	4	4010
#8D8D8D	#E1BFBA	48186	3.59999999999855	4010
#8D8D8D	#E1BFBA	48185.6	4	4010
#838383	#DEB9B4	48186.1	4.5	4011
#838383	#DEB9B4	48186.5	4.90000000000146	4011
#838383	#DEB9B4	48186.9	4.5	4011
#838383	#DEB9B4	48186.5	4.09999999999855	4011
#838383	#DEB9B4	48186.1	4.5	4011
#626262	#D8AEA9	48186.6	5	4012
#626262	#D8AEA9	48187	5.40000000000146	4012
#626262	#D8AEA9	48187.4	5	4012
#626262	#D8AEA9	48187	4.59999999999855	4012
#626262	#D8AEA9	48186.6	5	4012
#656565	#D9AEA9	48187.1	5.5	4013
#656565	#D9AEA9	48187.5	5.90000000000146	4013
#656565	#D9AEA9	48187.9	5.5	4013
#656565	#D9AEA9	48187.5	5.09999999999855	4013
#656565	#D9AEA9	48187.1	5.5	4013
#6D6D6D	#DEB9B4	48187.6	6	4014
#6D6D6D	#DEB9B4	48188	6.40000000000146	4014
#6D6D6D	#DEB9B4	48188.4	6	4014
#6D6D6D	#DEB9B4	48188	5.59999999999855	4014
#6D6D6D	#DEB9B4	48187.6	6	4014
#ADADAD	#E7CBC7	48188.1	6.5	4015
#ADADAD	#E7CBC7	48188.5	6.90000000000146	4015
#ADADAD	#E7CBC7	48188.9	6.5	4015
#ADADAD	#E7CBC7	48188.5	6.09999999999855	4015
#ADADAD	#E7CBC7	48188.1	6.5	4015
#BFBFBF	#E8CDCA	48188.6	7	4016
#BFBFBF	#E8CDCA	48189	7.40000000000146	4016
#BFBFBF	#E8CDCA	48189.4	7	4016
#BFBFBF	#E8CDCA	48189	6.59999999999855	4016
#BFBFBF	#E8CDCA	48188.6	7	4016
#B9B9B9	#E9CECB	48189.1	7.5	4017
#B9B9B9	#E9CECB	48189.5	7.90000000000146	4017
#B9B9B9	#E9CECB	48189.9	7.5	4017
#B9B9B9	#E9CECB	48189.5	7.09999999999855	4017
#B9B9B9	#E9CECB	48189.1	7.5	4017
#CFCFCF	#EFDCD9	48189.6	8	4018
#CFCFCF	#EFDCD9	48190	8.40000000000146	4018
#CFCFCF	#EFDCD9	48190.4	8	4018
#CFCFCF	#EFDCD9	48190	7.59999999999855	4018
#CFCFCF	#EFDCD9	48189.6	8	4018
#C9C9C9	#F1E0DE	48190.1	8.5	4019
#C9C9C9	#F1E0DE	48190.5	8.90000000000146	4019
#C9C9C9	#F1E0DE	48190.9	8.5	4019
#C9C9C9	#F1E0DE	48190.5	8.09999999999855	4019
#C9C9C9	#F1E0DE	48190.1	8.5	4019
#373737	#EEDAD7	48182.6	0	4020
#373737	#EEDAD7	48183	0.400000000001455	4020
#373737	#EEDAD7	48183.4	0	4020
#373737	#EEDAD7	48183	-0.400000000001455	4020
#373737	#EEDAD7	48182.6	0	4020
#595959	#EFDBD9	48183.1	0.5	4021
#595959	#EFDBD9	48183.5	0.900000000001455	4021
#595959	#EFDBD9	48183.9	0.5	4021
#595959	#EFDBD9	48183.5	0.0999999999985448	4021
#595959	#EFDBD9	48183.1	0.5	4021
#383838	#E8CDC9	48183.6	1	4022
#383838	#E8CDC9	48184	1.40000000000146	4022
#383838	#E8CDC9	48184.4	1	4022
#383838	#E8CDC9	48184	0.599999999998545	4022
#383838	#E8CDC9	48183.6	1	4022
#353535	#E3C3BF	48184.1	1.5	4023
#353535	#E3C3BF	48184.5	1.90000000000146	4023
#353535	#E3C3BF	48184.9	1.5	4023
#353535	#E3C3BF	48184.5	1.09999999999854	4023
#353535	#E3C3BF	48184.1	1.5	4023
#3D3D3D	#E2C0BC	48184.6	2	4024
#3D3D3D	#E2C0BC	48185	2.40000000000146	4024
#3D3D3D	#E2C0BC	48185.4	2	4024
#3D3D3D	#E2C0BC	48185	1.59999999999854	4024
#3D3D3D	#E2C0BC	48184.6	2	4024
#212121	#DBB4AF	48185.1	2.5	4025
#212121	#DBB4AF	48185.5	2.90000000000146	4025
#212121	#DBB4AF	48185.9	2.5	4025
#212121	#DBB4AF	48185.5	2.09999999999854	4025
#212121	#DBB4AF	48185.1	2.5	4025
#2A2A2A	#D8ACA7	48185.6	3	4026
#2A2A2A	#D8ACA7	48186	3.40000000000146	4026
#2A2A2A	#D8ACA7	48186.4	3	4026
#2A2A2A	#D8ACA7	48186	2.59999999999855	4026
#2A2A2A	#D8ACA7	48185.6	3	4026
#7E7E7E	#E5C7C3	48186.1	3.5	4027
#7E7E7E	#E5C7C3	48186.5	3.90000000000146	4027
#7E7E7E	#E5C7C3	48186.9	3.5	4027
#7E7E7E	#E5C7C3	48186.5	3.09999999999855	4027
#7E7E7E	#E5C7C3	48186.1	3.5	4027
#5B5B5B	#E1BEBA	48186.6	4	4028
#5B5B5B	#E1BEBA	48187	4.40000000000146	4028
#5B5B5B	#E1BEBA	48187.4	4	4028
#5B5B5B	#E1BEBA	48187	3.59999999999855	4028
#5B5B5B	#E1BEBA	48186.6	4	4028
#343434	#D9AFAA	48187.1	4.5	4029
#343434	#D9AFAA	48187.5	4.90000000000146	4029
#343434	#D9AFAA	48187.9	4.5	4029
#343434	#D9AFAA	48187.5	4.09999999999855	4029
#343434	#D9AFAA	48187.1	4.5	4029
#606060	#E2C0BC	48187.6	5	4030
#606060	#E2C0BC	48188	5.40000000000146	4030
#606060	#E2C0BC	48188.4	5	4030
#606060	#E2C0BC	48188	4.59999999999855	4030
#606060	#E2C0BC	48187.6	5	4030
#626262	#E3C2BE	48188.1	5.5	4031
#626262	#E3C2BE	48188.5	5.90000000000146	4031
#626262	#E3C2BE	48188.9	5.5	4031
#626262	#E3C2BE	48188.5	5.09999999999855	4031
#626262	#E3C2BE	48188.1	5.5	4031
#727272	#E1BEBA	48188.6	6	4032
#727272	#E1BEBA	48189	6.40000000000146	4032
#727272	#E1BEBA	48189.4	6	4032
#727272	#E1BEBA	48189	5.59999999999855	4032
#727272	#E1BEBA	48188.6	6	4032
#B1B1B1	#EBD2CF	48189.1	6.5	4033
#B1B1B1	#EBD2CF	48189.5	6.90000000000146	4033
#B1B1B1	#EBD2CF	48189.9	6.5	4033
#B1B1B1	#EBD2CF	48189.5	6.09999999999855	4033
#B1B1B1	#EBD2CF	48189.1	6.5	4033
#AFAFAF	#EDD8D5	48189.6	7	4034
#AFAFAF	#EDD8D5	48190	7.40000000000146	4034
#AFAFAF	#EDD8D5	48190.4	7	4034
#AFAFAF	#EDD8D5	48190	6.59999999999855	4034
#AFAFAF	#EDD8D5	48189.6	7	4034
#A7A7A7	#ECD4D1	48190.1	7.5	4035
#A7A7A7	#ECD4D1	48190.5	7.90000000000146	4035
#A7A7A7	#ECD4D1	48190.9	7.5	4035
#A7A7A7	#ECD4D1	48190.5	7.09999999999855	4035
#A7A7A7	#ECD4D1	48190.1	7.5	4035
#BCBCBC	#F2E1DF	48190.6	8	4036
#BCBCBC	#F2E1DF	48191	8.40000000000146	4036
#BCBCBC	#F2E1DF	48191.4	8	4036
#BCBCBC	#F2E1DF	48191	7.59999999999855	4036
#BCBCBC	#F2E1DF	48190.6	8	4036
#323232	#ECD4D1	48183.6	0	4037
#323232	#ECD4D1	48184	0.400000000001455	4037
#323232	#ECD4D1	48184.4	0	4037
#323232	#ECD4D1	48184	-0.400000000001455	4037
#323232	#ECD4D1	48183.6	0	4037
#666666	#F0DCDA	48184.1	0.5	4038
#666666	#F0DCDA	48184.5	0.900000000001455	4038
#666666	#F0DCDA	48184.9	0.5	4038
#666666	#F0DCDA	48184.5	0.0999999999985448	4038
#666666	#F0DCDA	48184.1	0.5	4038
#6C6C6C	#ECD5D2	48184.6	1	4039
#6C6C6C	#ECD5D2	48185	1.40000000000146	4039
#6C6C6C	#ECD5D2	48185.4	1	4039
#6C6C6C	#ECD5D2	48185	0.599999999998545	4039
#6C6C6C	#ECD5D2	48184.6	1	4039
#5A5A5A	#E7CAC6	48185.1	1.5	4040
#5A5A5A	#E7CAC6	48185.5	1.90000000000146	4040
#5A5A5A	#E7CAC6	48185.9	1.5	4040
#5A5A5A	#E7CAC6	48185.5	1.09999999999854	4040
#5A5A5A	#E7CAC6	48185.1	1.5	4040
#515151	#E4C4C0	48185.6	2	4041
#515151	#E4C4C0	48186	2.40000000000146	4041
#515151	#E4C4C0	48186.4	2	4041
#515151	#E4C4C0	48186	1.59999999999854	4041
#515151	#E4C4C0	48185.6	2	4041
#515151	#E2C1BD	48186.1	2.5	4042
#515151	#E2C1BD	48186.5	2.90000000000146	4042
#515151	#E2C1BD	48186.9	2.5	4042
#515151	#E2C1BD	48186.5	2.09999999999854	4042
#515151	#E2C1BD	48186.1	2.5	4042
#878787	#E9CECB	48186.6	3	4043
#878787	#E9CECB	48187	3.40000000000146	4043
#878787	#E9CECB	48187.4	3	4043
#878787	#E9CECB	48187	2.59999999999855	4043
#878787	#E9CECB	48186.6	3	4043
#7B7B7B	#E7CBC8	48187.1	3.5	4044
#7B7B7B	#E7CBC8	48187.5	3.90000000000146	4044
#7B7B7B	#E7CBC8	48187.9	3.5	4044
#7B7B7B	#E7CBC8	48187.5	3.09999999999855	4044
#7B7B7B	#E7CBC8	48187.1	3.5	4044
#7D7D7D	#E6C8C4	48187.6	4	4045
#7D7D7D	#E6C8C4	48188	4.40000000000146	4045
#7D7D7D	#E6C8C4	48188.4	4	4045
#7D7D7D	#E6C8C4	48188	3.59999999999855	4045
#7D7D7D	#E6C8C4	48187.6	4	4045
#979797	#ECD5D2	48188.1	4.5	4046
#979797	#ECD5D2	48188.5	4.90000000000146	4046
#979797	#ECD5D2	48188.9	4.5	4046
#979797	#ECD5D2	48188.5	4.09999999999855	4046
#979797	#ECD5D2	48188.1	4.5	4046
#646464	#E4C5C1	48188.6	5	4047
#646464	#E4C5C1	48189	5.40000000000146	4047
#646464	#E4C5C1	48189.4	5	4047
#646464	#E4C5C1	48189	4.59999999999855	4047
#646464	#E4C5C1	48188.6	5	4047
#838383	#E6C8C4	48189.1	5.5	4048
#838383	#E6C8C4	48189.5	5.90000000000146	4048
#838383	#E6C8C4	48189.9	5.5	4048
#838383	#E6C8C4	48189.5	5.09999999999855	4048
#838383	#E6C8C4	48189.1	5.5	4048
#C0C0C0	#EFDAD8	48189.6	6	4049
#C0C0C0	#EFDAD8	48190	6.40000000000146	4049
#C0C0C0	#EFDAD8	48190.4	6	4049
#C0C0C0	#EFDAD8	48190	5.59999999999855	4049
#C0C0C0	#EFDAD8	48189.6	6	4049
#909090	#E8CDCA	48190.1	6.5	4050
#909090	#E8CDCA	48190.5	6.90000000000146	4050
#909090	#E8CDCA	48190.9	6.5	4050
#909090	#E8CDCA	48190.5	6.09999999999855	4050
#909090	#E8CDCA	48190.1	6.5	4050
#DCDCDC	#F5E9E7	48190.6	7	4051
#DCDCDC	#F5E9E7	48191	7.40000000000146	4051
#DCDCDC	#F5E9E7	48191.4	7	4051
#DCDCDC	#F5E9E7	48191	6.59999999999855	4051
#DCDCDC	#F5E9E7	48190.6	7	4051
#AAAAAA	#EFDCDA	48191.1	7.5	4052
#AAAAAA	#EFDCDA	48191.5	7.90000000000146	4052
#AAAAAA	#EFDCDA	48191.9	7.5	4052
#AAAAAA	#EFDCDA	48191.5	7.09999999999855	4052
#AAAAAA	#EFDCDA	48191.1	7.5	4052
#343434	#ECD5D2	48184.6	0	4053
#343434	#ECD5D2	48185	0.400000000001455	4053
#343434	#ECD5D2	48185.4	0	4053
#343434	#ECD5D2	48185	-0.400000000001455	4053
#343434	#ECD5D2	48184.6	0	4053
#7E7E7E	#F1DFDD	48185.1	0.5	4054
#7E7E7E	#F1DFDD	48185.5	0.900000000001455	4054
#7E7E7E	#F1DFDD	48185.9	0.5	4054
#7E7E7E	#F1DFDD	48185.5	0.0999999999985448	4054
#7E7E7E	#F1DFDD	48185.1	0.5	4054
#686868	#ECD5D2	48185.6	1	4055
#686868	#ECD5D2	48186	1.40000000000146	4055
#686868	#ECD5D2	48186.4	1	4055
#686868	#ECD5D2	48186	0.599999999998545	4055
#686868	#ECD5D2	48185.6	1	4055
#6D6D6D	#EBD2CF	48186.1	1.5	4056
#6D6D6D	#EBD2CF	48186.5	1.90000000000146	4056
#6D6D6D	#EBD2CF	48186.9	1.5	4056
#6D6D6D	#EBD2CF	48186.5	1.09999999999854	4056
#6D6D6D	#EBD2CF	48186.1	1.5	4056
#808080	#EBD3D0	48186.6	2	4057
#808080	#EBD3D0	48187	2.40000000000146	4057
#808080	#EBD3D0	48187.4	2	4057
#808080	#EBD3D0	48187	1.59999999999854	4057
#808080	#EBD3D0	48186.6	2	4057
#646464	#E6C9C5	48187.1	2.5	4058
#646464	#E6C9C5	48187.5	2.90000000000146	4058
#646464	#E6C9C5	48187.9	2.5	4058
#646464	#E6C9C5	48187.5	2.09999999999854	4058
#646464	#E6C9C5	48187.1	2.5	4058
#7D7D7D	#EAD1CE	48187.6	3	4059
#7D7D7D	#EAD1CE	48188	3.40000000000146	4059
#7D7D7D	#EAD1CE	48188.4	3	4059
#7D7D7D	#EAD1CE	48188	2.59999999999855	4059
#7D7D7D	#EAD1CE	48187.6	3	4059
#6E6E6E	#E7CBC7	48188.1	3.5	4060
#6E6E6E	#E7CBC7	48188.5	3.90000000000146	4060
#6E6E6E	#E7CBC7	48188.9	3.5	4060
#6E6E6E	#E7CBC7	48188.5	3.09999999999855	4060
#6E6E6E	#E7CBC7	48188.1	3.5	4060
#767676	#EAD0CD	48188.6	4	4061
#767676	#EAD0CD	48189	4.40000000000146	4061
#767676	#EAD0CD	48189.4	4	4061
#767676	#EAD0CD	48189	3.59999999999855	4061
#767676	#EAD0CD	48188.6	4	4061
#696969	#E7CBC7	48189.1	4.5	4062
#696969	#E7CBC7	48189.5	4.90000000000146	4062
#696969	#E7CBC7	48189.9	4.5	4062
#696969	#E7CBC7	48189.5	4.09999999999855	4062
#696969	#E7CBC7	48189.1	4.5	4062
#878787	#E9CFCC	48189.6	5	4063
#878787	#E9CFCC	48190	5.40000000000146	4063
#878787	#E9CFCC	48190.4	5	4063
#878787	#E9CFCC	48190	4.59999999999855	4063
#878787	#E9CFCC	48189.6	5	4063
#9F9F9F	#EAD1CE	48190.1	5.5	4064
#9F9F9F	#EAD1CE	48190.5	5.90000000000146	4064
#9F9F9F	#EAD1CE	48190.9	5.5	4064
#9F9F9F	#EAD1CE	48190.5	5.09999999999855	4064
#9F9F9F	#EAD1CE	48190.1	5.5	4064
#8D8D8D	#EAD1CD	48190.6	6	4065
#8D8D8D	#EAD1CD	48191	6.40000000000146	4065
#8D8D8D	#EAD1CD	48191.4	6	4065
#8D8D8D	#EAD1CD	48191	5.59999999999855	4065
#8D8D8D	#EAD1CD	48190.6	6	4065
#A8A8A8	#EED9D6	48191.1	6.5	4066
#A8A8A8	#EED9D6	48191.5	6.90000000000146	4066
#A8A8A8	#EED9D6	48191.9	6.5	4066
#A8A8A8	#EED9D6	48191.5	6.09999999999855	4066
#A8A8A8	#EED9D6	48191.1	6.5	4066
#A2A2A2	#F0DCDA	48191.6	7	4067
#A2A2A2	#F0DCDA	48192	7.40000000000146	4067
#A2A2A2	#F0DCDA	48192.4	7	4067
#A2A2A2	#F0DCDA	48192	6.59999999999855	4067
#A2A2A2	#F0DCDA	48191.6	7	4067
#353535	#EBD3D0	48185.6	0	4068
#353535	#EBD3D0	48186	0.400000000001455	4068
#353535	#EBD3D0	48186.4	0	4068
#353535	#EBD3D0	48186	-0.400000000001455	4068
#353535	#EBD3D0	48185.6	0	4068
#666666	#EFDBD8	48186.1	0.5	4069
#666666	#EFDBD8	48186.5	0.900000000001455	4069
#666666	#EFDBD8	48186.9	0.5	4069
#666666	#EFDBD8	48186.5	0.0999999999985448	4069
#666666	#EFDBD8	48186.1	0.5	4069
#797979	#EED8D5	48186.6	1	4070
#797979	#EED8D5	48187	1.40000000000146	4070
#797979	#EED8D5	48187.4	1	4070
#797979	#EED8D5	48187	0.599999999998545	4070
#797979	#EED8D5	48186.6	1	4070
#A1A1A1	#F0DEDC	48187.1	1.5	4071
#A1A1A1	#F0DEDC	48187.5	1.90000000000146	4071
#A1A1A1	#F0DEDC	48187.9	1.5	4071
#A1A1A1	#F0DEDC	48187.5	1.09999999999854	4071
#A1A1A1	#F0DEDC	48187.1	1.5	4071
#9E9E9E	#EED9D6	48187.6	2	4072
#9E9E9E	#EED9D6	48188	2.40000000000146	4072
#9E9E9E	#EED9D6	48188.4	2	4072
#9E9E9E	#EED9D6	48188	1.59999999999854	4072
#9E9E9E	#EED9D6	48187.6	2	4072
#777777	#EAD1CE	48188.1	2.5	4073
#777777	#EAD1CE	48188.5	2.90000000000146	4073
#777777	#EAD1CE	48188.9	2.5	4073
#777777	#EAD1CE	48188.5	2.09999999999854	4073
#777777	#EAD1CE	48188.1	2.5	4073
#929292	#ECD5D2	48188.6	3	4074
#929292	#ECD5D2	48189	3.40000000000146	4074
#929292	#ECD5D2	48189.4	3	4074
#929292	#ECD5D2	48189	2.59999999999855	4074
#929292	#ECD5D2	48188.6	3	4074
#8D8D8D	#EDD6D3	48189.1	3.5	4075
#8D8D8D	#EDD6D3	48189.5	3.90000000000146	4075
#8D8D8D	#EDD6D3	48189.9	3.5	4075
#8D8D8D	#EDD6D3	48189.5	3.09999999999855	4075
#8D8D8D	#EDD6D3	48189.1	3.5	4075
#999999	#EDD8D5	48189.6	4	4076
#999999	#EDD8D5	48190	4.40000000000146	4076
#999999	#EDD8D5	48190.4	4	4076
#999999	#EDD8D5	48190	3.59999999999855	4076
#999999	#EDD8D5	48189.6	4	4076
#A4A4A4	#EED8D5	48190.1	4.5	4077
#A4A4A4	#EED8D5	48190.5	4.90000000000146	4077
#A4A4A4	#EED8D5	48190.9	4.5	4077
#A4A4A4	#EED8D5	48190.5	4.09999999999855	4077
#A4A4A4	#EED8D5	48190.1	4.5	4077
#AFAFAF	#EEDAD7	48190.6	5	4078
#AFAFAF	#EEDAD7	48191	5.40000000000146	4078
#AFAFAF	#EEDAD7	48191.4	5	4078
#AFAFAF	#EEDAD7	48191	4.59999999999855	4078
#AFAFAF	#EEDAD7	48190.6	5	4078
#A3A3A3	#ECD6D3	48191.1	5.5	4079
#A3A3A3	#ECD6D3	48191.5	5.90000000000146	4079
#A3A3A3	#ECD6D3	48191.9	5.5	4079
#A3A3A3	#ECD6D3	48191.5	5.09999999999855	4079
#A3A3A3	#ECD6D3	48191.1	5.5	4079
#AEAEAE	#EED9D6	48191.6	6	4080
#AEAEAE	#EED9D6	48192	6.40000000000146	4080
#AEAEAE	#EED9D6	48192.4	6	4080
#AEAEAE	#EED9D6	48192	5.59999999999855	4080
#AEAEAE	#EED9D6	48191.6	6	4080
#868686	#EBD3D0	48192.1	6.5	4081
#868686	#EBD3D0	48192.5	6.90000000000146	4081
#868686	#EBD3D0	48192.9	6.5	4081
#868686	#EBD3D0	48192.5	6.09999999999855	4081
#868686	#EBD3D0	48192.1	6.5	4081
#454545	#ECD5D2	48186.6	0	4082
#454545	#ECD5D2	48187	0.400000000001455	4082
#454545	#ECD5D2	48187.4	0	4082
#454545	#ECD5D2	48187	-0.400000000001455	4082
#454545	#ECD5D2	48186.6	0	4082
#8B8B8B	#F1E1DE	48187.1	0.5	4083
#8B8B8B	#F1E1DE	48187.5	0.900000000001455	4083
#8B8B8B	#F1E1DE	48187.9	0.5	4083
#8B8B8B	#F1E1DE	48187.5	0.0999999999985448	4083
#8B8B8B	#F1E1DE	48187.1	0.5	4083
#949494	#F1DEDC	48187.6	1	4084
#949494	#F1DEDC	48188	1.40000000000146	4084
#949494	#F1DEDC	48188.4	1	4084
#949494	#F1DEDC	48188	0.599999999998545	4084
#949494	#F1DEDC	48187.6	1	4084
#838383	#ECD5D2	48188.1	1.5	4085
#838383	#ECD5D2	48188.5	1.90000000000146	4085
#838383	#ECD5D2	48188.9	1.5	4085
#838383	#ECD5D2	48188.5	1.09999999999854	4085
#838383	#ECD5D2	48188.1	1.5	4085
#A5A5A5	#F0DDDB	48188.6	2	4086
#A5A5A5	#F0DDDB	48189	2.40000000000146	4086
#A5A5A5	#F0DDDB	48189.4	2	4086
#A5A5A5	#F0DDDB	48189	1.59999999999854	4086
#A5A5A5	#F0DDDB	48188.6	2	4086
#828282	#EBD3CF	48189.1	2.5	4087
#828282	#EBD3CF	48189.5	2.90000000000146	4087
#828282	#EBD3CF	48189.9	2.5	4087
#828282	#EBD3CF	48189.5	2.09999999999854	4087
#828282	#EBD3CF	48189.1	2.5	4087
#939393	#EDD7D5	48189.6	3	4088
#939393	#EDD7D5	48190	3.40000000000146	4088
#939393	#EDD7D5	48190.4	3	4088
#939393	#EDD7D5	48190	2.59999999999855	4088
#939393	#EDD7D5	48189.6	3	4088
#CFCFCF	#F4E7E5	48190.1	3.5	4089
#CFCFCF	#F4E7E5	48190.5	3.90000000000146	4089
#CFCFCF	#F4E7E5	48190.9	3.5	4089
#CFCFCF	#F4E7E5	48190.5	3.09999999999855	4089
#CFCFCF	#F4E7E5	48190.1	3.5	4089
#A3A3A3	#EDD7D5	48190.6	4	4090
#A3A3A3	#EDD7D5	48191	4.40000000000146	4090
#A3A3A3	#EDD7D5	48191.4	4	4090
#A3A3A3	#EDD7D5	48191	3.59999999999855	4090
#A3A3A3	#EDD7D5	48190.6	4	4090
#A0A0A0	#ECD4D1	48191.1	4.5	4091
#A0A0A0	#ECD4D1	48191.5	4.90000000000146	4091
#A0A0A0	#ECD4D1	48191.9	4.5	4091
#A0A0A0	#ECD4D1	48191.5	4.09999999999855	4091
#A0A0A0	#ECD4D1	48191.1	4.5	4091
#9A9A9A	#EBD2CF	48191.6	5	4092
#9A9A9A	#EBD2CF	48192	5.40000000000146	4092
#9A9A9A	#EBD2CF	48192.4	5	4092
#9A9A9A	#EBD2CF	48192	4.59999999999855	4092
#9A9A9A	#EBD2CF	48191.6	5	4092
#909090	#EAD0CD	48192.1	5.5	4093
#909090	#EAD0CD	48192.5	5.90000000000146	4093
#909090	#EAD0CD	48192.9	5.5	4093
#909090	#EAD0CD	48192.5	5.09999999999855	4093
#909090	#EAD0CD	48192.1	5.5	4093
#787878	#E9CECA	48192.6	6	4094
#787878	#E9CECA	48193	6.40000000000146	4094
#787878	#E9CECA	48193.4	6	4094
#787878	#E9CECA	48193	5.59999999999855	4094
#787878	#E9CECA	48192.6	6	4094
#3A3A3A	#EBD3D0	48187.6	0	4095
#3A3A3A	#EBD3D0	48188	0.400000000001455	4095
#3A3A3A	#EBD3D0	48188.4	0	4095
#3A3A3A	#EBD3D0	48188	-0.400000000001455	4095
#3A3A3A	#EBD3D0	48187.6	0	4095
#828282	#F1DFDC	48188.1	0.5	4096
#828282	#F1DFDC	48188.5	0.900000000001455	4096
#828282	#F1DFDC	48188.9	0.5	4096
#828282	#F1DFDC	48188.5	0.0999999999985448	4096
#828282	#F1DFDC	48188.1	0.5	4096
#B1B1B1	#F2E3E0	48188.6	1	4097
#B1B1B1	#F2E3E0	48189	1.40000000000146	4097
#B1B1B1	#F2E3E0	48189.4	1	4097
#B1B1B1	#F2E3E0	48189	0.599999999998545	4097
#B1B1B1	#F2E3E0	48188.6	1	4097
#A5A5A5	#F0DEDC	48189.1	1.5	4098
#A5A5A5	#F0DEDC	48189.5	1.90000000000146	4098
#A5A5A5	#F0DEDC	48189.9	1.5	4098
#A5A5A5	#F0DEDC	48189.5	1.09999999999854	4098
#A5A5A5	#F0DEDC	48189.1	1.5	4098
#9E9E9E	#EED9D6	48189.6	2	4099
#9E9E9E	#EED9D6	48190	2.40000000000146	4099
#9E9E9E	#EED9D6	48190.4	2	4099
#9E9E9E	#EED9D6	48190	1.59999999999854	4099
#9E9E9E	#EED9D6	48189.6	2	4099
#BABABA	#F3E3E1	48190.1	2.5	4100
#BABABA	#F3E3E1	48190.5	2.90000000000146	4100
#BABABA	#F3E3E1	48190.9	2.5	4100
#BABABA	#F3E3E1	48190.5	2.09999999999854	4100
#BABABA	#F3E3E1	48190.1	2.5	4100
#9A9A9A	#EDD7D4	48190.6	3	4101
#9A9A9A	#EDD7D4	48191	3.40000000000146	4101
#9A9A9A	#EDD7D4	48191.4	3	4101
#9A9A9A	#EDD7D4	48191	2.59999999999855	4101
#9A9A9A	#EDD7D4	48190.6	3	4101
#A1A1A1	#EDD6D3	48191.1	3.5	4102
#A1A1A1	#EDD6D3	48191.5	3.90000000000146	4102
#A1A1A1	#EDD6D3	48191.9	3.5	4102
#A1A1A1	#EDD6D3	48191.5	3.09999999999855	4102
#A1A1A1	#EDD6D3	48191.1	3.5	4102
#B8B8B8	#EEDAD7	48191.6	4	4103
#B8B8B8	#EEDAD7	48192	4.40000000000146	4103
#B8B8B8	#EEDAD7	48192.4	4	4103
#B8B8B8	#EEDAD7	48192	3.59999999999855	4103
#B8B8B8	#EEDAD7	48191.6	4	4103
#959595	#E9D0CC	48192.1	4.5	4104
#959595	#E9D0CC	48192.5	4.90000000000146	4104
#959595	#E9D0CC	48192.9	4.5	4104
#959595	#E9D0CC	48192.5	4.09999999999855	4104
#959595	#E9D0CC	48192.1	4.5	4104
#B9B9B9	#F0DDDA	48192.6	5	4105
#B9B9B9	#F0DDDA	48193	5.40000000000146	4105
#B9B9B9	#F0DDDA	48193.4	5	4105
#B9B9B9	#F0DDDA	48193	4.59999999999855	4105
#B9B9B9	#F0DDDA	48192.6	5	4105
#828282	#E9CFCB	48193.1	5.5	4106
#828282	#E9CFCB	48193.5	5.90000000000146	4106
#828282	#E9CFCB	48193.9	5.5	4106
#828282	#E9CFCB	48193.5	5.09999999999855	4106
#828282	#E9CFCB	48193.1	5.5	4106
#393939	#EBD2CF	48188.6	0	4107
#393939	#EBD2CF	48189	0.400000000001455	4107
#393939	#EBD2CF	48189.4	0	4107
#393939	#EBD2CF	48189	-0.400000000001455	4107
#393939	#EBD2CF	48188.6	0	4107
#818181	#F0DEDB	48189.1	0.5	4108
#818181	#F0DEDB	48189.5	0.900000000001455	4108
#818181	#F0DEDB	48189.9	0.5	4108
#818181	#F0DEDB	48189.5	0.0999999999985448	4108
#818181	#F0DEDB	48189.1	0.5	4108
#9A9A9A	#F1DFDD	48189.6	1	4109
#9A9A9A	#F1DFDD	48190	1.40000000000146	4109
#9A9A9A	#F1DFDD	48190.4	1	4109
#9A9A9A	#F1DFDD	48190	0.599999999998545	4109
#9A9A9A	#F1DFDD	48189.6	1	4109
#8B8B8B	#EED8D5	48190.1	1.5	4110
#8B8B8B	#EED8D5	48190.5	1.90000000000146	4110
#8B8B8B	#EED8D5	48190.9	1.5	4110
#8B8B8B	#EED8D5	48190.5	1.09999999999854	4110
#8B8B8B	#EED8D5	48190.1	1.5	4110
#9E9E9E	#F0DDDB	48190.6	2	4111
#9E9E9E	#F0DDDB	48191	2.40000000000146	4111
#9E9E9E	#F0DDDB	48191.4	2	4111
#9E9E9E	#F0DDDB	48191	1.59999999999854	4111
#9E9E9E	#F0DDDB	48190.6	2	4111
#8F8F8F	#EDD7D4	48191.1	2.5	4112
#8F8F8F	#EDD7D4	48191.5	2.90000000000146	4112
#8F8F8F	#EDD7D4	48191.9	2.5	4112
#8F8F8F	#EDD7D4	48191.5	2.09999999999854	4112
#8F8F8F	#EDD7D4	48191.1	2.5	4112
#ABABAB	#EEDAD7	48191.6	3	4113
#ABABAB	#EEDAD7	48192	3.40000000000146	4113
#ABABAB	#EEDAD7	48192.4	3	4113
#ABABAB	#EEDAD7	48192	2.59999999999855	4113
#ABABAB	#EEDAD7	48191.6	3	4113
#C2C2C2	#F1DFDD	48192.1	3.5	4114
#C2C2C2	#F1DFDD	48192.5	3.90000000000146	4114
#C2C2C2	#F1DFDD	48192.9	3.5	4114
#C2C2C2	#F1DFDD	48192.5	3.09999999999855	4114
#C2C2C2	#F1DFDD	48192.1	3.5	4114
#9A9A9A	#EBD3D0	48192.6	4	4115
#9A9A9A	#EBD3D0	48193	4.40000000000146	4115
#9A9A9A	#EBD3D0	48193.4	4	4115
#9A9A9A	#EBD3D0	48193	3.59999999999855	4115
#9A9A9A	#EBD3D0	48192.6	4	4115
#9A9A9A	#EBD2CF	48193.1	4.5	4116
#9A9A9A	#EBD2CF	48193.5	4.90000000000146	4116
#9A9A9A	#EBD2CF	48193.9	4.5	4116
#9A9A9A	#EBD2CF	48193.5	4.09999999999855	4116
#9A9A9A	#EBD2CF	48193.1	4.5	4116
#7D7D7D	#E9CECA	48193.6	5	4117
#7D7D7D	#E9CECA	48194	5.40000000000146	4117
#7D7D7D	#E9CECA	48194.4	5	4117
#7D7D7D	#E9CECA	48194	4.59999999999855	4117
#7D7D7D	#E9CECA	48193.6	5	4117
#414141	#EBD2CF	48189.6	0	4118
#414141	#EBD2CF	48190	0.400000000001455	4118
#414141	#EBD2CF	48190.4	0	4118
#414141	#EBD2CF	48190	-0.400000000001455	4118
#414141	#EBD2CF	48189.6	0	4118
#757575	#EFDCDA	48190.1	0.5	4119
#757575	#EFDCDA	48190.5	0.900000000001455	4119
#757575	#EFDCDA	48190.9	0.5	4119
#757575	#EFDCDA	48190.5	0.0999999999985448	4119
#757575	#EFDCDA	48190.1	0.5	4119
#7F7F7F	#EDD8D5	48190.6	1	4120
#7F7F7F	#EDD8D5	48191	1.40000000000146	4120
#7F7F7F	#EDD8D5	48191.4	1	4120
#7F7F7F	#EDD8D5	48191	0.599999999998545	4120
#7F7F7F	#EDD8D5	48190.6	1	4120
#A0A0A0	#F1DFDC	48191.1	1.5	4121
#A0A0A0	#F1DFDC	48191.5	1.90000000000146	4121
#A0A0A0	#F1DFDC	48191.9	1.5	4121
#A0A0A0	#F1DFDC	48191.5	1.09999999999854	4121
#A0A0A0	#F1DFDC	48191.1	1.5	4121
#A6A6A6	#F0DEDB	48191.6	2	4122
#A6A6A6	#F0DEDB	48192	2.40000000000146	4122
#A6A6A6	#F0DEDB	48192.4	2	4122
#A6A6A6	#F0DEDB	48192	1.59999999999854	4122
#A6A6A6	#F0DEDB	48191.6	2	4122
#A8A8A8	#EED8D6	48192.1	2.5	4123
#A8A8A8	#EED8D6	48192.5	2.90000000000146	4123
#A8A8A8	#EED8D6	48192.9	2.5	4123
#A8A8A8	#EED8D6	48192.5	2.09999999999854	4123
#A8A8A8	#EED8D6	48192.1	2.5	4123
#C7C7C7	#F1E0DE	48192.6	3	4124
#C7C7C7	#F1E0DE	48193	3.40000000000146	4124
#C7C7C7	#F1E0DE	48193.4	3	4124
#C7C7C7	#F1E0DE	48193	2.59999999999855	4124
#C7C7C7	#F1E0DE	48192.6	3	4124
#A5A5A5	#EDD7D4	48193.1	3.5	4125
#A5A5A5	#EDD7D4	48193.5	3.90000000000146	4125
#A5A5A5	#EDD7D4	48193.9	3.5	4125
#A5A5A5	#EDD7D4	48193.5	3.09999999999855	4125
#A5A5A5	#EDD7D4	48193.1	3.5	4125
#A7A7A7	#ECD4D1	48193.6	4	4126
#A7A7A7	#ECD4D1	48194	4.40000000000146	4126
#A7A7A7	#ECD4D1	48194.4	4	4126
#A7A7A7	#ECD4D1	48194	3.59999999999855	4126
#A7A7A7	#ECD4D1	48193.6	4	4126
#8B8B8B	#EAD0CD	48194.1	4.5	4127
#8B8B8B	#EAD0CD	48194.5	4.90000000000146	4127
#8B8B8B	#EAD0CD	48194.9	4.5	4127
#8B8B8B	#EAD0CD	48194.5	4.09999999999855	4127
#8B8B8B	#EAD0CD	48194.1	4.5	4127
#353535	#EAD0CD	48190.6	0	4128
#353535	#EAD0CD	48191	0.400000000001455	4128
#353535	#EAD0CD	48191.4	0	4128
#353535	#EAD0CD	48191	-0.400000000001455	4128
#353535	#EAD0CD	48190.6	0	4128
#797979	#F0DDDB	48191.1	0.5	4129
#797979	#F0DDDB	48191.5	0.900000000001455	4129
#797979	#F0DDDB	48191.9	0.5	4129
#797979	#F0DDDB	48191.5	0.0999999999985448	4129
#797979	#F0DDDB	48191.1	0.5	4129
#A1A1A1	#F2E1DF	48191.6	1	4130
#A1A1A1	#F2E1DF	48192	1.40000000000146	4130
#A1A1A1	#F2E1DF	48192.4	1	4130
#A1A1A1	#F2E1DF	48192	0.599999999998545	4130
#A1A1A1	#F2E1DF	48191.6	1	4130
#BABABA	#F3E5E3	48192.1	1.5	4131
#BABABA	#F3E5E3	48192.5	1.90000000000146	4131
#BABABA	#F3E5E3	48192.9	1.5	4131
#BABABA	#F3E5E3	48192.5	1.09999999999854	4131
#BABABA	#F3E5E3	48192.1	1.5	4131
#B4B4B4	#F1E0DD	48192.6	2	4132
#B4B4B4	#F1E0DD	48193	2.40000000000146	4132
#B4B4B4	#F1E0DD	48193.4	2	4132
#B4B4B4	#F1E0DD	48193	1.59999999999854	4132
#B4B4B4	#F1E0DD	48192.6	2	4132
#ACACAC	#EFDBD8	48193.1	2.5	4133
#ACACAC	#EFDBD8	48193.5	2.90000000000146	4133
#ACACAC	#EFDBD8	48193.9	2.5	4133
#ACACAC	#EFDBD8	48193.5	2.09999999999854	4133
#ACACAC	#EFDBD8	48193.1	2.5	4133
#979797	#EDD7D4	48193.6	3	4134
#979797	#EDD7D4	48194	3.40000000000146	4134
#979797	#EDD7D4	48194.4	3	4134
#979797	#EDD7D4	48194	2.59999999999855	4134
#979797	#EDD7D4	48193.6	3	4134
#8D8D8D	#EAD0CC	48194.1	3.5	4135
#8D8D8D	#EAD0CC	48194.5	3.90000000000146	4135
#8D8D8D	#EAD0CC	48194.9	3.5	4135
#8D8D8D	#EAD0CC	48194.5	3.09999999999855	4135
#8D8D8D	#EAD0CC	48194.1	3.5	4135
#6D6D6D	#E7CAC6	48194.6	4	4136
#6D6D6D	#E7CAC6	48195	4.40000000000146	4136
#6D6D6D	#E7CAC6	48195.4	4	4136
#6D6D6D	#E7CAC6	48195	3.59999999999855	4136
#6D6D6D	#E7CAC6	48194.6	4	4136
#6B6B6B	#EFDCDA	48191.6	0	4137
#6B6B6B	#EFDCDA	48192	0.400000000001455	4137
#6B6B6B	#EFDCDA	48192.4	0	4137
#6B6B6B	#EFDCDA	48192	-0.400000000001455	4137
#6B6B6B	#EFDCDA	48191.6	0	4137
#989898	#F3E4E2	48192.1	0.5	4138
#989898	#F3E4E2	48192.5	0.900000000001455	4138
#989898	#F3E4E2	48192.9	0.5	4138
#989898	#F3E4E2	48192.5	0.0999999999985448	4138
#989898	#F3E4E2	48192.1	0.5	4138
#CCCCCC	#F6EBE9	48192.6	1	4139
#CCCCCC	#F6EBE9	48193	1.40000000000146	4139
#CCCCCC	#F6EBE9	48193.4	1	4139
#CCCCCC	#F6EBE9	48193	0.599999999998545	4139
#CCCCCC	#F6EBE9	48192.6	1	4139
#B4B4B4	#F2E2E0	48193.1	1.5	4140
#B4B4B4	#F2E2E0	48193.5	1.90000000000146	4140
#B4B4B4	#F2E2E0	48193.9	1.5	4140
#B4B4B4	#F2E2E0	48193.5	1.09999999999854	4140
#B4B4B4	#F2E2E0	48193.1	1.5	4140
#C2C2C2	#F3E3E1	48193.6	2	4141
#C2C2C2	#F3E3E1	48194	2.40000000000146	4141
#C2C2C2	#F3E3E1	48194.4	2	4141
#C2C2C2	#F3E3E1	48194	1.59999999999854	4141
#C2C2C2	#F3E3E1	48193.6	2	4141
#9E9E9E	#EDD8D5	48194.1	2.5	4142
#9E9E9E	#EDD8D5	48194.5	2.90000000000146	4142
#9E9E9E	#EDD8D5	48194.9	2.5	4142
#9E9E9E	#EDD8D5	48194.5	2.09999999999854	4142
#9E9E9E	#EDD8D5	48194.1	2.5	4142
#8E8E8E	#EBD2CF	48194.6	3	4143
#8E8E8E	#EBD2CF	48195	3.40000000000146	4143
#8E8E8E	#EBD2CF	48195.4	3	4143
#8E8E8E	#EBD2CF	48195	2.59999999999855	4143
#8E8E8E	#EBD2CF	48194.6	3	4143
#8C8C8C	#ECD5D2	48195.1	3.5	4144
#8C8C8C	#ECD5D2	48195.5	3.90000000000146	4144
#8C8C8C	#ECD5D2	48195.9	3.5	4144
#8C8C8C	#ECD5D2	48195.5	3.09999999999855	4144
#8C8C8C	#ECD5D2	48195.1	3.5	4144
#5E5E5E	#EFDBD8	48192.6	0	4145
#5E5E5E	#EFDBD8	48193	0.400000000001455	4145
#5E5E5E	#EFDBD8	48193.4	0	4145
#5E5E5E	#EFDBD8	48193	-0.400000000001455	4145
#5E5E5E	#EFDBD8	48192.6	0	4145
#949494	#F3E4E2	48193.1	0.5	4146
#949494	#F3E4E2	48193.5	0.900000000001455	4146
#949494	#F3E4E2	48193.9	0.5	4146
#949494	#F3E4E2	48193.5	0.0999999999985448	4146
#949494	#F3E4E2	48193.1	0.5	4146
#909090	#F0DDDA	48193.6	1	4147
#909090	#F0DDDA	48194	1.40000000000146	4147
#909090	#F0DDDA	48194.4	1	4147
#909090	#F0DDDA	48194	0.599999999998545	4147
#909090	#F0DDDA	48193.6	1	4147
#CBCBCB	#F5E8E6	48194.1	1.5	4148
#CBCBCB	#F5E8E6	48194.5	1.90000000000146	4148
#CBCBCB	#F5E8E6	48194.9	1.5	4148
#CBCBCB	#F5E8E6	48194.5	1.09999999999854	4148
#CBCBCB	#F5E8E6	48194.1	1.5	4148
#AFAFAF	#F1E0DE	48194.6	2	4149
#AFAFAF	#F1E0DE	48195	2.40000000000146	4149
#AFAFAF	#F1E0DE	48195.4	2	4149
#AFAFAF	#F1E0DE	48195	1.59999999999854	4149
#AFAFAF	#F1E0DE	48194.6	2	4149
#A3A3A3	#EFDBD9	48195.1	2.5	4150
#A3A3A3	#EFDBD9	48195.5	2.90000000000146	4150
#A3A3A3	#EFDBD9	48195.9	2.5	4150
#A3A3A3	#EFDBD9	48195.5	2.09999999999854	4150
#A3A3A3	#EFDBD9	48195.1	2.5	4150
#5D5D5D	#E7CCC8	48195.6	3	4151
#5D5D5D	#E7CCC8	48196	3.40000000000146	4151
#5D5D5D	#E7CCC8	48196.4	3	4151
#5D5D5D	#E7CCC8	48196	2.59999999999855	4151
#5D5D5D	#E7CCC8	48195.6	3	4151
#434343	#EDD6D3	48193.6	0	4152
#434343	#EDD6D3	48194	0.400000000001455	4152
#434343	#EDD6D3	48194.4	0	4152
#434343	#EDD6D3	48194	-0.400000000001455	4152
#434343	#EDD6D3	48193.6	0	4152
#959595	#F3E3E1	48194.1	0.5	4153
#959595	#F3E3E1	48194.5	0.900000000001455	4153
#959595	#F3E3E1	48194.9	0.5	4153
#959595	#F3E3E1	48194.5	0.0999999999985448	4153
#959595	#F3E3E1	48194.1	0.5	4153
#B3B3B3	#F3E4E2	48194.6	1	4154
#B3B3B3	#F3E4E2	48195	1.40000000000146	4154
#B3B3B3	#F3E4E2	48195.4	1	4154
#B3B3B3	#F3E4E2	48195	0.599999999998545	4154
#B3B3B3	#F3E4E2	48194.6	1	4154
#A6A6A6	#F1E0DD	48195.1	1.5	4155
#A6A6A6	#F1E0DD	48195.5	1.90000000000146	4155
#A6A6A6	#F1E0DD	48195.9	1.5	4155
#A6A6A6	#F1E0DD	48195.5	1.09999999999854	4155
#A6A6A6	#F1E0DD	48195.1	1.5	4155
#9A9A9A	#EED9D6	48195.6	2	4156
#9A9A9A	#EED9D6	48196	2.40000000000146	4156
#9A9A9A	#EED9D6	48196.4	2	4156
#9A9A9A	#EED9D6	48196	1.59999999999854	4156
#9A9A9A	#EED9D6	48195.6	2	4156
#595959	#E8CCC8	48196.1	2.5	4157
#595959	#E8CCC8	48196.5	2.90000000000146	4157
#595959	#E8CCC8	48196.9	2.5	4157
#595959	#E8CCC8	48196.5	2.09999999999854	4157
#595959	#E8CCC8	48196.1	2.5	4157
#4D4D4D	#ECD5D2	48194.6	0	4158
#4D4D4D	#ECD5D2	48195	0.400000000001455	4158
#4D4D4D	#ECD5D2	48195.4	0	4158
#4D4D4D	#ECD5D2	48195	-0.400000000001455	4158
#4D4D4D	#ECD5D2	48194.6	0	4158
#868686	#F0DDDA	48195.1	0.5	4159
#868686	#F0DDDA	48195.5	0.900000000001455	4159
#868686	#F0DDDA	48195.9	0.5	4159
#868686	#F0DDDA	48195.5	0.0999999999985448	4159
#868686	#F0DDDA	48195.1	0.5	4159
#909090	#EFDBD9	48195.6	1	4160
#909090	#EFDBD9	48196	1.40000000000146	4160
#909090	#EFDBD9	48196.4	1	4160
#909090	#EFDBD9	48196	0.599999999998545	4160
#909090	#EFDBD9	48195.6	1	4160
#696969	#E9CFCB	48196.1	1.5	4161
#696969	#E9CFCB	48196.5	1.90000000000146	4161
#696969	#E9CFCB	48196.9	1.5	4161
#696969	#E9CFCB	48196.5	1.09999999999854	4161
#696969	#E9CFCB	48196.1	1.5	4161
#464646	#E5C7C3	48196.6	2	4162
#464646	#E5C7C3	48197	2.40000000000146	4162
#464646	#E5C7C3	48197.4	2	4162
#464646	#E5C7C3	48197	1.59999999999854	4162
#464646	#E5C7C3	48196.6	2	4162
#505050	#EAD2CF	48195.6	0	4163
#505050	#EAD2CF	48196	0.400000000001455	4163
#505050	#EAD2CF	48196.4	0	4163
#505050	#EAD2CF	48196	-0.400000000001455	4163
#505050	#EAD2CF	48195.6	0	4163
#6F6F6F	#EEDAD7	48196.1	0.5	4164
#6F6F6F	#EEDAD7	48196.5	0.900000000001455	4164
#6F6F6F	#EEDAD7	48196.9	0.5	4164
#6F6F6F	#EEDAD7	48196.5	0.0999999999985448	4164
#6F6F6F	#EEDAD7	48196.1	0.5	4164
#646464	#EAD0CD	48196.6	1	4165
#646464	#EAD0CD	48197	1.40000000000146	4165
#646464	#EAD0CD	48197.4	1	4165
#646464	#EAD0CD	48197	0.599999999998545	4165
#646464	#EAD0CD	48196.6	1	4165
#575757	#E8CCC9	48197.1	1.5	4166
#575757	#E8CCC9	48197.5	1.90000000000146	4166
#575757	#E8CCC9	48197.9	1.5	4166
#575757	#E8CCC9	48197.5	1.09999999999854	4166
#575757	#E8CCC9	48197.1	1.5	4166
#2E2E2E	#EAD1CE	48196.6	0	4167
#2E2E2E	#EAD1CE	48197	0.400000000001455	4167
#2E2E2E	#EAD1CE	48197.4	0	4167
#2E2E2E	#EAD1CE	48197	-0.400000000001455	4167
#2E2E2E	#EAD1CE	48196.6	0	4167
#585858	#EDD7D5	48197.1	0.5	4168
#585858	#EDD7D5	48197.5	0.900000000001455	4168
#585858	#EDD7D5	48197.9	0.5	4168
#585858	#EDD7D5	48197.5	0.0999999999985448	4168
#585858	#EDD7D5	48197.1	0.5	4168
#5F5F5F	#EBD4D1	48197.6	1	4169
#5F5F5F	#EBD4D1	48198	1.40000000000146	4169
#5F5F5F	#EBD4D1	48198.4	1	4169
#5F5F5F	#EBD4D1	48198	0.599999999998545	4169
#5F5F5F	#EBD4D1	48197.6	1	4169
#323232	#E9D0CC	48197.6	0	4170
#323232	#E9D0CC	48198	0.400000000001455	4170
#323232	#E9D0CC	48198.4	0	4170
#323232	#E9D0CC	48198	-0.400000000001455	4170
#323232	#E9D0CC	48197.6	0	4170
#6F6F6F	#F0DEDC	48198.1	0.5	4171
#6F6F6F	#F0DEDC	48198.5	0.900000000001455	4171
#6F6F6F	#F0DEDC	48198.9	0.5	4171
#6F6F6F	#F0DEDC	48198.5	0.0999999999985448	4171
#6F6F6F	#F0DEDC	48198.1	0.5	4171
#434343	#EED9D6	48198.6	0	4172
#434343	#EED9D6	48199	0.400000000001455	4172
#434343	#EED9D6	48199.4	0	4172
#434343	#EED9D6	48199	-0.400000000001455	4172
#434343	#EED9D6	48198.6	0	4172
